forecast_date,generated_at,SensorID,District,Latitude,Longitude,Muhit_harorat (C),Shamol_tezligi (km/h),Chastota (Hz),Kuchlanish (V),Vibratsiya,Sim_mexanik_holati (%),Atrof_muhit_humidity (%),Quvvati (kW),Fault_predicted,Fault_probability
2026-05-12,2026-05-11 17:17:10,S0001,Bektemir,41.287771,69.366731,46.1,5.6,49.61,214.0,0.687,91.3,53.4,4.51,2,0.7251
2026-05-13,2026-05-11 17:17:10,S0001,Bektemir,41.287771,69.366731,48.7,5.2,49.75,208.0,0.6583,93.0,52.8,4.65,2,0.7251
2026-05-14,2026-05-11 17:17:10,S0001,Bektemir,41.287771,69.366731,48.3,5.6,49.69,206.9,0.6875,93.0,51.4,5.29,2,0.7251
2026-05-15,2026-05-11 17:17:10,S0001,Bektemir,41.287771,69.366731,49.5,3.7,49.86,212.7,0.6302,93.5,55.7,4.9,2,0.7251
2026-05-16,2026-05-11 17:17:10,S0001,Bektemir,41.287771,69.366731,52.2,4.8,49.74,208.9,0.3792,90.1,50.0,5.1,2,0.7251
2026-05-17,2026-05-11 17:17:10,S0001,Bektemir,41.287771,69.366731,52.3,5.5,49.85,207.2,0.5533,94.1,47.7,5.26,2,0.7251
2026-05-18,2026-05-11 17:17:10,S0001,Bektemir,41.287771,69.366731,55.0,4.7,49.63,206.3,0.541,92.3,44.0,5.48,2,0.7251
2026-05-12,2026-05-11 17:17:10,S0002,Bektemir,41.288036,69.393192,37.4,7.2,50.15,213.0,0.361,86.0,44.7,3.7,0,0.033
2026-05-13,2026-05-11 17:17:10,S0002,Bektemir,41.288036,69.393192,34.6,8.0,50.11,217.0,0.3529,83.7,46.5,3.58,1,0.383
2026-05-14,2026-05-11 17:17:10,S0002,Bektemir,41.288036,69.393192,35.8,8.0,50.09,215.5,0.3356,89.2,37.7,3.22,0,0.033
2026-05-15,2026-05-11 17:17:10,S0002,Bektemir,41.288036,69.393192,36.8,8.8,50.11,211.4,0.4539,84.4,37.2,3.39,1,0.383
2026-05-16,2026-05-11 17:17:10,S0002,Bektemir,41.288036,69.393192,37.3,7.8,50.03,208.9,0.2523,87.0,41.6,3.89,1,0.383
2026-05-17,2026-05-11 17:17:10,S0002,Bektemir,41.288036,69.393192,34.8,5.2,50.07,207.9,0.5082,83.1,42.7,3.5,1,0.383
2026-05-18,2026-05-11 17:17:10,S0002,Bektemir,41.288036,69.393192,34.6,7.1,49.91,211.0,0.3468,84.5,44.7,3.55,1,0.383
2026-05-12,2026-05-11 17:17:10,S0003,Bektemir,41.292671,69.366938,42.6,5.3,49.28,227.2,0.8263,85.1,89.8,3.16,1,0.3701
2026-05-13,2026-05-11 17:17:10,S0003,Bektemir,41.292671,69.366938,39.7,5.3,49.19,227.1,0.7856,85.1,89.1,3.55,1,0.3701
2026-05-14,2026-05-11 17:17:10,S0003,Bektemir,41.292671,69.366938,42.6,7.0,48.98,228.2,0.7706,84.1,95.0,3.01,2,0.7201
2026-05-15,2026-05-11 17:17:10,S0003,Bektemir,41.292671,69.366938,40.1,7.1,49.2,230.4,0.7933,83.6,95.0,2.79,1,0.3701
2026-05-16,2026-05-11 17:17:10,S0003,Bektemir,41.292671,69.366938,40.9,8.8,48.95,232.1,0.6309,84.3,95.0,2.98,2,0.7201
2026-05-17,2026-05-11 17:17:10,S0003,Bektemir,41.292671,69.366938,38.8,7.4,49.02,230.0,0.7719,84.2,95.0,2.91,1,0.3701
2026-05-18,2026-05-11 17:17:10,S0003,Bektemir,41.292671,69.366938,43.3,6.6,48.98,228.2,0.7668,83.9,95.0,3.14,2,0.7201
2026-05-12,2026-05-11 17:17:10,S0004,Bektemir,41.277905,69.366043,38.0,1.1,49.74,225.5,0.8769,94.5,59.8,3.1,0,0.0297
2026-05-13,2026-05-11 17:17:10,S0004,Bektemir,41.277905,69.366043,41.0,3.5,49.58,220.7,0.9156,94.8,58.4,3.24,1,0.3797
2026-05-14,2026-05-11 17:17:10,S0004,Bektemir,41.277905,69.366043,44.7,2.5,49.67,229.4,0.8742,98.4,62.3,2.72,1,0.3797
2026-05-15,2026-05-11 17:17:10,S0004,Bektemir,41.277905,69.366043,40.1,3.8,49.61,228.9,0.8547,96.2,65.1,2.54,1,0.3797
2026-05-16,2026-05-11 17:17:10,S0004,Bektemir,41.277905,69.366043,43.3,3.2,49.57,225.9,0.9401,99.8,62.2,2.4,1,0.3797
2026-05-17,2026-05-11 17:17:10,S0004,Bektemir,41.277905,69.366043,42.4,3.1,49.45,223.7,0.9911,100.0,62.0,2.72,1,0.3797
2026-05-18,2026-05-11 17:17:10,S0004,Bektemir,41.277905,69.366043,46.1,0.7,49.46,226.4,0.9882,100.0,63.9,2.66,2,0.7297
2026-05-12,2026-05-11 17:17:10,S0005,Bektemir,41.286039,69.369654,37.0,10.8,50.28,239.3,0.7201,68.9,61.0,4.61,2,0.7215
2026-05-13,2026-05-11 17:17:10,S0005,Bektemir,41.286039,69.369654,36.2,11.1,49.99,235.6,0.6923,69.2,67.7,4.49,2,0.7215
2026-05-14,2026-05-11 17:17:10,S0005,Bektemir,41.286039,69.369654,35.8,12.3,50.13,236.0,0.7618,71.5,65.0,4.08,2,0.7215
2026-05-15,2026-05-11 17:17:10,S0005,Bektemir,41.286039,69.369654,38.5,12.1,50.0,232.3,0.7765,71.4,64.0,4.07,2,0.7215
2026-05-16,2026-05-11 17:17:10,S0005,Bektemir,41.286039,69.369654,34.1,12.0,50.07,231.3,0.7579,74.0,67.6,4.51,2,0.7215
2026-05-17,2026-05-11 17:17:10,S0005,Bektemir,41.286039,69.369654,37.1,13.5,50.08,229.2,0.83,73.8,68.4,4.87,2,0.7215
2026-05-18,2026-05-11 17:17:10,S0005,Bektemir,41.286039,69.369654,38.0,11.6,49.87,228.8,0.7019,71.9,65.3,5.27,2,0.7215
2026-05-12,2026-05-11 17:17:10,S0006,Bektemir,41.30687,69.345983,29.7,9.7,49.79,217.1,0.5073,93.4,64.0,1.99,0,0.0344
2026-05-13,2026-05-11 17:17:10,S0006,Bektemir,41.30687,69.345983,33.4,9.3,49.91,219.3,0.5022,90.8,66.3,2.06,0,0.0344
2026-05-14,2026-05-11 17:17:10,S0006,Bektemir,41.30687,69.345983,30.0,9.1,50.08,217.8,0.3657,93.3,66.5,1.79,0,0.0344
2026-05-15,2026-05-11 17:17:10,S0006,Bektemir,41.30687,69.345983,29.3,8.1,49.9,219.4,0.345,92.9,70.0,2.12,0,0.0344
2026-05-16,2026-05-11 17:17:10,S0006,Bektemir,41.30687,69.345983,27.5,7.8,50.15,218.4,0.382,94.3,65.5,1.4,0,0.0344
2026-05-17,2026-05-11 17:17:10,S0006,Bektemir,41.30687,69.345983,30.4,7.2,50.08,219.3,0.4533,93.4,67.6,1.9,0,0.0344
2026-05-18,2026-05-11 17:17:10,S0006,Bektemir,41.30687,69.345983,26.3,7.1,49.97,217.6,0.4438,93.0,66.6,1.79,0,0.0344
2026-05-12,2026-05-11 17:17:10,S0007,Bektemir,41.278925,69.35542,35.2,9.1,49.5,226.1,0.1692,85.7,54.4,3.23,0,0.0317
2026-05-13,2026-05-11 17:17:10,S0007,Bektemir,41.278925,69.35542,37.5,10.1,49.53,229.2,0.0777,90.1,47.8,2.32,0,0.0317
2026-05-14,2026-05-11 17:17:10,S0007,Bektemir,41.278925,69.35542,36.1,11.7,49.35,234.6,0.01,86.1,46.4,2.47,1,0.3817
2026-05-15,2026-05-11 17:17:10,S0007,Bektemir,41.278925,69.35542,36.1,11.2,49.57,231.1,0.1558,88.4,45.9,2.66,1,0.3817
2026-05-16,2026-05-11 17:17:10,S0007,Bektemir,41.278925,69.35542,37.8,12.0,49.35,228.8,0.0579,85.6,41.6,2.2,1,0.3817
2026-05-17,2026-05-11 17:17:10,S0007,Bektemir,41.278925,69.35542,37.8,12.9,49.35,231.9,0.14,89.2,55.7,2.52,1,0.3817
2026-05-18,2026-05-11 17:17:10,S0007,Bektemir,41.278925,69.35542,39.2,11.5,49.47,230.2,0.1613,86.6,46.8,2.32,1,0.3817
2026-05-12,2026-05-11 17:17:10,S0008,Bektemir,41.277162,69.352751,35.6,6.7,50.29,231.2,0.6047,94.5,64.8,3.3,1,0.3718
2026-05-13,2026-05-11 17:17:10,S0008,Bektemir,41.277162,69.352751,33.9,5.0,50.38,226.8,0.7455,95.5,62.8,3.61,0,0.0218
2026-05-14,2026-05-11 17:17:10,S0008,Bektemir,41.277162,69.352751,35.2,7.1,50.4,226.6,0.4679,96.9,54.5,3.33,0,0.0218
2026-05-15,2026-05-11 17:17:10,S0008,Bektemir,41.277162,69.352751,37.5,5.1,50.46,226.1,0.4855,97.3,48.3,2.94,0,0.0218
2026-05-16,2026-05-11 17:17:10,S0008,Bektemir,41.277162,69.352751,36.4,5.5,50.32,227.6,0.4753,97.1,52.3,3.41,0,0.0218
2026-05-17,2026-05-11 17:17:10,S0008,Bektemir,41.277162,69.352751,35.3,6.4,50.34,228.9,0.4551,94.5,45.6,3.13,0,0.0218
2026-05-18,2026-05-11 17:17:10,S0008,Bektemir,41.277162,69.352751,35.7,5.8,50.31,226.3,0.3694,97.5,46.3,3.27,0,0.0218
2026-05-12,2026-05-11 17:17:10,S0009,Bektemir,41.30713,69.354562,36.9,13.2,50.25,206.6,0.6867,85.0,71.9,3.66,1,0.368
2026-05-13,2026-05-11 17:17:10,S0009,Bektemir,41.30713,69.354562,36.4,12.8,50.32,206.7,0.6936,85.1,76.1,3.9,1,0.368
2026-05-14,2026-05-11 17:17:10,S0009,Bektemir,41.30713,69.354562,35.5,13.4,50.42,211.1,0.6831,84.3,75.0,4.8,1,0.368
2026-05-15,2026-05-11 17:17:10,S0009,Bektemir,41.30713,69.354562,35.2,13.9,50.35,205.8,0.4687,83.6,78.8,4.72,1,0.368
2026-05-16,2026-05-11 17:17:10,S0009,Bektemir,41.30713,69.354562,32.6,12.4,50.27,212.6,0.5689,83.8,76.2,4.52,1,0.368
2026-05-17,2026-05-11 17:17:10,S0009,Bektemir,41.30713,69.354562,33.1,13.8,50.39,213.6,0.531,82.4,75.0,5.1,1,0.368
2026-05-18,2026-05-11 17:17:10,S0009,Bektemir,41.30713,69.354562,32.9,13.8,50.47,210.3,0.4955,84.2,74.6,5.28,1,0.368
2026-05-12,2026-05-11 17:17:10,S0010,Bektemir,41.299859,69.332637,36.0,6.9,49.67,229.0,0.1087,94.5,64.6,4.44,0,0.0369
2026-05-13,2026-05-11 17:17:10,S0010,Bektemir,41.299859,69.332637,35.6,5.6,49.57,233.4,0.2441,93.6,75.4,4.86,1,0.3869
2026-05-14,2026-05-11 17:17:10,S0010,Bektemir,41.299859,69.332637,39.1,5.5,49.5,229.3,0.3096,95.1,75.0,4.46,0,0.0369
2026-05-15,2026-05-11 17:17:10,S0010,Bektemir,41.299859,69.332637,31.9,5.4,49.59,229.9,0.1942,97.3,80.2,5.11,1,0.3869
2026-05-16,2026-05-11 17:17:10,S0010,Bektemir,41.299859,69.332637,38.1,5.9,49.61,228.4,0.4027,92.5,74.8,5.13,1,0.3869
2026-05-17,2026-05-11 17:17:10,S0010,Bektemir,41.299859,69.332637,36.3,5.6,49.57,228.7,0.509,98.3,83.0,5.32,1,0.3869
2026-05-18,2026-05-11 17:17:10,S0010,Bektemir,41.299859,69.332637,39.1,5.0,49.55,231.7,0.3405,95.5,75.6,4.94,1,0.3869
2026-05-12,2026-05-11 17:17:10,S0011,Bektemir,41.27844,69.375668,32.0,13.2,50.18,232.0,0.598,94.3,64.4,4.17,1,0.3779
2026-05-13,2026-05-11 17:17:10,S0011,Bektemir,41.27844,69.375668,36.0,15.9,50.3,235.4,0.8126,89.1,56.7,3.87,1,0.3779
2026-05-14,2026-05-11 17:17:10,S0011,Bektemir,41.27844,69.375668,33.2,14.1,50.26,232.7,0.7318,94.2,69.9,3.99,1,0.3779
2026-05-15,2026-05-11 17:17:10,S0011,Bektemir,41.27844,69.375668,28.6,15.2,50.46,239.7,0.6575,93.7,60.5,3.86,1,0.3779
2026-05-16,2026-05-11 17:17:10,S0011,Bektemir,41.27844,69.375668,31.5,12.1,50.5,232.2,0.8558,95.3,64.1,3.99,1,0.3779
2026-05-17,2026-05-11 17:17:10,S0011,Bektemir,41.27844,69.375668,31.3,12.8,50.45,241.0,0.7092,91.5,58.1,4.03,2,0.7279
2026-05-18,2026-05-11 17:17:10,S0011,Bektemir,41.27844,69.375668,31.0,13.6,50.58,230.3,0.7986,93.8,55.7,4.0,1,0.3779
2026-05-12,2026-05-11 17:17:10,S0012,Bektemir,41.285351,69.387841,32.4,12.3,49.9,217.2,0.3139,94.3,83.4,3.27,0,0.0196
2026-05-13,2026-05-11 17:17:10,S0012,Bektemir,41.285351,69.387841,32.6,11.8,49.79,216.6,0.4438,92.2,91.3,2.76,1,0.3696
2026-05-14,2026-05-11 17:17:10,S0012,Bektemir,41.285351,69.387841,30.8,13.2,49.97,220.5,0.3503,97.3,89.6,2.77,0,0.0196
2026-05-15,2026-05-11 17:17:10,S0012,Bektemir,41.285351,69.387841,31.1,12.7,49.92,219.0,0.3478,95.5,89.8,3.12,0,0.0196
2026-05-16,2026-05-11 17:17:10,S0012,Bektemir,41.285351,69.387841,31.7,11.5,49.64,216.6,0.2502,94.2,95.0,2.25,1,0.3696
2026-05-17,2026-05-11 17:17:10,S0012,Bektemir,41.285351,69.387841,33.4,12.8,49.87,215.3,0.2827,98.5,95.0,2.36,1,0.3696
2026-05-18,2026-05-11 17:17:10,S0012,Bektemir,41.285351,69.387841,30.1,12.2,49.71,216.4,0.2389,96.9,95.0,2.41,1,0.3696
2026-05-12,2026-05-11 17:17:10,S0013,Bektemir,41.28458,69.370531,36.1,10.5,50.13,223.0,0.8479,89.8,85.6,2.56,0,0.031
2026-05-13,2026-05-11 17:17:10,S0013,Bektemir,41.28458,69.370531,33.6,11.4,50.28,222.3,0.6915,93.2,79.5,2.58,0,0.031
2026-05-14,2026-05-11 17:17:10,S0013,Bektemir,41.28458,69.370531,35.0,12.0,50.15,222.1,0.7237,93.1,81.7,2.9,0,0.031
2026-05-15,2026-05-11 17:17:10,S0013,Bektemir,41.28458,69.370531,35.0,12.7,50.12,218.1,0.7592,93.8,73.5,3.07,0,0.031
2026-05-16,2026-05-11 17:17:10,S0013,Bektemir,41.28458,69.370531,35.4,13.3,50.02,214.7,0.6778,92.1,81.5,2.73,0,0.031
2026-05-17,2026-05-11 17:17:10,S0013,Bektemir,41.28458,69.370531,35.3,13.9,50.1,216.9,0.5786,97.5,82.1,2.64,0,0.031
2026-05-18,2026-05-11 17:17:10,S0013,Bektemir,41.28458,69.370531,34.5,13.0,50.16,217.8,0.6919,92.5,80.3,2.56,0,0.031
2026-05-12,2026-05-11 17:17:10,S0014,Bektemir,41.291342,69.368944,23.7,10.5,49.69,218.5,0.4734,96.6,86.8,3.69,0,0.019
2026-05-13,2026-05-11 17:17:10,S0014,Bektemir,41.291342,69.368944,24.2,11.3,49.58,221.2,0.7103,97.2,74.7,3.72,0,0.019
2026-05-14,2026-05-11 17:17:10,S0014,Bektemir,41.291342,69.368944,22.6,10.7,49.46,222.7,0.6617,94.9,80.3,3.84,1,0.369
2026-05-15,2026-05-11 17:17:10,S0014,Bektemir,41.291342,69.368944,27.5,9.7,49.36,217.7,0.6836,100.0,83.1,3.72,1,0.369
2026-05-16,2026-05-11 17:17:10,S0014,Bektemir,41.291342,69.368944,19.3,11.4,49.42,216.6,0.7965,98.9,77.5,3.79,1,0.369
2026-05-17,2026-05-11 17:17:10,S0014,Bektemir,41.291342,69.368944,21.7,10.6,49.31,221.7,0.6281,98.3,82.9,3.71,1,0.369
2026-05-18,2026-05-11 17:17:10,S0014,Bektemir,41.291342,69.368944,24.5,10.6,49.2,220.9,0.6364,100.0,75.9,3.81,1,0.369
2026-05-12,2026-05-11 17:17:10,S0015,Bektemir,41.294506,69.363233,23.2,11.7,49.53,219.2,0.0546,90.8,82.2,4.67,0,0.0187
2026-05-13,2026-05-11 17:17:10,S0015,Bektemir,41.294506,69.363233,24.1,13.0,49.3,221.5,0.1067,90.5,67.4,4.8,1,0.3687
2026-05-14,2026-05-11 17:17:10,S0015,Bektemir,41.294506,69.363233,27.7,12.3,49.55,224.1,0.1455,92.9,81.6,5.33,1,0.3687
2026-05-15,2026-05-11 17:17:10,S0015,Bektemir,41.294506,69.363233,27.7,15.4,49.29,223.4,0.1963,89.6,78.1,4.66,1,0.3687
2026-05-16,2026-05-11 17:17:10,S0015,Bektemir,41.294506,69.363233,26.5,15.1,49.48,223.4,0.2135,89.1,76.1,4.95,1,0.3687
2026-05-17,2026-05-11 17:17:10,S0015,Bektemir,41.294506,69.363233,30.2,16.7,49.36,221.8,0.219,86.7,85.0,5.04,1,0.3687
2026-05-18,2026-05-11 17:17:10,S0015,Bektemir,41.294506,69.363233,30.0,15.7,49.62,223.7,0.191,84.0,91.8,4.96,1,0.3687
2026-05-12,2026-05-11 17:17:10,S0016,Bektemir,41.273716,69.334483,32.4,7.5,50.33,213.0,0.6637,99.1,33.3,4.23,0,0.0316
2026-05-13,2026-05-11 17:17:10,S0016,Bektemir,41.273716,69.334483,32.0,7.8,50.58,211.3,0.7437,99.4,32.9,4.6,1,0.3816
2026-05-14,2026-05-11 17:17:10,S0016,Bektemir,41.273716,69.334483,32.7,8.2,50.46,216.9,0.7108,99.9,34.0,4.89,0,0.0316
2026-05-15,2026-05-11 17:17:10,S0016,Bektemir,41.273716,69.334483,31.4,6.6,50.48,214.9,0.8471,98.3,34.6,4.88,0,0.0316
2026-05-16,2026-05-11 17:17:10,S0016,Bektemir,41.273716,69.334483,34.9,8.5,50.57,208.9,0.8522,100.0,25.0,4.73,1,0.3816
2026-05-17,2026-05-11 17:17:10,S0016,Bektemir,41.273716,69.334483,33.0,8.1,50.51,208.4,0.7762,100.0,25.0,4.66,1,0.3816
2026-05-18,2026-05-11 17:17:10,S0016,Bektemir,41.273716,69.334483,27.8,7.8,50.67,210.8,0.9305,100.0,25.0,4.66,1,0.3816
2026-05-12,2026-05-11 17:17:10,S0017,Bektemir,41.276342,69.336188,35.0,10.0,49.66,227.3,0.0229,92.9,66.7,4.98,0,0.0246
2026-05-13,2026-05-11 17:17:10,S0017,Bektemir,41.276342,69.336188,34.8,9.3,49.8,225.8,0.0127,91.0,57.2,4.98,0,0.0246
2026-05-14,2026-05-11 17:17:10,S0017,Bektemir,41.276342,69.336188,31.0,10.7,49.74,224.5,0.01,90.3,56.7,4.85,0,0.0246
2026-05-15,2026-05-11 17:17:10,S0017,Bektemir,41.276342,69.336188,35.3,11.0,49.78,224.8,0.0393,91.2,54.0,4.82,0,0.0246
2026-05-16,2026-05-11 17:17:10,S0017,Bektemir,41.276342,69.336188,33.3,10.8,49.77,224.1,0.056,90.1,57.5,4.76,0,0.0246
2026-05-17,2026-05-11 17:17:10,S0017,Bektemir,41.276342,69.336188,33.8,11.8,49.87,220.2,0.01,88.1,52.1,4.96,0,0.0246
2026-05-18,2026-05-11 17:17:10,S0017,Bektemir,41.276342,69.336188,35.2,12.2,49.88,221.6,0.01,83.6,50.2,5.18,1,0.3746
2026-05-12,2026-05-11 17:17:10,S0018,Bektemir,41.270091,69.348238,31.2,12.0,50.0,221.7,0.3442,82.1,85.2,3.41,1,0.3755
2026-05-13,2026-05-11 17:17:10,S0018,Bektemir,41.270091,69.348238,29.3,11.9,49.86,217.7,0.3516,84.5,92.1,3.25,1,0.3755
2026-05-14,2026-05-11 17:17:10,S0018,Bektemir,41.270091,69.348238,28.1,11.8,49.82,222.3,0.269,82.6,85.0,3.28,1,0.3755
2026-05-15,2026-05-11 17:17:10,S0018,Bektemir,41.270091,69.348238,29.2,12.3,49.81,223.6,0.1404,81.4,88.4,2.96,1,0.3755
2026-05-16,2026-05-11 17:17:10,S0018,Bektemir,41.270091,69.348238,27.5,13.1,49.84,222.1,0.293,82.5,88.3,2.66,1,0.3755
2026-05-17,2026-05-11 17:17:10,S0018,Bektemir,41.270091,69.348238,27.8,11.1,49.97,224.4,0.3443,84.2,88.2,2.85,1,0.3755
2026-05-18,2026-05-11 17:17:10,S0018,Bektemir,41.270091,69.348238,25.8,13.2,49.86,223.7,0.3157,83.6,93.3,2.47,1,0.3755
2026-05-12,2026-05-11 17:17:10,S0019,Bektemir,41.291663,69.352309,31.1,14.6,50.4,234.3,0.5452,99.5,60.7,4.51,1,0.3749
2026-05-13,2026-05-11 17:17:10,S0019,Bektemir,41.291663,69.352309,32.8,14.2,50.46,233.9,0.4632,100.0,62.4,4.29,1,0.3749
2026-05-14,2026-05-11 17:17:10,S0019,Bektemir,41.291663,69.352309,30.5,15.8,50.67,230.1,0.6173,100.0,66.4,4.55,1,0.3749
2026-05-15,2026-05-11 17:17:10,S0019,Bektemir,41.291663,69.352309,27.8,16.4,50.59,224.9,0.4737,100.0,65.5,4.57,1,0.3749
2026-05-16,2026-05-11 17:17:10,S0019,Bektemir,41.291663,69.352309,30.1,15.8,50.61,229.5,0.6143,100.0,63.0,4.97,1,0.3749
2026-05-17,2026-05-11 17:17:10,S0019,Bektemir,41.291663,69.352309,27.3,17.6,50.6,228.3,0.596,100.0,73.1,4.75,1,0.3749
2026-05-18,2026-05-11 17:17:10,S0019,Bektemir,41.291663,69.352309,29.6,16.4,50.52,220.1,0.7349,100.0,65.3,4.97,1,0.3749
2026-05-12,2026-05-11 17:17:10,S0020,Bektemir,41.300003,69.39275,35.6,6.7,50.98,225.4,0.6742,83.8,43.2,4.16,1,0.3895
2026-05-13,2026-05-11 17:17:10,S0020,Bektemir,41.300003,69.39275,39.5,6.5,50.4,227.0,0.6907,83.7,41.8,3.63,1,0.3895
2026-05-14,2026-05-11 17:17:10,S0020,Bektemir,41.300003,69.39275,39.0,8.9,50.38,226.8,0.6169,86.5,46.1,3.9,0,0.0395
2026-05-15,2026-05-11 17:17:10,S0020,Bektemir,41.300003,69.39275,41.3,9.1,50.37,225.3,0.5066,82.9,39.6,4.07,1,0.3895
2026-05-16,2026-05-11 17:17:10,S0020,Bektemir,41.300003,69.39275,45.3,9.5,50.13,226.1,0.6654,88.0,38.3,3.46,2,0.7395
2026-05-17,2026-05-11 17:17:10,S0020,Bektemir,41.300003,69.39275,43.1,10.7,50.33,225.6,0.693,85.7,38.2,3.54,1,0.3895
2026-05-18,2026-05-11 17:17:10,S0020,Bektemir,41.300003,69.39275,44.4,10.1,50.27,224.3,0.5647,86.4,34.4,3.55,1,0.3895
2026-05-12,2026-05-11 17:17:10,S0021,Bektemir,41.279933,69.345358,38.7,0.0,49.88,217.2,0.3955,86.3,76.5,2.76,0,0.0201
2026-05-13,2026-05-11 17:17:10,S0021,Bektemir,41.279933,69.345358,38.6,2.2,49.67,219.1,0.3592,88.0,67.6,2.39,0,0.0201
2026-05-14,2026-05-11 17:17:10,S0021,Bektemir,41.279933,69.345358,39.1,1.2,49.77,217.7,0.3428,86.3,74.8,2.81,0,0.0201
2026-05-15,2026-05-11 17:17:10,S0021,Bektemir,41.279933,69.345358,40.0,0.7,49.72,217.6,0.2717,89.0,72.1,2.58,0,0.0201
2026-05-16,2026-05-11 17:17:10,S0021,Bektemir,41.279933,69.345358,40.4,0.0,49.89,221.0,0.1017,86.8,73.9,2.3,1,0.3701
2026-05-17,2026-05-11 17:17:10,S0021,Bektemir,41.279933,69.345358,38.2,0.0,49.63,218.0,0.0876,91.5,67.7,2.72,0,0.0201
2026-05-18,2026-05-11 17:17:10,S0021,Bektemir,41.279933,69.345358,40.4,0.0,49.62,216.4,0.0107,91.9,75.8,2.29,1,0.3701
2026-05-12,2026-05-11 17:17:10,S0022,Bektemir,41.295952,69.367223,41.4,6.5,49.58,224.0,0.9967,74.6,68.9,3.29,2,0.7172
2026-05-13,2026-05-11 17:17:10,S0022,Bektemir,41.295952,69.367223,41.7,7.5,49.4,229.9,1.071,74.3,68.6,3.16,2,0.7172
2026-05-14,2026-05-11 17:17:10,S0022,Bektemir,41.295952,69.367223,40.2,5.7,49.45,227.0,1.1408,74.5,55.1,3.4,2,0.7172
2026-05-15,2026-05-11 17:17:10,S0022,Bektemir,41.295952,69.367223,40.4,5.3,49.53,228.1,1.0512,74.7,67.3,3.23,2,0.7172
2026-05-16,2026-05-11 17:17:10,S0022,Bektemir,41.295952,69.367223,39.4,6.6,49.52,223.1,1.0278,72.2,53.4,2.82,2,0.7172
2026-05-17,2026-05-11 17:17:10,S0022,Bektemir,41.295952,69.367223,43.1,6.1,49.4,224.5,1.1484,74.4,69.4,3.23,2,0.7172
2026-05-18,2026-05-11 17:17:10,S0022,Bektemir,41.295952,69.367223,42.5,7.2,49.49,225.9,1.2536,72.4,60.2,2.79,2,0.7172
2026-05-12,2026-05-11 17:17:10,S0023,Bektemir,41.29963,69.3701,33.8,10.5,50.22,225.9,0.7121,92.1,74.9,3.49,0,0.0284
2026-05-13,2026-05-11 17:17:10,S0023,Bektemir,41.29963,69.3701,34.7,8.3,50.39,224.2,0.7942,95.0,64.9,4.32,0,0.0284
2026-05-14,2026-05-11 17:17:10,S0023,Bektemir,41.29963,69.3701,32.5,10.9,50.41,224.9,0.7292,95.6,76.6,4.11,0,0.0284
2026-05-15,2026-05-11 17:17:10,S0023,Bektemir,41.29963,69.3701,34.0,11.4,50.49,230.1,0.6291,96.6,74.5,4.12,1,0.3784
2026-05-16,2026-05-11 17:17:10,S0023,Bektemir,41.29963,69.3701,32.5,9.2,50.5,227.4,0.916,96.7,75.5,3.81,0,0.0284
2026-05-17,2026-05-11 17:17:10,S0023,Bektemir,41.29963,69.3701,35.8,9.5,50.57,228.6,0.8396,91.1,80.4,4.2,1,0.3784
2026-05-18,2026-05-11 17:17:10,S0023,Bektemir,41.29963,69.3701,34.4,9.9,50.49,228.1,0.7461,92.1,72.0,4.26,0,0.0284
2026-05-12,2026-05-11 17:17:10,S0024,Bektemir,41.277578,69.389222,40.4,11.0,49.95,220.8,0.9279,98.2,68.3,3.96,1,0.3729
2026-05-13,2026-05-11 17:17:10,S0024,Bektemir,41.277578,69.389222,43.5,8.2,50.1,225.2,0.9051,100.0,73.5,3.14,1,0.3729
2026-05-14,2026-05-11 17:17:10,S0024,Bektemir,41.277578,69.389222,44.3,8.7,50.03,228.8,0.8084,100.0,83.5,4.02,1,0.3729
2026-05-15,2026-05-11 17:17:10,S0024,Bektemir,41.277578,69.389222,42.3,9.5,50.14,223.3,0.7849,100.0,81.1,3.43,1,0.3729
2026-05-16,2026-05-11 17:17:10,S0024,Bektemir,41.277578,69.389222,45.3,5.3,50.19,227.6,0.849,100.0,86.6,3.72,2,0.7229
2026-05-17,2026-05-11 17:17:10,S0024,Bektemir,41.277578,69.389222,45.7,6.1,50.1,231.0,0.8801,100.0,82.7,3.75,2,0.7229
2026-05-18,2026-05-11 17:17:10,S0024,Bektemir,41.277578,69.389222,47.8,8.4,50.02,226.8,0.7369,100.0,85.6,3.81,2,0.7229
2026-05-12,2026-05-11 17:17:10,S0025,Bektemir,41.290782,69.37669,30.3,18.3,49.91,218.9,0.6729,80.5,55.4,4.0,1,0.372
2026-05-13,2026-05-11 17:17:10,S0025,Bektemir,41.290782,69.37669,28.1,19.8,50.04,220.0,0.7085,81.3,46.4,4.01,1,0.372
2026-05-14,2026-05-11 17:17:10,S0025,Bektemir,41.290782,69.37669,27.8,17.5,50.11,222.6,0.6347,81.1,52.5,4.49,1,0.372
2026-05-15,2026-05-11 17:17:10,S0025,Bektemir,41.290782,69.37669,32.1,18.4,50.05,219.0,0.6571,76.0,54.7,3.59,1,0.372
2026-05-16,2026-05-11 17:17:10,S0025,Bektemir,41.290782,69.37669,29.3,18.3,49.89,218.9,0.5958,79.7,53.3,4.08,1,0.372
2026-05-17,2026-05-11 17:17:10,S0025,Bektemir,41.290782,69.37669,27.8,19.1,49.94,217.7,0.5167,74.9,56.5,4.05,2,0.722
2026-05-18,2026-05-11 17:17:10,S0025,Bektemir,41.290782,69.37669,28.2,19.2,50.05,223.2,0.5464,77.7,56.3,4.11,1,0.372
2026-05-12,2026-05-11 17:17:10,S0026,Bektemir,41.295257,69.380037,40.3,12.8,49.54,215.2,0.6479,96.8,74.0,3.47,1,0.3721
2026-05-13,2026-05-11 17:17:10,S0026,Bektemir,41.295257,69.380037,43.7,11.8,49.23,216.1,0.837,96.8,72.4,2.76,1,0.3721
2026-05-14,2026-05-11 17:17:10,S0026,Bektemir,41.295257,69.380037,46.8,10.1,49.36,216.5,0.7581,96.5,80.1,2.69,2,0.7221
2026-05-15,2026-05-11 17:17:10,S0026,Bektemir,41.295257,69.380037,48.9,14.1,49.34,214.9,0.8835,97.6,82.8,2.91,2,0.7221
2026-05-16,2026-05-11 17:17:10,S0026,Bektemir,41.295257,69.380037,47.0,15.3,49.27,219.7,0.8046,94.7,73.7,2.63,2,0.7221
2026-05-17,2026-05-11 17:17:10,S0026,Bektemir,41.295257,69.380037,46.6,16.5,49.21,221.7,0.7409,95.6,72.2,2.52,2,0.7221
2026-05-18,2026-05-11 17:17:10,S0026,Bektemir,41.295257,69.380037,49.0,15.8,48.94,216.8,0.8494,95.7,80.1,2.48,2,0.7221
2026-05-12,2026-05-11 17:17:10,S0027,Bektemir,41.298858,69.35667,55.0,3.7,49.63,215.2,0.3049,90.7,64.0,4.02,2,0.7212
2026-05-13,2026-05-11 17:17:10,S0027,Bektemir,41.298858,69.35667,55.0,3.0,49.9,222.4,0.3887,90.6,58.2,3.61,2,0.7212
2026-05-14,2026-05-11 17:17:10,S0027,Bektemir,41.298858,69.35667,52.1,3.0,49.55,221.9,0.0819,93.3,61.6,4.24,2,0.7212
2026-05-15,2026-05-11 17:17:10,S0027,Bektemir,41.298858,69.35667,55.0,3.4,49.83,219.3,0.0661,91.9,60.0,3.81,2,0.7212
2026-05-16,2026-05-11 17:17:10,S0027,Bektemir,41.298858,69.35667,55.0,2.4,49.81,211.9,0.0137,93.9,61.8,3.84,2,0.7212
2026-05-17,2026-05-11 17:17:10,S0027,Bektemir,41.298858,69.35667,55.0,0.4,49.94,221.5,0.0634,93.4,59.4,3.63,2,0.7212
2026-05-18,2026-05-11 17:17:10,S0027,Bektemir,41.298858,69.35667,55.0,1.9,50.04,219.4,0.0505,96.2,63.6,3.96,2,0.7212
2026-05-12,2026-05-11 17:17:10,S0028,Bektemir,41.266707,69.361523,55.0,7.3,49.67,224.3,0.6266,80.5,67.3,1.0,2,0.7352
2026-05-13,2026-05-11 17:17:10,S0028,Bektemir,41.266707,69.361523,55.0,11.6,49.8,226.5,0.6044,82.4,68.0,0.77,2,0.7352
2026-05-14,2026-05-11 17:17:10,S0028,Bektemir,41.266707,69.361523,55.0,8.9,49.99,226.1,0.6425,80.4,70.3,1.12,2,0.7352
2026-05-15,2026-05-11 17:17:10,S0028,Bektemir,41.266707,69.361523,55.0,11.5,49.85,223.4,0.4032,76.1,70.3,0.5,2,0.7352
2026-05-16,2026-05-11 17:17:10,S0028,Bektemir,41.266707,69.361523,55.0,12.2,49.61,224.9,0.5983,81.3,64.6,0.67,2,0.7352
2026-05-17,2026-05-11 17:17:10,S0028,Bektemir,41.266707,69.361523,55.0,11.1,49.91,222.7,0.6523,76.7,61.9,0.71,2,0.7352
2026-05-18,2026-05-11 17:17:10,S0028,Bektemir,41.266707,69.361523,55.0,9.7,50.01,223.3,0.5904,78.5,60.7,0.63,2,0.7352
2026-05-12,2026-05-11 17:17:10,S0029,Bektemir,41.305291,69.339396,37.9,4.7,49.81,216.4,0.324,82.3,58.4,5.04,1,0.3797
2026-05-13,2026-05-11 17:17:10,S0029,Bektemir,41.305291,69.339396,37.3,2.4,49.52,214.5,0.4195,79.8,60.5,4.47,1,0.3797
2026-05-14,2026-05-11 17:17:10,S0029,Bektemir,41.305291,69.339396,35.6,4.4,49.48,215.4,0.2944,85.2,61.0,4.47,1,0.3797
2026-05-15,2026-05-11 17:17:10,S0029,Bektemir,41.305291,69.339396,36.7,0.3,49.4,224.9,0.3276,83.5,60.8,4.57,1,0.3797
2026-05-16,2026-05-11 17:17:10,S0029,Bektemir,41.305291,69.339396,34.4,1.5,49.31,221.6,0.3504,83.9,67.8,4.16,1,0.3797
2026-05-17,2026-05-11 17:17:10,S0029,Bektemir,41.305291,69.339396,37.8,0.0,49.27,221.1,0.3036,83.9,71.9,4.29,1,0.3797
2026-05-18,2026-05-11 17:17:10,S0029,Bektemir,41.305291,69.339396,39.1,0.0,49.29,221.5,0.2882,81.1,64.8,3.81,1,0.3797
2026-05-12,2026-05-11 17:17:10,S0030,Bektemir,41.300191,69.372599,38.1,11.1,50.32,232.7,0.305,98.8,77.6,2.68,1,0.3805
2026-05-13,2026-05-11 17:17:10,S0030,Bektemir,41.300191,69.372599,38.5,15.0,49.99,232.4,0.3019,99.5,73.3,2.14,1,0.3805
2026-05-14,2026-05-11 17:17:10,S0030,Bektemir,41.300191,69.372599,37.0,11.9,50.01,236.5,0.247,100.0,82.0,2.27,1,0.3805
2026-05-15,2026-05-11 17:17:10,S0030,Bektemir,41.300191,69.372599,37.2,13.0,50.01,229.5,0.2086,97.8,81.6,2.17,0,0.0305
2026-05-16,2026-05-11 17:17:10,S0030,Bektemir,41.300191,69.372599,43.4,13.7,50.08,231.0,0.191,100.0,74.5,2.47,1,0.3805
2026-05-17,2026-05-11 17:17:10,S0030,Bektemir,41.300191,69.372599,41.3,14.2,50.11,237.7,0.1558,100.0,71.1,2.3,1,0.3805
2026-05-18,2026-05-11 17:17:10,S0030,Bektemir,41.300191,69.372599,44.9,14.7,50.05,234.9,0.1358,100.0,72.6,2.36,1,0.3805
2026-05-12,2026-05-11 17:17:10,S0031,Bektemir,41.296756,69.344177,36.4,13.3,50.88,212.2,0.3605,99.7,36.0,3.04,1,0.3805
2026-05-13,2026-05-11 17:17:10,S0031,Bektemir,41.296756,69.344177,32.2,12.2,50.79,216.6,0.3259,100.0,33.2,3.01,1,0.3805
2026-05-14,2026-05-11 17:17:10,S0031,Bektemir,41.296756,69.344177,30.1,12.4,50.93,217.6,0.0704,100.0,29.7,2.93,1,0.3805
2026-05-15,2026-05-11 17:17:10,S0031,Bektemir,41.296756,69.344177,31.3,12.4,50.69,215.5,0.1748,96.4,41.6,2.89,1,0.3805
2026-05-16,2026-05-11 17:17:10,S0031,Bektemir,41.296756,69.344177,33.1,12.6,50.83,214.1,0.1246,97.9,36.4,3.4,1,0.3805
2026-05-17,2026-05-11 17:17:10,S0031,Bektemir,41.296756,69.344177,34.0,12.3,50.93,214.3,0.0322,99.2,30.9,2.98,1,0.3805
2026-05-18,2026-05-11 17:17:10,S0031,Bektemir,41.296756,69.344177,31.3,14.1,50.92,208.6,0.2845,96.9,38.9,3.15,1,0.3805
2026-05-12,2026-05-11 17:17:10,S0032,Bektemir,41.26839,69.347406,40.2,6.1,49.88,228.1,0.4947,86.2,79.5,4.67,1,0.3847
2026-05-13,2026-05-11 17:17:10,S0032,Bektemir,41.26839,69.347406,36.6,5.6,49.94,224.1,0.621,87.3,81.3,4.63,0,0.0347
2026-05-14,2026-05-11 17:17:10,S0032,Bektemir,41.26839,69.347406,38.2,5.2,50.02,223.0,0.6226,89.2,86.8,4.56,0,0.0347
2026-05-15,2026-05-11 17:17:10,S0032,Bektemir,41.26839,69.347406,36.9,3.6,49.84,223.7,0.516,83.2,85.1,4.2,1,0.3847
2026-05-16,2026-05-11 17:17:10,S0032,Bektemir,41.26839,69.347406,36.4,4.6,49.83,221.4,0.555,82.0,90.6,4.42,1,0.3847
2026-05-17,2026-05-11 17:17:10,S0032,Bektemir,41.26839,69.347406,36.6,3.8,50.13,219.3,0.592,81.6,82.1,3.9,1,0.3847
2026-05-18,2026-05-11 17:17:10,S0032,Bektemir,41.26839,69.347406,39.0,3.2,49.92,223.6,0.4881,79.8,84.6,4.29,1,0.3847
2026-05-12,2026-05-11 17:17:10,S0033,Bektemir,41.293045,69.355258,43.0,10.6,50.2,214.5,0.8801,76.2,57.4,3.3,1,0.3695
2026-05-13,2026-05-11 17:17:10,S0033,Bektemir,41.293045,69.355258,39.9,9.2,50.29,216.3,0.8787,74.9,65.0,3.39,2,0.7195
2026-05-14,2026-05-11 17:17:10,S0033,Bektemir,41.293045,69.355258,45.0,8.1,50.21,215.3,0.9293,75.7,53.6,3.1,1,0.3695
2026-05-15,2026-05-11 17:17:10,S0033,Bektemir,41.293045,69.355258,38.1,9.7,50.51,215.7,0.9498,72.6,48.5,2.65,2,0.7195
2026-05-16,2026-05-11 17:17:10,S0033,Bektemir,41.293045,69.355258,41.0,10.3,50.45,210.2,1.0556,73.1,55.0,2.92,2,0.7195
2026-05-17,2026-05-11 17:17:10,S0033,Bektemir,41.293045,69.355258,44.9,9.7,50.44,210.7,1.233,71.9,50.7,3.29,2,0.7195
2026-05-18,2026-05-11 17:17:10,S0033,Bektemir,41.293045,69.355258,41.4,8.3,50.59,205.5,1.128,72.6,48.9,3.11,2,0.7195
2026-05-12,2026-05-11 17:17:10,S0034,Bektemir,41.276466,69.355809,32.4,4.9,50.32,212.0,0.2005,83.2,71.4,3.97,1,0.384
2026-05-13,2026-05-11 17:17:10,S0034,Bektemir,41.276466,69.355809,35.1,2.7,50.2,213.8,0.2306,80.5,69.2,4.17,1,0.384
2026-05-14,2026-05-11 17:17:10,S0034,Bektemir,41.276466,69.355809,36.9,4.1,50.18,211.1,0.1033,77.7,76.9,3.64,1,0.384
2026-05-15,2026-05-11 17:17:10,S0034,Bektemir,41.276466,69.355809,35.8,5.4,50.36,216.5,0.1331,78.5,79.4,3.98,1,0.384
2026-05-16,2026-05-11 17:17:10,S0034,Bektemir,41.276466,69.355809,37.2,3.0,50.27,217.8,0.2749,82.7,79.6,4.61,1,0.384
2026-05-17,2026-05-11 17:17:10,S0034,Bektemir,41.276466,69.355809,37.5,2.3,50.04,218.5,0.2232,78.7,78.5,3.56,1,0.384
2026-05-18,2026-05-11 17:17:10,S0034,Bektemir,41.276466,69.355809,33.0,2.8,50.31,216.3,0.2561,78.3,68.1,3.4,1,0.384
2026-05-12,2026-05-11 17:17:10,S0035,Bektemir,41.297755,69.346609,37.8,1.6,49.37,213.5,0.1859,87.7,81.1,3.03,1,0.3701
2026-05-13,2026-05-11 17:17:10,S0035,Bektemir,41.297755,69.346609,37.9,1.9,49.5,211.8,0.3428,86.2,79.5,2.7,0,0.0201
2026-05-14,2026-05-11 17:17:10,S0035,Bektemir,41.297755,69.346609,41.2,3.0,49.27,208.9,0.2071,86.2,83.3,3.25,1,0.3701
2026-05-15,2026-05-11 17:17:10,S0035,Bektemir,41.297755,69.346609,38.8,1.7,49.35,209.5,0.3458,89.7,83.9,2.96,1,0.3701
2026-05-16,2026-05-11 17:17:10,S0035,Bektemir,41.297755,69.346609,36.9,0.0,49.11,208.5,0.4238,88.3,88.8,3.0,1,0.3701
2026-05-17,2026-05-11 17:17:10,S0035,Bektemir,41.297755,69.346609,37.7,0.0,49.03,207.2,0.3195,92.0,80.2,2.98,1,0.3701
2026-05-18,2026-05-11 17:17:10,S0035,Bektemir,41.297755,69.346609,38.4,0.0,49.0,209.6,0.2174,86.3,78.8,2.89,1,0.3701
2026-05-12,2026-05-11 17:17:10,S0036,Bektemir,41.289512,69.356415,55.0,13.3,50.09,215.1,0.9559,88.8,90.9,4.16,2,0.7372
2026-05-13,2026-05-11 17:17:10,S0036,Bektemir,41.289512,69.356415,55.0,12.3,50.03,214.5,0.9484,89.5,95.0,3.82,2,0.7372
2026-05-14,2026-05-11 17:17:10,S0036,Bektemir,41.289512,69.356415,55.0,13.0,50.09,212.6,0.9512,91.7,90.8,3.64,2,0.7372
2026-05-15,2026-05-11 17:17:10,S0036,Bektemir,41.289512,69.356415,55.0,10.6,50.25,210.7,1.0586,95.0,95.0,4.39,2,0.7372
2026-05-16,2026-05-11 17:17:10,S0036,Bektemir,41.289512,69.356415,55.0,11.1,50.13,213.6,1.0376,95.1,86.5,4.43,2,0.7372
2026-05-17,2026-05-11 17:17:10,S0036,Bektemir,41.289512,69.356415,55.0,11.9,50.15,211.6,1.0828,95.6,95.0,4.41,2,0.7372
2026-05-18,2026-05-11 17:17:10,S0036,Bektemir,41.289512,69.356415,55.0,7.9,50.07,214.8,1.2415,91.6,95.0,4.26,2,0.7372
2026-05-12,2026-05-11 17:17:10,S0037,Bektemir,41.309688,69.385501,43.6,11.1,49.62,223.1,0.7711,96.6,95.0,3.66,1,0.3785
2026-05-13,2026-05-11 17:17:10,S0037,Bektemir,41.309688,69.385501,45.0,10.1,49.6,222.2,0.8124,97.9,95.0,3.98,1,0.3785
2026-05-14,2026-05-11 17:17:10,S0037,Bektemir,41.309688,69.385501,46.4,13.6,49.66,225.0,0.6094,100.0,95.0,3.33,2,0.7285
2026-05-15,2026-05-11 17:17:10,S0037,Bektemir,41.309688,69.385501,50.1,13.7,49.73,231.8,0.7566,99.4,95.0,3.72,2,0.7285
2026-05-16,2026-05-11 17:17:10,S0037,Bektemir,41.309688,69.385501,47.9,12.5,49.69,230.9,0.5915,96.2,95.0,4.07,2,0.7285
2026-05-17,2026-05-11 17:17:10,S0037,Bektemir,41.309688,69.385501,50.4,12.9,49.41,233.9,0.6992,99.5,95.0,3.93,2,0.7285
2026-05-18,2026-05-11 17:17:10,S0037,Bektemir,41.309688,69.385501,51.5,13.4,49.63,234.4,0.5408,100.0,95.0,3.78,2,0.7285
2026-05-12,2026-05-11 17:17:10,S0038,Bektemir,41.297513,69.36579,33.8,7.8,49.92,235.9,0.0517,88.6,62.1,4.86,1,0.3941
2026-05-13,2026-05-11 17:17:10,S0038,Bektemir,41.297513,69.36579,30.8,9.1,49.68,233.5,0.0836,86.1,62.1,4.79,1,0.3941
2026-05-14,2026-05-11 17:17:10,S0038,Bektemir,41.297513,69.36579,32.3,7.9,49.69,235.1,0.01,88.5,61.9,4.88,1,0.3941
2026-05-15,2026-05-11 17:17:10,S0038,Bektemir,41.297513,69.36579,29.7,8.7,49.9,231.5,0.0844,88.5,75.5,5.0,1,0.3941
2026-05-16,2026-05-11 17:17:10,S0038,Bektemir,41.297513,69.36579,30.2,10.9,49.96,230.8,0.01,88.9,65.2,4.82,1,0.3941
2026-05-17,2026-05-11 17:17:10,S0038,Bektemir,41.297513,69.36579,30.9,9.9,49.89,233.1,0.01,89.6,54.0,5.23,1,0.3941
2026-05-18,2026-05-11 17:17:10,S0038,Bektemir,41.297513,69.36579,26.7,12.1,49.98,227.5,0.01,88.1,67.5,4.87,0,0.0441
2026-05-12,2026-05-11 17:17:10,S0039,Bektemir,41.282922,69.374057,26.2,9.8,49.69,221.7,0.3154,88.8,60.1,3.49,0,0.0304
2026-05-13,2026-05-11 17:17:10,S0039,Bektemir,41.282922,69.374057,23.7,8.9,49.49,218.9,0.3405,89.7,58.8,3.98,1,0.3804
2026-05-14,2026-05-11 17:17:10,S0039,Bektemir,41.282922,69.374057,31.7,8.7,49.46,219.2,0.3455,93.9,63.5,3.95,1,0.3804
2026-05-15,2026-05-11 17:17:10,S0039,Bektemir,41.282922,69.374057,27.4,8.6,49.61,218.5,0.3501,91.4,55.0,3.7,0,0.0304
2026-05-16,2026-05-11 17:17:10,S0039,Bektemir,41.282922,69.374057,27.7,9.3,49.61,219.1,0.2225,95.1,68.6,3.55,0,0.0304
2026-05-17,2026-05-11 17:17:10,S0039,Bektemir,41.282922,69.374057,28.8,10.7,49.79,211.7,0.2394,91.0,60.4,4.03,0,0.0304
2026-05-18,2026-05-11 17:17:10,S0039,Bektemir,41.282922,69.374057,23.5,10.7,49.89,217.5,0.3434,92.4,68.4,4.53,0,0.0304
2026-05-12,2026-05-11 17:17:10,S0040,Bektemir,41.302898,69.339099,35.6,11.7,49.4,218.6,0.4293,88.4,41.2,1.23,1,0.3818
2026-05-13,2026-05-11 17:17:10,S0040,Bektemir,41.302898,69.339099,38.7,10.8,49.4,211.1,0.4493,88.6,40.9,1.45,1,0.3818
2026-05-14,2026-05-11 17:17:10,S0040,Bektemir,41.302898,69.339099,34.9,9.6,49.19,216.7,0.5444,93.3,42.6,1.23,1,0.3818
2026-05-15,2026-05-11 17:17:10,S0040,Bektemir,41.302898,69.339099,35.5,10.2,49.22,217.0,0.6251,90.7,43.7,1.43,1,0.3818
2026-05-16,2026-05-11 17:17:10,S0040,Bektemir,41.302898,69.339099,35.3,10.8,49.34,216.1,0.4007,90.4,36.9,1.14,1,0.3818
2026-05-17,2026-05-11 17:17:10,S0040,Bektemir,41.302898,69.339099,37.0,10.4,49.1,217.3,0.3932,89.5,33.0,1.11,1,0.3818
2026-05-18,2026-05-11 17:17:10,S0040,Bektemir,41.302898,69.339099,38.7,9.9,49.3,221.8,0.4701,87.2,38.3,0.7,1,0.3818
2026-05-12,2026-05-11 17:17:10,S0041,Bektemir,41.266795,69.359875,30.7,8.9,49.84,231.0,0.2636,84.5,68.6,3.18,1,0.3767
2026-05-13,2026-05-11 17:17:10,S0041,Bektemir,41.266795,69.359875,29.9,8.3,49.82,229.6,0.2689,84.8,69.8,2.76,1,0.3767
2026-05-14,2026-05-11 17:17:10,S0041,Bektemir,41.266795,69.359875,31.5,6.4,49.93,221.8,0.2055,85.7,70.6,3.02,0,0.0267
2026-05-15,2026-05-11 17:17:10,S0041,Bektemir,41.266795,69.359875,29.9,11.0,50.05,227.9,0.2631,84.9,73.0,2.74,1,0.3767
2026-05-16,2026-05-11 17:17:10,S0041,Bektemir,41.266795,69.359875,29.2,9.9,49.98,228.5,0.23,81.9,68.4,2.61,1,0.3767
2026-05-17,2026-05-11 17:17:10,S0041,Bektemir,41.266795,69.359875,28.1,9.3,49.9,225.6,0.1647,80.8,72.3,2.56,1,0.3767
2026-05-18,2026-05-11 17:17:10,S0041,Bektemir,41.266795,69.359875,29.7,12.3,49.95,225.9,0.1265,83.2,83.5,2.76,1,0.3767
2026-05-12,2026-05-11 17:17:10,S0042,Bektemir,41.277137,69.387535,33.0,11.4,49.88,235.1,0.3221,89.9,73.0,6.14,2,0.733
2026-05-13,2026-05-11 17:17:10,S0042,Bektemir,41.277137,69.387535,29.3,9.6,49.76,234.4,0.2931,91.7,66.9,5.93,2,0.733
2026-05-14,2026-05-11 17:17:10,S0042,Bektemir,41.277137,69.387535,27.0,8.9,49.92,235.9,0.2804,88.6,69.8,6.36,2,0.733
2026-05-15,2026-05-11 17:17:10,S0042,Bektemir,41.277137,69.387535,29.0,10.5,49.86,231.1,0.2644,89.3,66.8,6.28,2,0.733
2026-05-16,2026-05-11 17:17:10,S0042,Bektemir,41.277137,69.387535,27.7,11.5,49.85,234.9,0.3268,87.4,64.2,6.28,2,0.733
2026-05-17,2026-05-11 17:17:10,S0042,Bektemir,41.277137,69.387535,27.9,12.4,49.93,233.1,0.3196,86.6,74.3,6.3,2,0.733
2026-05-18,2026-05-11 17:17:10,S0042,Bektemir,41.277137,69.387535,27.8,14.3,49.95,230.8,0.3905,91.5,62.2,6.02,2,0.733
2026-05-12,2026-05-11 17:17:10,S0043,Bektemir,41.276872,69.389351,24.2,5.2,50.33,234.4,0.5372,89.7,41.1,1.49,1,0.3813
2026-05-13,2026-05-11 17:17:10,S0043,Bektemir,41.276872,69.389351,27.3,3.9,50.37,233.1,0.5555,91.3,46.6,1.92,1,0.3813
2026-05-14,2026-05-11 17:17:10,S0043,Bektemir,41.276872,69.389351,25.4,2.9,50.28,235.3,0.6083,88.7,50.9,1.3,1,0.3813
2026-05-15,2026-05-11 17:17:10,S0043,Bektemir,41.276872,69.389351,23.6,2.5,50.08,237.7,0.6789,88.7,34.6,1.0,1,0.3813
2026-05-16,2026-05-11 17:17:10,S0043,Bektemir,41.276872,69.389351,23.5,4.4,50.28,243.0,0.6393,90.5,46.8,1.43,2,0.7313
2026-05-17,2026-05-11 17:17:10,S0043,Bektemir,41.276872,69.389351,23.2,1.5,50.25,244.3,0.6613,91.3,42.8,1.61,2,0.7313
2026-05-18,2026-05-11 17:17:10,S0043,Bektemir,41.276872,69.389351,23.2,2.6,50.31,241.9,0.6865,91.9,43.3,1.05,2,0.7313
2026-05-12,2026-05-11 17:17:10,S0044,Bektemir,41.287547,69.384275,38.0,5.5,49.54,223.0,0.851,93.9,58.5,3.76,0,0.0248
2026-05-13,2026-05-11 17:17:10,S0044,Bektemir,41.287547,69.384275,37.4,8.3,49.55,225.7,0.8826,90.8,50.6,3.69,0,0.0248
2026-05-14,2026-05-11 17:17:10,S0044,Bektemir,41.287547,69.384275,37.1,4.7,49.5,224.3,0.946,93.3,42.7,3.84,0,0.0248
2026-05-15,2026-05-11 17:17:10,S0044,Bektemir,41.287547,69.384275,34.6,4.6,49.44,222.9,0.9434,92.3,43.4,4.08,1,0.3748
2026-05-16,2026-05-11 17:17:10,S0044,Bektemir,41.287547,69.384275,39.0,1.7,49.61,219.2,0.9141,95.2,42.0,3.45,0,0.0248
2026-05-17,2026-05-11 17:17:10,S0044,Bektemir,41.287547,69.384275,34.1,1.6,49.24,218.9,0.9378,90.7,50.0,3.9,1,0.3748
2026-05-18,2026-05-11 17:17:10,S0044,Bektemir,41.287547,69.384275,34.5,2.9,49.59,221.2,0.9876,95.6,40.8,3.65,0,0.0248
2026-05-12,2026-05-11 17:17:10,S0045,Bektemir,41.285391,69.37655,28.8,10.7,50.2,203.2,0.269,88.1,25.1,2.92,1,0.3847
2026-05-13,2026-05-11 17:17:10,S0045,Bektemir,41.285391,69.37655,27.6,7.9,50.14,196.9,0.3754,91.8,28.5,2.7,2,0.7347
2026-05-14,2026-05-11 17:17:10,S0045,Bektemir,41.285391,69.37655,28.1,9.1,50.28,199.5,0.2903,92.6,25.3,2.58,2,0.7347
2026-05-15,2026-05-11 17:17:10,S0045,Bektemir,41.285391,69.37655,28.7,9.3,50.19,200.0,0.2021,88.1,28.1,2.29,1,0.3847
2026-05-16,2026-05-11 17:17:10,S0045,Bektemir,41.285391,69.37655,25.0,12.2,49.96,199.5,0.2996,89.1,25.0,2.41,2,0.7347
2026-05-17,2026-05-11 17:17:10,S0045,Bektemir,41.285391,69.37655,29.3,9.8,50.03,195.0,0.3677,94.4,31.3,2.21,2,0.7347
2026-05-18,2026-05-11 17:17:10,S0045,Bektemir,41.285391,69.37655,30.0,11.4,49.91,198.8,0.3252,94.6,25.0,2.39,2,0.7347
2026-05-12,2026-05-11 17:17:10,S0046,Bektemir,41.309008,69.340795,22.3,7.7,50.6,214.8,0.6752,88.9,54.7,2.71,1,0.3699
2026-05-13,2026-05-11 17:17:10,S0046,Bektemir,41.309008,69.340795,26.8,6.2,50.6,218.3,0.8074,87.8,55.6,2.65,1,0.3699
2026-05-14,2026-05-11 17:17:10,S0046,Bektemir,41.309008,69.340795,20.6,10.7,50.47,220.7,0.839,89.1,62.5,3.09,0,0.0199
2026-05-15,2026-05-11 17:17:10,S0046,Bektemir,41.309008,69.340795,23.3,7.2,50.89,218.0,0.8897,87.8,64.0,2.65,1,0.3699
2026-05-16,2026-05-11 17:17:10,S0046,Bektemir,41.309008,69.340795,20.4,5.0,50.86,212.7,0.9088,85.7,61.6,3.15,1,0.3699
2026-05-17,2026-05-11 17:17:10,S0046,Bektemir,41.309008,69.340795,21.7,5.5,50.96,214.6,0.8899,87.5,66.7,3.34,1,0.3699
2026-05-18,2026-05-11 17:17:10,S0046,Bektemir,41.309008,69.340795,19.9,4.9,50.88,220.8,0.9337,87.5,70.2,3.34,1,0.3699
2026-05-12,2026-05-11 17:17:10,S0047,Bektemir,41.27661,69.363515,50.1,6.3,49.68,216.9,0.5449,91.3,67.7,3.44,2,0.724
2026-05-13,2026-05-11 17:17:10,S0047,Bektemir,41.27661,69.363515,47.0,5.5,49.55,213.1,0.425,92.9,57.4,3.69,2,0.724
2026-05-14,2026-05-11 17:17:10,S0047,Bektemir,41.27661,69.363515,49.2,3.6,49.67,214.6,0.4073,94.3,61.7,3.51,2,0.724
2026-05-15,2026-05-11 17:17:10,S0047,Bektemir,41.27661,69.363515,48.8,5.2,49.47,214.6,0.4769,92.9,66.2,3.95,2,0.724
2026-05-16,2026-05-11 17:17:10,S0047,Bektemir,41.27661,69.363515,51.4,5.9,49.43,214.4,0.4935,92.8,67.3,3.39,2,0.724
2026-05-17,2026-05-11 17:17:10,S0047,Bektemir,41.27661,69.363515,53.4,5.8,49.59,214.1,0.39,96.6,76.1,3.79,2,0.724
2026-05-18,2026-05-11 17:17:10,S0047,Bektemir,41.27661,69.363515,50.0,4.9,49.28,215.3,0.6107,95.5,73.5,4.45,2,0.724
2026-05-12,2026-05-11 17:17:10,S0048,Bektemir,41.282033,69.382099,30.0,5.5,49.83,218.9,0.2965,81.7,89.9,3.74,1,0.3893
2026-05-13,2026-05-11 17:17:10,S0048,Bektemir,41.282033,69.382099,30.8,5.7,49.9,213.7,0.2401,83.9,92.1,3.92,1,0.3893
2026-05-14,2026-05-11 17:17:10,S0048,Bektemir,41.282033,69.382099,30.2,7.4,49.99,217.8,0.3038,82.2,86.7,3.57,1,0.3893
2026-05-15,2026-05-11 17:17:10,S0048,Bektemir,41.282033,69.382099,29.0,3.6,49.89,217.6,0.3059,82.0,92.1,2.98,1,0.3893
2026-05-16,2026-05-11 17:17:10,S0048,Bektemir,41.282033,69.382099,20.4,5.3,50.21,213.5,0.346,78.3,94.2,3.61,1,0.3893
2026-05-17,2026-05-11 17:17:10,S0048,Bektemir,41.282033,69.382099,29.2,5.2,50.01,215.0,0.2827,80.3,95.0,3.66,1,0.3893
2026-05-18,2026-05-11 17:17:10,S0048,Bektemir,41.282033,69.382099,28.6,5.2,49.9,209.3,0.2867,78.9,82.8,3.94,1,0.3893
2026-05-12,2026-05-11 17:17:10,S0049,Bektemir,41.306555,69.367221,38.9,7.4,50.27,224.6,0.8862,86.0,62.1,2.67,0,0.0299
2026-05-13,2026-05-11 17:17:10,S0049,Bektemir,41.306555,69.367221,44.5,8.8,50.4,225.0,0.8405,82.5,54.3,2.27,1,0.3799
2026-05-14,2026-05-11 17:17:10,S0049,Bektemir,41.306555,69.367221,43.9,7.8,50.34,224.9,0.674,86.6,64.4,3.0,1,0.3799
2026-05-15,2026-05-11 17:17:10,S0049,Bektemir,41.306555,69.367221,46.4,9.2,50.46,223.1,0.728,85.6,66.3,2.21,2,0.7299
2026-05-16,2026-05-11 17:17:10,S0049,Bektemir,41.306555,69.367221,45.7,7.1,50.35,224.4,0.7918,83.2,67.0,2.67,2,0.7299
2026-05-17,2026-05-11 17:17:10,S0049,Bektemir,41.306555,69.367221,43.4,8.3,50.46,223.9,0.6295,83.9,55.6,2.41,1,0.3799
2026-05-18,2026-05-11 17:17:10,S0049,Bektemir,41.306555,69.367221,46.1,7.2,50.37,224.0,0.7512,86.4,66.4,2.43,2,0.7299
2026-05-12,2026-05-11 17:17:10,S0050,Bektemir,41.270972,69.354475,36.0,5.0,49.88,232.6,0.0571,99.1,38.7,4.48,1,0.3785
2026-05-13,2026-05-11 17:17:10,S0050,Bektemir,41.270972,69.354475,35.5,8.9,49.75,228.7,0.1384,100.0,25.0,4.09,1,0.3785
2026-05-14,2026-05-11 17:17:10,S0050,Bektemir,41.270972,69.354475,34.2,7.9,49.67,233.7,0.2585,100.0,25.7,3.95,1,0.3785
2026-05-15,2026-05-11 17:17:10,S0050,Bektemir,41.270972,69.354475,39.1,8.2,49.77,233.4,0.2631,100.0,29.7,4.03,1,0.3785
2026-05-16,2026-05-11 17:17:10,S0050,Bektemir,41.270972,69.354475,36.7,8.4,49.72,228.6,0.2098,99.8,29.4,3.96,1,0.3785
2026-05-17,2026-05-11 17:17:10,S0050,Bektemir,41.270972,69.354475,38.4,6.2,49.66,232.1,0.2343,100.0,25.0,4.05,1,0.3785
2026-05-18,2026-05-11 17:17:10,S0050,Bektemir,41.270972,69.354475,42.2,9.5,49.65,228.7,0.3504,100.0,25.0,3.59,1,0.3785
2026-05-12,2026-05-11 17:17:10,S0051,Bektemir,41.278745,69.371922,43.8,4.1,50.21,234.2,0.7663,70.4,63.1,2.82,2,0.7246
2026-05-13,2026-05-11 17:17:10,S0051,Bektemir,41.278745,69.371922,44.0,7.2,50.32,242.2,0.5628,74.1,61.5,3.11,2,0.7246
2026-05-14,2026-05-11 17:17:10,S0051,Bektemir,41.278745,69.371922,43.8,5.1,50.18,238.4,0.643,73.7,64.5,2.4,2,0.7246
2026-05-15,2026-05-11 17:17:10,S0051,Bektemir,41.278745,69.371922,46.4,4.7,50.24,236.6,0.7398,72.0,66.9,2.67,2,0.7246
2026-05-16,2026-05-11 17:17:10,S0051,Bektemir,41.278745,69.371922,46.6,4.6,50.28,239.1,0.7998,72.5,71.8,3.04,2,0.7246
2026-05-17,2026-05-11 17:17:10,S0051,Bektemir,41.278745,69.371922,46.6,3.9,50.28,236.3,0.6062,68.7,75.5,2.48,2,0.7246
2026-05-18,2026-05-11 17:17:10,S0051,Bektemir,41.278745,69.371922,44.1,3.1,50.14,236.3,0.6041,66.5,64.8,2.81,2,0.7246
2026-05-12,2026-05-11 17:17:10,S0052,Bektemir,41.27643,69.335527,33.4,4.3,49.94,218.5,0.0817,82.8,37.9,3.55,1,0.3708
2026-05-13,2026-05-11 17:17:10,S0052,Bektemir,41.27643,69.335527,32.2,4.4,49.95,224.6,0.155,86.9,35.3,3.29,0,0.0208
2026-05-14,2026-05-11 17:17:10,S0052,Bektemir,41.27643,69.335527,35.3,6.1,49.9,224.4,0.0544,83.6,41.8,3.54,1,0.3708
2026-05-15,2026-05-11 17:17:10,S0052,Bektemir,41.27643,69.335527,34.2,4.5,49.81,220.9,0.1955,88.0,40.0,3.83,0,0.0208
2026-05-16,2026-05-11 17:17:10,S0052,Bektemir,41.27643,69.335527,35.6,4.1,49.7,225.7,0.0278,88.5,43.1,3.8,0,0.0208
2026-05-17,2026-05-11 17:17:10,S0052,Bektemir,41.27643,69.335527,35.7,2.2,49.83,222.4,0.1302,87.0,42.1,3.63,0,0.0208
2026-05-18,2026-05-11 17:17:10,S0052,Bektemir,41.27643,69.335527,32.9,4.7,49.92,223.2,0.0235,87.1,40.6,4.02,0,0.0208
2026-05-12,2026-05-11 17:17:10,S0053,Bektemir,41.287973,69.348191,41.9,9.5,50.05,227.3,0.4506,93.0,37.7,3.54,1,0.3746
2026-05-13,2026-05-11 17:17:10,S0053,Bektemir,41.287973,69.348191,40.9,9.1,50.04,226.1,0.487,94.7,43.9,4.16,1,0.3746
2026-05-14,2026-05-11 17:17:10,S0053,Bektemir,41.287973,69.348191,43.3,11.6,50.18,229.4,0.6964,94.7,44.4,3.68,1,0.3746
2026-05-15,2026-05-11 17:17:10,S0053,Bektemir,41.287973,69.348191,42.1,12.0,50.04,229.3,0.5721,97.6,37.5,3.61,1,0.3746
2026-05-16,2026-05-11 17:17:10,S0053,Bektemir,41.287973,69.348191,44.6,10.0,49.92,230.1,0.6948,91.7,31.8,3.12,1,0.3746
2026-05-17,2026-05-11 17:17:10,S0053,Bektemir,41.287973,69.348191,38.6,8.8,50.0,230.9,0.4458,93.8,29.5,3.2,1,0.3746
2026-05-18,2026-05-11 17:17:10,S0053,Bektemir,41.287973,69.348191,43.5,9.3,50.01,231.5,0.4891,93.8,34.5,3.11,1,0.3746
2026-05-12,2026-05-11 17:17:10,S0054,Bektemir,41.287378,69.352477,27.9,12.8,50.25,216.3,0.3209,89.6,68.1,3.06,0,0.0268
2026-05-13,2026-05-11 17:17:10,S0054,Bektemir,41.287378,69.352477,27.9,12.7,50.16,222.0,0.3685,95.0,62.9,2.64,0,0.0268
2026-05-14,2026-05-11 17:17:10,S0054,Bektemir,41.287378,69.352477,28.3,11.2,50.19,214.7,0.3169,94.9,67.9,2.81,0,0.0268
2026-05-15,2026-05-11 17:17:10,S0054,Bektemir,41.287378,69.352477,28.0,12.0,50.38,221.4,0.4223,89.6,71.7,2.76,0,0.0268
2026-05-16,2026-05-11 17:17:10,S0054,Bektemir,41.287378,69.352477,28.8,9.6,50.28,216.6,0.3583,91.2,66.9,2.62,0,0.0268
2026-05-17,2026-05-11 17:17:10,S0054,Bektemir,41.287378,69.352477,29.4,10.6,50.34,218.7,0.4153,94.0,69.8,2.34,0,0.0268
2026-05-18,2026-05-11 17:17:10,S0054,Bektemir,41.287378,69.352477,28.4,11.0,50.41,222.1,0.3505,93.9,63.5,2.85,0,0.0268
2026-05-12,2026-05-11 17:17:10,S0055,Bektemir,41.29943,69.346801,39.0,10.6,50.0,216.8,0.6914,86.6,71.0,3.41,0,0.0359
2026-05-13,2026-05-11 17:17:10,S0055,Bektemir,41.29943,69.346801,38.6,12.5,49.99,210.4,0.5213,88.4,70.1,3.09,0,0.0359
2026-05-14,2026-05-11 17:17:10,S0055,Bektemir,41.29943,69.346801,43.3,12.1,49.95,212.0,0.5137,89.0,61.6,2.82,1,0.3859
2026-05-15,2026-05-11 17:17:10,S0055,Bektemir,41.29943,69.346801,42.4,10.1,49.96,216.3,0.4946,85.3,59.9,3.19,1,0.3859
2026-05-16,2026-05-11 17:17:10,S0055,Bektemir,41.29943,69.346801,39.4,12.4,50.17,215.4,0.7694,88.8,62.6,3.11,0,0.0359
2026-05-17,2026-05-11 17:17:10,S0055,Bektemir,41.29943,69.346801,39.1,11.3,50.03,208.1,0.5603,89.8,58.7,2.66,1,0.3859
2026-05-18,2026-05-11 17:17:10,S0055,Bektemir,41.29943,69.346801,43.1,9.7,50.14,212.8,0.5119,89.0,64.2,3.07,1,0.3859
2026-05-12,2026-05-11 17:17:10,S0056,Bektemir,41.297887,69.337474,30.3,3.2,50.22,214.7,0.1837,93.4,76.3,2.89,0,0.0282
2026-05-13,2026-05-11 17:17:10,S0056,Bektemir,41.297887,69.337474,28.4,3.2,50.28,215.5,0.093,94.2,68.0,2.92,0,0.0282
2026-05-14,2026-05-11 17:17:10,S0056,Bektemir,41.297887,69.337474,28.2,4.6,50.28,214.7,0.1147,95.7,74.3,2.39,0,0.0282
2026-05-15,2026-05-11 17:17:10,S0056,Bektemir,41.297887,69.337474,29.5,1.9,50.34,216.4,0.1099,95.9,72.3,2.65,0,0.0282
2026-05-16,2026-05-11 17:17:10,S0056,Bektemir,41.297887,69.337474,28.9,1.5,50.18,218.5,0.0476,93.8,65.4,2.33,0,0.0282
2026-05-17,2026-05-11 17:17:10,S0056,Bektemir,41.297887,69.337474,29.3,1.7,50.2,216.0,0.01,90.4,73.9,2.48,0,0.0282
2026-05-18,2026-05-11 17:17:10,S0056,Bektemir,41.297887,69.337474,30.5,1.3,50.41,217.6,0.01,93.6,74.3,2.63,0,0.0282
2026-05-12,2026-05-11 17:17:10,S0057,Bektemir,41.300121,69.394819,42.7,4.3,49.48,224.3,0.7775,97.0,85.3,4.17,1,0.3757
2026-05-13,2026-05-11 17:17:10,S0057,Bektemir,41.300121,69.394819,42.3,2.4,49.47,225.0,0.8847,93.6,91.0,4.35,1,0.3757
2026-05-14,2026-05-11 17:17:10,S0057,Bektemir,41.300121,69.394819,43.2,3.0,49.63,222.0,0.9886,92.5,92.6,4.44,1,0.3757
2026-05-15,2026-05-11 17:17:10,S0057,Bektemir,41.300121,69.394819,42.9,2.5,49.55,223.3,0.9241,92.1,91.4,4.34,1,0.3757
2026-05-16,2026-05-11 17:17:10,S0057,Bektemir,41.300121,69.394819,43.4,1.1,49.45,222.2,0.9604,91.2,90.8,4.3,1,0.3757
2026-05-17,2026-05-11 17:17:10,S0057,Bektemir,41.300121,69.394819,42.9,3.0,49.49,218.0,0.8063,93.4,95.0,4.38,1,0.3757
2026-05-18,2026-05-11 17:17:10,S0057,Bektemir,41.300121,69.394819,47.1,1.3,49.45,216.5,0.9699,95.2,93.5,3.7,2,0.7257
2026-05-12,2026-05-11 17:17:10,S0058,Bektemir,41.277667,69.39498,28.4,6.4,50.01,211.9,0.542,83.5,86.4,3.69,1,0.3791
2026-05-13,2026-05-11 17:17:10,S0058,Bektemir,41.277667,69.39498,26.6,6.5,49.97,210.9,0.6241,87.0,80.5,3.39,0,0.0291
2026-05-14,2026-05-11 17:17:10,S0058,Bektemir,41.277667,69.39498,26.7,6.0,50.1,209.3,0.4331,85.8,72.0,3.46,1,0.3791
2026-05-15,2026-05-11 17:17:10,S0058,Bektemir,41.277667,69.39498,26.3,7.1,50.07,207.9,0.5062,86.4,89.0,3.29,1,0.3791
2026-05-16,2026-05-11 17:17:10,S0058,Bektemir,41.277667,69.39498,23.8,6.7,50.05,206.0,0.5932,84.6,88.0,3.01,1,0.3791
2026-05-17,2026-05-11 17:17:10,S0058,Bektemir,41.277667,69.39498,26.9,5.4,50.02,209.7,0.5283,84.2,85.5,2.55,1,0.3791
2026-05-18,2026-05-11 17:17:10,S0058,Bektemir,41.277667,69.39498,27.6,8.3,50.16,212.8,0.6223,83.4,95.0,3.1,1,0.3791
2026-05-12,2026-05-11 17:17:10,S0059,Bektemir,41.292987,69.367063,31.1,9.2,49.63,202.2,0.3754,91.5,48.1,3.38,1,0.3834
2026-05-13,2026-05-11 17:17:10,S0059,Bektemir,41.292987,69.367063,29.4,10.5,49.5,202.9,0.373,91.0,50.0,3.56,1,0.3834
2026-05-14,2026-05-11 17:17:10,S0059,Bektemir,41.292987,69.367063,29.8,9.3,49.42,202.9,0.4116,90.0,61.6,3.3,1,0.3834
2026-05-15,2026-05-11 17:17:10,S0059,Bektemir,41.292987,69.367063,28.7,11.9,49.41,199.8,0.4688,88.4,55.5,3.08,2,0.7334
2026-05-16,2026-05-11 17:17:10,S0059,Bektemir,41.292987,69.367063,27.5,7.7,49.32,204.3,0.3609,90.7,52.5,3.7,1,0.3834
2026-05-17,2026-05-11 17:17:10,S0059,Bektemir,41.292987,69.367063,27.8,7.4,49.52,201.4,0.44,88.0,59.1,3.12,1,0.3834
2026-05-18,2026-05-11 17:17:10,S0059,Bektemir,41.292987,69.367063,29.4,7.4,49.36,197.6,0.5087,90.2,48.2,2.77,2,0.7334
2026-05-12,2026-05-11 17:17:10,S0060,Bektemir,41.276503,69.373561,27.7,9.4,50.14,225.7,0.5526,83.2,69.1,3.79,1,0.3749
2026-05-13,2026-05-11 17:17:10,S0060,Bektemir,41.276503,69.373561,30.6,9.9,50.01,220.8,0.5722,81.9,69.8,3.73,1,0.3749
2026-05-14,2026-05-11 17:17:10,S0060,Bektemir,41.276503,69.373561,30.3,9.6,50.09,217.7,0.5392,82.9,69.9,3.64,1,0.3749
2026-05-15,2026-05-11 17:17:10,S0060,Bektemir,41.276503,69.373561,28.5,9.2,50.16,218.5,0.6629,82.9,68.5,4.09,1,0.3749
2026-05-16,2026-05-11 17:17:10,S0060,Bektemir,41.276503,69.373561,30.3,9.4,50.14,222.7,0.5395,78.4,72.8,4.47,1,0.3749
2026-05-17,2026-05-11 17:17:10,S0060,Bektemir,41.276503,69.373561,27.9,8.2,50.43,215.1,0.528,76.0,68.7,4.02,1,0.3749
2026-05-18,2026-05-11 17:17:10,S0060,Bektemir,41.276503,69.373561,31.7,6.4,50.21,218.6,0.6652,77.4,73.2,4.5,1,0.3749
2026-05-12,2026-05-11 17:17:10,S0061,Bektemir,41.285095,69.368575,40.3,3.8,49.73,214.3,0.7458,90.7,30.7,1.16,1,0.3768
2026-05-13,2026-05-11 17:17:10,S0061,Bektemir,41.285095,69.368575,37.9,4.9,49.7,210.9,0.9251,89.4,33.0,1.51,0,0.0268
2026-05-14,2026-05-11 17:17:10,S0061,Bektemir,41.285095,69.368575,40.6,1.8,49.73,215.9,0.9724,91.0,27.3,1.34,1,0.3768
2026-05-15,2026-05-11 17:17:10,S0061,Bektemir,41.285095,69.368575,41.5,0.7,49.69,211.0,0.8366,92.3,25.6,0.79,1,0.3768
2026-05-16,2026-05-11 17:17:10,S0061,Bektemir,41.285095,69.368575,43.8,3.7,49.53,219.0,0.6953,90.2,37.2,0.85,1,0.3768
2026-05-17,2026-05-11 17:17:10,S0061,Bektemir,41.285095,69.368575,38.7,1.6,49.62,216.6,0.7507,93.9,33.2,0.79,0,0.0268
2026-05-18,2026-05-11 17:17:10,S0061,Bektemir,41.285095,69.368575,36.5,2.3,49.64,216.5,0.7492,94.8,25.0,0.57,1,0.3768
2026-05-12,2026-05-11 17:17:10,S0062,Bektemir,41.286576,69.380838,35.6,13.2,49.51,212.4,0.2994,93.1,66.9,3.64,0,0.0373
2026-05-13,2026-05-11 17:17:10,S0062,Bektemir,41.286576,69.380838,34.7,10.4,49.45,217.6,0.2842,94.5,70.6,2.85,1,0.3873
2026-05-14,2026-05-11 17:17:10,S0062,Bektemir,41.286576,69.380838,33.4,12.1,49.36,217.0,0.2927,91.3,69.9,3.02,1,0.3873
2026-05-15,2026-05-11 17:17:10,S0062,Bektemir,41.286576,69.380838,35.4,11.6,49.28,216.6,0.4892,91.5,71.3,2.82,1,0.3873
2026-05-16,2026-05-11 17:17:10,S0062,Bektemir,41.286576,69.380838,35.6,13.2,49.24,222.1,0.4116,95.3,72.1,3.06,1,0.3873
2026-05-17,2026-05-11 17:17:10,S0062,Bektemir,41.286576,69.380838,39.0,13.8,49.17,222.3,0.3673,90.4,74.3,3.08,1,0.3873
2026-05-18,2026-05-11 17:17:10,S0062,Bektemir,41.286576,69.380838,33.2,13.8,49.05,216.9,0.3835,93.7,78.2,3.17,1,0.3873
2026-05-12,2026-05-11 17:17:10,S0063,Bektemir,41.288716,69.35166,19.9,7.1,49.81,195.0,0.2281,88.5,68.1,3.81,2,0.7352
2026-05-13,2026-05-11 17:17:10,S0063,Bektemir,41.288716,69.35166,18.0,2.8,49.85,201.1,0.3063,88.6,58.9,4.07,1,0.3852
2026-05-14,2026-05-11 17:17:10,S0063,Bektemir,41.288716,69.35166,18.2,7.0,50.04,199.5,0.2725,85.2,65.7,3.78,2,0.7352
2026-05-15,2026-05-11 17:17:10,S0063,Bektemir,41.288716,69.35166,18.5,4.5,49.78,199.6,0.2363,84.7,70.9,3.94,2,0.7352
2026-05-16,2026-05-11 17:17:10,S0063,Bektemir,41.288716,69.35166,17.3,5.3,49.86,197.0,0.4015,87.4,66.2,3.74,2,0.7352
2026-05-17,2026-05-11 17:17:10,S0063,Bektemir,41.288716,69.35166,16.0,7.6,49.86,196.5,0.2672,84.3,62.5,3.45,2,0.7352
2026-05-18,2026-05-11 17:17:10,S0063,Bektemir,41.288716,69.35166,16.7,5.5,50.05,199.7,0.4441,85.7,54.2,3.83,2,0.7352
2026-05-12,2026-05-11 17:17:10,S0064,Bektemir,41.279328,69.36643,33.3,13.3,49.69,203.8,0.6339,86.2,95.0,3.92,1,0.3878
2026-05-13,2026-05-11 17:17:10,S0064,Bektemir,41.279328,69.36643,32.7,13.9,49.84,203.1,0.6642,86.3,95.0,3.74,1,0.3878
2026-05-14,2026-05-11 17:17:10,S0064,Bektemir,41.279328,69.36643,35.2,13.2,49.8,206.6,0.6872,86.3,95.0,3.75,1,0.3878
2026-05-15,2026-05-11 17:17:10,S0064,Bektemir,41.279328,69.36643,30.7,15.2,49.74,207.3,0.649,83.4,95.0,3.72,1,0.3878
2026-05-16,2026-05-11 17:17:10,S0064,Bektemir,41.279328,69.36643,32.9,16.6,49.73,206.5,0.7565,86.9,95.0,4.7,1,0.3878
2026-05-17,2026-05-11 17:17:10,S0064,Bektemir,41.279328,69.36643,28.9,15.0,49.65,206.4,0.8538,85.5,95.0,4.75,1,0.3878
2026-05-18,2026-05-11 17:17:10,S0064,Bektemir,41.279328,69.36643,27.8,14.0,49.84,202.2,0.6838,82.3,95.0,4.58,1,0.3878
2026-05-12,2026-05-11 17:17:10,S0065,Bektemir,41.308523,69.336599,34.8,11.9,49.74,225.3,0.8938,88.9,79.3,2.6,0,0.0347
2026-05-13,2026-05-11 17:17:10,S0065,Bektemir,41.308523,69.336599,33.8,11.4,49.63,222.2,0.9658,85.6,74.3,2.63,0,0.0347
2026-05-14,2026-05-11 17:17:10,S0065,Bektemir,41.308523,69.336599,38.1,12.4,49.8,219.8,0.9129,84.4,69.7,2.58,1,0.3847
2026-05-15,2026-05-11 17:17:10,S0065,Bektemir,41.308523,69.336599,34.3,10.1,49.68,222.2,0.965,87.4,68.5,2.12,0,0.0347
2026-05-16,2026-05-11 17:17:10,S0065,Bektemir,41.308523,69.336599,35.5,13.2,49.74,225.6,1.0655,87.9,70.5,2.04,1,0.3847
2026-05-17,2026-05-11 17:17:10,S0065,Bektemir,41.308523,69.336599,31.4,9.7,49.57,220.3,0.9682,84.5,67.6,1.84,1,0.3847
2026-05-18,2026-05-11 17:17:10,S0065,Bektemir,41.308523,69.336599,34.0,12.2,49.67,223.1,1.0611,88.4,71.0,1.95,1,0.3847
2026-05-12,2026-05-11 17:17:10,S0066,Bektemir,41.265944,69.359248,39.7,2.3,50.24,199.0,0.3967,88.8,52.2,4.55,2,0.7263
2026-05-13,2026-05-11 17:17:10,S0066,Bektemir,41.265944,69.359248,36.9,2.1,50.23,197.1,0.5282,88.5,57.5,4.72,2,0.7263
2026-05-14,2026-05-11 17:17:10,S0066,Bektemir,41.265944,69.359248,38.2,0.5,50.21,203.3,0.4372,86.9,61.5,4.15,1,0.3763
2026-05-15,2026-05-11 17:17:10,S0066,Bektemir,41.265944,69.359248,37.8,1.6,50.29,196.2,0.5461,89.4,65.9,4.82,2,0.7263
2026-05-16,2026-05-11 17:17:10,S0066,Bektemir,41.265944,69.359248,35.8,1.2,50.2,196.9,0.5177,89.7,64.1,4.6,2,0.7263
2026-05-17,2026-05-11 17:17:10,S0066,Bektemir,41.265944,69.359248,39.5,0.4,50.12,199.3,0.5688,89.6,70.8,4.52,2,0.7263
2026-05-18,2026-05-11 17:17:10,S0066,Bektemir,41.265944,69.359248,43.0,0.6,50.34,203.8,0.4046,93.1,73.0,4.52,1,0.3763
2026-05-12,2026-05-11 17:17:10,S0067,Bektemir,41.273136,69.388994,37.5,5.0,50.1,213.3,0.4204,93.1,69.5,3.81,0,0.0399
2026-05-13,2026-05-11 17:17:10,S0067,Bektemir,41.273136,69.388994,40.3,5.4,49.98,213.9,0.392,92.0,72.1,3.88,1,0.3899
2026-05-14,2026-05-11 17:17:10,S0067,Bektemir,41.273136,69.388994,40.4,5.2,50.02,214.2,0.3243,91.0,75.5,3.88,1,0.3899
2026-05-15,2026-05-11 17:17:10,S0067,Bektemir,41.273136,69.388994,38.2,6.5,49.93,214.2,0.4495,91.2,89.1,4.1,0,0.0399
2026-05-16,2026-05-11 17:17:10,S0067,Bektemir,41.273136,69.388994,35.2,4.5,50.16,214.7,0.4005,89.6,81.9,4.49,0,0.0399
2026-05-17,2026-05-11 17:17:10,S0067,Bektemir,41.273136,69.388994,37.8,5.1,50.1,214.6,0.4196,92.2,82.0,4.09,0,0.0399
2026-05-18,2026-05-11 17:17:10,S0067,Bektemir,41.273136,69.388994,32.9,2.7,49.99,217.7,0.3007,92.3,89.9,4.08,0,0.0399
2026-05-12,2026-05-11 17:17:10,S0068,Bektemir,41.290559,69.383279,39.9,5.7,49.43,221.1,0.3672,93.6,69.9,4.32,1,0.3819
2026-05-13,2026-05-11 17:17:10,S0068,Bektemir,41.290559,69.383279,33.9,7.8,49.32,222.7,0.5534,91.6,73.5,4.06,1,0.3819
2026-05-14,2026-05-11 17:17:10,S0068,Bektemir,41.290559,69.383279,38.2,6.6,49.33,221.3,0.4657,91.5,74.0,3.97,1,0.3819
2026-05-15,2026-05-11 17:17:10,S0068,Bektemir,41.290559,69.383279,35.4,5.3,49.54,224.3,0.4544,94.2,75.5,3.88,0,0.0319
2026-05-16,2026-05-11 17:17:10,S0068,Bektemir,41.290559,69.383279,33.7,6.1,49.56,219.8,0.4195,96.2,80.9,3.8,0,0.0319
2026-05-17,2026-05-11 17:17:10,S0068,Bektemir,41.290559,69.383279,38.9,5.1,49.57,221.5,0.6547,98.0,82.4,3.56,0,0.0319
2026-05-18,2026-05-11 17:17:10,S0068,Bektemir,41.290559,69.383279,37.2,3.5,49.42,212.2,0.7496,98.6,81.4,3.8,1,0.3819
2026-05-12,2026-05-11 17:17:10,S0069,Bektemir,41.301788,69.330741,43.1,9.1,49.8,226.7,0.4857,93.1,74.0,3.33,1,0.3799
2026-05-13,2026-05-11 17:17:10,S0069,Bektemir,41.301788,69.330741,44.2,9.2,49.72,226.8,0.3692,91.8,73.7,3.15,1,0.3799
2026-05-14,2026-05-11 17:17:10,S0069,Bektemir,41.301788,69.330741,44.8,6.5,49.94,230.0,0.3299,91.7,75.8,3.09,1,0.3799
2026-05-15,2026-05-11 17:17:10,S0069,Bektemir,41.301788,69.330741,41.2,6.6,49.86,227.9,0.3449,92.8,79.7,2.93,1,0.3799
2026-05-16,2026-05-11 17:17:10,S0069,Bektemir,41.301788,69.330741,41.7,7.9,49.84,229.9,0.3575,93.7,85.3,3.04,1,0.3799
2026-05-17,2026-05-11 17:17:10,S0069,Bektemir,41.301788,69.330741,43.9,8.1,49.89,232.3,0.266,92.2,87.3,2.79,1,0.3799
2026-05-18,2026-05-11 17:17:10,S0069,Bektemir,41.301788,69.330741,44.1,7.3,49.76,231.3,0.2952,93.1,87.2,3.22,1,0.3799
2026-05-12,2026-05-11 17:17:10,S0070,Bektemir,41.304601,69.357656,27.0,7.5,50.84,208.5,0.5123,93.3,78.5,3.88,1,0.3788
2026-05-13,2026-05-11 17:17:10,S0070,Bektemir,41.304601,69.357656,28.8,5.1,50.66,216.6,0.6726,93.9,67.4,3.6,1,0.3788
2026-05-14,2026-05-11 17:17:10,S0070,Bektemir,41.304601,69.357656,28.9,7.2,50.64,217.4,0.5627,98.6,75.9,3.18,1,0.3788
2026-05-15,2026-05-11 17:17:10,S0070,Bektemir,41.304601,69.357656,28.1,7.4,50.7,216.7,0.5529,91.4,73.5,3.39,1,0.3788
2026-05-16,2026-05-11 17:17:10,S0070,Bektemir,41.304601,69.357656,29.1,7.5,50.68,219.1,0.6125,99.2,73.6,3.56,1,0.3788
2026-05-17,2026-05-11 17:17:10,S0070,Bektemir,41.304601,69.357656,28.7,6.8,50.9,217.5,0.7114,97.4,79.1,3.47,1,0.3788
2026-05-18,2026-05-11 17:17:10,S0070,Bektemir,41.304601,69.357656,31.7,6.9,50.81,223.3,0.6568,93.3,82.4,3.49,1,0.3788
2026-05-12,2026-05-11 17:17:10,S0071,Bektemir,41.275193,69.386413,31.0,2.0,50.41,213.6,1.0368,91.7,73.0,4.36,1,0.3806
2026-05-13,2026-05-11 17:17:10,S0071,Bektemir,41.275193,69.386413,33.1,1.1,50.24,213.3,0.9106,91.6,78.1,4.14,0,0.0306
2026-05-14,2026-05-11 17:17:10,S0071,Bektemir,41.275193,69.386413,29.6,1.5,50.25,214.3,0.897,86.9,77.7,4.68,0,0.0306
2026-05-15,2026-05-11 17:17:10,S0071,Bektemir,41.275193,69.386413,31.7,1.4,50.32,212.6,1.1226,92.5,65.2,4.51,1,0.3806
2026-05-16,2026-05-11 17:17:10,S0071,Bektemir,41.275193,69.386413,31.4,2.9,50.34,210.5,1.1321,97.0,69.8,4.46,1,0.3806
2026-05-17,2026-05-11 17:17:10,S0071,Bektemir,41.275193,69.386413,31.4,0.8,50.43,210.6,1.019,97.3,68.5,4.41,1,0.3806
2026-05-18,2026-05-11 17:17:10,S0071,Bektemir,41.275193,69.386413,32.0,0.8,50.46,210.1,1.052,94.4,65.8,4.81,1,0.3806
2026-05-12,2026-05-11 17:17:10,S0072,Bektemir,41.302526,69.386707,24.5,16.7,50.04,211.6,0.4529,88.0,79.9,2.8,0,0.0196
2026-05-13,2026-05-11 17:17:10,S0072,Bektemir,41.302526,69.386707,23.2,15.0,49.87,210.4,0.3344,90.5,85.2,2.49,0,0.0196
2026-05-14,2026-05-11 17:17:10,S0072,Bektemir,41.302526,69.386707,26.1,18.7,49.95,215.3,0.3385,90.4,91.2,2.46,1,0.3696
2026-05-15,2026-05-11 17:17:10,S0072,Bektemir,41.302526,69.386707,25.9,19.8,50.03,211.6,0.3204,90.9,88.3,2.5,0,0.0196
2026-05-16,2026-05-11 17:17:10,S0072,Bektemir,41.302526,69.386707,22.5,17.5,49.76,209.5,0.274,94.3,82.2,2.53,1,0.3696
2026-05-17,2026-05-11 17:17:10,S0072,Bektemir,41.302526,69.386707,24.2,18.5,49.94,207.4,0.4184,90.8,71.1,1.91,1,0.3696
2026-05-18,2026-05-11 17:17:10,S0072,Bektemir,41.302526,69.386707,25.6,19.4,49.92,206.3,0.2488,93.4,80.6,2.1,1,0.3696
2026-05-12,2026-05-11 17:17:10,S0073,Bektemir,41.304857,69.392293,31.5,2.4,49.46,229.0,0.2397,87.6,51.6,4.38,1,0.3847
2026-05-13,2026-05-11 17:17:10,S0073,Bektemir,41.304857,69.392293,33.2,3.6,49.46,234.6,0.2597,86.0,58.1,4.51,1,0.3847
2026-05-14,2026-05-11 17:17:10,S0073,Bektemir,41.304857,69.392293,37.5,4.3,49.62,229.4,0.3019,90.9,59.7,4.12,0,0.0347
2026-05-15,2026-05-11 17:17:10,S0073,Bektemir,41.304857,69.392293,33.7,3.8,49.43,232.9,0.2643,94.6,56.1,4.71,1,0.3847
2026-05-16,2026-05-11 17:17:10,S0073,Bektemir,41.304857,69.392293,32.6,3.3,49.38,230.0,0.2754,88.8,55.8,4.46,1,0.3847
2026-05-17,2026-05-11 17:17:10,S0073,Bektemir,41.304857,69.392293,33.1,2.1,49.12,234.8,0.1465,92.0,64.3,4.43,1,0.3847
2026-05-18,2026-05-11 17:17:10,S0073,Bektemir,41.304857,69.392293,38.1,5.8,49.28,236.3,0.1817,92.3,57.1,4.76,1,0.3847
2026-05-12,2026-05-11 17:17:10,S0074,Bektemir,41.276496,69.345746,32.3,7.7,49.51,224.4,0.7259,84.9,57.2,1.9,1,0.3779
2026-05-13,2026-05-11 17:17:10,S0074,Bektemir,41.276496,69.345746,28.9,8.2,49.59,223.3,0.7636,84.8,46.2,1.94,1,0.3779
2026-05-14,2026-05-11 17:17:10,S0074,Bektemir,41.276496,69.345746,28.7,4.8,49.4,226.5,0.753,85.8,51.1,1.77,1,0.3779
2026-05-15,2026-05-11 17:17:10,S0074,Bektemir,41.276496,69.345746,29.8,7.4,49.49,225.9,0.6328,83.6,53.8,1.98,1,0.3779
2026-05-16,2026-05-11 17:17:10,S0074,Bektemir,41.276496,69.345746,31.7,6.9,49.51,225.6,0.6027,89.7,51.8,1.5,0,0.0279
2026-05-17,2026-05-11 17:17:10,S0074,Bektemir,41.276496,69.345746,28.3,8.1,49.46,223.8,0.6118,86.4,49.5,2.02,1,0.3779
2026-05-18,2026-05-11 17:17:10,S0074,Bektemir,41.276496,69.345746,28.4,8.7,49.45,223.6,0.5955,87.8,36.1,1.45,1,0.3779
2026-05-12,2026-05-11 17:17:10,S0075,Bektemir,41.26757,69.378734,30.8,8.2,49.99,221.6,0.1898,87.9,68.9,2.28,0,0.0204
2026-05-13,2026-05-11 17:17:10,S0075,Bektemir,41.26757,69.378734,31.6,9.3,49.92,223.6,0.2146,86.1,63.2,1.98,0,0.0204
2026-05-14,2026-05-11 17:17:10,S0075,Bektemir,41.26757,69.378734,35.3,7.7,49.79,222.0,0.2387,88.7,71.3,2.19,0,0.0204
2026-05-15,2026-05-11 17:17:10,S0075,Bektemir,41.26757,69.378734,31.3,9.5,49.86,221.9,0.2358,89.8,60.4,1.9,0,0.0204
2026-05-16,2026-05-11 17:17:10,S0075,Bektemir,41.26757,69.378734,33.0,8.3,49.8,223.4,0.2165,88.1,63.8,2.24,0,0.0204
2026-05-17,2026-05-11 17:17:10,S0075,Bektemir,41.26757,69.378734,33.8,9.4,49.9,223.5,0.302,87.2,75.6,2.28,0,0.0204
2026-05-18,2026-05-11 17:17:10,S0075,Bektemir,41.26757,69.378734,32.7,8.7,49.84,224.4,0.2033,84.3,77.0,2.38,1,0.3704
2026-05-12,2026-05-11 17:17:10,S0076,Bektemir,41.281848,69.373546,31.5,8.7,49.91,212.2,0.7628,90.4,83.0,2.98,0,0.0336
2026-05-13,2026-05-11 17:17:10,S0076,Bektemir,41.281848,69.373546,32.5,6.0,49.93,213.7,0.8213,91.6,86.1,3.44,0,0.0336
2026-05-14,2026-05-11 17:17:10,S0076,Bektemir,41.281848,69.373546,34.9,7.1,49.82,207.9,0.5302,90.3,88.3,3.25,1,0.3836
2026-05-15,2026-05-11 17:17:10,S0076,Bektemir,41.281848,69.373546,32.1,8.2,50.08,208.6,0.6097,94.4,87.8,3.32,1,0.3836
2026-05-16,2026-05-11 17:17:10,S0076,Bektemir,41.281848,69.373546,29.8,8.3,50.09,201.7,0.6654,89.1,95.0,3.77,1,0.3836
2026-05-17,2026-05-11 17:17:10,S0076,Bektemir,41.281848,69.373546,27.3,8.2,50.05,195.0,0.6436,91.6,93.6,3.35,2,0.7336
2026-05-18,2026-05-11 17:17:10,S0076,Bektemir,41.281848,69.373546,31.6,9.0,50.12,201.0,0.7265,90.9,95.0,3.4,1,0.3836
2026-05-12,2026-05-11 17:17:10,S0077,Bektemir,41.301103,69.346612,24.0,8.1,49.66,209.6,0.5143,95.1,51.7,2.66,1,0.3656
2026-05-13,2026-05-11 17:17:10,S0077,Bektemir,41.301103,69.346612,24.7,8.4,49.6,210.8,0.625,92.5,53.8,3.06,0,0.0156
2026-05-14,2026-05-11 17:17:10,S0077,Bektemir,41.301103,69.346612,24.7,8.0,49.81,214.0,0.5093,95.6,47.9,3.17,0,0.0156
2026-05-15,2026-05-11 17:17:10,S0077,Bektemir,41.301103,69.346612,29.9,4.4,49.65,212.9,0.532,90.0,49.5,2.78,0,0.0156
2026-05-16,2026-05-11 17:17:10,S0077,Bektemir,41.301103,69.346612,28.8,9.2,49.78,212.3,0.5964,90.7,36.7,2.89,0,0.0156
2026-05-17,2026-05-11 17:17:10,S0077,Bektemir,41.301103,69.346612,27.2,4.3,49.74,215.7,0.4494,94.6,37.2,2.91,0,0.0156
2026-05-18,2026-05-11 17:17:10,S0077,Bektemir,41.301103,69.346612,25.5,6.1,49.57,214.1,0.5387,92.9,44.4,2.72,0,0.0156
2026-05-12,2026-05-11 17:17:10,S0078,Bektemir,41.309684,69.368895,35.3,4.8,50.53,214.1,0.2367,89.1,95.0,3.74,1,0.3743
2026-05-13,2026-05-11 17:17:10,S0078,Bektemir,41.309684,69.368895,35.2,4.0,50.51,213.0,0.1454,88.7,83.5,4.19,1,0.3743
2026-05-14,2026-05-11 17:17:10,S0078,Bektemir,41.309684,69.368895,38.8,6.1,50.5,218.6,0.1255,87.9,93.4,3.98,1,0.3743
2026-05-15,2026-05-11 17:17:10,S0078,Bektemir,41.309684,69.368895,38.2,3.6,50.51,212.8,0.1091,88.3,83.8,3.92,1,0.3743
2026-05-16,2026-05-11 17:17:10,S0078,Bektemir,41.309684,69.368895,42.7,1.1,50.48,216.9,0.0959,86.5,79.8,4.47,1,0.3743
2026-05-17,2026-05-11 17:17:10,S0078,Bektemir,41.309684,69.368895,43.8,2.7,50.61,215.8,0.1206,91.4,85.3,4.64,1,0.3743
2026-05-18,2026-05-11 17:17:10,S0078,Bektemir,41.309684,69.368895,43.5,4.9,50.36,217.5,0.1399,89.4,91.1,4.7,1,0.3743
2026-05-12,2026-05-11 17:17:10,S0079,Bektemir,41.305093,69.363463,39.8,4.7,49.83,230.4,0.1664,89.6,42.9,5.16,1,0.3836
2026-05-13,2026-05-11 17:17:10,S0079,Bektemir,41.305093,69.363463,41.1,4.2,49.84,230.2,0.2569,89.8,41.5,5.13,1,0.3836
2026-05-14,2026-05-11 17:17:10,S0079,Bektemir,41.305093,69.363463,45.0,8.1,49.74,228.6,0.0972,93.6,34.6,5.46,1,0.3836
2026-05-15,2026-05-11 17:17:10,S0079,Bektemir,41.305093,69.363463,43.3,6.7,49.76,221.3,0.0434,96.5,38.0,5.34,1,0.3836
2026-05-16,2026-05-11 17:17:10,S0079,Bektemir,41.305093,69.363463,40.7,7.1,49.62,227.5,0.048,91.6,33.4,5.35,1,0.3836
2026-05-17,2026-05-11 17:17:10,S0079,Bektemir,41.305093,69.363463,44.8,6.3,49.57,228.9,0.01,94.5,25.8,5.61,2,0.7336
2026-05-18,2026-05-11 17:17:10,S0079,Bektemir,41.305093,69.363463,43.8,6.5,49.51,226.6,0.0141,95.0,31.5,5.98,2,0.7336
2026-05-12,2026-05-11 17:17:10,S0080,Bektemir,41.30599,69.361727,25.1,10.3,50.47,219.6,0.3723,92.1,94.5,6.56,2,0.729
2026-05-13,2026-05-11 17:17:10,S0080,Bektemir,41.30599,69.361727,28.6,7.0,50.11,223.5,0.4328,87.7,85.5,6.86,2,0.729
2026-05-14,2026-05-11 17:17:10,S0080,Bektemir,41.30599,69.361727,24.7,7.9,50.22,226.0,0.4609,94.1,90.9,6.96,2,0.729
2026-05-15,2026-05-11 17:17:10,S0080,Bektemir,41.30599,69.361727,24.9,8.7,50.31,223.4,0.2554,90.2,93.0,6.88,2,0.729
2026-05-16,2026-05-11 17:17:10,S0080,Bektemir,41.30599,69.361727,25.8,10.7,49.94,227.3,0.4083,94.1,90.2,7.0,2,0.729
2026-05-17,2026-05-11 17:17:10,S0080,Bektemir,41.30599,69.361727,27.0,9.3,49.91,227.6,0.4015,94.1,95.0,7.0,2,0.729
2026-05-18,2026-05-11 17:17:10,S0080,Bektemir,41.30599,69.361727,25.7,9.1,49.92,230.8,0.2591,94.1,95.0,7.0,2,0.729
2026-05-12,2026-05-11 17:17:10,S0081,Bektemir,41.301429,69.354529,36.8,11.3,49.52,222.4,0.2959,92.0,53.0,4.47,0,0.0361
2026-05-13,2026-05-11 17:17:10,S0081,Bektemir,41.301429,69.354529,39.0,11.6,49.28,223.2,0.2936,93.3,59.5,4.64,1,0.3861
2026-05-14,2026-05-11 17:17:10,S0081,Bektemir,41.301429,69.354529,38.1,12.2,49.38,220.5,0.2193,95.0,48.2,4.83,1,0.3861
2026-05-15,2026-05-11 17:17:10,S0081,Bektemir,41.301429,69.354529,38.1,11.6,49.31,218.9,0.1942,94.1,47.7,4.67,1,0.3861
2026-05-16,2026-05-11 17:17:10,S0081,Bektemir,41.301429,69.354529,41.5,10.2,49.46,214.9,0.1111,92.5,48.1,4.47,1,0.3861
2026-05-17,2026-05-11 17:17:10,S0081,Bektemir,41.301429,69.354529,37.4,12.5,49.5,220.7,0.1162,93.6,48.8,4.81,0,0.0361
2026-05-18,2026-05-11 17:17:10,S0081,Bektemir,41.301429,69.354529,38.4,10.6,49.1,218.1,0.141,91.0,58.5,5.34,1,0.3861
2026-05-12,2026-05-11 17:17:10,S0082,Bektemir,41.265015,69.377138,36.4,15.9,50.3,211.1,0.3862,99.6,68.1,4.25,0,0.0204
2026-05-13,2026-05-11 17:17:10,S0082,Bektemir,41.265015,69.377138,34.6,16.5,50.29,210.8,0.4419,98.3,58.8,3.78,0,0.0204
2026-05-14,2026-05-11 17:17:10,S0082,Bektemir,41.265015,69.377138,35.8,14.3,50.22,210.0,0.382,100.0,52.1,3.99,0,0.0204
2026-05-15,2026-05-11 17:17:10,S0082,Bektemir,41.265015,69.377138,37.9,14.0,50.21,208.4,0.4506,99.5,61.2,4.15,1,0.3704
2026-05-16,2026-05-11 17:17:10,S0082,Bektemir,41.265015,69.377138,34.3,15.3,50.52,206.5,0.4384,100.0,60.0,4.08,1,0.3704
2026-05-17,2026-05-11 17:17:10,S0082,Bektemir,41.265015,69.377138,37.3,15.0,50.45,205.1,0.5093,100.0,62.8,3.9,1,0.3704
2026-05-18,2026-05-11 17:17:10,S0082,Bektemir,41.265015,69.377138,34.4,15.0,50.36,204.4,0.5429,100.0,64.3,4.02,1,0.3704
2026-05-12,2026-05-11 17:17:10,S0083,Bektemir,41.270151,69.391431,36.1,7.6,49.97,222.7,0.7963,77.5,80.5,3.35,1,0.3668
2026-05-13,2026-05-11 17:17:10,S0083,Bektemir,41.270151,69.391431,33.4,7.0,50.18,216.9,0.7813,79.4,67.9,3.74,1,0.3668
2026-05-14,2026-05-11 17:17:10,S0083,Bektemir,41.270151,69.391431,35.4,6.9,49.93,225.6,0.6752,79.6,70.8,3.69,1,0.3668
2026-05-15,2026-05-11 17:17:10,S0083,Bektemir,41.270151,69.391431,34.1,7.4,49.93,222.2,0.6737,74.7,71.6,3.27,2,0.7168
2026-05-16,2026-05-11 17:17:10,S0083,Bektemir,41.270151,69.391431,37.1,8.3,49.94,221.3,0.7391,79.0,67.2,3.1,1,0.3668
2026-05-17,2026-05-11 17:17:10,S0083,Bektemir,41.270151,69.391431,36.6,7.6,49.93,219.4,0.7214,73.5,68.7,3.32,2,0.7168
2026-05-18,2026-05-11 17:17:10,S0083,Bektemir,41.270151,69.391431,35.6,7.2,50.06,219.4,0.7748,74.8,63.9,3.28,2,0.7168
2026-05-12,2026-05-11 17:17:10,S0084,Bektemir,41.290479,69.35345,39.2,4.8,49.82,222.6,0.1882,81.2,63.6,2.51,1,0.3853
2026-05-13,2026-05-11 17:17:10,S0084,Bektemir,41.290479,69.35345,38.9,7.8,49.87,225.5,0.0648,80.6,67.9,2.02,1,0.3853
2026-05-14,2026-05-11 17:17:10,S0084,Bektemir,41.290479,69.35345,35.9,7.1,49.88,228.7,0.0673,80.9,70.9,2.39,1,0.3853
2026-05-15,2026-05-11 17:17:10,S0084,Bektemir,41.290479,69.35345,36.5,8.0,49.79,224.8,0.0803,80.6,73.6,2.56,1,0.3853
2026-05-16,2026-05-11 17:17:10,S0084,Bektemir,41.290479,69.35345,35.8,8.3,49.72,222.4,0.1498,78.7,56.1,2.22,1,0.3853
2026-05-17,2026-05-11 17:17:10,S0084,Bektemir,41.290479,69.35345,35.0,7.8,49.79,226.5,0.01,78.5,68.9,2.31,1,0.3853
2026-05-18,2026-05-11 17:17:10,S0084,Bektemir,41.290479,69.35345,34.3,7.8,49.53,225.6,0.01,78.8,65.6,2.35,1,0.3853
2026-05-12,2026-05-11 17:17:10,S0085,Bektemir,41.299706,69.391888,32.3,10.5,50.18,224.5,0.6998,92.7,69.7,2.57,0,0.0404
2026-05-13,2026-05-11 17:17:10,S0085,Bektemir,41.299706,69.391888,34.1,12.1,50.26,227.4,0.5155,94.9,62.7,2.48,0,0.0404
2026-05-14,2026-05-11 17:17:10,S0085,Bektemir,41.299706,69.391888,32.5,11.7,50.06,226.3,0.6153,92.3,67.7,2.59,0,0.0404
2026-05-15,2026-05-11 17:17:10,S0085,Bektemir,41.299706,69.391888,35.2,12.4,50.45,227.2,0.509,93.5,58.8,2.56,0,0.0404
2026-05-16,2026-05-11 17:17:10,S0085,Bektemir,41.299706,69.391888,33.8,15.2,50.31,222.7,0.429,95.8,64.7,2.11,0,0.0404
2026-05-17,2026-05-11 17:17:10,S0085,Bektemir,41.299706,69.391888,32.2,11.1,50.4,231.7,0.4311,95.6,67.9,2.33,1,0.3904
2026-05-18,2026-05-11 17:17:10,S0085,Bektemir,41.299706,69.391888,36.3,16.1,50.39,228.0,0.3739,100.0,65.8,1.33,0,0.0404
2026-05-12,2026-05-11 17:17:10,S0086,Bektemir,41.283317,69.375513,39.9,4.3,50.27,210.0,0.4682,82.8,53.3,3.49,1,0.372
2026-05-13,2026-05-11 17:17:10,S0086,Bektemir,41.283317,69.375513,38.9,1.3,50.05,206.7,0.4778,82.6,50.4,3.13,1,0.372
2026-05-14,2026-05-11 17:17:10,S0086,Bektemir,41.283317,69.375513,44.0,0.6,50.02,214.1,0.4376,84.2,52.8,2.85,1,0.372
2026-05-15,2026-05-11 17:17:10,S0086,Bektemir,41.283317,69.375513,41.3,2.9,50.09,207.2,0.5664,81.1,57.2,3.24,1,0.372
2026-05-16,2026-05-11 17:17:10,S0086,Bektemir,41.283317,69.375513,37.5,3.2,50.15,205.1,0.4791,82.7,54.4,2.7,1,0.372
2026-05-17,2026-05-11 17:17:10,S0086,Bektemir,41.283317,69.375513,39.6,1.1,50.16,208.7,0.5478,86.6,52.1,2.66,1,0.372
2026-05-18,2026-05-11 17:17:10,S0086,Bektemir,41.283317,69.375513,40.7,0.9,50.08,208.3,0.5494,81.3,49.5,2.38,1,0.372
2026-05-12,2026-05-11 17:17:10,S0087,Bektemir,41.284164,69.337969,37.6,8.0,49.83,230.5,0.5207,91.2,71.3,3.14,1,0.3824
2026-05-13,2026-05-11 17:17:10,S0087,Bektemir,41.284164,69.337969,32.4,13.0,49.94,232.5,0.5998,91.3,68.0,2.95,1,0.3824
2026-05-14,2026-05-11 17:17:10,S0087,Bektemir,41.284164,69.337969,32.9,10.1,49.83,234.1,0.409,88.3,63.3,2.94,1,0.3824
2026-05-15,2026-05-11 17:17:10,S0087,Bektemir,41.284164,69.337969,35.2,10.6,49.89,234.7,0.5567,89.3,67.4,3.34,1,0.3824
2026-05-16,2026-05-11 17:17:10,S0087,Bektemir,41.284164,69.337969,32.5,12.4,49.7,232.2,0.4463,89.6,70.0,3.22,1,0.3824
2026-05-17,2026-05-11 17:17:10,S0087,Bektemir,41.284164,69.337969,30.5,14.5,49.9,234.4,0.6372,90.1,70.6,2.99,1,0.3824
2026-05-18,2026-05-11 17:17:10,S0087,Bektemir,41.284164,69.337969,33.5,8.6,49.92,234.9,0.44,89.9,72.5,2.96,1,0.3824
2026-05-12,2026-05-11 17:17:10,S0088,Bektemir,41.272626,69.385345,39.9,1.5,50.13,229.1,0.4573,93.1,73.3,3.92,0,0.0285
2026-05-13,2026-05-11 17:17:10,S0088,Bektemir,41.272626,69.385345,34.9,2.5,50.13,230.9,0.3294,94.4,74.3,3.93,1,0.3785
2026-05-14,2026-05-11 17:17:10,S0088,Bektemir,41.272626,69.385345,34.6,2.8,50.31,234.1,0.4026,96.4,75.5,3.58,1,0.3785
2026-05-15,2026-05-11 17:17:10,S0088,Bektemir,41.272626,69.385345,37.1,2.2,50.05,227.7,0.4816,94.5,70.6,4.08,0,0.0285
2026-05-16,2026-05-11 17:17:10,S0088,Bektemir,41.272626,69.385345,37.4,0.1,50.23,229.8,0.5703,94.2,76.0,4.36,0,0.0285
2026-05-17,2026-05-11 17:17:10,S0088,Bektemir,41.272626,69.385345,36.3,2.1,50.24,229.1,0.5282,93.4,68.0,4.21,0,0.0285
2026-05-18,2026-05-11 17:17:10,S0088,Bektemir,41.272626,69.385345,37.3,1.2,50.57,223.9,0.3611,93.8,83.4,4.1,1,0.3785
2026-05-12,2026-05-11 17:17:10,S0089,Bektemir,41.285592,69.352704,37.5,5.2,49.78,218.1,0.2154,91.4,51.6,3.35,0,0.027
2026-05-13,2026-05-11 17:17:10,S0089,Bektemir,41.285592,69.352704,37.8,4.6,49.53,220.0,0.4845,90.8,42.9,3.32,0,0.027
2026-05-14,2026-05-11 17:17:10,S0089,Bektemir,41.285592,69.352704,35.1,4.2,49.68,219.5,0.3057,90.5,40.6,3.53,0,0.027
2026-05-15,2026-05-11 17:17:10,S0089,Bektemir,41.285592,69.352704,41.3,4.8,49.58,222.5,0.3368,92.0,48.3,3.48,1,0.377
2026-05-16,2026-05-11 17:17:10,S0089,Bektemir,41.285592,69.352704,40.2,5.2,49.64,228.9,0.2861,94.0,43.8,2.97,1,0.377
2026-05-17,2026-05-11 17:17:10,S0089,Bektemir,41.285592,69.352704,39.9,4.7,49.62,223.8,0.1109,90.7,47.8,3.68,0,0.027
2026-05-18,2026-05-11 17:17:10,S0089,Bektemir,41.285592,69.352704,41.1,4.9,49.54,225.5,0.1722,94.3,39.9,2.98,1,0.377
2026-05-12,2026-05-11 17:17:10,S0090,Bektemir,41.27953,69.352575,33.2,9.6,49.89,229.3,0.5375,88.5,82.7,3.77,0,0.0322
2026-05-13,2026-05-11 17:17:10,S0090,Bektemir,41.27953,69.352575,33.0,10.6,50.07,224.8,0.5261,91.1,80.0,4.2,0,0.0322
2026-05-14,2026-05-11 17:17:10,S0090,Bektemir,41.27953,69.352575,31.3,11.2,50.1,223.0,0.3802,90.8,82.4,3.66,0,0.0322
2026-05-15,2026-05-11 17:17:10,S0090,Bektemir,41.27953,69.352575,33.2,9.5,50.29,227.4,0.4588,90.1,85.3,4.12,0,0.0322
2026-05-16,2026-05-11 17:17:10,S0090,Bektemir,41.27953,69.352575,30.5,10.1,50.38,226.3,0.5745,88.0,86.4,4.07,0,0.0322
2026-05-17,2026-05-11 17:17:10,S0090,Bektemir,41.27953,69.352575,31.7,9.9,50.22,225.0,0.4739,91.1,82.6,3.9,0,0.0322
2026-05-18,2026-05-11 17:17:10,S0090,Bektemir,41.27953,69.352575,34.3,9.7,50.33,221.1,0.4296,89.9,89.7,3.71,0,0.0322
2026-05-12,2026-05-11 17:17:10,S0091,Bektemir,41.278217,69.381409,38.5,15.3,50.16,218.5,0.6995,83.8,86.3,4.24,1,0.3713
2026-05-13,2026-05-11 17:17:10,S0091,Bektemir,41.278217,69.381409,41.9,17.8,50.19,215.3,0.8189,83.4,86.5,3.1,1,0.3713
2026-05-14,2026-05-11 17:17:10,S0091,Bektemir,41.278217,69.381409,41.3,19.7,50.26,217.5,0.7,80.4,79.8,3.58,1,0.3713
2026-05-15,2026-05-11 17:17:10,S0091,Bektemir,41.278217,69.381409,44.5,17.6,50.31,214.7,0.8679,81.3,78.5,3.36,1,0.3713
2026-05-16,2026-05-11 17:17:10,S0091,Bektemir,41.278217,69.381409,43.7,16.1,50.09,213.3,0.7688,80.0,69.5,3.78,1,0.3713
2026-05-17,2026-05-11 17:17:10,S0091,Bektemir,41.278217,69.381409,45.5,17.6,50.04,213.7,0.7897,82.5,75.5,3.72,2,0.7213
2026-05-18,2026-05-11 17:17:10,S0091,Bektemir,41.278217,69.381409,46.3,16.5,50.1,215.2,0.8368,81.0,74.7,3.57,2,0.7213
2026-05-12,2026-05-11 17:17:10,S0092,Bektemir,41.296675,69.368737,35.0,11.4,49.81,211.9,0.3102,81.0,63.7,3.0,1,0.3812
2026-05-13,2026-05-11 17:17:10,S0092,Bektemir,41.296675,69.368737,31.5,13.5,49.55,207.8,0.3345,80.4,61.1,3.52,1,0.3812
2026-05-14,2026-05-11 17:17:10,S0092,Bektemir,41.296675,69.368737,34.1,12.8,49.8,209.7,0.2995,81.5,67.1,3.24,1,0.3812
2026-05-15,2026-05-11 17:17:10,S0092,Bektemir,41.296675,69.368737,34.9,13.1,49.64,208.5,0.3235,79.9,61.2,3.33,1,0.3812
2026-05-16,2026-05-11 17:17:10,S0092,Bektemir,41.296675,69.368737,34.8,14.2,49.9,207.4,0.269,83.4,61.0,3.53,1,0.3812
2026-05-17,2026-05-11 17:17:10,S0092,Bektemir,41.296675,69.368737,31.4,14.5,50.0,207.1,0.0821,77.1,66.5,3.16,1,0.3812
2026-05-18,2026-05-11 17:17:10,S0092,Bektemir,41.296675,69.368737,32.5,18.3,49.82,207.5,0.0237,79.4,65.5,4.07,1,0.3812
2026-05-12,2026-05-11 17:17:10,S0093,Bektemir,41.300672,69.337249,33.0,1.3,49.72,222.3,0.237,77.6,57.0,3.99,1,0.3701
2026-05-13,2026-05-11 17:17:10,S0093,Bektemir,41.300672,69.337249,30.4,2.8,49.72,224.5,0.3091,77.3,62.2,4.18,1,0.3701
2026-05-14,2026-05-11 17:17:10,S0093,Bektemir,41.300672,69.337249,36.1,2.2,49.86,227.6,0.3373,78.1,60.0,3.68,1,0.3701
2026-05-15,2026-05-11 17:17:10,S0093,Bektemir,41.300672,69.337249,34.9,0.5,49.75,226.8,0.3957,77.5,53.5,4.24,1,0.3701
2026-05-16,2026-05-11 17:17:10,S0093,Bektemir,41.300672,69.337249,35.0,0.0,49.87,227.8,0.4202,75.1,49.1,3.81,1,0.3701
2026-05-17,2026-05-11 17:17:10,S0093,Bektemir,41.300672,69.337249,38.1,0.0,49.79,219.7,0.382,75.6,49.8,3.86,1,0.3701
2026-05-18,2026-05-11 17:17:10,S0093,Bektemir,41.300672,69.337249,38.5,0.0,49.63,226.4,0.3359,72.8,40.4,3.73,2,0.7201
2026-05-12,2026-05-11 17:17:10,S0094,Bektemir,41.302712,69.345809,38.8,7.5,50.26,213.7,0.9183,94.6,65.4,3.87,0,0.0221
2026-05-13,2026-05-11 17:17:10,S0094,Bektemir,41.302712,69.345809,39.7,8.9,50.27,213.2,0.9817,95.2,69.7,4.19,0,0.0221
2026-05-14,2026-05-11 17:17:10,S0094,Bektemir,41.302712,69.345809,41.8,7.6,50.3,210.7,0.9365,93.9,72.1,4.11,1,0.3721
2026-05-15,2026-05-11 17:17:10,S0094,Bektemir,41.302712,69.345809,47.6,8.8,50.51,213.3,0.9202,95.2,75.0,3.64,2,0.7221
2026-05-16,2026-05-11 17:17:10,S0094,Bektemir,41.302712,69.345809,46.5,9.1,50.37,210.8,1.1202,94.2,67.1,4.07,2,0.7221
2026-05-17,2026-05-11 17:17:10,S0094,Bektemir,41.302712,69.345809,49.0,8.8,50.54,211.7,1.2173,94.5,74.0,4.82,2,0.7221
2026-05-18,2026-05-11 17:17:10,S0094,Bektemir,41.302712,69.345809,49.2,9.7,50.55,208.5,1.1396,93.1,75.8,4.45,2,0.7221
2026-05-12,2026-05-11 17:17:10,S0095,Bektemir,41.270108,69.363967,31.0,11.2,49.67,203.7,0.7298,81.7,75.1,4.07,1,0.376
2026-05-13,2026-05-11 17:17:10,S0095,Bektemir,41.270108,69.363967,29.1,10.4,49.44,200.9,0.8608,82.2,70.7,3.98,1,0.376
2026-05-14,2026-05-11 17:17:10,S0095,Bektemir,41.270108,69.363967,27.8,12.7,49.37,195.2,0.6837,80.9,73.1,4.11,2,0.726
2026-05-15,2026-05-11 17:17:10,S0095,Bektemir,41.270108,69.363967,33.7,12.4,49.34,195.0,0.605,80.8,82.0,4.13,2,0.726
2026-05-16,2026-05-11 17:17:10,S0095,Bektemir,41.270108,69.363967,29.0,12.8,49.4,195.1,0.6877,78.9,82.7,4.42,2,0.726
2026-05-17,2026-05-11 17:17:10,S0095,Bektemir,41.270108,69.363967,27.2,13.9,49.36,195.0,0.6763,79.2,80.6,4.28,2,0.726
2026-05-18,2026-05-11 17:17:10,S0095,Bektemir,41.270108,69.363967,30.6,11.8,49.34,195.0,0.5835,78.9,82.2,4.58,2,0.726
2026-05-12,2026-05-11 17:17:10,S0096,Bektemir,41.281338,69.376324,31.9,11.2,50.22,220.6,0.5249,83.8,78.5,2.95,1,0.3776
2026-05-13,2026-05-11 17:17:10,S0096,Bektemir,41.281338,69.376324,30.0,10.4,50.35,216.2,0.4373,84.6,80.7,3.69,1,0.3776
2026-05-14,2026-05-11 17:17:10,S0096,Bektemir,41.281338,69.376324,28.9,11.0,50.09,212.7,0.4958,82.7,73.8,3.64,1,0.3776
2026-05-15,2026-05-11 17:17:10,S0096,Bektemir,41.281338,69.376324,27.7,10.5,50.19,206.3,0.5309,84.3,77.2,3.61,1,0.3776
2026-05-16,2026-05-11 17:17:10,S0096,Bektemir,41.281338,69.376324,26.5,10.2,50.18,209.9,0.5268,83.3,70.2,3.45,1,0.3776
2026-05-17,2026-05-11 17:17:10,S0096,Bektemir,41.281338,69.376324,26.8,10.9,50.27,206.4,0.471,82.7,75.8,3.68,1,0.3776
2026-05-18,2026-05-11 17:17:10,S0096,Bektemir,41.281338,69.376324,22.0,11.5,50.26,208.5,0.4112,79.6,83.3,3.96,1,0.3776
2026-05-12,2026-05-11 17:17:10,S0097,Bektemir,41.298959,69.384888,27.7,7.4,49.8,224.9,0.8052,94.4,68.4,3.5,0,0.0323
2026-05-13,2026-05-11 17:17:10,S0097,Bektemir,41.298959,69.384888,26.8,9.2,49.8,223.6,1.0044,94.0,65.1,3.81,1,0.3823
2026-05-14,2026-05-11 17:17:10,S0097,Bektemir,41.298959,69.384888,28.3,7.7,49.79,226.1,0.9127,91.9,65.3,3.84,0,0.0323
2026-05-15,2026-05-11 17:17:10,S0097,Bektemir,41.298959,69.384888,29.5,8.8,49.88,224.3,1.024,93.4,72.3,4.27,1,0.3823
2026-05-16,2026-05-11 17:17:10,S0097,Bektemir,41.298959,69.384888,25.7,6.6,49.67,224.7,0.8943,92.4,71.7,4.37,0,0.0323
2026-05-17,2026-05-11 17:17:10,S0097,Bektemir,41.298959,69.384888,23.4,9.4,49.61,226.2,1.0519,90.8,56.9,4.34,1,0.3823
2026-05-18,2026-05-11 17:17:10,S0097,Bektemir,41.298959,69.384888,27.1,9.3,49.57,225.6,0.9791,88.6,70.2,3.96,0,0.0323
2026-05-12,2026-05-11 17:17:10,S0098,Bektemir,41.273118,69.372782,37.1,15.0,50.37,232.1,0.4922,84.5,62.8,2.65,1,0.3723
2026-05-13,2026-05-11 17:17:10,S0098,Bektemir,41.273118,69.372782,36.9,15.8,50.22,229.1,0.3864,86.4,62.8,3.08,0,0.0223
2026-05-14,2026-05-11 17:17:10,S0098,Bektemir,41.273118,69.372782,34.5,16.2,50.28,232.7,0.3435,84.7,67.7,3.04,1,0.3723
2026-05-15,2026-05-11 17:17:10,S0098,Bektemir,41.273118,69.372782,35.4,16.4,50.24,232.4,0.4129,87.1,69.3,2.48,1,0.3723
2026-05-16,2026-05-11 17:17:10,S0098,Bektemir,41.273118,69.372782,34.7,15.6,50.3,226.2,0.3127,86.3,70.2,2.87,0,0.0223
2026-05-17,2026-05-11 17:17:10,S0098,Bektemir,41.273118,69.372782,34.9,16.9,50.27,231.9,0.4922,86.2,69.2,3.33,1,0.3723
2026-05-18,2026-05-11 17:17:10,S0098,Bektemir,41.273118,69.372782,35.2,17.6,50.38,234.9,0.5623,89.3,76.1,3.02,1,0.3723
2026-05-12,2026-05-11 17:17:10,S0099,Bektemir,41.280373,69.37353,42.7,8.8,49.36,215.1,0.4221,100.0,88.0,3.3,1,0.3685
2026-05-13,2026-05-11 17:17:10,S0099,Bektemir,41.280373,69.37353,44.6,9.9,49.31,216.9,0.4755,100.0,77.4,3.26,1,0.3685
2026-05-14,2026-05-11 17:17:10,S0099,Bektemir,41.280373,69.37353,43.3,9.6,49.42,217.1,0.368,98.1,84.7,3.47,1,0.3685
2026-05-15,2026-05-11 17:17:10,S0099,Bektemir,41.280373,69.37353,40.5,10.1,49.35,218.7,0.3965,100.0,85.4,3.52,1,0.3685
2026-05-16,2026-05-11 17:17:10,S0099,Bektemir,41.280373,69.37353,43.6,11.5,49.2,217.3,0.28,100.0,85.7,3.13,1,0.3685
2026-05-17,2026-05-11 17:17:10,S0099,Bektemir,41.280373,69.37353,41.3,10.5,49.33,216.8,0.5674,100.0,84.3,3.21,1,0.3685
2026-05-18,2026-05-11 17:17:10,S0099,Bektemir,41.280373,69.37353,41.6,10.5,49.32,216.3,0.3398,100.0,89.3,3.12,1,0.3685
2026-05-12,2026-05-11 17:17:10,S0100,Bektemir,41.297832,69.383441,28.7,19.4,49.16,219.9,0.6132,98.3,41.9,2.67,1,0.378
2026-05-13,2026-05-11 17:17:10,S0100,Bektemir,41.297832,69.383441,26.9,19.0,49.23,217.4,0.5809,98.2,41.5,2.72,1,0.378
2026-05-14,2026-05-11 17:17:10,S0100,Bektemir,41.297832,69.383441,30.2,17.6,49.16,215.9,0.6171,98.2,45.4,3.17,1,0.378
2026-05-15,2026-05-11 17:17:10,S0100,Bektemir,41.297832,69.383441,30.7,22.0,49.28,215.7,0.6453,96.9,44.8,2.09,1,0.378
2026-05-16,2026-05-11 17:17:10,S0100,Bektemir,41.297832,69.383441,27.6,19.3,49.08,219.5,0.7445,98.8,58.0,2.45,1,0.378
2026-05-17,2026-05-11 17:17:10,S0100,Bektemir,41.297832,69.383441,27.4,17.9,49.24,219.1,0.6624,100.0,49.4,2.41,1,0.378
2026-05-18,2026-05-11 17:17:10,S0100,Bektemir,41.297832,69.383441,31.7,17.9,49.12,218.7,0.6742,100.0,45.9,2.58,1,0.378
2026-05-12,2026-05-11 17:17:10,S0101,Chilonzor,41.290414,69.177578,29.5,3.9,50.72,224.7,0.0368,92.4,73.6,3.36,1,0.3796
2026-05-13,2026-05-11 17:17:10,S0101,Chilonzor,41.290414,69.177578,27.5,3.1,50.67,225.6,0.0841,96.0,69.4,4.0,1,0.3796
2026-05-14,2026-05-11 17:17:10,S0101,Chilonzor,41.290414,69.177578,26.2,2.0,50.75,221.0,0.01,93.8,80.5,3.65,1,0.3796
2026-05-15,2026-05-11 17:17:10,S0101,Chilonzor,41.290414,69.177578,26.8,2.5,50.67,221.2,0.01,93.1,74.6,3.6,1,0.3796
2026-05-16,2026-05-11 17:17:10,S0101,Chilonzor,41.290414,69.177578,30.9,0.0,50.81,219.5,0.01,94.2,85.1,3.13,1,0.3796
2026-05-17,2026-05-11 17:17:10,S0101,Chilonzor,41.290414,69.177578,29.2,0.8,50.89,224.6,0.01,96.2,70.5,3.46,1,0.3796
2026-05-18,2026-05-11 17:17:10,S0101,Chilonzor,41.290414,69.177578,28.0,0.0,50.89,221.1,0.01,93.0,72.2,3.44,1,0.3796
2026-05-12,2026-05-11 17:17:10,S0102,Chilonzor,41.299799,69.180493,34.7,7.1,49.64,234.8,0.1168,95.3,83.0,3.16,1,0.3818
2026-05-13,2026-05-11 17:17:10,S0102,Chilonzor,41.299799,69.180493,39.5,6.0,49.53,234.4,0.1093,94.4,83.6,2.99,1,0.3818
2026-05-14,2026-05-11 17:17:10,S0102,Chilonzor,41.299799,69.180493,36.1,9.3,49.62,233.4,0.2165,94.4,85.6,2.84,1,0.3818
2026-05-15,2026-05-11 17:17:10,S0102,Chilonzor,41.299799,69.180493,37.9,9.2,49.61,234.9,0.069,94.4,81.2,3.03,1,0.3818
2026-05-16,2026-05-11 17:17:10,S0102,Chilonzor,41.299799,69.180493,38.3,10.1,49.81,235.7,0.01,96.5,76.0,3.15,1,0.3818
2026-05-17,2026-05-11 17:17:10,S0102,Chilonzor,41.299799,69.180493,39.2,9.5,49.55,233.3,0.0972,97.0,88.3,2.77,1,0.3818
2026-05-18,2026-05-11 17:17:10,S0102,Chilonzor,41.299799,69.180493,43.6,9.5,49.65,232.7,0.0879,99.3,81.1,2.83,1,0.3818
2026-05-12,2026-05-11 17:17:10,S0103,Chilonzor,41.316777,69.165329,27.5,4.0,49.55,205.2,0.1636,73.6,56.5,3.01,2,0.7302
2026-05-13,2026-05-11 17:17:10,S0103,Chilonzor,41.316777,69.165329,26.3,4.3,49.43,208.5,0.1632,74.4,59.7,3.13,2,0.7302
2026-05-14,2026-05-11 17:17:10,S0103,Chilonzor,41.316777,69.165329,22.7,2.6,49.52,207.0,0.3327,74.6,60.9,3.34,2,0.7302
2026-05-15,2026-05-11 17:17:10,S0103,Chilonzor,41.316777,69.165329,21.4,4.8,49.5,201.2,0.1673,74.9,60.8,2.69,2,0.7302
2026-05-16,2026-05-11 17:17:10,S0103,Chilonzor,41.316777,69.165329,17.4,3.5,49.45,200.7,0.1022,78.1,65.6,2.63,1,0.3802
2026-05-17,2026-05-11 17:17:10,S0103,Chilonzor,41.316777,69.165329,19.4,4.6,49.52,203.7,0.122,73.9,69.6,3.14,2,0.7302
2026-05-18,2026-05-11 17:17:10,S0103,Chilonzor,41.316777,69.165329,19.9,3.4,49.43,202.5,0.0375,80.9,69.4,2.44,1,0.3802
2026-05-12,2026-05-11 17:17:10,S0104,Chilonzor,41.31939,69.151597,36.4,13.2,49.69,224.5,0.0559,84.8,86.8,3.38,1,0.3754
2026-05-13,2026-05-11 17:17:10,S0104,Chilonzor,41.31939,69.151597,37.4,14.7,49.94,223.3,0.01,84.3,81.9,3.02,1,0.3754
2026-05-14,2026-05-11 17:17:10,S0104,Chilonzor,41.31939,69.151597,35.2,17.3,49.78,223.3,0.01,84.1,84.1,3.12,1,0.3754
2026-05-15,2026-05-11 17:17:10,S0104,Chilonzor,41.31939,69.151597,37.3,16.8,49.92,223.8,0.01,84.2,83.3,3.12,1,0.3754
2026-05-16,2026-05-11 17:17:10,S0104,Chilonzor,41.31939,69.151597,33.9,15.6,49.82,224.7,0.01,83.8,89.4,2.81,1,0.3754
2026-05-17,2026-05-11 17:17:10,S0104,Chilonzor,41.31939,69.151597,34.4,15.3,49.75,221.6,0.01,84.8,94.4,3.36,1,0.3754
2026-05-18,2026-05-11 17:17:10,S0104,Chilonzor,41.31939,69.151597,33.2,16.1,49.93,218.2,0.01,83.1,88.4,3.29,1,0.3754
2026-05-12,2026-05-11 17:17:10,S0105,Chilonzor,41.31042,69.194614,37.3,11.0,49.82,225.2,0.3822,85.1,81.5,3.98,0,0.0272
2026-05-13,2026-05-11 17:17:10,S0105,Chilonzor,41.31042,69.194614,39.3,9.1,49.77,218.0,0.452,83.0,73.3,4.63,1,0.3772
2026-05-14,2026-05-11 17:17:10,S0105,Chilonzor,41.31042,69.194614,39.5,10.7,49.99,219.2,0.4108,85.0,72.0,4.06,0,0.0272
2026-05-15,2026-05-11 17:17:10,S0105,Chilonzor,41.31042,69.194614,42.3,12.8,49.93,215.6,0.4501,82.8,85.9,3.92,1,0.3772
2026-05-16,2026-05-11 17:17:10,S0105,Chilonzor,41.31042,69.194614,42.8,13.8,50.03,216.6,0.3442,84.3,73.1,4.54,1,0.3772
2026-05-17,2026-05-11 17:17:10,S0105,Chilonzor,41.31042,69.194614,39.3,12.9,49.93,221.6,0.3177,84.7,80.6,4.12,1,0.3772
2026-05-18,2026-05-11 17:17:10,S0105,Chilonzor,41.31042,69.194614,45.3,11.5,49.9,214.4,0.3275,85.9,76.1,4.47,2,0.7272
2026-05-12,2026-05-11 17:17:10,S0106,Chilonzor,41.30161,69.15945,29.5,8.0,49.99,227.9,0.2639,95.3,54.7,3.34,0,0.0297
2026-05-13,2026-05-11 17:17:10,S0106,Chilonzor,41.30161,69.15945,30.0,7.6,50.16,228.0,0.2975,93.3,56.4,2.36,0,0.0297
2026-05-14,2026-05-11 17:17:10,S0106,Chilonzor,41.30161,69.15945,32.0,8.0,50.15,227.7,0.1088,93.6,54.1,3.34,0,0.0297
2026-05-15,2026-05-11 17:17:10,S0106,Chilonzor,41.30161,69.15945,29.4,5.9,50.2,226.6,0.1152,93.4,57.6,3.06,0,0.0297
2026-05-16,2026-05-11 17:17:10,S0106,Chilonzor,41.30161,69.15945,33.1,7.4,50.12,226.1,0.2374,96.4,52.3,3.17,0,0.0297
2026-05-17,2026-05-11 17:17:10,S0106,Chilonzor,41.30161,69.15945,31.5,9.0,50.23,226.1,0.2867,95.6,66.5,2.53,0,0.0297
2026-05-18,2026-05-11 17:17:10,S0106,Chilonzor,41.30161,69.15945,31.9,6.2,50.19,229.9,0.116,95.5,58.0,3.3,0,0.0297
2026-05-12,2026-05-11 17:17:10,S0107,Chilonzor,41.302607,69.155932,29.5,6.1,49.48,224.6,0.5918,92.1,66.2,4.34,1,0.3712
2026-05-13,2026-05-11 17:17:10,S0107,Chilonzor,41.302607,69.155932,30.3,2.9,49.58,222.8,0.5193,96.2,67.2,4.08,0,0.0212
2026-05-14,2026-05-11 17:17:10,S0107,Chilonzor,41.302607,69.155932,29.4,4.4,49.67,221.2,0.4246,93.9,70.5,4.2,0,0.0212
2026-05-15,2026-05-11 17:17:10,S0107,Chilonzor,41.302607,69.155932,28.8,2.4,49.72,226.7,0.5025,94.5,62.0,4.32,0,0.0212
2026-05-16,2026-05-11 17:17:10,S0107,Chilonzor,41.302607,69.155932,26.7,0.3,49.45,222.3,0.5988,95.4,65.5,3.92,1,0.3712
2026-05-17,2026-05-11 17:17:10,S0107,Chilonzor,41.302607,69.155932,23.3,0.0,49.49,227.8,0.4605,95.0,66.3,4.16,1,0.3712
2026-05-18,2026-05-11 17:17:10,S0107,Chilonzor,41.302607,69.155932,22.1,0.0,49.63,227.4,0.4713,93.7,55.6,4.04,0,0.0212
2026-05-12,2026-05-11 17:17:10,S0108,Chilonzor,41.26351,69.197374,32.2,16.7,50.6,221.2,0.5127,91.5,45.3,3.75,1,0.3797
2026-05-13,2026-05-11 17:17:10,S0108,Chilonzor,41.26351,69.197374,33.9,14.7,50.55,218.3,0.7396,87.9,52.1,3.02,1,0.3797
2026-05-14,2026-05-11 17:17:10,S0108,Chilonzor,41.26351,69.197374,32.2,16.3,50.51,222.9,0.733,89.2,53.6,3.45,1,0.3797
2026-05-15,2026-05-11 17:17:10,S0108,Chilonzor,41.26351,69.197374,31.9,16.1,50.66,223.1,0.6162,90.2,52.7,3.31,1,0.3797
2026-05-16,2026-05-11 17:17:10,S0108,Chilonzor,41.26351,69.197374,32.3,15.8,50.55,225.2,0.477,87.7,59.8,3.34,1,0.3797
2026-05-17,2026-05-11 17:17:10,S0108,Chilonzor,41.26351,69.197374,29.8,15.6,50.6,223.5,0.6012,92.2,56.8,3.15,1,0.3797
2026-05-18,2026-05-11 17:17:10,S0108,Chilonzor,41.26351,69.197374,28.7,19.4,50.63,219.9,0.6952,88.6,68.9,3.22,1,0.3797
2026-05-12,2026-05-11 17:17:10,S0109,Chilonzor,41.288704,69.157971,26.2,2.3,50.04,228.8,0.5288,76.8,77.3,2.65,1,0.3793
2026-05-13,2026-05-11 17:17:10,S0109,Chilonzor,41.288704,69.157971,23.4,3.0,50.03,226.3,0.5058,79.8,64.0,2.28,1,0.3793
2026-05-14,2026-05-11 17:17:10,S0109,Chilonzor,41.288704,69.157971,24.7,5.8,50.02,225.1,0.6054,80.6,69.5,2.14,1,0.3793
2026-05-15,2026-05-11 17:17:10,S0109,Chilonzor,41.288704,69.157971,25.2,3.1,49.99,226.3,0.5511,76.3,76.7,1.77,1,0.3793
2026-05-16,2026-05-11 17:17:10,S0109,Chilonzor,41.288704,69.157971,26.2,2.4,49.96,226.8,0.4416,78.9,80.3,1.83,1,0.3793
2026-05-17,2026-05-11 17:17:10,S0109,Chilonzor,41.288704,69.157971,23.1,1.2,50.02,229.3,0.5116,76.2,78.1,1.69,1,0.3793
2026-05-18,2026-05-11 17:17:10,S0109,Chilonzor,41.288704,69.157971,22.5,4.1,49.75,232.5,0.4364,77.8,75.3,1.26,1,0.3793
2026-05-12,2026-05-11 17:17:10,S0110,Chilonzor,41.310241,69.167442,44.7,9.2,50.65,205.8,0.4311,91.2,79.2,2.22,1,0.3802
2026-05-13,2026-05-11 17:17:10,S0110,Chilonzor,41.310241,69.167442,39.8,7.4,50.66,204.4,0.4496,93.6,70.9,2.63,1,0.3802
2026-05-14,2026-05-11 17:17:10,S0110,Chilonzor,41.310241,69.167442,41.8,12.8,50.65,204.7,0.3923,92.4,78.5,2.81,1,0.3802
2026-05-15,2026-05-11 17:17:10,S0110,Chilonzor,41.310241,69.167442,43.1,9.6,50.55,203.1,0.3934,97.4,85.6,2.64,1,0.3802
2026-05-16,2026-05-11 17:17:10,S0110,Chilonzor,41.310241,69.167442,40.5,9.7,50.62,201.1,0.2615,96.8,76.0,2.63,1,0.3802
2026-05-17,2026-05-11 17:17:10,S0110,Chilonzor,41.310241,69.167442,44.5,7.3,50.81,199.9,0.297,97.7,75.0,2.63,2,0.7302
2026-05-18,2026-05-11 17:17:10,S0110,Chilonzor,41.310241,69.167442,42.9,8.1,50.58,205.0,0.2144,98.9,73.2,2.27,1,0.3802
2026-05-12,2026-05-11 17:17:10,S0111,Chilonzor,41.300033,69.16333,42.0,10.5,49.44,223.6,0.2264,99.8,68.6,3.14,1,0.3847
2026-05-13,2026-05-11 17:17:10,S0111,Chilonzor,41.300033,69.16333,44.9,8.1,49.53,221.6,0.209,100.0,73.7,3.21,1,0.3847
2026-05-14,2026-05-11 17:17:10,S0111,Chilonzor,41.300033,69.16333,43.9,9.1,49.46,224.1,0.192,100.0,67.6,3.23,1,0.3847
2026-05-15,2026-05-11 17:17:10,S0111,Chilonzor,41.300033,69.16333,47.6,10.4,49.48,221.4,0.1572,100.0,73.1,3.04,2,0.7347
2026-05-16,2026-05-11 17:17:10,S0111,Chilonzor,41.300033,69.16333,42.7,12.5,49.68,222.1,0.1298,100.0,69.8,2.96,1,0.3847
2026-05-17,2026-05-11 17:17:10,S0111,Chilonzor,41.300033,69.16333,46.4,14.1,49.62,219.5,0.2767,100.0,69.2,2.84,2,0.7347
2026-05-18,2026-05-11 17:17:10,S0111,Chilonzor,41.300033,69.16333,44.2,15.9,49.66,218.4,0.1381,100.0,68.4,3.22,1,0.3847
2026-05-12,2026-05-11 17:17:10,S0112,Chilonzor,41.269758,69.15617,37.4,6.2,50.15,229.7,0.3676,88.8,43.7,2.1,0,0.0347
2026-05-13,2026-05-11 17:17:10,S0112,Chilonzor,41.269758,69.15617,37.0,6.8,50.12,230.6,0.533,91.6,57.6,2.35,1,0.3847
2026-05-14,2026-05-11 17:17:10,S0112,Chilonzor,41.269758,69.15617,39.4,5.6,50.05,219.7,0.4289,90.0,47.3,2.4,0,0.0347
2026-05-15,2026-05-11 17:17:10,S0112,Chilonzor,41.269758,69.15617,41.2,7.8,50.15,221.0,0.4571,87.5,48.2,2.15,1,0.3847
2026-05-16,2026-05-11 17:17:10,S0112,Chilonzor,41.269758,69.15617,38.6,8.9,50.05,226.7,0.5117,87.3,58.5,2.29,0,0.0347
2026-05-17,2026-05-11 17:17:10,S0112,Chilonzor,41.269758,69.15617,38.9,9.5,49.92,223.7,0.4263,92.6,46.5,2.56,0,0.0347
2026-05-18,2026-05-11 17:17:10,S0112,Chilonzor,41.269758,69.15617,39.6,6.9,49.86,228.3,0.4015,93.8,60.3,1.98,0,0.0347
2026-05-12,2026-05-11 17:17:10,S0113,Chilonzor,41.279786,69.177994,37.2,7.8,49.75,211.7,0.2479,100.0,28.9,2.59,1,0.3886
2026-05-13,2026-05-11 17:17:10,S0113,Chilonzor,41.279786,69.177994,40.4,4.3,49.79,215.1,0.2263,100.0,25.1,2.7,1,0.3886
2026-05-14,2026-05-11 17:17:10,S0113,Chilonzor,41.279786,69.177994,35.3,4.3,49.7,211.5,0.0524,100.0,25.9,2.75,1,0.3886
2026-05-15,2026-05-11 17:17:10,S0113,Chilonzor,41.279786,69.177994,38.7,4.1,49.94,209.1,0.1748,100.0,28.6,2.82,1,0.3886
2026-05-16,2026-05-11 17:17:10,S0113,Chilonzor,41.279786,69.177994,36.3,3.4,49.61,211.8,0.1666,98.7,27.8,2.67,1,0.3886
2026-05-17,2026-05-11 17:17:10,S0113,Chilonzor,41.279786,69.177994,36.0,3.8,49.71,204.2,0.1851,100.0,25.0,2.56,1,0.3886
2026-05-18,2026-05-11 17:17:10,S0113,Chilonzor,41.279786,69.177994,35.2,3.4,49.74,213.3,0.0753,100.0,25.0,2.58,1,0.3886
2026-05-12,2026-05-11 17:17:10,S0114,Chilonzor,41.305539,69.212447,48.9,9.7,50.24,214.0,0.5025,76.9,76.3,4.76,2,0.7402
2026-05-13,2026-05-11 17:17:10,S0114,Chilonzor,41.305539,69.212447,48.6,7.8,50.13,211.8,0.4288,77.0,70.3,5.2,2,0.7402
2026-05-14,2026-05-11 17:17:10,S0114,Chilonzor,41.305539,69.212447,49.0,8.5,50.2,211.6,0.4223,73.9,74.9,5.22,2,0.7402
2026-05-15,2026-05-11 17:17:10,S0114,Chilonzor,41.305539,69.212447,50.3,10.6,50.24,213.0,0.5674,71.7,74.5,4.93,2,0.7402
2026-05-16,2026-05-11 17:17:10,S0114,Chilonzor,41.305539,69.212447,52.3,13.4,50.13,212.7,0.5002,73.5,72.0,5.11,2,0.7402
2026-05-17,2026-05-11 17:17:10,S0114,Chilonzor,41.305539,69.212447,46.7,10.2,50.04,215.0,0.437,73.0,70.4,5.29,2,0.7402
2026-05-18,2026-05-11 17:17:10,S0114,Chilonzor,41.305539,69.212447,49.9,10.5,50.34,212.1,0.4751,72.4,71.2,5.24,2,0.7402
2026-05-12,2026-05-11 17:17:10,S0115,Chilonzor,41.301438,69.212468,37.2,5.3,50.33,225.2,0.5576,93.1,85.5,3.4,0,0.0389
2026-05-13,2026-05-11 17:17:10,S0115,Chilonzor,41.301438,69.212468,41.7,6.3,50.09,219.1,0.6625,89.4,81.5,3.81,1,0.3889
2026-05-14,2026-05-11 17:17:10,S0115,Chilonzor,41.301438,69.212468,38.0,5.8,50.62,224.3,0.5866,92.2,91.4,3.66,1,0.3889
2026-05-15,2026-05-11 17:17:10,S0115,Chilonzor,41.301438,69.212468,40.0,7.6,50.35,218.4,0.5104,90.0,80.4,3.65,0,0.0389
2026-05-16,2026-05-11 17:17:10,S0115,Chilonzor,41.301438,69.212468,40.1,5.6,50.33,220.2,0.5062,91.0,80.4,3.7,1,0.3889
2026-05-17,2026-05-11 17:17:10,S0115,Chilonzor,41.301438,69.212468,40.7,6.0,50.32,218.6,0.4542,92.3,83.8,4.06,1,0.3889
2026-05-18,2026-05-11 17:17:10,S0115,Chilonzor,41.301438,69.212468,41.3,5.9,50.51,219.1,0.4151,96.6,76.3,3.85,1,0.3889
2026-05-12,2026-05-11 17:17:10,S0116,Chilonzor,41.271695,69.146289,41.9,15.6,50.13,225.0,0.7391,90.8,93.8,3.49,1,0.3714
2026-05-13,2026-05-11 17:17:10,S0116,Chilonzor,41.271695,69.146289,42.1,12.9,50.05,226.3,0.7027,87.8,95.0,3.65,1,0.3714
2026-05-14,2026-05-11 17:17:10,S0116,Chilonzor,41.271695,69.146289,44.9,15.0,50.23,223.0,0.8088,89.8,95.0,3.57,1,0.3714
2026-05-15,2026-05-11 17:17:10,S0116,Chilonzor,41.271695,69.146289,45.1,12.1,49.94,226.9,0.9672,90.2,95.0,3.29,2,0.7214
2026-05-16,2026-05-11 17:17:10,S0116,Chilonzor,41.271695,69.146289,44.9,12.8,49.93,229.8,0.9382,90.2,95.0,3.75,1,0.3714
2026-05-17,2026-05-11 17:17:10,S0116,Chilonzor,41.271695,69.146289,44.5,14.6,50.06,227.7,0.7942,90.9,95.0,3.5,1,0.3714
2026-05-18,2026-05-11 17:17:10,S0116,Chilonzor,41.271695,69.146289,45.3,16.1,50.07,224.8,0.8817,89.5,95.0,2.73,2,0.7214
2026-05-12,2026-05-11 17:17:10,S0117,Chilonzor,41.267011,69.170149,35.4,14.9,49.5,226.4,0.2159,92.6,43.8,1.35,0,0.0232
2026-05-13,2026-05-11 17:17:10,S0117,Chilonzor,41.267011,69.170149,35.0,15.7,49.69,225.8,0.2784,94.8,41.3,0.88,0,0.0232
2026-05-14,2026-05-11 17:17:10,S0117,Chilonzor,41.267011,69.170149,32.2,16.4,49.59,228.8,0.1735,94.0,43.9,1.15,0,0.0232
2026-05-15,2026-05-11 17:17:10,S0117,Chilonzor,41.267011,69.170149,33.1,14.3,49.56,228.5,0.1677,95.4,45.7,1.25,0,0.0232
2026-05-16,2026-05-11 17:17:10,S0117,Chilonzor,41.267011,69.170149,35.3,13.7,49.4,228.6,0.3357,92.1,46.5,1.23,1,0.3732
2026-05-17,2026-05-11 17:17:10,S0117,Chilonzor,41.267011,69.170149,35.2,12.3,49.49,233.1,0.1987,94.2,45.8,0.5,1,0.3732
2026-05-18,2026-05-11 17:17:10,S0117,Chilonzor,41.267011,69.170149,33.8,15.1,49.31,232.0,0.2535,94.0,41.1,0.5,1,0.3732
2026-05-12,2026-05-11 17:17:10,S0118,Chilonzor,41.28624,69.199413,33.6,9.1,50.01,217.7,0.8256,99.1,64.2,4.05,0,0.0399
2026-05-13,2026-05-11 17:17:10,S0118,Chilonzor,41.28624,69.199413,34.7,10.6,49.55,217.7,0.7706,100.0,59.7,3.93,0,0.0399
2026-05-14,2026-05-11 17:17:10,S0118,Chilonzor,41.28624,69.199413,38.7,10.3,49.83,218.7,0.8228,100.0,59.4,3.9,0,0.0399
2026-05-15,2026-05-11 17:17:10,S0118,Chilonzor,41.28624,69.199413,40.5,12.8,49.91,218.7,0.7253,100.0,58.4,3.96,1,0.3899
2026-05-16,2026-05-11 17:17:10,S0118,Chilonzor,41.28624,69.199413,42.8,11.1,49.74,218.7,0.7045,100.0,59.5,3.77,1,0.3899
2026-05-17,2026-05-11 17:17:10,S0118,Chilonzor,41.28624,69.199413,40.2,11.4,49.88,213.8,0.8975,100.0,59.1,3.87,1,0.3899
2026-05-18,2026-05-11 17:17:10,S0118,Chilonzor,41.28624,69.199413,45.7,10.9,49.82,217.1,0.7876,100.0,56.2,3.31,2,0.7399
2026-05-12,2026-05-11 17:17:10,S0119,Chilonzor,41.262138,69.184473,28.0,4.4,49.6,225.5,0.8476,94.3,55.9,4.42,0,0.0265
2026-05-13,2026-05-11 17:17:10,S0119,Chilonzor,41.262138,69.184473,29.4,5.6,49.72,226.8,0.6683,91.2,49.6,5.15,1,0.3765
2026-05-14,2026-05-11 17:17:10,S0119,Chilonzor,41.262138,69.184473,31.7,4.7,49.77,224.9,0.6932,92.6,54.5,5.16,1,0.3765
2026-05-15,2026-05-11 17:17:10,S0119,Chilonzor,41.262138,69.184473,27.5,4.7,49.89,228.4,0.5564,91.7,49.7,5.1,1,0.3765
2026-05-16,2026-05-11 17:17:10,S0119,Chilonzor,41.262138,69.184473,26.6,5.8,49.91,229.4,0.6726,94.5,46.3,5.56,2,0.7265
2026-05-17,2026-05-11 17:17:10,S0119,Chilonzor,41.262138,69.184473,28.1,6.2,49.94,226.0,0.596,94.0,48.5,5.61,2,0.7265
2026-05-18,2026-05-11 17:17:10,S0119,Chilonzor,41.262138,69.184473,30.4,5.8,50.15,230.6,0.7752,92.1,45.1,5.92,2,0.7265
2026-05-12,2026-05-11 17:17:10,S0120,Chilonzor,41.328177,69.165911,35.5,10.4,50.17,221.1,0.6167,86.5,95.0,4.51,1,0.3763
2026-05-13,2026-05-11 17:17:10,S0120,Chilonzor,41.328177,69.165911,36.8,11.6,50.28,223.8,0.6255,86.4,95.0,4.68,1,0.3763
2026-05-14,2026-05-11 17:17:10,S0120,Chilonzor,41.328177,69.165911,40.2,13.2,50.05,214.9,0.5308,89.6,94.6,4.9,1,0.3763
2026-05-15,2026-05-11 17:17:10,S0120,Chilonzor,41.328177,69.165911,35.2,14.3,50.01,220.0,0.5234,85.9,95.0,5.29,1,0.3763
2026-05-16,2026-05-11 17:17:10,S0120,Chilonzor,41.328177,69.165911,38.7,12.9,50.07,218.2,0.6089,85.9,95.0,5.0,1,0.3763
2026-05-17,2026-05-11 17:17:10,S0120,Chilonzor,41.328177,69.165911,36.6,11.5,49.93,215.7,0.6446,86.4,95.0,5.19,1,0.3763
2026-05-18,2026-05-11 17:17:10,S0120,Chilonzor,41.328177,69.165911,35.9,13.0,50.04,219.9,0.571,84.5,95.0,5.55,2,0.7263
2026-05-12,2026-05-11 17:17:10,S0121,Chilonzor,41.296847,69.186631,27.0,16.5,49.92,227.7,1.0108,89.6,60.1,4.08,1,0.3743
2026-05-13,2026-05-11 17:17:10,S0121,Chilonzor,41.296847,69.186631,30.3,14.5,49.96,216.1,1.1862,92.6,56.2,4.57,1,0.3743
2026-05-14,2026-05-11 17:17:10,S0121,Chilonzor,41.296847,69.186631,30.8,15.3,49.98,226.5,1.2105,92.9,57.3,4.39,1,0.3743
2026-05-15,2026-05-11 17:17:10,S0121,Chilonzor,41.296847,69.186631,31.5,18.1,49.97,225.3,1.1729,89.1,56.8,4.58,1,0.3743
2026-05-16,2026-05-11 17:17:10,S0121,Chilonzor,41.296847,69.186631,32.2,18.1,50.07,224.8,1.1112,89.3,63.7,4.53,1,0.3743
2026-05-17,2026-05-11 17:17:10,S0121,Chilonzor,41.296847,69.186631,33.5,15.1,50.01,226.1,1.0887,91.9,66.5,4.35,1,0.3743
2026-05-18,2026-05-11 17:17:10,S0121,Chilonzor,41.296847,69.186631,30.8,18.4,50.08,227.8,1.0759,91.9,64.4,4.46,1,0.3743
2026-05-12,2026-05-11 17:17:10,S0122,Chilonzor,41.303024,69.180741,30.9,9.3,50.05,210.3,0.5605,74.9,33.0,2.61,2,0.731
2026-05-13,2026-05-11 17:17:10,S0122,Chilonzor,41.303024,69.180741,28.8,9.8,49.87,213.6,0.6513,72.5,32.5,2.82,2,0.731
2026-05-14,2026-05-11 17:17:10,S0122,Chilonzor,41.303024,69.180741,25.7,9.0,49.92,210.7,0.5657,73.7,32.6,2.79,2,0.731
2026-05-15,2026-05-11 17:17:10,S0122,Chilonzor,41.303024,69.180741,25.8,7.9,49.99,214.3,0.5628,73.7,25.0,2.98,2,0.731
2026-05-16,2026-05-11 17:17:10,S0122,Chilonzor,41.303024,69.180741,32.6,11.6,49.8,212.3,0.5238,73.4,25.0,3.0,2,0.731
2026-05-17,2026-05-11 17:17:10,S0122,Chilonzor,41.303024,69.180741,29.1,9.2,50.03,213.0,0.597,67.9,25.0,2.28,2,0.731
2026-05-18,2026-05-11 17:17:10,S0122,Chilonzor,41.303024,69.180741,29.9,11.8,49.77,213.7,0.5641,68.8,25.0,2.58,2,0.731
2026-05-12,2026-05-11 17:17:10,S0123,Chilonzor,41.288984,69.169477,35.1,7.0,50.16,228.9,0.6238,90.0,70.6,4.6,0,0.0327
2026-05-13,2026-05-11 17:17:10,S0123,Chilonzor,41.288984,69.169477,42.2,9.5,50.09,231.0,0.7485,85.3,79.8,4.49,1,0.3827
2026-05-14,2026-05-11 17:17:10,S0123,Chilonzor,41.288984,69.169477,39.7,9.5,50.05,224.1,0.4951,86.1,90.5,4.51,1,0.3827
2026-05-15,2026-05-11 17:17:10,S0123,Chilonzor,41.288984,69.169477,41.2,11.4,50.1,224.6,0.5497,84.1,87.2,4.35,1,0.3827
2026-05-16,2026-05-11 17:17:10,S0123,Chilonzor,41.288984,69.169477,37.9,11.2,50.08,225.1,0.6326,84.3,89.2,4.34,1,0.3827
2026-05-17,2026-05-11 17:17:10,S0123,Chilonzor,41.288984,69.169477,39.9,13.0,49.73,224.5,0.6338,82.4,86.7,4.68,1,0.3827
2026-05-18,2026-05-11 17:17:10,S0123,Chilonzor,41.288984,69.169477,37.0,10.5,49.85,228.3,0.6787,82.8,87.7,4.88,1,0.3827
2026-05-12,2026-05-11 17:17:10,S0124,Chilonzor,41.268866,69.199689,38.2,11.0,50.05,214.5,0.7331,86.0,50.7,2.89,0,0.0243
2026-05-13,2026-05-11 17:17:10,S0124,Chilonzor,41.268866,69.199689,38.3,9.8,50.1,215.7,0.8452,87.2,51.3,3.05,0,0.0243
2026-05-14,2026-05-11 17:17:10,S0124,Chilonzor,41.268866,69.199689,37.4,12.5,50.23,214.8,0.8942,82.8,50.3,2.88,1,0.3743
2026-05-15,2026-05-11 17:17:10,S0124,Chilonzor,41.268866,69.199689,37.1,10.5,50.08,215.5,0.8912,85.4,51.7,2.93,0,0.0243
2026-05-16,2026-05-11 17:17:10,S0124,Chilonzor,41.268866,69.199689,38.0,10.8,50.11,216.9,0.7677,87.2,43.8,2.68,0,0.0243
2026-05-17,2026-05-11 17:17:10,S0124,Chilonzor,41.268866,69.199689,37.0,11.7,50.13,210.0,0.9589,83.1,47.9,2.94,1,0.3743
2026-05-18,2026-05-11 17:17:10,S0124,Chilonzor,41.268866,69.199689,33.2,8.7,50.23,210.0,0.9428,86.8,47.8,2.83,0,0.0243
2026-05-12,2026-05-11 17:17:10,S0125,Chilonzor,41.324235,69.152337,31.6,1.9,49.86,228.5,0.366,90.8,66.2,3.62,0,0.0371
2026-05-13,2026-05-11 17:17:10,S0125,Chilonzor,41.324235,69.152337,32.0,2.0,49.76,230.4,0.2762,92.9,64.4,3.02,1,0.3871
2026-05-14,2026-05-11 17:17:10,S0125,Chilonzor,41.324235,69.152337,33.7,2.3,49.8,225.1,0.2144,95.8,62.4,3.04,0,0.0371
2026-05-15,2026-05-11 17:17:10,S0125,Chilonzor,41.324235,69.152337,30.8,3.8,49.78,225.5,0.2635,94.2,60.1,3.12,0,0.0371
2026-05-16,2026-05-11 17:17:10,S0125,Chilonzor,41.324235,69.152337,33.3,1.8,49.77,230.6,0.2945,91.1,57.4,2.59,1,0.3871
2026-05-17,2026-05-11 17:17:10,S0125,Chilonzor,41.324235,69.152337,31.1,4.6,49.66,231.1,0.3223,92.9,57.1,2.67,1,0.3871
2026-05-18,2026-05-11 17:17:10,S0125,Chilonzor,41.324235,69.152337,31.1,6.9,49.68,229.6,0.2536,96.1,53.7,2.84,0,0.0371
2026-05-12,2026-05-11 17:17:10,S0126,Chilonzor,41.27084,69.214548,41.0,11.4,50.16,235.1,0.47,75.8,92.4,3.33,1,0.3785
2026-05-13,2026-05-11 17:17:10,S0126,Chilonzor,41.27084,69.214548,42.6,13.1,50.14,235.4,0.3051,76.4,74.9,3.09,1,0.3785
2026-05-14,2026-05-11 17:17:10,S0126,Chilonzor,41.27084,69.214548,43.5,12.2,50.06,238.3,0.4207,75.8,79.2,2.84,1,0.3785
2026-05-15,2026-05-11 17:17:10,S0126,Chilonzor,41.27084,69.214548,37.5,12.2,50.25,238.0,0.2193,76.0,71.5,2.91,1,0.3785
2026-05-16,2026-05-11 17:17:10,S0126,Chilonzor,41.27084,69.214548,41.2,11.9,50.23,236.1,0.2871,76.1,76.1,3.2,1,0.3785
2026-05-17,2026-05-11 17:17:10,S0126,Chilonzor,41.27084,69.214548,40.1,11.3,50.16,239.2,0.3523,77.9,72.3,2.97,1,0.3785
2026-05-18,2026-05-11 17:17:10,S0126,Chilonzor,41.27084,69.214548,41.7,11.4,50.22,235.7,0.2021,74.6,79.9,2.65,2,0.7285
2026-05-12,2026-05-11 17:17:10,S0127,Chilonzor,41.260379,69.203072,40.4,7.2,50.28,221.8,0.3307,89.0,73.2,2.75,1,0.3773
2026-05-13,2026-05-11 17:17:10,S0127,Chilonzor,41.260379,69.203072,41.1,7.1,50.16,227.8,0.3017,87.6,69.4,2.88,1,0.3773
2026-05-14,2026-05-11 17:17:10,S0127,Chilonzor,41.260379,69.203072,41.2,8.5,50.11,226.2,0.5274,88.2,77.8,3.45,1,0.3773
2026-05-15,2026-05-11 17:17:10,S0127,Chilonzor,41.260379,69.203072,39.8,10.9,50.22,230.4,0.4684,90.2,68.8,3.49,1,0.3773
2026-05-16,2026-05-11 17:17:10,S0127,Chilonzor,41.260379,69.203072,44.3,5.1,50.05,228.2,0.4675,93.6,72.7,3.38,1,0.3773
2026-05-17,2026-05-11 17:17:10,S0127,Chilonzor,41.260379,69.203072,44.5,5.4,49.96,234.3,0.5297,89.2,71.4,3.19,1,0.3773
2026-05-18,2026-05-11 17:17:10,S0127,Chilonzor,41.260379,69.203072,45.5,4.7,49.97,225.5,0.6308,88.6,69.4,3.27,2,0.7273
2026-05-12,2026-05-11 17:17:10,S0128,Chilonzor,41.327093,69.195735,34.9,0.0,49.95,235.5,0.1545,86.6,47.3,3.88,1,0.3899
2026-05-13,2026-05-11 17:17:10,S0128,Chilonzor,41.327093,69.195735,34.6,0.0,49.91,228.2,0.3128,85.0,50.6,3.82,0,0.0399
2026-05-14,2026-05-11 17:17:10,S0128,Chilonzor,41.327093,69.195735,34.4,0.0,50.09,231.1,0.1044,86.2,48.8,3.35,1,0.3899
2026-05-15,2026-05-11 17:17:10,S0128,Chilonzor,41.327093,69.195735,35.5,0.0,50.03,234.6,0.2978,81.8,53.2,4.03,1,0.3899
2026-05-16,2026-05-11 17:17:10,S0128,Chilonzor,41.327093,69.195735,33.3,0.0,50.12,230.8,0.2325,88.1,49.8,3.82,1,0.3899
2026-05-17,2026-05-11 17:17:10,S0128,Chilonzor,41.327093,69.195735,31.8,0.0,50.1,229.7,0.2291,84.8,47.7,4.44,1,0.3899
2026-05-18,2026-05-11 17:17:10,S0128,Chilonzor,41.327093,69.195735,35.0,0.0,50.08,232.6,0.2873,82.8,41.6,4.22,1,0.3899
2026-05-12,2026-05-11 17:17:10,S0129,Chilonzor,41.277895,69.198153,51.3,6.9,49.91,206.6,0.284,89.9,83.8,1.83,2,0.7243
2026-05-13,2026-05-11 17:17:10,S0129,Chilonzor,41.277895,69.198153,50.7,5.9,49.92,198.7,0.1917,90.4,73.0,1.98,2,0.7243
2026-05-14,2026-05-11 17:17:10,S0129,Chilonzor,41.277895,69.198153,50.4,7.4,50.09,199.5,0.2788,91.0,77.7,1.92,2,0.7243
2026-05-15,2026-05-11 17:17:10,S0129,Chilonzor,41.277895,69.198153,54.4,5.5,50.08,203.8,0.2735,95.1,72.3,1.59,2,0.7243
2026-05-16,2026-05-11 17:17:10,S0129,Chilonzor,41.277895,69.198153,53.0,8.9,49.99,199.4,0.2964,92.1,69.2,1.73,2,0.7243
2026-05-17,2026-05-11 17:17:10,S0129,Chilonzor,41.277895,69.198153,52.7,6.7,49.95,195.0,0.2468,94.2,72.1,1.65,2,0.7243
2026-05-18,2026-05-11 17:17:10,S0129,Chilonzor,41.277895,69.198153,55.0,8.0,50.08,198.1,0.098,99.4,73.3,1.45,2,0.7243
2026-05-12,2026-05-11 17:17:10,S0130,Chilonzor,41.302989,69.194271,32.5,10.3,49.87,220.3,0.3112,90.5,82.0,3.82,0,0.0215
2026-05-13,2026-05-11 17:17:10,S0130,Chilonzor,41.302989,69.194271,31.7,10.6,49.61,220.7,0.2694,93.1,84.5,3.83,0,0.0215
2026-05-14,2026-05-11 17:17:10,S0130,Chilonzor,41.302989,69.194271,27.0,13.7,49.69,218.9,0.1087,90.1,83.0,4.24,0,0.0215
2026-05-15,2026-05-11 17:17:10,S0130,Chilonzor,41.302989,69.194271,29.8,11.5,49.8,222.3,0.1159,92.9,74.7,3.76,0,0.0215
2026-05-16,2026-05-11 17:17:10,S0130,Chilonzor,41.302989,69.194271,28.4,13.1,49.8,218.8,0.1464,93.6,82.7,3.99,0,0.0215
2026-05-17,2026-05-11 17:17:10,S0130,Chilonzor,41.302989,69.194271,32.4,14.0,49.74,215.8,0.205,92.9,88.3,4.05,0,0.0215
2026-05-18,2026-05-11 17:17:10,S0130,Chilonzor,41.302989,69.194271,30.9,13.3,49.53,219.3,0.01,93.3,79.2,4.62,0,0.0215
2026-05-12,2026-05-11 17:17:10,S0131,Chilonzor,41.294162,69.162636,39.0,7.5,50.12,215.2,0.7735,89.2,87.4,2.94,0,0.026
2026-05-13,2026-05-11 17:17:10,S0131,Chilonzor,41.294162,69.162636,36.9,7.6,50.12,216.8,0.7951,88.2,88.8,3.03,0,0.026
2026-05-14,2026-05-11 17:17:10,S0131,Chilonzor,41.294162,69.162636,37.2,6.9,50.01,215.5,0.7523,90.0,91.9,3.1,1,0.376
2026-05-15,2026-05-11 17:17:10,S0131,Chilonzor,41.294162,69.162636,36.5,8.0,50.06,214.6,0.7603,92.1,83.5,3.16,0,0.026
2026-05-16,2026-05-11 17:17:10,S0131,Chilonzor,41.294162,69.162636,39.0,9.4,50.0,217.4,0.673,88.3,85.9,3.06,0,0.026
2026-05-17,2026-05-11 17:17:10,S0131,Chilonzor,41.294162,69.162636,38.5,10.5,50.12,214.9,0.7789,91.5,81.4,3.0,0,0.026
2026-05-18,2026-05-11 17:17:10,S0131,Chilonzor,41.294162,69.162636,36.7,8.4,50.04,216.6,0.6792,87.9,94.1,3.24,1,0.376
2026-05-12,2026-05-11 17:17:10,S0132,Chilonzor,41.325243,69.182131,32.3,3.9,50.07,222.1,0.5132,86.1,68.2,2.97,0,0.0291
2026-05-13,2026-05-11 17:17:10,S0132,Chilonzor,41.325243,69.182131,31.9,6.4,50.05,222.1,0.5465,91.6,75.0,3.14,0,0.0291
2026-05-14,2026-05-11 17:17:10,S0132,Chilonzor,41.325243,69.182131,32.2,7.0,50.13,220.5,0.5684,89.5,80.6,2.99,0,0.0291
2026-05-15,2026-05-11 17:17:10,S0132,Chilonzor,41.325243,69.182131,29.8,5.5,50.08,226.0,0.4025,88.9,72.6,3.54,0,0.0291
2026-05-16,2026-05-11 17:17:10,S0132,Chilonzor,41.325243,69.182131,29.3,5.9,50.3,223.8,0.3952,86.5,83.0,3.26,0,0.0291
2026-05-17,2026-05-11 17:17:10,S0132,Chilonzor,41.325243,69.182131,29.6,7.9,50.19,219.9,0.3737,87.2,87.1,3.23,0,0.0291
2026-05-18,2026-05-11 17:17:10,S0132,Chilonzor,41.325243,69.182131,26.6,6.1,50.21,221.1,0.3712,88.5,75.4,2.99,0,0.0291
2026-05-12,2026-05-11 17:17:10,S0133,Chilonzor,41.283968,69.153862,38.9,5.1,50.06,215.1,0.6129,68.4,41.6,3.26,2,0.7263
2026-05-13,2026-05-11 17:17:10,S0133,Chilonzor,41.283968,69.153862,39.8,4.4,50.24,220.1,0.564,71.1,48.8,2.7,2,0.7263
2026-05-14,2026-05-11 17:17:10,S0133,Chilonzor,41.283968,69.153862,38.0,5.3,49.87,225.2,0.5038,68.5,39.9,3.0,2,0.7263
2026-05-15,2026-05-11 17:17:10,S0133,Chilonzor,41.283968,69.153862,36.4,3.2,50.1,221.9,0.4739,69.9,53.2,2.66,2,0.7263
2026-05-16,2026-05-11 17:17:10,S0133,Chilonzor,41.283968,69.153862,37.0,2.2,50.09,215.0,0.5751,63.4,54.4,2.84,2,0.7263
2026-05-17,2026-05-11 17:17:10,S0133,Chilonzor,41.283968,69.153862,37.8,2.7,50.01,221.0,0.3261,64.2,49.1,2.86,2,0.7263
2026-05-18,2026-05-11 17:17:10,S0133,Chilonzor,41.283968,69.153862,36.5,3.3,50.08,219.7,0.3211,65.3,33.5,2.68,2,0.7263
2026-05-12,2026-05-11 17:17:10,S0134,Chilonzor,41.307329,69.148451,34.2,16.5,49.77,223.4,0.3119,92.0,69.2,3.01,0,0.0336
2026-05-13,2026-05-11 17:17:10,S0134,Chilonzor,41.307329,69.148451,36.1,16.4,49.69,222.6,0.3605,90.9,59.4,2.86,0,0.0336
2026-05-14,2026-05-11 17:17:10,S0134,Chilonzor,41.307329,69.148451,37.5,15.9,49.53,225.6,0.3261,91.3,59.7,3.63,0,0.0336
2026-05-15,2026-05-11 17:17:10,S0134,Chilonzor,41.307329,69.148451,33.1,15.9,49.48,224.3,0.3829,90.3,68.1,3.19,1,0.3836
2026-05-16,2026-05-11 17:17:10,S0134,Chilonzor,41.307329,69.148451,36.4,18.3,49.57,227.6,0.3422,92.0,68.3,3.53,0,0.0336
2026-05-17,2026-05-11 17:17:10,S0134,Chilonzor,41.307329,69.148451,38.3,16.2,49.2,226.2,0.3806,91.2,71.9,3.27,1,0.3836
2026-05-18,2026-05-11 17:17:10,S0134,Chilonzor,41.307329,69.148451,38.8,18.9,49.3,228.6,0.3966,89.2,69.1,3.19,1,0.3836
2026-05-12,2026-05-11 17:17:10,S0135,Chilonzor,41.301049,69.179376,33.8,15.4,50.29,218.1,0.8835,97.7,84.2,3.06,0,0.0268
2026-05-13,2026-05-11 17:17:10,S0135,Chilonzor,41.301049,69.179376,35.4,11.9,50.41,216.5,0.8621,97.0,85.0,2.53,0,0.0268
2026-05-14,2026-05-11 17:17:10,S0135,Chilonzor,41.301049,69.179376,35.7,12.9,50.45,217.0,0.9018,96.5,86.3,2.58,0,0.0268
2026-05-15,2026-05-11 17:17:10,S0135,Chilonzor,41.301049,69.179376,32.3,14.0,50.32,219.3,0.9111,97.1,82.9,2.81,0,0.0268
2026-05-16,2026-05-11 17:17:10,S0135,Chilonzor,41.301049,69.179376,35.8,10.5,50.59,216.3,0.9086,95.6,90.9,2.39,1,0.3768
2026-05-17,2026-05-11 17:17:10,S0135,Chilonzor,41.301049,69.179376,31.7,13.9,50.42,217.8,0.767,91.3,88.7,2.25,0,0.0268
2026-05-18,2026-05-11 17:17:10,S0135,Chilonzor,41.301049,69.179376,31.1,11.1,50.47,216.5,0.9698,94.7,89.7,2.32,0,0.0268
2026-05-12,2026-05-11 17:17:10,S0136,Chilonzor,41.328054,69.201689,32.8,4.3,49.96,216.1,0.9393,93.9,63.0,2.78,0,0.0347
2026-05-13,2026-05-11 17:17:10,S0136,Chilonzor,41.328054,69.201689,32.9,5.5,50.07,214.1,1.083,95.2,63.9,3.16,1,0.3847
2026-05-14,2026-05-11 17:17:10,S0136,Chilonzor,41.328054,69.201689,34.6,3.4,50.16,218.0,0.9049,94.4,61.9,3.21,0,0.0347
2026-05-15,2026-05-11 17:17:10,S0136,Chilonzor,41.328054,69.201689,33.5,4.6,49.98,214.8,1.0519,94.4,64.1,3.39,1,0.3847
2026-05-16,2026-05-11 17:17:10,S0136,Chilonzor,41.328054,69.201689,34.8,2.5,50.03,214.5,1.0004,90.8,72.0,3.36,1,0.3847
2026-05-17,2026-05-11 17:17:10,S0136,Chilonzor,41.328054,69.201689,35.1,2.2,50.07,215.6,0.9267,92.9,69.8,3.14,0,0.0347
2026-05-18,2026-05-11 17:17:10,S0136,Chilonzor,41.328054,69.201689,37.9,2.5,49.96,216.2,0.9701,90.0,61.9,3.41,0,0.0347
2026-05-12,2026-05-11 17:17:10,S0137,Chilonzor,41.283112,69.175236,38.4,6.9,50.72,224.2,0.5879,98.2,66.7,3.28,1,0.3735
2026-05-13,2026-05-11 17:17:10,S0137,Chilonzor,41.283112,69.175236,35.8,5.9,50.71,223.9,0.5806,100.0,71.3,2.97,1,0.3735
2026-05-14,2026-05-11 17:17:10,S0137,Chilonzor,41.283112,69.175236,37.9,9.6,50.7,224.6,0.5319,100.0,67.7,3.57,1,0.3735
2026-05-15,2026-05-11 17:17:10,S0137,Chilonzor,41.283112,69.175236,39.4,10.4,50.68,220.7,0.4895,100.0,71.5,3.95,1,0.3735
2026-05-16,2026-05-11 17:17:10,S0137,Chilonzor,41.283112,69.175236,39.7,12.2,50.66,222.7,0.5552,100.0,71.7,4.44,1,0.3735
2026-05-17,2026-05-11 17:17:10,S0137,Chilonzor,41.283112,69.175236,40.0,12.3,50.69,223.3,0.5561,100.0,69.3,3.84,1,0.3735
2026-05-18,2026-05-11 17:17:10,S0137,Chilonzor,41.283112,69.175236,41.0,10.8,50.79,222.0,0.4716,100.0,72.7,3.53,1,0.3735
2026-05-12,2026-05-11 17:17:10,S0138,Chilonzor,41.328828,69.202279,43.6,18.4,50.17,212.4,0.761,81.9,81.3,4.49,1,0.3802
2026-05-13,2026-05-11 17:17:10,S0138,Chilonzor,41.328828,69.202279,43.5,17.6,50.14,212.6,0.8859,84.4,80.8,4.66,1,0.3802
2026-05-14,2026-05-11 17:17:10,S0138,Chilonzor,41.328828,69.202279,42.9,14.8,50.21,212.8,0.7131,84.1,80.0,4.36,1,0.3802
2026-05-15,2026-05-11 17:17:10,S0138,Chilonzor,41.328828,69.202279,46.6,18.1,50.2,213.0,0.7344,87.8,80.1,4.36,2,0.7302
2026-05-16,2026-05-11 17:17:10,S0138,Chilonzor,41.328828,69.202279,47.3,14.4,50.07,215.8,0.7931,87.3,87.4,4.93,2,0.7302
2026-05-17,2026-05-11 17:17:10,S0138,Chilonzor,41.328828,69.202279,48.8,17.6,50.34,217.8,0.7592,87.9,90.2,4.98,2,0.7302
2026-05-18,2026-05-11 17:17:10,S0138,Chilonzor,41.328828,69.202279,49.1,16.1,50.07,217.2,0.9686,85.6,85.2,4.66,2,0.7302
2026-05-12,2026-05-11 17:17:10,S0139,Chilonzor,41.266391,69.193605,39.9,5.3,49.67,203.4,0.3951,95.6,44.5,2.63,1,0.3801
2026-05-13,2026-05-11 17:17:10,S0139,Chilonzor,41.266391,69.193605,40.5,7.0,49.68,202.3,0.3574,90.6,35.9,2.92,1,0.3801
2026-05-14,2026-05-11 17:17:10,S0139,Chilonzor,41.266391,69.193605,44.2,8.1,49.57,204.0,0.3017,93.9,45.2,3.17,1,0.3801
2026-05-15,2026-05-11 17:17:10,S0139,Chilonzor,41.266391,69.193605,36.4,4.2,49.78,204.3,0.3169,95.2,33.7,2.64,1,0.3801
2026-05-16,2026-05-11 17:17:10,S0139,Chilonzor,41.266391,69.193605,43.6,5.4,49.81,198.4,0.4101,97.6,40.4,2.7,2,0.7301
2026-05-17,2026-05-11 17:17:10,S0139,Chilonzor,41.266391,69.193605,44.8,5.7,49.54,204.4,0.4646,96.5,34.6,3.0,1,0.3801
2026-05-18,2026-05-11 17:17:10,S0139,Chilonzor,41.266391,69.193605,42.7,4.4,49.75,206.0,0.45,98.4,33.9,2.52,1,0.3801
2026-05-12,2026-05-11 17:17:10,S0140,Chilonzor,41.314492,69.21478,31.5,6.7,49.74,229.8,0.3227,83.1,64.8,2.75,1,0.3782
2026-05-13,2026-05-11 17:17:10,S0140,Chilonzor,41.314492,69.21478,32.4,7.4,49.79,228.4,0.4662,86.7,68.1,2.7,0,0.0282
2026-05-14,2026-05-11 17:17:10,S0140,Chilonzor,41.314492,69.21478,33.8,8.5,49.83,228.9,0.3522,86.2,67.6,2.85,0,0.0282
2026-05-15,2026-05-11 17:17:10,S0140,Chilonzor,41.314492,69.21478,34.6,7.0,49.76,227.7,0.2633,83.0,71.3,2.88,1,0.3782
2026-05-16,2026-05-11 17:17:10,S0140,Chilonzor,41.314492,69.21478,31.6,7.3,49.88,229.4,0.3318,83.7,69.0,2.85,1,0.3782
2026-05-17,2026-05-11 17:17:10,S0140,Chilonzor,41.314492,69.21478,35.1,8.7,49.9,234.0,0.3785,82.8,74.6,2.45,1,0.3782
2026-05-18,2026-05-11 17:17:10,S0140,Chilonzor,41.314492,69.21478,32.1,9.6,49.89,233.6,0.4841,86.0,67.3,2.79,1,0.3782
2026-05-12,2026-05-11 17:17:10,S0141,Chilonzor,41.317077,69.210225,39.9,4.9,50.46,224.7,0.4872,90.6,73.5,4.15,0,0.0325
2026-05-13,2026-05-11 17:17:10,S0141,Chilonzor,41.317077,69.210225,35.8,4.6,50.68,229.1,0.5489,89.9,72.2,4.2,1,0.3825
2026-05-14,2026-05-11 17:17:10,S0141,Chilonzor,41.317077,69.210225,36.2,0.5,50.58,223.2,0.4291,86.8,75.2,3.89,1,0.3825
2026-05-15,2026-05-11 17:17:10,S0141,Chilonzor,41.317077,69.210225,38.4,3.4,50.72,229.2,0.4754,87.8,63.9,4.19,1,0.3825
2026-05-16,2026-05-11 17:17:10,S0141,Chilonzor,41.317077,69.210225,36.2,0.4,50.64,228.6,0.5379,86.6,77.3,4.24,1,0.3825
2026-05-17,2026-05-11 17:17:10,S0141,Chilonzor,41.317077,69.210225,32.3,2.0,50.88,222.7,0.355,85.2,85.2,4.47,1,0.3825
2026-05-18,2026-05-11 17:17:10,S0141,Chilonzor,41.317077,69.210225,32.3,0.8,50.64,226.6,0.5166,90.8,80.8,4.11,1,0.3825
2026-05-12,2026-05-11 17:17:10,S0142,Chilonzor,41.327297,69.150856,31.6,8.2,50.09,215.1,0.4121,91.1,53.1,3.18,0,0.024
2026-05-13,2026-05-11 17:17:10,S0142,Chilonzor,41.327297,69.150856,30.8,8.3,50.43,214.6,0.5172,89.8,50.5,3.03,0,0.024
2026-05-14,2026-05-11 17:17:10,S0142,Chilonzor,41.327297,69.150856,33.6,10.6,50.34,215.7,0.4511,89.3,49.9,2.99,0,0.024
2026-05-15,2026-05-11 17:17:10,S0142,Chilonzor,41.327297,69.150856,35.3,9.4,50.35,218.1,0.3495,87.5,47.2,3.57,0,0.024
2026-05-16,2026-05-11 17:17:10,S0142,Chilonzor,41.327297,69.150856,31.0,9.9,50.36,213.9,0.3922,89.5,41.4,3.14,0,0.024
2026-05-17,2026-05-11 17:17:10,S0142,Chilonzor,41.327297,69.150856,29.1,12.1,50.3,217.6,0.4255,84.8,42.8,3.54,1,0.374
2026-05-18,2026-05-11 17:17:10,S0142,Chilonzor,41.327297,69.150856,33.2,9.6,50.33,214.2,0.387,89.3,45.2,3.75,0,0.024
2026-05-12,2026-05-11 17:17:10,S0143,Chilonzor,41.324851,69.142385,49.8,12.8,50.18,231.5,0.6821,75.6,67.0,3.8,2,0.7198
2026-05-13,2026-05-11 17:17:10,S0143,Chilonzor,41.324851,69.142385,51.1,12.6,50.02,231.3,0.5302,78.9,74.7,3.73,2,0.7198
2026-05-14,2026-05-11 17:17:10,S0143,Chilonzor,41.324851,69.142385,49.9,13.0,50.27,227.6,0.5966,77.6,65.2,3.99,2,0.7198
2026-05-15,2026-05-11 17:17:10,S0143,Chilonzor,41.324851,69.142385,49.9,12.2,50.41,231.0,0.4871,78.7,67.6,4.0,2,0.7198
2026-05-16,2026-05-11 17:17:10,S0143,Chilonzor,41.324851,69.142385,48.7,13.4,50.37,228.1,0.5426,76.2,74.0,3.87,2,0.7198
2026-05-17,2026-05-11 17:17:10,S0143,Chilonzor,41.324851,69.142385,52.8,11.0,50.39,230.7,0.573,78.2,71.2,3.82,2,0.7198
2026-05-18,2026-05-11 17:17:10,S0143,Chilonzor,41.324851,69.142385,51.4,12.1,50.3,231.8,0.449,75.3,70.7,3.89,2,0.7198
2026-05-12,2026-05-11 17:17:10,S0144,Chilonzor,41.307492,69.203757,40.3,2.9,49.87,216.7,0.7485,87.5,76.2,3.37,1,0.3837
2026-05-13,2026-05-11 17:17:10,S0144,Chilonzor,41.307492,69.203757,43.3,2.8,50.03,212.0,0.6501,83.3,72.3,3.24,1,0.3837
2026-05-14,2026-05-11 17:17:10,S0144,Chilonzor,41.307492,69.203757,42.8,3.7,50.23,219.2,0.6618,83.7,76.3,3.01,1,0.3837
2026-05-15,2026-05-11 17:17:10,S0144,Chilonzor,41.307492,69.203757,45.9,3.8,49.96,218.0,0.7699,80.8,76.2,2.95,2,0.7337
2026-05-16,2026-05-11 17:17:10,S0144,Chilonzor,41.307492,69.203757,46.3,3.9,50.05,217.3,0.9226,81.2,78.4,2.68,2,0.7337
2026-05-17,2026-05-11 17:17:10,S0144,Chilonzor,41.307492,69.203757,45.9,2.7,50.25,217.9,0.8479,85.3,82.1,2.82,2,0.7337
2026-05-18,2026-05-11 17:17:10,S0144,Chilonzor,41.307492,69.203757,45.7,3.9,50.04,218.5,1.009,88.4,83.6,2.78,2,0.7337
2026-05-12,2026-05-11 17:17:10,S0145,Chilonzor,41.287873,69.204255,26.7,6.4,49.96,217.8,0.4241,81.6,56.7,3.41,1,0.3788
2026-05-13,2026-05-11 17:17:10,S0145,Chilonzor,41.287873,69.204255,26.9,4.8,49.92,214.1,0.5142,86.8,49.6,3.01,0,0.0288
2026-05-14,2026-05-11 17:17:10,S0145,Chilonzor,41.287873,69.204255,25.1,4.2,49.78,221.1,0.5263,84.9,48.7,2.93,1,0.3788
2026-05-15,2026-05-11 17:17:10,S0145,Chilonzor,41.287873,69.204255,26.0,4.5,49.84,212.8,0.7068,82.5,53.5,4.08,1,0.3788
2026-05-16,2026-05-11 17:17:10,S0145,Chilonzor,41.287873,69.204255,24.9,4.8,49.95,208.4,0.6555,85.5,47.5,3.58,1,0.3788
2026-05-17,2026-05-11 17:17:10,S0145,Chilonzor,41.287873,69.204255,24.6,5.5,49.83,204.8,0.8056,86.9,35.0,3.93,1,0.3788
2026-05-18,2026-05-11 17:17:10,S0145,Chilonzor,41.287873,69.204255,21.1,5.7,49.92,207.3,0.8369,85.5,54.6,3.55,1,0.3788
2026-05-12,2026-05-11 17:17:10,S0146,Chilonzor,41.306878,69.188907,31.0,2.1,50.33,220.6,0.3058,86.1,90.0,4.94,0,0.0187
2026-05-13,2026-05-11 17:17:10,S0146,Chilonzor,41.306878,69.188907,32.6,2.6,50.26,220.4,0.262,87.1,87.5,4.77,0,0.0187
2026-05-14,2026-05-11 17:17:10,S0146,Chilonzor,41.306878,69.188907,31.8,4.1,50.34,222.6,0.3674,86.7,88.8,4.49,0,0.0187
2026-05-15,2026-05-11 17:17:10,S0146,Chilonzor,41.306878,69.188907,32.1,4.9,50.32,221.6,0.1742,92.2,80.6,5.44,1,0.3687
2026-05-16,2026-05-11 17:17:10,S0146,Chilonzor,41.306878,69.188907,32.6,3.8,50.37,221.4,0.3388,90.3,95.0,5.14,1,0.3687
2026-05-17,2026-05-11 17:17:10,S0146,Chilonzor,41.306878,69.188907,29.6,1.5,50.28,220.2,0.2521,84.2,95.0,4.68,1,0.3687
2026-05-18,2026-05-11 17:17:10,S0146,Chilonzor,41.306878,69.188907,30.2,1.1,50.52,226.3,0.1999,88.1,95.0,5.33,1,0.3687
2026-05-12,2026-05-11 17:17:10,S0147,Chilonzor,41.301392,69.151044,37.9,6.7,50.28,224.7,0.5213,88.7,84.8,3.37,0,0.026
2026-05-13,2026-05-11 17:17:10,S0147,Chilonzor,41.301392,69.151044,37.5,7.3,50.51,230.0,0.5556,91.1,89.7,3.48,1,0.376
2026-05-14,2026-05-11 17:17:10,S0147,Chilonzor,41.301392,69.151044,38.2,6.1,50.45,224.7,0.6715,89.2,76.1,3.18,0,0.026
2026-05-15,2026-05-11 17:17:10,S0147,Chilonzor,41.301392,69.151044,35.5,6.1,50.58,225.6,0.7739,91.1,88.9,3.43,1,0.376
2026-05-16,2026-05-11 17:17:10,S0147,Chilonzor,41.301392,69.151044,37.9,6.3,50.51,229.3,0.6331,89.0,87.4,3.45,1,0.376
2026-05-17,2026-05-11 17:17:10,S0147,Chilonzor,41.301392,69.151044,36.0,6.5,50.46,223.0,0.5781,86.3,90.2,3.16,1,0.376
2026-05-18,2026-05-11 17:17:10,S0147,Chilonzor,41.301392,69.151044,37.3,6.7,50.63,227.0,0.6301,90.1,89.6,3.05,1,0.376
2026-05-12,2026-05-11 17:17:10,S0148,Chilonzor,41.328292,69.191523,50.8,11.7,49.98,195.0,0.4264,94.9,68.7,4.07,2,0.7359
2026-05-13,2026-05-11 17:17:10,S0148,Chilonzor,41.328292,69.191523,49.2,12.4,50.17,195.0,0.3334,95.3,60.1,4.08,2,0.7359
2026-05-14,2026-05-11 17:17:10,S0148,Chilonzor,41.328292,69.191523,49.5,12.3,50.21,195.0,0.3711,96.3,69.6,4.05,2,0.7359
2026-05-15,2026-05-11 17:17:10,S0148,Chilonzor,41.328292,69.191523,49.6,13.1,49.96,195.0,0.2029,100.0,63.8,4.17,2,0.7359
2026-05-16,2026-05-11 17:17:10,S0148,Chilonzor,41.328292,69.191523,53.0,13.1,50.11,195.0,0.2346,94.9,57.6,3.88,2,0.7359
2026-05-17,2026-05-11 17:17:10,S0148,Chilonzor,41.328292,69.191523,55.0,10.9,50.09,195.0,0.2468,99.2,72.2,4.58,2,0.7359
2026-05-18,2026-05-11 17:17:10,S0148,Chilonzor,41.328292,69.191523,54.2,13.2,49.92,195.0,0.0556,97.6,62.9,3.98,2,0.7359
2026-05-12,2026-05-11 17:17:10,S0149,Chilonzor,41.320039,69.165298,26.9,2.6,49.77,216.3,0.703,92.6,80.7,3.9,0,0.024
2026-05-13,2026-05-11 17:17:10,S0149,Chilonzor,41.320039,69.165298,26.3,2.1,49.76,219.8,0.5649,93.2,79.6,3.4,0,0.024
2026-05-14,2026-05-11 17:17:10,S0149,Chilonzor,41.320039,69.165298,29.8,3.1,49.68,219.3,0.5731,90.1,86.2,3.58,0,0.024
2026-05-15,2026-05-11 17:17:10,S0149,Chilonzor,41.320039,69.165298,28.3,4.9,49.78,218.5,0.5521,93.0,67.1,3.61,0,0.024
2026-05-16,2026-05-11 17:17:10,S0149,Chilonzor,41.320039,69.165298,31.7,4.0,49.81,223.7,0.4902,89.4,63.2,3.28,0,0.024
2026-05-17,2026-05-11 17:17:10,S0149,Chilonzor,41.320039,69.165298,32.5,2.4,49.62,219.5,0.6319,90.6,65.3,3.34,0,0.024
2026-05-18,2026-05-11 17:17:10,S0149,Chilonzor,41.320039,69.165298,26.8,3.9,49.7,220.5,0.6667,91.8,76.1,3.07,0,0.024
2026-05-12,2026-05-11 17:17:10,S0150,Chilonzor,41.270086,69.191405,43.5,10.1,50.18,219.3,0.7384,90.4,76.8,3.87,1,0.3735
2026-05-13,2026-05-11 17:17:10,S0150,Chilonzor,41.270086,69.191405,49.8,8.0,50.32,220.1,0.7134,90.4,70.2,3.38,2,0.7235
2026-05-14,2026-05-11 17:17:10,S0150,Chilonzor,41.270086,69.191405,48.1,6.5,50.09,220.4,0.9149,88.7,80.5,3.3,2,0.7235
2026-05-15,2026-05-11 17:17:10,S0150,Chilonzor,41.270086,69.191405,47.9,7.7,50.04,220.4,0.7672,91.0,77.5,3.45,2,0.7235
2026-05-16,2026-05-11 17:17:10,S0150,Chilonzor,41.270086,69.191405,49.9,10.1,50.33,218.7,0.8779,92.9,78.9,3.82,2,0.7235
2026-05-17,2026-05-11 17:17:10,S0150,Chilonzor,41.270086,69.191405,47.9,7.6,50.33,218.1,0.8547,91.9,77.2,3.67,2,0.7235
2026-05-18,2026-05-11 17:17:10,S0150,Chilonzor,41.270086,69.191405,47.9,7.6,50.31,219.4,0.9298,96.4,82.1,3.68,2,0.7235
2026-05-12,2026-05-11 17:17:10,S0151,Chilonzor,41.274997,69.196377,45.5,9.7,49.88,229.5,0.5121,93.3,52.6,3.24,2,0.7389
2026-05-13,2026-05-11 17:17:10,S0151,Chilonzor,41.274997,69.196377,44.8,11.5,49.78,224.3,0.461,92.8,54.1,3.08,1,0.3889
2026-05-14,2026-05-11 17:17:10,S0151,Chilonzor,41.274997,69.196377,42.0,9.4,49.81,225.6,0.2776,90.8,56.1,3.34,1,0.3889
2026-05-15,2026-05-11 17:17:10,S0151,Chilonzor,41.274997,69.196377,43.8,9.4,49.85,234.1,0.4868,93.0,55.2,3.27,1,0.3889
2026-05-16,2026-05-11 17:17:10,S0151,Chilonzor,41.274997,69.196377,41.8,10.8,49.68,224.8,0.4627,91.8,57.9,3.55,1,0.3889
2026-05-17,2026-05-11 17:17:10,S0151,Chilonzor,41.274997,69.196377,41.7,7.7,49.65,229.5,0.3831,92.0,50.3,3.09,1,0.3889
2026-05-18,2026-05-11 17:17:10,S0151,Chilonzor,41.274997,69.196377,44.1,9.3,49.59,227.0,0.4965,90.6,54.2,3.06,1,0.3889
2026-05-12,2026-05-11 17:17:10,S0152,Chilonzor,41.303258,69.207804,36.3,2.5,50.19,200.1,0.01,84.8,64.4,4.06,1,0.3772
2026-05-13,2026-05-11 17:17:10,S0152,Chilonzor,41.303258,69.207804,34.9,2.9,49.94,211.5,0.01,86.2,58.8,3.39,0,0.0272
2026-05-14,2026-05-11 17:17:10,S0152,Chilonzor,41.303258,69.207804,36.6,3.0,50.03,207.2,0.0413,85.5,66.9,3.77,1,0.3772
2026-05-15,2026-05-11 17:17:10,S0152,Chilonzor,41.303258,69.207804,38.3,2.9,49.82,208.4,0.0176,84.2,56.7,4.18,1,0.3772
2026-05-16,2026-05-11 17:17:10,S0152,Chilonzor,41.303258,69.207804,36.7,3.6,50.05,206.5,0.01,87.6,58.5,4.01,1,0.3772
2026-05-17,2026-05-11 17:17:10,S0152,Chilonzor,41.303258,69.207804,37.0,2.8,50.01,207.6,0.01,88.9,59.0,4.47,1,0.3772
2026-05-18,2026-05-11 17:17:10,S0152,Chilonzor,41.303258,69.207804,38.0,4.5,49.86,213.7,0.0282,86.6,55.0,5.27,1,0.3772
2026-05-12,2026-05-11 17:17:10,S0153,Chilonzor,41.321483,69.165721,38.3,4.9,49.82,214.1,0.0899,80.8,53.3,3.37,1,0.3704
2026-05-13,2026-05-11 17:17:10,S0153,Chilonzor,41.321483,69.165721,40.1,5.6,49.82,217.8,0.1257,85.1,43.3,3.36,1,0.3704
2026-05-14,2026-05-11 17:17:10,S0153,Chilonzor,41.321483,69.165721,36.8,7.0,49.59,214.2,0.0103,84.1,43.0,3.06,1,0.3704
2026-05-15,2026-05-11 17:17:10,S0153,Chilonzor,41.321483,69.165721,37.1,4.6,49.75,215.2,0.01,81.1,39.2,3.0,1,0.3704
2026-05-16,2026-05-11 17:17:10,S0153,Chilonzor,41.321483,69.165721,38.8,6.2,49.7,222.1,0.0666,83.7,32.6,3.41,1,0.3704
2026-05-17,2026-05-11 17:17:10,S0153,Chilonzor,41.321483,69.165721,39.0,6.4,49.69,218.6,0.01,80.8,40.1,3.17,1,0.3704
2026-05-18,2026-05-11 17:17:10,S0153,Chilonzor,41.321483,69.165721,39.5,6.0,49.82,219.7,0.01,79.2,25.0,3.17,1,0.3704
2026-05-12,2026-05-11 17:17:10,S0154,Chilonzor,41.277433,69.142188,27.4,4.1,50.31,225.7,0.4925,87.5,51.0,2.97,0,0.031
2026-05-13,2026-05-11 17:17:10,S0154,Chilonzor,41.277433,69.142188,29.5,7.1,50.09,223.0,0.456,90.2,44.3,2.77,0,0.031
2026-05-14,2026-05-11 17:17:10,S0154,Chilonzor,41.277433,69.142188,27.4,6.3,50.1,225.2,0.3826,91.8,43.4,3.11,0,0.031
2026-05-15,2026-05-11 17:17:10,S0154,Chilonzor,41.277433,69.142188,26.8,5.3,49.97,226.0,0.2981,89.3,45.7,2.77,0,0.031
2026-05-16,2026-05-11 17:17:10,S0154,Chilonzor,41.277433,69.142188,27.3,7.6,49.97,224.4,0.3153,86.9,38.3,2.59,0,0.031
2026-05-17,2026-05-11 17:17:10,S0154,Chilonzor,41.277433,69.142188,29.3,6.0,49.86,225.2,0.244,90.9,48.5,2.53,0,0.031
2026-05-18,2026-05-11 17:17:10,S0154,Chilonzor,41.277433,69.142188,23.7,5.4,50.14,228.9,0.4398,90.5,45.5,2.87,0,0.031
2026-05-12,2026-05-11 17:17:10,S0155,Chilonzor,41.297333,69.141008,44.7,10.3,50.14,218.9,0.912,90.0,80.3,2.82,1,0.3857
2026-05-13,2026-05-11 17:17:10,S0155,Chilonzor,41.297333,69.141008,41.2,8.7,50.09,221.0,0.9009,88.6,82.6,2.52,1,0.3857
2026-05-14,2026-05-11 17:17:10,S0155,Chilonzor,41.297333,69.141008,44.9,8.2,50.06,216.4,1.01,89.6,86.9,3.13,1,0.3857
2026-05-15,2026-05-11 17:17:10,S0155,Chilonzor,41.297333,69.141008,46.5,9.1,50.19,218.7,1.1174,90.0,75.2,2.46,2,0.7357
2026-05-16,2026-05-11 17:17:10,S0155,Chilonzor,41.297333,69.141008,42.6,9.5,50.17,218.0,1.1118,90.5,72.7,3.11,1,0.3857
2026-05-17,2026-05-11 17:17:10,S0155,Chilonzor,41.297333,69.141008,46.5,9.7,50.25,218.4,1.0359,92.2,75.7,2.93,2,0.7357
2026-05-18,2026-05-11 17:17:10,S0155,Chilonzor,41.297333,69.141008,45.6,11.3,50.15,223.6,1.1748,87.3,70.4,2.68,2,0.7357
2026-05-12,2026-05-11 17:17:10,S0156,Chilonzor,41.29466,69.165581,37.9,7.3,50.46,231.0,0.1307,82.0,95.0,3.73,1,0.3892
2026-05-13,2026-05-11 17:17:10,S0156,Chilonzor,41.29466,69.165581,38.1,7.3,50.44,230.7,0.1507,80.8,95.0,3.84,1,0.3892
2026-05-14,2026-05-11 17:17:10,S0156,Chilonzor,41.29466,69.165581,38.3,3.5,50.44,233.9,0.01,80.2,95.0,3.78,1,0.3892
2026-05-15,2026-05-11 17:17:10,S0156,Chilonzor,41.29466,69.165581,34.4,3.5,50.49,231.1,0.01,84.3,93.8,3.89,1,0.3892
2026-05-16,2026-05-11 17:17:10,S0156,Chilonzor,41.29466,69.165581,32.6,2.6,50.55,235.8,0.01,78.3,95.0,4.13,1,0.3892
2026-05-17,2026-05-11 17:17:10,S0156,Chilonzor,41.29466,69.165581,34.4,4.4,50.71,231.1,0.01,79.9,94.3,3.82,1,0.3892
2026-05-18,2026-05-11 17:17:10,S0156,Chilonzor,41.29466,69.165581,31.9,4.7,50.51,234.9,0.01,77.2,95.0,3.73,1,0.3892
2026-05-12,2026-05-11 17:17:10,S0157,Chilonzor,41.282946,69.20522,19.1,7.9,50.12,223.5,0.3567,90.0,72.8,4.62,0,0.0239
2026-05-13,2026-05-11 17:17:10,S0157,Chilonzor,41.282946,69.20522,15.5,6.8,50.09,225.5,0.1813,90.6,77.7,4.78,0,0.0239
2026-05-14,2026-05-11 17:17:10,S0157,Chilonzor,41.282946,69.20522,18.7,4.2,50.33,220.9,0.0823,87.3,73.8,4.32,0,0.0239
2026-05-15,2026-05-11 17:17:10,S0157,Chilonzor,41.282946,69.20522,19.7,7.0,50.23,221.6,0.1324,93.9,83.3,4.77,0,0.0239
2026-05-16,2026-05-11 17:17:10,S0157,Chilonzor,41.282946,69.20522,17.0,8.2,50.12,220.1,0.01,87.4,76.9,4.25,0,0.0239
2026-05-17,2026-05-11 17:17:10,S0157,Chilonzor,41.282946,69.20522,20.0,9.0,50.23,221.5,0.01,88.0,74.0,4.52,0,0.0239
2026-05-18,2026-05-11 17:17:10,S0157,Chilonzor,41.282946,69.20522,16.2,7.5,50.34,225.4,0.01,93.0,74.3,5.07,1,0.3739
2026-05-12,2026-05-11 17:17:10,S0158,Chilonzor,41.312767,69.189981,26.3,7.6,50.0,217.1,0.6872,85.0,55.7,3.62,0,0.0263
2026-05-13,2026-05-11 17:17:10,S0158,Chilonzor,41.312767,69.189981,29.1,7.8,49.91,217.9,0.6541,81.6,57.6,3.63,1,0.3763
2026-05-14,2026-05-11 17:17:10,S0158,Chilonzor,41.312767,69.189981,29.3,8.7,49.82,217.2,0.6034,84.9,52.8,3.6,1,0.3763
2026-05-15,2026-05-11 17:17:10,S0158,Chilonzor,41.312767,69.189981,32.5,8.7,49.83,213.5,0.7819,82.8,61.1,3.87,1,0.3763
2026-05-16,2026-05-11 17:17:10,S0158,Chilonzor,41.312767,69.189981,35.0,7.7,49.89,214.5,0.6799,80.9,60.5,3.14,1,0.3763
2026-05-17,2026-05-11 17:17:10,S0158,Chilonzor,41.312767,69.189981,31.7,9.5,49.73,211.4,0.6133,82.6,52.2,3.37,1,0.3763
2026-05-18,2026-05-11 17:17:10,S0158,Chilonzor,41.312767,69.189981,36.9,8.1,49.69,213.2,0.6504,86.1,56.4,2.93,0,0.0263
2026-05-12,2026-05-11 17:17:10,S0159,Chilonzor,41.290747,69.182931,39.4,9.7,49.53,210.3,0.8192,86.1,28.2,5.01,1,0.378
2026-05-13,2026-05-11 17:17:10,S0159,Chilonzor,41.290747,69.182931,35.9,9.8,49.69,214.1,0.8669,88.8,25.0,4.11,1,0.378
2026-05-14,2026-05-11 17:17:10,S0159,Chilonzor,41.290747,69.182931,34.9,9.2,49.57,205.4,0.9026,88.9,25.0,4.24,1,0.378
2026-05-15,2026-05-11 17:17:10,S0159,Chilonzor,41.290747,69.182931,35.6,8.2,49.51,209.4,1.0118,88.3,25.0,4.17,1,0.378
2026-05-16,2026-05-11 17:17:10,S0159,Chilonzor,41.290747,69.182931,38.3,11.1,49.51,212.7,0.9542,87.5,25.0,4.49,1,0.378
2026-05-17,2026-05-11 17:17:10,S0159,Chilonzor,41.290747,69.182931,36.6,11.2,49.59,213.8,1.0051,84.8,25.0,4.8,1,0.378
2026-05-18,2026-05-11 17:17:10,S0159,Chilonzor,41.290747,69.182931,32.8,9.7,49.42,212.3,0.9188,85.2,25.0,4.42,1,0.378
2026-05-12,2026-05-11 17:17:10,S0160,Chilonzor,41.302419,69.162949,36.9,11.7,49.73,222.8,0.5062,89.0,77.8,2.25,0,0.0287
2026-05-13,2026-05-11 17:17:10,S0160,Chilonzor,41.302419,69.162949,34.9,8.9,49.91,228.8,0.4528,89.1,72.0,2.52,0,0.0287
2026-05-14,2026-05-11 17:17:10,S0160,Chilonzor,41.302419,69.162949,36.6,9.3,49.91,224.9,0.4258,87.3,76.6,2.03,0,0.0287
2026-05-15,2026-05-11 17:17:10,S0160,Chilonzor,41.302419,69.162949,38.2,10.8,49.84,226.2,0.4493,92.5,78.9,2.15,0,0.0287
2026-05-16,2026-05-11 17:17:10,S0160,Chilonzor,41.302419,69.162949,38.8,10.2,49.85,218.6,0.2697,85.6,78.6,2.09,0,0.0287
2026-05-17,2026-05-11 17:17:10,S0160,Chilonzor,41.302419,69.162949,37.8,10.1,49.79,230.3,0.2756,93.3,84.0,2.38,1,0.3787
2026-05-18,2026-05-11 17:17:10,S0160,Chilonzor,41.302419,69.162949,47.8,12.7,49.73,223.0,0.3426,93.9,80.1,1.36,2,0.7287
2026-05-12,2026-05-11 17:17:10,S0161,Chilonzor,41.316733,69.148244,30.9,8.1,49.73,242.0,0.6924,91.1,37.4,3.37,2,0.7222
2026-05-13,2026-05-11 17:17:10,S0161,Chilonzor,41.316733,69.148244,32.9,9.7,49.98,242.7,0.5893,91.8,47.4,3.24,2,0.7222
2026-05-14,2026-05-11 17:17:10,S0161,Chilonzor,41.316733,69.148244,30.6,9.5,50.24,239.6,0.3884,92.6,50.3,3.29,1,0.3722
2026-05-15,2026-05-11 17:17:10,S0161,Chilonzor,41.316733,69.148244,32.0,10.0,50.2,240.0,0.6356,89.9,48.3,3.1,1,0.3722
2026-05-16,2026-05-11 17:17:10,S0161,Chilonzor,41.316733,69.148244,32.3,9.4,50.13,242.2,0.5351,88.4,50.3,3.23,2,0.7222
2026-05-17,2026-05-11 17:17:10,S0161,Chilonzor,41.316733,69.148244,29.9,10.2,50.28,245.0,0.7307,87.3,40.3,2.61,2,0.7222
2026-05-18,2026-05-11 17:17:10,S0161,Chilonzor,41.316733,69.148244,33.7,10.2,50.23,242.5,0.5533,87.4,50.3,2.85,2,0.7222
2026-05-12,2026-05-11 17:17:10,S0162,Chilonzor,41.266665,69.14294,33.4,13.4,50.0,218.2,0.228,83.4,47.8,4.42,1,0.3889
2026-05-13,2026-05-11 17:17:10,S0162,Chilonzor,41.266665,69.14294,31.3,14.4,50.05,216.0,0.2455,80.5,45.1,4.69,1,0.3889
2026-05-14,2026-05-11 17:17:10,S0162,Chilonzor,41.266665,69.14294,33.6,14.4,49.88,215.8,0.2544,84.8,47.5,4.7,1,0.3889
2026-05-15,2026-05-11 17:17:10,S0162,Chilonzor,41.266665,69.14294,30.9,13.2,49.91,213.6,0.2983,85.2,43.8,4.91,0,0.0389
2026-05-16,2026-05-11 17:17:10,S0162,Chilonzor,41.266665,69.14294,29.5,14.5,49.98,213.3,0.2561,85.1,40.2,4.64,0,0.0389
2026-05-17,2026-05-11 17:17:10,S0162,Chilonzor,41.266665,69.14294,29.3,16.0,50.13,213.7,0.141,85.6,41.3,5.22,1,0.3889
2026-05-18,2026-05-11 17:17:10,S0162,Chilonzor,41.266665,69.14294,26.5,16.8,49.99,215.5,0.1377,86.7,50.4,5.06,1,0.3889
2026-05-12,2026-05-11 17:17:10,S0163,Chilonzor,41.324023,69.161996,33.6,0.2,50.27,219.9,0.755,91.2,68.6,2.47,0,0.0327
2026-05-13,2026-05-11 17:17:10,S0163,Chilonzor,41.324023,69.161996,34.5,0.0,50.42,219.5,0.6809,87.7,72.5,2.14,0,0.0327
2026-05-14,2026-05-11 17:17:10,S0163,Chilonzor,41.324023,69.161996,33.5,1.7,50.5,209.7,0.6619,87.6,71.2,2.31,1,0.3827
2026-05-15,2026-05-11 17:17:10,S0163,Chilonzor,41.324023,69.161996,31.2,0.2,50.55,216.5,0.638,88.8,70.1,2.66,1,0.3827
2026-05-16,2026-05-11 17:17:10,S0163,Chilonzor,41.324023,69.161996,31.7,1.0,50.77,212.0,0.5164,88.3,65.5,2.34,1,0.3827
2026-05-17,2026-05-11 17:17:10,S0163,Chilonzor,41.324023,69.161996,34.1,2.3,50.76,209.4,0.486,87.4,69.3,2.27,1,0.3827
2026-05-18,2026-05-11 17:17:10,S0163,Chilonzor,41.324023,69.161996,34.1,2.7,50.69,208.3,0.5587,85.1,71.1,2.13,1,0.3827
2026-05-12,2026-05-11 17:17:10,S0164,Chilonzor,41.265397,69.186864,40.2,6.7,49.58,225.9,0.4644,84.5,61.6,3.73,1,0.3726
2026-05-13,2026-05-11 17:17:10,S0164,Chilonzor,41.265397,69.186864,37.8,5.9,49.61,226.4,0.4964,87.9,69.7,3.83,0,0.0226
2026-05-14,2026-05-11 17:17:10,S0164,Chilonzor,41.265397,69.186864,37.1,5.2,49.42,227.3,0.3474,89.4,63.7,3.88,1,0.3726
2026-05-15,2026-05-11 17:17:10,S0164,Chilonzor,41.265397,69.186864,40.3,5.8,49.72,224.6,0.4779,89.3,68.5,4.08,1,0.3726
2026-05-16,2026-05-11 17:17:10,S0164,Chilonzor,41.265397,69.186864,40.7,6.3,49.69,222.7,0.4697,88.4,69.0,3.93,1,0.3726
2026-05-17,2026-05-11 17:17:10,S0164,Chilonzor,41.265397,69.186864,38.9,5.1,49.62,225.9,0.4784,91.2,74.6,4.38,0,0.0226
2026-05-18,2026-05-11 17:17:10,S0164,Chilonzor,41.265397,69.186864,45.8,4.3,49.71,224.6,0.3819,91.1,77.0,4.12,2,0.7226
2026-05-12,2026-05-11 17:17:10,S0165,Chilonzor,41.30491,69.15568,32.7,14.5,49.13,220.9,0.293,99.9,48.5,3.26,1,0.3832
2026-05-13,2026-05-11 17:17:10,S0165,Chilonzor,41.30491,69.15568,32.2,13.2,49.41,221.3,0.3464,97.3,50.4,3.33,1,0.3832
2026-05-14,2026-05-11 17:17:10,S0165,Chilonzor,41.30491,69.15568,33.6,12.5,49.32,223.5,0.2929,98.3,47.7,3.21,1,0.3832
2026-05-15,2026-05-11 17:17:10,S0165,Chilonzor,41.30491,69.15568,32.7,13.0,49.3,225.9,0.2808,99.4,52.0,3.55,1,0.3832
2026-05-16,2026-05-11 17:17:10,S0165,Chilonzor,41.30491,69.15568,32.0,12.9,49.14,217.9,0.449,100.0,46.8,3.38,1,0.3832
2026-05-17,2026-05-11 17:17:10,S0165,Chilonzor,41.30491,69.15568,32.9,16.8,49.2,220.3,0.2104,98.7,49.5,3.46,1,0.3832
2026-05-18,2026-05-11 17:17:10,S0165,Chilonzor,41.30491,69.15568,26.8,17.4,49.34,219.7,0.01,99.1,50.2,3.71,1,0.3832
2026-05-12,2026-05-11 17:17:10,S0166,Chilonzor,41.328243,69.157382,35.5,7.2,49.71,221.5,0.5118,92.2,52.0,2.64,0,0.0301
2026-05-13,2026-05-11 17:17:10,S0166,Chilonzor,41.328243,69.157382,42.6,10.6,49.8,229.3,0.5465,90.1,45.0,3.28,1,0.3801
2026-05-14,2026-05-11 17:17:10,S0166,Chilonzor,41.328243,69.157382,40.2,9.2,49.79,222.2,0.7045,89.7,49.3,2.39,1,0.3801
2026-05-15,2026-05-11 17:17:10,S0166,Chilonzor,41.328243,69.157382,37.4,7.8,49.76,220.7,0.6894,87.1,45.1,3.28,0,0.0301
2026-05-16,2026-05-11 17:17:10,S0166,Chilonzor,41.328243,69.157382,38.5,9.4,49.64,226.5,0.5501,86.8,46.7,3.08,0,0.0301
2026-05-17,2026-05-11 17:17:10,S0166,Chilonzor,41.328243,69.157382,37.4,7.8,49.66,225.3,0.7421,90.3,42.9,2.65,0,0.0301
2026-05-18,2026-05-11 17:17:10,S0166,Chilonzor,41.328243,69.157382,37.8,8.7,49.73,228.7,0.7666,86.4,36.5,2.23,0,0.0301
2026-05-12,2026-05-11 17:17:10,S0167,Chilonzor,41.289557,69.182578,39.0,14.5,49.96,231.0,0.296,98.6,89.3,4.36,1,0.3788
2026-05-13,2026-05-11 17:17:10,S0167,Chilonzor,41.289557,69.182578,39.4,16.2,49.89,233.2,0.3888,96.6,83.0,4.71,1,0.3788
2026-05-14,2026-05-11 17:17:10,S0167,Chilonzor,41.289557,69.182578,36.5,14.0,49.81,229.3,0.0739,98.3,80.1,4.59,0,0.0288
2026-05-15,2026-05-11 17:17:10,S0167,Chilonzor,41.289557,69.182578,42.0,14.2,49.83,228.5,0.3835,100.0,67.1,4.59,1,0.3788
2026-05-16,2026-05-11 17:17:10,S0167,Chilonzor,41.289557,69.182578,41.3,16.1,49.78,231.7,0.1887,100.0,85.6,4.21,1,0.3788
2026-05-17,2026-05-11 17:17:10,S0167,Chilonzor,41.289557,69.182578,44.4,15.7,49.67,235.3,0.2298,100.0,89.8,4.61,1,0.3788
2026-05-18,2026-05-11 17:17:10,S0167,Chilonzor,41.289557,69.182578,44.9,17.7,49.93,228.5,0.2815,100.0,84.3,4.46,1,0.3788
2026-05-12,2026-05-11 17:17:10,S0168,Chilonzor,41.307196,69.169791,33.5,10.1,49.89,229.4,0.1768,78.9,75.4,4.07,1,0.3709
2026-05-13,2026-05-11 17:17:10,S0168,Chilonzor,41.307196,69.169791,32.9,9.9,49.93,231.9,0.105,80.9,68.1,4.18,1,0.3709
2026-05-14,2026-05-11 17:17:10,S0168,Chilonzor,41.307196,69.169791,33.9,11.4,50.05,228.5,0.0568,79.4,69.9,4.17,1,0.3709
2026-05-15,2026-05-11 17:17:10,S0168,Chilonzor,41.307196,69.169791,32.9,11.3,50.09,229.7,0.1044,76.9,61.5,3.94,1,0.3709
2026-05-16,2026-05-11 17:17:10,S0168,Chilonzor,41.307196,69.169791,31.8,12.6,49.84,227.1,0.0405,75.2,70.8,4.53,1,0.3709
2026-05-17,2026-05-11 17:17:10,S0168,Chilonzor,41.307196,69.169791,34.8,10.6,49.73,235.2,0.1025,75.5,60.2,4.44,1,0.3709
2026-05-18,2026-05-11 17:17:10,S0168,Chilonzor,41.307196,69.169791,33.0,10.0,49.89,231.0,0.01,73.2,55.2,4.32,2,0.7209
2026-05-12,2026-05-11 17:17:10,S0169,Chilonzor,41.273367,69.172185,39.6,3.2,49.71,211.2,0.174,75.5,51.8,4.84,1,0.3822
2026-05-13,2026-05-11 17:17:10,S0169,Chilonzor,41.273367,69.172185,35.6,2.3,49.73,207.4,0.274,74.0,46.2,5.1,2,0.7322
2026-05-14,2026-05-11 17:17:10,S0169,Chilonzor,41.273367,69.172185,37.7,2.1,49.65,211.2,0.1429,74.4,51.9,4.93,2,0.7322
2026-05-15,2026-05-11 17:17:10,S0169,Chilonzor,41.273367,69.172185,37.5,1.1,49.74,215.0,0.2492,76.2,43.5,4.81,1,0.3822
2026-05-16,2026-05-11 17:17:10,S0169,Chilonzor,41.273367,69.172185,37.9,1.6,49.77,204.1,0.2775,71.2,50.2,4.26,2,0.7322
2026-05-17,2026-05-11 17:17:10,S0169,Chilonzor,41.273367,69.172185,42.1,2.1,49.67,203.1,0.2802,74.1,51.5,4.82,2,0.7322
2026-05-18,2026-05-11 17:17:10,S0169,Chilonzor,41.273367,69.172185,43.7,2.7,49.58,206.2,0.2088,73.0,52.1,4.88,2,0.7322
2026-05-12,2026-05-11 17:17:10,S0170,Chilonzor,41.291715,69.191373,35.8,8.7,50.2,217.7,0.2031,90.8,60.9,3.43,0,0.0327
2026-05-13,2026-05-11 17:17:10,S0170,Chilonzor,41.291715,69.191373,36.3,6.7,50.24,219.9,0.2469,86.7,55.0,3.6,0,0.0327
2026-05-14,2026-05-11 17:17:10,S0170,Chilonzor,41.291715,69.191373,37.8,4.2,50.02,218.4,0.3069,86.0,61.9,3.33,0,0.0327
2026-05-15,2026-05-11 17:17:10,S0170,Chilonzor,41.291715,69.191373,41.4,5.4,49.94,216.5,0.2982,94.0,53.2,3.32,1,0.3827
2026-05-16,2026-05-11 17:17:10,S0170,Chilonzor,41.291715,69.191373,37.3,5.4,50.15,219.9,0.2786,88.7,47.8,3.58,0,0.0327
2026-05-17,2026-05-11 17:17:10,S0170,Chilonzor,41.291715,69.191373,34.3,5.3,50.14,220.9,0.1696,86.4,57.2,3.29,0,0.0327
2026-05-18,2026-05-11 17:17:10,S0170,Chilonzor,41.291715,69.191373,38.5,5.3,50.34,217.9,0.2141,87.7,59.5,3.27,0,0.0327
2026-05-12,2026-05-11 17:17:10,S0171,Chilonzor,41.325985,69.211753,29.4,0.9,50.43,222.8,0.4347,78.6,82.5,3.38,1,0.3822
2026-05-13,2026-05-11 17:17:10,S0171,Chilonzor,41.325985,69.211753,28.5,1.0,50.42,226.7,0.506,80.1,86.0,3.7,1,0.3822
2026-05-14,2026-05-11 17:17:10,S0171,Chilonzor,41.325985,69.211753,30.1,1.8,50.52,224.5,0.4672,80.6,84.1,3.25,1,0.3822
2026-05-15,2026-05-11 17:17:10,S0171,Chilonzor,41.325985,69.211753,31.5,3.5,50.62,220.8,0.3285,73.9,71.6,3.13,2,0.7322
2026-05-16,2026-05-11 17:17:10,S0171,Chilonzor,41.325985,69.211753,32.1,1.6,50.47,225.7,0.3473,76.9,81.1,3.21,1,0.3822
2026-05-17,2026-05-11 17:17:10,S0171,Chilonzor,41.325985,69.211753,34.0,2.1,50.73,226.3,0.3633,75.4,87.3,3.23,1,0.3822
2026-05-18,2026-05-11 17:17:10,S0171,Chilonzor,41.325985,69.211753,31.4,0.0,50.85,224.2,0.2999,72.4,88.6,3.08,2,0.7322
2026-05-12,2026-05-11 17:17:10,S0172,Chilonzor,41.327438,69.174686,26.6,20.2,50.21,223.6,0.2212,83.6,57.8,4.01,1,0.3786
2026-05-13,2026-05-11 17:17:10,S0172,Chilonzor,41.327438,69.174686,26.3,18.8,50.09,222.3,0.3913,81.4,51.0,4.07,1,0.3786
2026-05-14,2026-05-11 17:17:10,S0172,Chilonzor,41.327438,69.174686,25.9,20.3,50.32,219.1,0.3701,83.7,52.5,4.29,1,0.3786
2026-05-15,2026-05-11 17:17:10,S0172,Chilonzor,41.327438,69.174686,24.4,20.2,50.24,220.5,0.3565,81.5,55.7,4.07,1,0.3786
2026-05-16,2026-05-11 17:17:10,S0172,Chilonzor,41.327438,69.174686,27.8,21.3,50.46,220.8,0.2725,79.4,48.3,4.38,1,0.3786
2026-05-17,2026-05-11 17:17:10,S0172,Chilonzor,41.327438,69.174686,24.8,21.5,50.46,217.7,0.4152,78.8,52.6,4.14,1,0.3786
2026-05-18,2026-05-11 17:17:10,S0172,Chilonzor,41.327438,69.174686,23.7,21.9,50.57,216.1,0.3246,80.0,53.6,3.91,1,0.3786
2026-05-12,2026-05-11 17:17:10,S0173,Chilonzor,41.274751,69.180337,30.3,6.1,49.14,223.5,0.742,91.2,90.5,3.87,1,0.3812
2026-05-13,2026-05-11 17:17:10,S0173,Chilonzor,41.274751,69.180337,24.8,8.6,49.17,220.2,0.9691,91.7,87.8,4.17,1,0.3812
2026-05-14,2026-05-11 17:17:10,S0173,Chilonzor,41.274751,69.180337,27.7,9.3,49.02,216.7,0.6542,89.0,95.0,3.87,1,0.3812
2026-05-15,2026-05-11 17:17:10,S0173,Chilonzor,41.274751,69.180337,30.1,10.3,49.24,213.7,0.6947,88.4,85.2,3.99,1,0.3812
2026-05-16,2026-05-11 17:17:10,S0173,Chilonzor,41.274751,69.180337,27.7,9.0,48.79,215.3,0.6982,89.3,90.6,4.1,2,0.7312
2026-05-17,2026-05-11 17:17:10,S0173,Chilonzor,41.274751,69.180337,22.4,10.6,49.01,214.1,0.7477,90.2,93.1,3.92,1,0.3812
2026-05-18,2026-05-11 17:17:10,S0173,Chilonzor,41.274751,69.180337,23.4,12.2,48.94,214.7,0.7413,89.3,95.0,4.02,2,0.7312
2026-05-12,2026-05-11 17:17:10,S0174,Chilonzor,41.283215,69.176266,23.6,12.2,50.28,225.9,0.01,78.0,48.2,4.14,1,0.3706
2026-05-13,2026-05-11 17:17:10,S0174,Chilonzor,41.283215,69.176266,23.0,13.9,50.24,223.2,0.1562,76.6,56.7,3.73,1,0.3706
2026-05-14,2026-05-11 17:17:10,S0174,Chilonzor,41.283215,69.176266,25.0,15.9,50.22,225.0,0.0928,80.0,56.2,4.25,1,0.3706
2026-05-15,2026-05-11 17:17:10,S0174,Chilonzor,41.283215,69.176266,28.0,16.3,50.05,224.7,0.01,80.5,55.4,4.02,1,0.3706
2026-05-16,2026-05-11 17:17:10,S0174,Chilonzor,41.283215,69.176266,24.1,14.7,50.25,223.8,0.0299,81.2,56.2,3.78,1,0.3706
2026-05-17,2026-05-11 17:17:10,S0174,Chilonzor,41.283215,69.176266,22.4,18.4,50.19,227.8,0.01,82.8,59.5,4.47,1,0.3706
2026-05-18,2026-05-11 17:17:10,S0174,Chilonzor,41.283215,69.176266,27.7,18.5,50.11,223.3,0.024,83.2,52.8,4.43,1,0.3706
2026-05-12,2026-05-11 17:17:10,S0175,Chilonzor,41.301745,69.194501,34.4,11.6,50.06,210.0,0.9593,100.0,65.5,2.81,0,0.0292
2026-05-13,2026-05-11 17:17:10,S0175,Chilonzor,41.301745,69.194501,33.3,13.0,50.08,215.1,0.9697,94.3,64.7,2.93,0,0.0292
2026-05-14,2026-05-11 17:17:10,S0175,Chilonzor,41.301745,69.194501,33.3,10.5,50.11,212.4,1.0494,97.3,62.8,2.67,1,0.3792
2026-05-15,2026-05-11 17:17:10,S0175,Chilonzor,41.301745,69.194501,31.3,14.7,50.17,213.3,0.8427,97.1,65.6,2.72,0,0.0292
2026-05-16,2026-05-11 17:17:10,S0175,Chilonzor,41.301745,69.194501,30.4,15.6,50.2,214.3,1.0197,91.6,66.4,2.82,1,0.3792
2026-05-17,2026-05-11 17:17:10,S0175,Chilonzor,41.301745,69.194501,32.7,14.6,50.09,213.9,1.0218,92.3,53.5,3.2,1,0.3792
2026-05-18,2026-05-11 17:17:10,S0175,Chilonzor,41.301745,69.194501,31.1,17.2,50.33,210.9,1.0586,86.1,45.5,2.65,1,0.3792
2026-05-12,2026-05-11 17:17:10,S0176,Chilonzor,41.301445,69.163709,21.6,11.4,49.94,228.9,1.0011,85.5,78.4,3.01,1,0.3738
2026-05-13,2026-05-11 17:17:10,S0176,Chilonzor,41.301445,69.163709,21.1,9.4,49.88,232.5,1.0017,86.1,80.4,3.05,1,0.3738
2026-05-14,2026-05-11 17:17:10,S0176,Chilonzor,41.301445,69.163709,20.8,10.1,49.88,228.5,1.0274,87.6,80.5,2.64,1,0.3738
2026-05-15,2026-05-11 17:17:10,S0176,Chilonzor,41.301445,69.163709,19.2,8.5,49.75,233.8,1.1047,85.8,79.7,2.68,1,0.3738
2026-05-16,2026-05-11 17:17:10,S0176,Chilonzor,41.301445,69.163709,21.7,10.8,49.74,231.9,1.0611,85.6,84.0,3.09,1,0.3738
2026-05-17,2026-05-11 17:17:10,S0176,Chilonzor,41.301445,69.163709,22.5,9.2,49.82,228.5,1.0133,87.2,89.4,2.64,1,0.3738
2026-05-18,2026-05-11 17:17:10,S0176,Chilonzor,41.301445,69.163709,21.5,8.7,49.73,231.6,1.0501,86.3,81.5,2.35,1,0.3738
2026-05-12,2026-05-11 17:17:10,S0177,Chilonzor,41.32968,69.166795,48.7,4.8,50.13,220.5,0.5623,80.6,53.6,3.17,2,0.7209
2026-05-13,2026-05-11 17:17:10,S0177,Chilonzor,41.32968,69.166795,47.1,6.6,50.11,219.5,0.5489,80.5,51.0,3.36,2,0.7209
2026-05-14,2026-05-11 17:17:10,S0177,Chilonzor,41.32968,69.166795,46.1,6.1,49.97,223.5,0.5298,80.8,47.9,3.61,2,0.7209
2026-05-15,2026-05-11 17:17:10,S0177,Chilonzor,41.32968,69.166795,47.3,8.8,50.08,223.1,0.6767,80.8,55.2,3.25,2,0.7209
2026-05-16,2026-05-11 17:17:10,S0177,Chilonzor,41.32968,69.166795,48.1,6.5,50.08,224.5,0.5351,78.1,58.4,3.37,2,0.7209
2026-05-17,2026-05-11 17:17:10,S0177,Chilonzor,41.32968,69.166795,48.3,4.7,50.14,221.2,0.6668,79.4,56.4,2.95,2,0.7209
2026-05-18,2026-05-11 17:17:10,S0177,Chilonzor,41.32968,69.166795,49.2,2.2,50.0,223.8,0.5558,78.5,53.8,3.21,2,0.7209
2026-05-12,2026-05-11 17:17:10,S0178,Chilonzor,41.32914,69.158124,32.9,6.2,50.2,227.4,0.6793,85.8,44.5,3.18,0,0.0284
2026-05-13,2026-05-11 17:17:10,S0178,Chilonzor,41.32914,69.158124,32.2,5.9,50.21,222.8,0.6,88.3,51.0,3.36,0,0.0284
2026-05-14,2026-05-11 17:17:10,S0178,Chilonzor,41.32914,69.158124,30.0,5.1,50.32,227.2,0.5714,87.9,58.7,3.65,0,0.0284
2026-05-15,2026-05-11 17:17:10,S0178,Chilonzor,41.32914,69.158124,33.0,6.1,50.28,223.5,0.4419,85.8,63.3,3.51,0,0.0284
2026-05-16,2026-05-11 17:17:10,S0178,Chilonzor,41.32914,69.158124,28.3,3.2,50.35,225.4,0.4729,88.4,56.2,3.71,0,0.0284
2026-05-17,2026-05-11 17:17:10,S0178,Chilonzor,41.32914,69.158124,31.3,3.6,50.49,225.3,0.5448,88.9,60.0,4.02,0,0.0284
2026-05-18,2026-05-11 17:17:10,S0178,Chilonzor,41.32914,69.158124,31.1,2.8,50.5,228.1,0.4815,86.4,60.5,3.35,0,0.0284
2026-05-12,2026-05-11 17:17:10,S0179,Chilonzor,41.276446,69.200475,32.6,16.0,50.33,215.4,0.5344,90.4,59.6,3.76,0,0.0223
2026-05-13,2026-05-11 17:17:10,S0179,Chilonzor,41.276446,69.200475,31.8,16.6,50.38,212.8,0.4753,93.5,61.6,3.21,0,0.0223
2026-05-14,2026-05-11 17:17:10,S0179,Chilonzor,41.276446,69.200475,31.5,15.1,50.33,209.8,0.4255,92.8,61.8,3.76,1,0.3723
2026-05-15,2026-05-11 17:17:10,S0179,Chilonzor,41.276446,69.200475,35.4,16.9,50.31,209.6,0.3819,91.3,60.2,3.58,1,0.3723
2026-05-16,2026-05-11 17:17:10,S0179,Chilonzor,41.276446,69.200475,35.7,17.0,50.3,210.7,0.3786,93.0,59.4,3.59,0,0.0223
2026-05-17,2026-05-11 17:17:10,S0179,Chilonzor,41.276446,69.200475,34.0,18.0,50.4,211.4,0.3901,95.6,64.6,3.52,0,0.0223
2026-05-18,2026-05-11 17:17:10,S0179,Chilonzor,41.276446,69.200475,35.1,18.7,50.55,211.6,0.3881,94.2,70.4,3.54,1,0.3723
2026-05-12,2026-05-11 17:17:10,S0180,Chilonzor,41.281961,69.141454,34.2,9.0,50.65,230.1,0.3476,83.2,75.0,4.25,1,0.3807
2026-05-13,2026-05-11 17:17:10,S0180,Chilonzor,41.281961,69.141454,34.3,8.8,50.52,233.1,0.5789,83.4,71.5,4.4,1,0.3807
2026-05-14,2026-05-11 17:17:10,S0180,Chilonzor,41.281961,69.141454,33.5,7.8,50.69,231.5,0.4015,87.6,77.5,4.03,1,0.3807
2026-05-15,2026-05-11 17:17:10,S0180,Chilonzor,41.281961,69.141454,33.3,8.4,50.61,232.0,0.492,87.9,68.1,4.14,1,0.3807
2026-05-16,2026-05-11 17:17:10,S0180,Chilonzor,41.281961,69.141454,33.3,6.4,50.74,231.2,0.2705,86.9,82.2,3.7,1,0.3807
2026-05-17,2026-05-11 17:17:10,S0180,Chilonzor,41.281961,69.141454,34.2,7.1,50.61,232.1,0.3445,87.9,68.7,4.38,1,0.3807
2026-05-18,2026-05-11 17:17:10,S0180,Chilonzor,41.281961,69.141454,32.3,8.3,50.54,231.8,0.5808,87.8,75.5,4.22,1,0.3807
2026-05-12,2026-05-11 17:17:10,S0181,Chilonzor,41.287264,69.213286,42.3,16.3,49.76,217.7,0.3554,85.0,76.0,4.86,1,0.3874
2026-05-13,2026-05-11 17:17:10,S0181,Chilonzor,41.287264,69.213286,39.1,12.8,49.78,217.1,0.2361,85.6,76.1,4.61,0,0.0374
2026-05-14,2026-05-11 17:17:10,S0181,Chilonzor,41.287264,69.213286,39.4,16.2,49.74,217.2,0.2977,84.2,77.7,4.26,1,0.3874
2026-05-15,2026-05-11 17:17:10,S0181,Chilonzor,41.287264,69.213286,43.8,13.7,49.75,210.3,0.3396,83.7,82.9,4.7,1,0.3874
2026-05-16,2026-05-11 17:17:10,S0181,Chilonzor,41.287264,69.213286,38.4,12.8,49.86,214.7,0.2454,84.8,81.8,4.64,1,0.3874
2026-05-17,2026-05-11 17:17:10,S0181,Chilonzor,41.287264,69.213286,38.5,17.2,49.69,211.1,0.311,84.2,77.8,4.12,1,0.3874
2026-05-18,2026-05-11 17:17:10,S0181,Chilonzor,41.287264,69.213286,41.9,13.4,49.95,205.5,0.2596,83.0,83.4,4.59,1,0.3874
2026-05-12,2026-05-11 17:17:10,S0182,Chilonzor,41.262454,69.167222,37.9,7.7,50.0,207.4,0.4703,98.7,57.8,4.31,1,0.3838
2026-05-13,2026-05-11 17:17:10,S0182,Chilonzor,41.262454,69.167222,34.7,8.8,49.8,212.4,0.5356,100.0,68.1,3.67,0,0.0338
2026-05-14,2026-05-11 17:17:10,S0182,Chilonzor,41.262454,69.167222,33.3,8.5,49.9,209.1,0.5349,100.0,64.6,3.69,1,0.3838
2026-05-15,2026-05-11 17:17:10,S0182,Chilonzor,41.262454,69.167222,35.9,9.1,49.92,209.2,0.6706,98.3,74.2,3.59,1,0.3838
2026-05-16,2026-05-11 17:17:10,S0182,Chilonzor,41.262454,69.167222,35.1,8.9,49.8,213.7,0.716,100.0,75.6,4.13,0,0.0338
2026-05-17,2026-05-11 17:17:10,S0182,Chilonzor,41.262454,69.167222,34.1,7.2,49.89,211.6,0.5153,100.0,74.7,3.97,0,0.0338
2026-05-18,2026-05-11 17:17:10,S0182,Chilonzor,41.262454,69.167222,37.2,9.3,49.88,219.9,0.5685,100.0,80.3,3.57,0,0.0338
2026-05-12,2026-05-11 17:17:10,S0183,Chilonzor,41.296586,69.186879,33.5,4.5,50.0,206.7,0.5693,88.4,67.5,3.81,1,0.3933
2026-05-13,2026-05-11 17:17:10,S0183,Chilonzor,41.296586,69.186879,34.5,5.0,50.08,204.3,0.6565,88.5,63.5,4.51,1,0.3933
2026-05-14,2026-05-11 17:17:10,S0183,Chilonzor,41.296586,69.186879,34.3,3.6,49.99,199.8,0.8265,89.1,63.2,4.22,2,0.7433
2026-05-15,2026-05-11 17:17:10,S0183,Chilonzor,41.296586,69.186879,32.3,2.9,49.96,195.0,0.7531,90.8,68.2,3.65,2,0.7433
2026-05-16,2026-05-11 17:17:10,S0183,Chilonzor,41.296586,69.186879,31.0,4.6,49.81,198.0,0.931,89.0,72.4,3.8,2,0.7433
2026-05-17,2026-05-11 17:17:10,S0183,Chilonzor,41.296586,69.186879,36.6,4.6,49.84,201.7,0.9683,86.8,67.0,3.97,1,0.3933
2026-05-18,2026-05-11 17:17:10,S0183,Chilonzor,41.296586,69.186879,35.4,3.9,49.77,195.0,0.9594,87.4,68.9,3.72,2,0.7433
2026-05-12,2026-05-11 17:17:10,S0184,Chilonzor,41.278593,69.196841,30.0,9.8,50.33,231.1,0.915,83.4,79.5,1.64,1,0.3905
2026-05-13,2026-05-11 17:17:10,S0184,Chilonzor,41.278593,69.196841,25.6,9.0,49.99,234.5,0.8919,89.4,77.0,2.46,1,0.3905
2026-05-14,2026-05-11 17:17:10,S0184,Chilonzor,41.278593,69.196841,25.0,10.0,50.3,236.6,0.8686,83.7,73.2,2.21,1,0.3905
2026-05-15,2026-05-11 17:17:10,S0184,Chilonzor,41.278593,69.196841,22.2,12.8,50.07,235.6,0.9362,81.6,81.7,1.76,1,0.3905
2026-05-16,2026-05-11 17:17:10,S0184,Chilonzor,41.278593,69.196841,25.3,14.7,50.06,239.0,1.0061,85.2,80.7,1.53,1,0.3905
2026-05-17,2026-05-11 17:17:10,S0184,Chilonzor,41.278593,69.196841,24.9,14.3,50.03,239.8,0.9777,86.5,76.5,1.83,1,0.3905
2026-05-18,2026-05-11 17:17:10,S0184,Chilonzor,41.278593,69.196841,23.7,12.4,50.36,242.9,0.8225,84.8,82.3,2.16,2,0.7405
2026-05-12,2026-05-11 17:17:10,S0185,Chilonzor,41.30722,69.207002,41.5,14.7,49.97,218.8,0.4068,85.2,72.5,3.03,1,0.3815
2026-05-13,2026-05-11 17:17:10,S0185,Chilonzor,41.30722,69.207002,39.1,15.0,50.1,213.4,0.3721,89.2,68.1,2.8,0,0.0315
2026-05-14,2026-05-11 17:17:10,S0185,Chilonzor,41.30722,69.207002,41.7,14.0,50.1,223.7,0.415,92.1,79.6,2.76,1,0.3815
2026-05-15,2026-05-11 17:17:10,S0185,Chilonzor,41.30722,69.207002,44.7,13.9,50.32,222.7,0.3726,88.4,75.3,2.74,1,0.3815
2026-05-16,2026-05-11 17:17:10,S0185,Chilonzor,41.30722,69.207002,47.3,14.6,50.27,219.3,0.323,90.1,73.7,2.63,2,0.7315
2026-05-17,2026-05-11 17:17:10,S0185,Chilonzor,41.30722,69.207002,48.5,14.6,50.16,221.8,0.3484,87.3,66.0,2.79,2,0.7315
2026-05-18,2026-05-11 17:17:10,S0185,Chilonzor,41.30722,69.207002,47.0,13.0,50.26,222.1,0.3571,85.1,74.9,2.58,2,0.7315
2026-05-12,2026-05-11 17:17:10,S0186,Chilonzor,41.327521,69.172054,34.0,5.3,50.23,224.6,0.6377,83.7,51.3,3.47,1,0.3668
2026-05-13,2026-05-11 17:17:10,S0186,Chilonzor,41.327521,69.172054,37.6,4.7,50.26,221.3,0.5357,88.3,58.6,2.5,0,0.0168
2026-05-14,2026-05-11 17:17:10,S0186,Chilonzor,41.327521,69.172054,35.7,4.4,50.2,224.0,0.5378,85.0,57.9,3.06,0,0.0168
2026-05-15,2026-05-11 17:17:10,S0186,Chilonzor,41.327521,69.172054,35.9,4.1,50.22,220.6,0.4592,84.7,67.0,2.69,1,0.3668
2026-05-16,2026-05-11 17:17:10,S0186,Chilonzor,41.327521,69.172054,36.1,4.9,50.32,220.4,0.4579,84.1,63.0,3.04,1,0.3668
2026-05-17,2026-05-11 17:17:10,S0186,Chilonzor,41.327521,69.172054,35.9,2.4,50.04,226.4,0.4721,83.1,80.3,2.66,1,0.3668
2026-05-18,2026-05-11 17:17:10,S0186,Chilonzor,41.327521,69.172054,34.0,1.3,50.28,227.1,0.5087,80.4,66.8,3.17,1,0.3668
2026-05-12,2026-05-11 17:17:10,S0187,Chilonzor,41.268327,69.153358,30.0,10.7,50.21,228.0,0.955,82.4,51.5,1.9,1,0.3836
2026-05-13,2026-05-11 17:17:10,S0187,Chilonzor,41.268327,69.153358,25.8,8.2,50.35,226.7,0.9578,83.3,46.9,2.43,1,0.3836
2026-05-14,2026-05-11 17:17:10,S0187,Chilonzor,41.268327,69.153358,26.6,11.8,50.22,227.0,0.894,86.1,44.7,2.3,0,0.0336
2026-05-15,2026-05-11 17:17:10,S0187,Chilonzor,41.268327,69.153358,25.9,11.0,50.34,225.2,1.0727,84.3,33.4,2.33,1,0.3836
2026-05-16,2026-05-11 17:17:10,S0187,Chilonzor,41.268327,69.153358,29.6,10.0,50.26,227.0,0.9196,82.3,33.6,2.43,1,0.3836
2026-05-17,2026-05-11 17:17:10,S0187,Chilonzor,41.268327,69.153358,26.2,12.5,50.3,230.4,1.0147,85.6,30.6,2.1,1,0.3836
2026-05-18,2026-05-11 17:17:10,S0187,Chilonzor,41.268327,69.153358,27.7,11.9,50.42,229.7,1.1217,85.3,25.0,2.49,1,0.3836
2026-05-12,2026-05-11 17:17:10,S0188,Chilonzor,41.309986,69.173759,43.1,11.2,50.0,209.4,0.3607,79.7,71.3,2.33,1,0.3785
2026-05-13,2026-05-11 17:17:10,S0188,Chilonzor,41.309986,69.173759,42.6,11.9,50.01,208.1,0.278,79.4,64.6,2.9,1,0.3785
2026-05-14,2026-05-11 17:17:10,S0188,Chilonzor,41.309986,69.173759,42.6,11.1,49.93,215.6,0.4017,83.7,81.5,2.29,1,0.3785
2026-05-15,2026-05-11 17:17:10,S0188,Chilonzor,41.309986,69.173759,43.1,12.6,50.06,208.4,0.2186,78.8,72.4,2.59,1,0.3785
2026-05-16,2026-05-11 17:17:10,S0188,Chilonzor,41.309986,69.173759,43.3,14.5,49.73,207.8,0.1266,76.8,80.3,1.84,1,0.3785
2026-05-17,2026-05-11 17:17:10,S0188,Chilonzor,41.309986,69.173759,46.2,17.1,49.79,206.7,0.2233,82.7,78.4,2.16,2,0.7285
2026-05-18,2026-05-11 17:17:10,S0188,Chilonzor,41.309986,69.173759,46.7,17.6,49.82,210.7,0.1637,83.0,78.0,2.25,2,0.7285
2026-05-12,2026-05-11 17:17:10,S0189,Chilonzor,41.298026,69.214648,28.2,8.5,50.08,210.0,0.4944,82.5,75.3,3.29,1,0.3791
2026-05-13,2026-05-11 17:17:10,S0189,Chilonzor,41.298026,69.214648,30.7,9.4,49.95,211.6,0.3895,90.8,72.4,3.3,0,0.0291
2026-05-14,2026-05-11 17:17:10,S0189,Chilonzor,41.298026,69.214648,27.8,11.4,49.92,210.3,0.3067,89.0,79.1,3.28,0,0.0291
2026-05-15,2026-05-11 17:17:10,S0189,Chilonzor,41.298026,69.214648,30.6,10.1,49.82,214.0,0.4081,87.0,71.4,2.68,0,0.0291
2026-05-16,2026-05-11 17:17:10,S0189,Chilonzor,41.298026,69.214648,24.8,9.9,49.82,216.2,0.4121,91.0,77.4,3.35,0,0.0291
2026-05-17,2026-05-11 17:17:10,S0189,Chilonzor,41.298026,69.214648,30.2,9.0,49.85,217.0,0.4566,94.6,76.8,3.3,0,0.0291
2026-05-18,2026-05-11 17:17:10,S0189,Chilonzor,41.298026,69.214648,18.4,9.4,49.7,216.3,0.585,93.8,71.6,3.09,0,0.0291
2026-05-12,2026-05-11 17:17:10,S0190,Chilonzor,41.313832,69.160593,38.4,13.2,49.97,221.0,0.0702,88.4,94.8,4.18,1,0.3694
2026-05-13,2026-05-11 17:17:10,S0190,Chilonzor,41.313832,69.160593,36.1,12.0,50.28,222.4,0.0177,91.3,95.0,4.06,1,0.3694
2026-05-14,2026-05-11 17:17:10,S0190,Chilonzor,41.313832,69.160593,38.3,13.7,49.88,222.9,0.0472,89.8,95.0,4.0,1,0.3694
2026-05-15,2026-05-11 17:17:10,S0190,Chilonzor,41.313832,69.160593,35.6,12.3,50.22,221.6,0.0481,89.2,95.0,4.47,1,0.3694
2026-05-16,2026-05-11 17:17:10,S0190,Chilonzor,41.313832,69.160593,37.1,12.3,50.03,225.7,0.01,93.2,95.0,4.25,1,0.3694
2026-05-17,2026-05-11 17:17:10,S0190,Chilonzor,41.313832,69.160593,38.5,12.8,50.17,225.4,0.01,92.7,94.5,4.41,1,0.3694
2026-05-18,2026-05-11 17:17:10,S0190,Chilonzor,41.313832,69.160593,41.0,12.7,49.92,223.6,0.01,98.3,95.0,4.58,1,0.3694
2026-05-12,2026-05-11 17:17:10,S0191,Chilonzor,41.328568,69.163799,42.6,10.0,49.86,211.6,0.0883,87.5,77.4,3.12,1,0.3701
2026-05-13,2026-05-11 17:17:10,S0191,Chilonzor,41.328568,69.163799,40.2,9.3,49.83,210.9,0.01,84.0,73.7,2.6,1,0.3701
2026-05-14,2026-05-11 17:17:10,S0191,Chilonzor,41.328568,69.163799,40.5,10.0,49.86,203.9,0.01,83.5,72.8,3.15,1,0.3701
2026-05-15,2026-05-11 17:17:10,S0191,Chilonzor,41.328568,69.163799,35.5,7.2,49.89,210.3,0.0165,86.0,86.3,3.66,0,0.0201
2026-05-16,2026-05-11 17:17:10,S0191,Chilonzor,41.328568,69.163799,38.9,10.3,49.77,206.3,0.1236,84.9,80.6,3.27,1,0.3701
2026-05-17,2026-05-11 17:17:10,S0191,Chilonzor,41.328568,69.163799,37.3,8.1,49.81,206.3,0.01,85.1,81.8,3.25,1,0.3701
2026-05-18,2026-05-11 17:17:10,S0191,Chilonzor,41.328568,69.163799,39.1,7.9,49.91,207.7,0.01,86.1,76.8,4.06,1,0.3701
2026-05-12,2026-05-11 17:17:10,S0192,Chilonzor,41.313148,69.167527,40.9,5.7,49.93,225.0,0.2874,82.7,62.5,3.74,1,0.3827
2026-05-13,2026-05-11 17:17:10,S0192,Chilonzor,41.313148,69.167527,36.1,5.4,49.93,223.8,0.3098,81.3,64.3,3.54,1,0.3827
2026-05-14,2026-05-11 17:17:10,S0192,Chilonzor,41.313148,69.167527,40.6,7.7,49.82,226.9,0.2742,87.6,57.9,3.41,1,0.3827
2026-05-15,2026-05-11 17:17:10,S0192,Chilonzor,41.313148,69.167527,39.2,6.9,49.7,229.9,0.1431,82.2,61.5,3.85,1,0.3827
2026-05-16,2026-05-11 17:17:10,S0192,Chilonzor,41.313148,69.167527,38.9,6.0,49.84,226.2,0.176,84.5,72.5,3.16,1,0.3827
2026-05-17,2026-05-11 17:17:10,S0192,Chilonzor,41.313148,69.167527,37.7,6.6,49.74,226.2,0.0337,86.5,64.7,3.29,0,0.0327
2026-05-18,2026-05-11 17:17:10,S0192,Chilonzor,41.313148,69.167527,38.9,4.3,49.66,227.6,0.0327,82.0,68.9,2.99,1,0.3827
2026-05-12,2026-05-11 17:17:10,S0193,Chilonzor,41.310872,69.175435,22.3,0.0,49.32,208.0,0.4897,93.4,66.9,3.78,1,0.3858
2026-05-13,2026-05-11 17:17:10,S0193,Chilonzor,41.310872,69.175435,23.5,0.0,49.2,207.2,0.4593,93.7,73.4,3.35,1,0.3858
2026-05-14,2026-05-11 17:17:10,S0193,Chilonzor,41.310872,69.175435,20.2,0.0,49.25,207.5,0.5979,92.8,72.7,3.67,1,0.3858
2026-05-15,2026-05-11 17:17:10,S0193,Chilonzor,41.310872,69.175435,19.9,0.0,49.21,204.2,0.4215,95.0,66.8,3.99,1,0.3858
2026-05-16,2026-05-11 17:17:10,S0193,Chilonzor,41.310872,69.175435,20.0,0.0,49.02,203.2,0.5722,95.4,68.4,3.39,1,0.3858
2026-05-17,2026-05-11 17:17:10,S0193,Chilonzor,41.310872,69.175435,23.2,0.0,48.93,205.0,0.5656,96.3,63.9,3.96,2,0.7358
2026-05-18,2026-05-11 17:17:10,S0193,Chilonzor,41.310872,69.175435,18.6,0.0,48.81,202.1,0.633,96.9,64.7,3.46,2,0.7358
2026-05-12,2026-05-11 17:17:10,S0194,Chilonzor,41.293419,69.167852,45.4,9.5,49.82,210.1,0.7487,83.2,95.0,5.8,2,0.7333
2026-05-13,2026-05-11 17:17:10,S0194,Chilonzor,41.293419,69.167852,45.6,11.0,49.71,203.9,0.6157,85.0,95.0,5.53,2,0.7333
2026-05-14,2026-05-11 17:17:10,S0194,Chilonzor,41.293419,69.167852,46.1,9.6,49.93,204.3,0.6458,83.7,95.0,5.48,2,0.7333
2026-05-15,2026-05-11 17:17:10,S0194,Chilonzor,41.293419,69.167852,49.5,9.1,49.88,208.4,0.6044,82.6,95.0,5.72,2,0.7333
2026-05-16,2026-05-11 17:17:10,S0194,Chilonzor,41.293419,69.167852,46.3,12.4,49.8,207.2,0.7522,82.1,95.0,5.61,2,0.7333
2026-05-17,2026-05-11 17:17:10,S0194,Chilonzor,41.293419,69.167852,46.5,13.2,49.75,206.0,0.7735,82.4,95.0,6.09,2,0.7333
2026-05-18,2026-05-11 17:17:10,S0194,Chilonzor,41.293419,69.167852,48.2,12.0,50.04,206.2,0.7067,83.9,94.4,6.46,2,0.7333
2026-05-12,2026-05-11 17:17:10,S0195,Chilonzor,41.296567,69.21322,45.8,9.1,49.83,222.1,0.6465,90.8,79.1,2.77,2,0.7265
2026-05-13,2026-05-11 17:17:10,S0195,Chilonzor,41.296567,69.21322,45.8,14.5,49.74,226.2,0.6266,93.6,75.0,2.45,2,0.7265
2026-05-14,2026-05-11 17:17:10,S0195,Chilonzor,41.296567,69.21322,46.2,11.2,49.86,224.1,0.665,90.1,67.9,2.45,2,0.7265
2026-05-15,2026-05-11 17:17:10,S0195,Chilonzor,41.296567,69.21322,47.6,15.1,49.67,229.8,0.7379,91.6,75.8,2.37,2,0.7265
2026-05-16,2026-05-11 17:17:10,S0195,Chilonzor,41.296567,69.21322,49.9,12.7,49.63,223.7,0.6912,92.3,60.7,2.17,2,0.7265
2026-05-17,2026-05-11 17:17:10,S0195,Chilonzor,41.296567,69.21322,51.9,13.7,49.74,226.6,0.6445,91.3,68.3,2.14,2,0.7265
2026-05-18,2026-05-11 17:17:10,S0195,Chilonzor,41.296567,69.21322,47.7,15.3,49.65,224.6,0.615,95.7,68.2,2.13,2,0.7265
2026-05-12,2026-05-11 17:17:10,S0196,Chilonzor,41.272574,69.205359,43.7,11.2,50.29,209.6,0.2786,90.5,70.5,3.61,1,0.3741
2026-05-13,2026-05-11 17:17:10,S0196,Chilonzor,41.272574,69.205359,45.7,8.4,50.26,206.1,0.2643,89.5,77.6,3.5,2,0.7241
2026-05-14,2026-05-11 17:17:10,S0196,Chilonzor,41.272574,69.205359,46.6,8.2,50.13,202.9,0.2331,89.4,74.3,3.38,2,0.7241
2026-05-15,2026-05-11 17:17:10,S0196,Chilonzor,41.272574,69.205359,44.7,4.9,50.25,199.0,0.3136,83.8,74.9,3.72,2,0.7241
2026-05-16,2026-05-11 17:17:10,S0196,Chilonzor,41.272574,69.205359,49.1,5.4,50.03,202.2,0.4856,85.3,71.9,3.85,2,0.7241
2026-05-17,2026-05-11 17:17:10,S0196,Chilonzor,41.272574,69.205359,43.2,5.5,50.08,197.0,0.3219,83.4,82.0,4.22,2,0.7241
2026-05-18,2026-05-11 17:17:10,S0196,Chilonzor,41.272574,69.205359,44.9,6.8,49.99,195.0,0.2156,86.1,83.4,3.53,2,0.7241
2026-05-12,2026-05-11 17:17:10,S0197,Chilonzor,41.260926,69.154262,34.5,18.8,49.8,215.8,0.2519,86.5,48.0,3.71,0,0.0285
2026-05-13,2026-05-11 17:17:10,S0197,Chilonzor,41.260926,69.154262,32.8,16.1,49.73,215.2,0.1097,84.3,43.6,3.76,1,0.3785
2026-05-14,2026-05-11 17:17:10,S0197,Chilonzor,41.260926,69.154262,31.9,15.0,49.8,214.0,0.1419,83.3,52.1,3.38,1,0.3785
2026-05-15,2026-05-11 17:17:10,S0197,Chilonzor,41.260926,69.154262,31.4,19.1,49.88,211.3,0.1602,83.3,50.4,3.04,1,0.3785
2026-05-16,2026-05-11 17:17:10,S0197,Chilonzor,41.260926,69.154262,29.9,16.9,49.8,212.0,0.1985,86.7,54.4,3.15,0,0.0285
2026-05-17,2026-05-11 17:17:10,S0197,Chilonzor,41.260926,69.154262,33.4,17.2,49.8,206.1,0.0932,83.9,54.5,2.46,1,0.3785
2026-05-18,2026-05-11 17:17:10,S0197,Chilonzor,41.260926,69.154262,28.3,18.4,49.77,208.1,0.1782,86.3,50.1,2.57,1,0.3785
2026-05-12,2026-05-11 17:17:10,S0198,Chilonzor,41.321677,69.208875,26.7,9.5,50.35,218.3,0.7061,90.4,95.0,5.59,2,0.722
2026-05-13,2026-05-11 17:17:10,S0198,Chilonzor,41.321677,69.208875,27.9,9.3,50.39,218.1,0.5478,92.2,89.2,5.32,1,0.372
2026-05-14,2026-05-11 17:17:10,S0198,Chilonzor,41.321677,69.208875,26.1,11.0,50.39,217.7,0.5362,94.1,90.1,5.59,2,0.722
2026-05-15,2026-05-11 17:17:10,S0198,Chilonzor,41.321677,69.208875,24.3,9.9,50.23,218.4,0.5134,94.5,95.0,6.03,2,0.722
2026-05-16,2026-05-11 17:17:10,S0198,Chilonzor,41.321677,69.208875,25.8,11.3,50.55,218.4,0.6575,94.5,95.0,6.1,2,0.722
2026-05-17,2026-05-11 17:17:10,S0198,Chilonzor,41.321677,69.208875,26.2,11.0,50.49,216.0,0.5969,96.0,94.4,5.86,2,0.722
2026-05-18,2026-05-11 17:17:10,S0198,Chilonzor,41.321677,69.208875,28.0,12.7,50.59,221.4,0.7097,95.8,95.0,6.12,2,0.722
2026-05-12,2026-05-11 17:17:10,S0199,Chilonzor,41.283413,69.156191,30.8,11.9,49.89,220.6,0.6997,89.6,72.0,3.96,0,0.0314
2026-05-13,2026-05-11 17:17:10,S0199,Chilonzor,41.283413,69.156191,28.4,10.8,49.87,222.8,0.5798,93.3,73.2,3.88,0,0.0314
2026-05-14,2026-05-11 17:17:10,S0199,Chilonzor,41.283413,69.156191,33.8,9.8,49.92,222.2,0.5688,86.0,74.2,3.74,0,0.0314
2026-05-15,2026-05-11 17:17:10,S0199,Chilonzor,41.283413,69.156191,33.4,11.9,49.97,222.8,0.6207,85.4,71.1,3.93,0,0.0314
2026-05-16,2026-05-11 17:17:10,S0199,Chilonzor,41.283413,69.156191,32.6,10.8,49.75,217.1,0.6483,88.3,72.7,4.0,0,0.0314
2026-05-17,2026-05-11 17:17:10,S0199,Chilonzor,41.283413,69.156191,32.8,10.6,49.77,222.6,0.6947,83.5,72.1,3.82,1,0.3814
2026-05-18,2026-05-11 17:17:10,S0199,Chilonzor,41.283413,69.156191,31.5,14.0,49.9,218.0,0.6695,83.4,79.8,3.83,1,0.3814
2026-05-12,2026-05-11 17:17:10,S0200,Chilonzor,41.309838,69.199917,39.5,2.2,50.57,226.0,0.7258,100.0,40.7,3.39,1,0.3815
2026-05-13,2026-05-11 17:17:10,S0200,Chilonzor,41.309838,69.199917,39.3,1.1,50.66,225.0,0.7418,100.0,40.6,3.21,1,0.3815
2026-05-14,2026-05-11 17:17:10,S0200,Chilonzor,41.309838,69.199917,42.0,4.7,50.49,232.2,0.8885,98.0,34.6,3.06,1,0.3815
2026-05-15,2026-05-11 17:17:10,S0200,Chilonzor,41.309838,69.199917,40.1,4.4,50.6,225.5,0.7356,100.0,42.7,3.61,1,0.3815
2026-05-16,2026-05-11 17:17:10,S0200,Chilonzor,41.309838,69.199917,41.9,5.1,50.52,224.4,0.7807,100.0,46.1,3.48,1,0.3815
2026-05-17,2026-05-11 17:17:10,S0200,Chilonzor,41.309838,69.199917,44.3,1.5,50.55,222.6,0.7152,100.0,47.5,4.36,1,0.3815
2026-05-18,2026-05-11 17:17:10,S0200,Chilonzor,41.309838,69.199917,42.2,1.4,50.45,224.9,0.77,100.0,32.5,3.87,1,0.3815
2026-05-12,2026-05-11 17:17:10,S0201,Mirabad,41.259616,69.230357,35.7,9.7,49.92,209.7,0.0865,83.0,71.5,2.81,1,0.3796
2026-05-13,2026-05-11 17:17:10,S0201,Mirabad,41.259616,69.230357,33.7,11.2,49.99,206.0,0.0147,85.0,61.4,3.1,1,0.3796
2026-05-14,2026-05-11 17:17:10,S0201,Mirabad,41.259616,69.230357,37.6,12.2,49.77,202.4,0.01,80.8,63.6,2.78,1,0.3796
2026-05-15,2026-05-11 17:17:10,S0201,Mirabad,41.259616,69.230357,34.3,11.4,49.82,203.3,0.076,82.5,56.2,2.77,1,0.3796
2026-05-16,2026-05-11 17:17:10,S0201,Mirabad,41.259616,69.230357,35.1,15.6,49.78,201.6,0.01,81.2,53.0,2.3,1,0.3796
2026-05-17,2026-05-11 17:17:10,S0201,Mirabad,41.259616,69.230357,30.5,12.6,49.77,200.5,0.01,77.6,64.9,2.49,1,0.3796
2026-05-18,2026-05-11 17:17:10,S0201,Mirabad,41.259616,69.230357,31.0,16.0,49.88,198.8,0.01,79.6,54.9,2.88,2,0.7296
2026-05-12,2026-05-11 17:17:10,S0202,Mirabad,41.262964,69.232999,42.5,6.0,49.75,230.5,0.5736,87.6,95.0,3.6,1,0.3785
2026-05-13,2026-05-11 17:17:10,S0202,Mirabad,41.262964,69.232999,39.4,6.6,49.43,228.7,0.6674,86.8,95.0,3.6,1,0.3785
2026-05-14,2026-05-11 17:17:10,S0202,Mirabad,41.262964,69.232999,39.3,9.2,49.6,219.4,0.5683,85.2,95.0,3.41,1,0.3785
2026-05-15,2026-05-11 17:17:10,S0202,Mirabad,41.262964,69.232999,38.7,9.3,49.71,227.6,0.6388,86.4,95.0,3.15,1,0.3785
2026-05-16,2026-05-11 17:17:10,S0202,Mirabad,41.262964,69.232999,36.7,7.2,49.57,225.3,0.7059,88.1,95.0,3.56,1,0.3785
2026-05-17,2026-05-11 17:17:10,S0202,Mirabad,41.262964,69.232999,40.3,10.3,49.31,226.5,0.6187,86.7,95.0,2.92,1,0.3785
2026-05-18,2026-05-11 17:17:10,S0202,Mirabad,41.262964,69.232999,39.3,8.4,49.58,228.9,0.6549,85.9,95.0,2.68,1,0.3785
2026-05-12,2026-05-11 17:17:10,S0203,Mirabad,41.28906,69.214182,29.5,8.9,50.69,217.7,0.01,85.7,81.4,2.38,1,0.3841
2026-05-13,2026-05-11 17:17:10,S0203,Mirabad,41.28906,69.214182,32.3,6.9,50.45,215.2,0.01,80.2,90.2,2.39,1,0.3841
2026-05-14,2026-05-11 17:17:10,S0203,Mirabad,41.28906,69.214182,31.4,7.1,50.35,217.1,0.01,87.0,88.6,1.77,0,0.0341
2026-05-15,2026-05-11 17:17:10,S0203,Mirabad,41.28906,69.214182,29.5,8.8,50.26,211.9,0.01,85.6,95.0,1.86,1,0.3841
2026-05-16,2026-05-11 17:17:10,S0203,Mirabad,41.28906,69.214182,26.8,11.0,50.18,210.0,0.01,83.2,92.4,1.92,1,0.3841
2026-05-17,2026-05-11 17:17:10,S0203,Mirabad,41.28906,69.214182,28.3,9.7,50.01,213.7,0.01,87.6,92.0,2.1,1,0.3841
2026-05-18,2026-05-11 17:17:10,S0203,Mirabad,41.28906,69.214182,28.1,12.1,50.1,209.1,0.01,88.2,94.9,1.97,1,0.3841
2026-05-12,2026-05-11 17:17:10,S0204,Mirabad,41.294181,69.201312,34.0,0.0,50.23,215.1,0.3072,82.6,75.6,3.45,1,0.3768
2026-05-13,2026-05-11 17:17:10,S0204,Mirabad,41.294181,69.201312,38.1,0.1,50.25,219.6,0.321,80.9,78.2,3.61,1,0.3768
2026-05-14,2026-05-11 17:17:10,S0204,Mirabad,41.294181,69.201312,35.9,0.0,50.18,220.6,0.377,86.2,80.7,3.34,0,0.0268
2026-05-15,2026-05-11 17:17:10,S0204,Mirabad,41.294181,69.201312,36.7,1.8,50.22,214.1,0.452,80.8,81.6,3.69,1,0.3768
2026-05-16,2026-05-11 17:17:10,S0204,Mirabad,41.294181,69.201312,36.9,0.0,50.2,215.9,0.3613,83.2,85.7,3.35,1,0.3768
2026-05-17,2026-05-11 17:17:10,S0204,Mirabad,41.294181,69.201312,36.0,0.0,50.21,214.2,0.4825,83.3,78.3,3.78,1,0.3768
2026-05-18,2026-05-11 17:17:10,S0204,Mirabad,41.294181,69.201312,32.9,0.0,50.27,215.6,0.3465,83.7,95.0,4.07,1,0.3768
2026-05-12,2026-05-11 17:17:10,S0205,Mirabad,41.263608,69.196325,32.3,10.7,50.71,222.6,0.4076,87.3,80.1,3.73,1,0.3754
2026-05-13,2026-05-11 17:17:10,S0205,Mirabad,41.263608,69.196325,30.6,10.4,50.67,214.5,0.5241,91.4,87.0,3.64,1,0.3754
2026-05-14,2026-05-11 17:17:10,S0205,Mirabad,41.263608,69.196325,30.5,12.2,50.69,219.0,0.3282,85.3,87.9,2.98,1,0.3754
2026-05-15,2026-05-11 17:17:10,S0205,Mirabad,41.263608,69.196325,30.2,10.6,50.67,224.2,0.5164,88.0,78.5,3.52,1,0.3754
2026-05-16,2026-05-11 17:17:10,S0205,Mirabad,41.263608,69.196325,30.3,9.6,50.8,218.4,0.317,87.0,90.3,2.8,1,0.3754
2026-05-17,2026-05-11 17:17:10,S0205,Mirabad,41.263608,69.196325,29.3,10.4,50.84,222.5,0.3968,87.7,92.8,2.7,1,0.3754
2026-05-18,2026-05-11 17:17:10,S0205,Mirabad,41.263608,69.196325,28.5,9.9,50.77,224.6,0.3527,88.2,95.0,2.77,1,0.3754
2026-05-12,2026-05-11 17:17:10,S0206,Mirabad,41.29844,69.229456,33.2,3.7,49.96,220.7,0.1676,91.4,43.7,4.58,0,0.0201
2026-05-13,2026-05-11 17:17:10,S0206,Mirabad,41.29844,69.229456,32.9,2.1,49.97,220.4,0.19,94.5,40.8,4.52,0,0.0201
2026-05-14,2026-05-11 17:17:10,S0206,Mirabad,41.29844,69.229456,35.0,6.3,50.0,218.7,0.2541,91.7,39.6,4.85,0,0.0201
2026-05-15,2026-05-11 17:17:10,S0206,Mirabad,41.29844,69.229456,31.4,3.0,50.01,222.7,0.2619,92.8,51.8,4.61,0,0.0201
2026-05-16,2026-05-11 17:17:10,S0206,Mirabad,41.29844,69.229456,31.9,4.3,50.13,219.2,0.2424,90.2,35.7,4.87,0,0.0201
2026-05-17,2026-05-11 17:17:10,S0206,Mirabad,41.29844,69.229456,31.5,5.6,50.17,224.2,0.2786,91.3,32.1,5.38,1,0.3701
2026-05-18,2026-05-11 17:17:10,S0206,Mirabad,41.29844,69.229456,32.6,4.6,50.13,216.9,0.2619,89.0,43.8,6.2,2,0.7201
2026-05-12,2026-05-11 17:17:10,S0207,Mirabad,41.291274,69.247438,43.9,0.8,49.78,227.7,0.6301,85.3,77.2,2.2,1,0.3813
2026-05-13,2026-05-11 17:17:10,S0207,Mirabad,41.291274,69.247438,44.3,2.6,49.91,228.3,0.6808,83.3,74.5,2.59,1,0.3813
2026-05-14,2026-05-11 17:17:10,S0207,Mirabad,41.291274,69.247438,46.1,1.4,49.94,227.5,0.705,82.3,70.0,2.47,2,0.7313
2026-05-15,2026-05-11 17:17:10,S0207,Mirabad,41.291274,69.247438,41.4,1.1,49.78,222.1,0.708,78.3,82.4,2.44,1,0.3813
2026-05-16,2026-05-11 17:17:10,S0207,Mirabad,41.291274,69.247438,44.2,0.0,49.86,225.1,0.8753,79.7,74.9,2.52,1,0.3813
2026-05-17,2026-05-11 17:17:10,S0207,Mirabad,41.291274,69.247438,45.8,0.0,49.87,225.1,0.7689,82.9,76.6,2.54,2,0.7313
2026-05-18,2026-05-11 17:17:10,S0207,Mirabad,41.291274,69.247438,45.6,0.0,49.61,221.6,0.7282,79.6,73.6,2.29,2,0.7313
2026-05-12,2026-05-11 17:17:10,S0208,Mirabad,41.284905,69.247577,25.2,3.5,49.72,220.8,1.0307,88.2,79.6,1.49,1,0.3832
2026-05-13,2026-05-11 17:17:10,S0208,Mirabad,41.284905,69.247577,27.4,6.6,49.51,224.1,0.8878,87.3,90.6,1.71,1,0.3832
2026-05-14,2026-05-11 17:17:10,S0208,Mirabad,41.284905,69.247577,31.1,5.4,49.57,223.8,1.0693,88.5,86.7,1.86,1,0.3832
2026-05-15,2026-05-11 17:17:10,S0208,Mirabad,41.284905,69.247577,31.6,4.6,49.55,221.9,0.9178,87.2,91.5,1.33,1,0.3832
2026-05-16,2026-05-11 17:17:10,S0208,Mirabad,41.284905,69.247577,31.8,3.9,49.47,228.9,0.9541,89.9,95.0,1.24,1,0.3832
2026-05-17,2026-05-11 17:17:10,S0208,Mirabad,41.284905,69.247577,32.5,5.3,49.45,225.3,0.9238,89.6,83.1,0.64,1,0.3832
2026-05-18,2026-05-11 17:17:10,S0208,Mirabad,41.284905,69.247577,33.1,5.3,49.32,229.2,1.0756,87.0,95.0,0.5,1,0.3832
2026-05-12,2026-05-11 17:17:10,S0209,Mirabad,41.272104,69.21611,24.5,2.8,50.2,203.0,0.3281,93.3,82.1,3.86,1,0.3687
2026-05-13,2026-05-11 17:17:10,S0209,Mirabad,41.272104,69.21611,22.4,2.7,50.25,203.2,0.3901,92.6,80.5,3.74,1,0.3687
2026-05-14,2026-05-11 17:17:10,S0209,Mirabad,41.272104,69.21611,20.9,3.3,50.26,202.9,0.5024,93.2,76.5,3.59,1,0.3687
2026-05-15,2026-05-11 17:17:10,S0209,Mirabad,41.272104,69.21611,20.2,3.8,50.09,201.4,0.3447,91.5,82.4,3.55,1,0.3687
2026-05-16,2026-05-11 17:17:10,S0209,Mirabad,41.272104,69.21611,21.9,3.0,50.16,198.1,0.3122,94.2,83.0,3.58,2,0.7187
2026-05-17,2026-05-11 17:17:10,S0209,Mirabad,41.272104,69.21611,15.3,3.2,50.17,196.8,0.4848,96.2,76.8,3.98,2,0.7187
2026-05-18,2026-05-11 17:17:10,S0209,Mirabad,41.272104,69.21611,12.6,2.6,50.22,200.2,0.2868,97.8,92.1,3.5,1,0.3687
2026-05-12,2026-05-11 17:17:10,S0210,Mirabad,41.290727,69.217731,26.9,12.4,49.92,223.9,0.6413,79.6,66.9,2.16,1,0.3748
2026-05-13,2026-05-11 17:17:10,S0210,Mirabad,41.290727,69.217731,15.7,14.0,49.95,225.0,0.8037,77.6,79.6,2.3,1,0.3748
2026-05-14,2026-05-11 17:17:10,S0210,Mirabad,41.290727,69.217731,16.8,14.7,49.85,231.3,0.702,79.5,68.2,2.33,1,0.3748
2026-05-15,2026-05-11 17:17:10,S0210,Mirabad,41.290727,69.217731,15.6,15.1,49.97,225.7,0.6457,81.6,73.5,2.35,1,0.3748
2026-05-16,2026-05-11 17:17:10,S0210,Mirabad,41.290727,69.217731,14.2,17.7,49.87,229.0,0.879,80.8,80.5,1.94,1,0.3748
2026-05-17,2026-05-11 17:17:10,S0210,Mirabad,41.290727,69.217731,13.9,17.7,49.94,227.4,0.6071,82.6,71.6,1.72,1,0.3748
2026-05-18,2026-05-11 17:17:10,S0210,Mirabad,41.290727,69.217731,12.0,17.5,49.96,235.7,0.8168,81.6,71.6,1.85,1,0.3748
2026-05-12,2026-05-11 17:17:10,S0211,Mirabad,41.268085,69.242716,31.9,4.1,50.29,212.0,0.2202,97.8,50.7,3.85,0,0.0326
2026-05-13,2026-05-11 17:17:10,S0211,Mirabad,41.268085,69.242716,29.3,5.7,50.33,214.8,0.1921,94.6,54.7,3.68,0,0.0326
2026-05-14,2026-05-11 17:17:10,S0211,Mirabad,41.268085,69.242716,31.1,6.5,50.28,211.8,0.1569,95.3,47.2,3.43,0,0.0326
2026-05-15,2026-05-11 17:17:10,S0211,Mirabad,41.268085,69.242716,30.1,5.3,50.44,210.0,0.1166,98.4,47.7,3.91,0,0.0326
2026-05-16,2026-05-11 17:17:10,S0211,Mirabad,41.268085,69.242716,28.6,4.9,50.32,210.5,0.1184,98.9,51.2,3.47,0,0.0326
2026-05-17,2026-05-11 17:17:10,S0211,Mirabad,41.268085,69.242716,26.5,5.4,50.21,212.1,0.0229,97.5,44.1,3.89,0,0.0326
2026-05-18,2026-05-11 17:17:10,S0211,Mirabad,41.268085,69.242716,28.7,5.9,50.37,207.7,0.0364,95.8,39.4,3.32,1,0.3826
2026-05-12,2026-05-11 17:17:10,S0212,Mirabad,41.26846,69.246799,31.4,10.4,49.62,219.6,0.5871,91.1,50.4,3.16,0,0.032
2026-05-13,2026-05-11 17:17:10,S0212,Mirabad,41.26846,69.246799,33.1,11.9,49.81,219.2,0.7066,94.0,43.5,3.49,0,0.032
2026-05-14,2026-05-11 17:17:10,S0212,Mirabad,41.26846,69.246799,30.9,13.4,49.92,222.5,0.5315,90.8,46.7,3.41,0,0.032
2026-05-15,2026-05-11 17:17:10,S0212,Mirabad,41.26846,69.246799,35.1,12.0,49.93,217.4,0.6366,92.1,44.1,3.37,0,0.032
2026-05-16,2026-05-11 17:17:10,S0212,Mirabad,41.26846,69.246799,35.8,12.5,50.12,219.8,0.5597,92.2,45.5,3.58,0,0.032
2026-05-17,2026-05-11 17:17:10,S0212,Mirabad,41.26846,69.246799,33.8,11.0,50.18,221.2,0.5573,92.7,41.2,3.78,0,0.032
2026-05-18,2026-05-11 17:17:10,S0212,Mirabad,41.26846,69.246799,36.3,12.5,50.09,223.0,0.6415,91.6,51.0,3.75,0,0.032
2026-05-12,2026-05-11 17:17:10,S0213,Mirabad,41.298393,69.208083,25.0,13.0,49.63,226.0,0.3359,97.2,56.9,3.25,0,0.036
2026-05-13,2026-05-11 17:17:10,S0213,Mirabad,41.298393,69.208083,20.6,14.8,49.79,226.3,0.2952,91.8,61.1,3.93,0,0.036
2026-05-14,2026-05-11 17:17:10,S0213,Mirabad,41.298393,69.208083,23.1,14.9,49.76,227.7,0.3703,94.4,60.8,3.55,0,0.036
2026-05-15,2026-05-11 17:17:10,S0213,Mirabad,41.298393,69.208083,23.8,17.5,49.79,230.3,0.4047,95.1,47.2,3.89,1,0.386
2026-05-16,2026-05-11 17:17:10,S0213,Mirabad,41.298393,69.208083,21.7,15.2,49.64,225.2,0.2755,92.2,47.8,3.78,0,0.036
2026-05-17,2026-05-11 17:17:10,S0213,Mirabad,41.298393,69.208083,17.8,18.5,49.68,228.4,0.1717,93.5,55.3,3.83,0,0.036
2026-05-18,2026-05-11 17:17:10,S0213,Mirabad,41.298393,69.208083,19.4,15.4,49.65,224.6,0.1232,95.7,55.3,3.93,0,0.036
2026-05-12,2026-05-11 17:17:10,S0214,Mirabad,41.264662,69.218477,34.3,6.7,50.05,198.5,0.3182,88.6,59.8,2.73,2,0.7298
2026-05-13,2026-05-11 17:17:10,S0214,Mirabad,41.264662,69.218477,36.4,6.2,49.96,205.6,0.2439,89.2,57.6,2.62,1,0.3798
2026-05-14,2026-05-11 17:17:10,S0214,Mirabad,41.264662,69.218477,37.1,6.5,50.07,207.9,0.01,83.4,49.6,2.83,1,0.3798
2026-05-15,2026-05-11 17:17:10,S0214,Mirabad,41.264662,69.218477,36.0,7.0,50.03,201.5,0.1093,87.1,55.6,2.65,1,0.3798
2026-05-16,2026-05-11 17:17:10,S0214,Mirabad,41.264662,69.218477,36.8,7.4,49.98,206.6,0.124,86.9,53.7,2.32,1,0.3798
2026-05-17,2026-05-11 17:17:10,S0214,Mirabad,41.264662,69.218477,35.5,7.2,49.89,203.1,0.0309,88.5,55.9,3.0,1,0.3798
2026-05-18,2026-05-11 17:17:10,S0214,Mirabad,41.264662,69.218477,33.7,9.2,50.11,204.9,0.01,89.4,39.4,2.18,1,0.3798
2026-05-12,2026-05-11 17:17:10,S0215,Mirabad,41.255633,69.201968,27.8,12.7,50.44,228.5,0.7909,80.0,73.4,4.85,1,0.3804
2026-05-13,2026-05-11 17:17:10,S0215,Mirabad,41.255633,69.201968,29.3,14.6,50.32,226.4,0.8621,77.7,81.4,4.58,1,0.3804
2026-05-14,2026-05-11 17:17:10,S0215,Mirabad,41.255633,69.201968,31.9,12.4,50.47,227.3,0.6657,83.9,80.9,4.7,1,0.3804
2026-05-15,2026-05-11 17:17:10,S0215,Mirabad,41.255633,69.201968,31.8,13.9,50.49,232.3,0.8506,82.7,79.4,4.79,1,0.3804
2026-05-16,2026-05-11 17:17:10,S0215,Mirabad,41.255633,69.201968,29.7,12.7,50.64,233.0,0.7478,86.2,81.9,4.73,1,0.3804
2026-05-17,2026-05-11 17:17:10,S0215,Mirabad,41.255633,69.201968,30.9,13.4,50.53,232.9,0.9292,85.3,89.4,4.48,1,0.3804
2026-05-18,2026-05-11 17:17:10,S0215,Mirabad,41.255633,69.201968,32.5,14.5,50.6,226.5,1.017,82.8,70.4,4.38,1,0.3804
2026-05-12,2026-05-11 17:17:10,S0216,Mirabad,41.269211,69.238059,48.1,6.3,50.11,221.2,0.7287,94.4,42.5,3.37,2,0.7142
2026-05-13,2026-05-11 17:17:10,S0216,Mirabad,41.269211,69.238059,48.3,5.7,50.05,218.3,0.6566,95.6,30.8,4.08,2,0.7142
2026-05-14,2026-05-11 17:17:10,S0216,Mirabad,41.269211,69.238059,50.9,5.4,49.93,218.1,0.7071,92.0,28.2,3.61,2,0.7142
2026-05-15,2026-05-11 17:17:10,S0216,Mirabad,41.269211,69.238059,48.0,5.9,50.13,219.5,0.5778,92.4,28.5,3.41,2,0.7142
2026-05-16,2026-05-11 17:17:10,S0216,Mirabad,41.269211,69.238059,46.6,2.5,49.9,217.2,0.6921,95.8,29.7,4.1,2,0.7142
2026-05-17,2026-05-11 17:17:10,S0216,Mirabad,41.269211,69.238059,45.6,3.7,50.22,218.4,0.6674,96.5,25.0,4.17,2,0.7142
2026-05-18,2026-05-11 17:17:10,S0216,Mirabad,41.269211,69.238059,46.2,7.3,50.11,212.9,0.6576,93.8,25.0,4.19,2,0.7142
2026-05-12,2026-05-11 17:17:10,S0217,Mirabad,41.289933,69.236872,33.8,4.7,49.1,205.2,0.6524,87.3,68.8,3.31,1,0.3897
2026-05-13,2026-05-11 17:17:10,S0217,Mirabad,41.289933,69.236872,33.6,4.6,49.06,200.9,0.4923,82.4,70.9,3.0,1,0.3897
2026-05-14,2026-05-11 17:17:10,S0217,Mirabad,41.289933,69.236872,33.8,6.2,48.88,199.3,0.6757,84.5,60.2,2.56,2,0.7397
2026-05-15,2026-05-11 17:17:10,S0217,Mirabad,41.289933,69.236872,35.2,4.8,48.96,201.8,0.5881,82.7,59.5,2.74,2,0.7397
2026-05-16,2026-05-11 17:17:10,S0217,Mirabad,41.289933,69.236872,33.9,9.1,49.02,198.8,0.6163,84.6,66.4,2.94,2,0.7397
2026-05-17,2026-05-11 17:17:10,S0217,Mirabad,41.289933,69.236872,36.1,8.6,48.9,199.0,0.5676,80.5,70.0,2.62,2,0.7397
2026-05-18,2026-05-11 17:17:10,S0217,Mirabad,41.289933,69.236872,33.3,6.0,48.95,197.6,0.7922,81.4,62.0,2.59,2,0.7397
2026-05-12,2026-05-11 17:17:10,S0218,Mirabad,41.284296,69.246362,42.1,13.2,50.43,212.5,0.9386,95.0,93.2,5.06,1,0.3668
2026-05-13,2026-05-11 17:17:10,S0218,Mirabad,41.284296,69.246362,39.8,15.7,50.35,213.7,0.9974,95.7,95.0,4.88,1,0.3668
2026-05-14,2026-05-11 17:17:10,S0218,Mirabad,41.284296,69.246362,41.1,10.6,50.25,217.1,0.9661,95.4,95.0,5.28,1,0.3668
2026-05-15,2026-05-11 17:17:10,S0218,Mirabad,41.284296,69.246362,42.0,11.4,50.29,215.1,0.9781,99.3,95.0,5.04,1,0.3668
2026-05-16,2026-05-11 17:17:10,S0218,Mirabad,41.284296,69.246362,42.3,11.6,50.41,211.8,0.8482,95.7,95.0,5.25,1,0.3668
2026-05-17,2026-05-11 17:17:10,S0218,Mirabad,41.284296,69.246362,44.2,10.5,50.4,215.0,1.0806,100.0,95.0,4.75,1,0.3668
2026-05-18,2026-05-11 17:17:10,S0218,Mirabad,41.284296,69.246362,43.1,9.6,50.43,208.8,1.0473,100.0,95.0,6.04,2,0.7168
2026-05-12,2026-05-11 17:17:10,S0219,Mirabad,41.269502,69.234286,32.7,14.3,49.84,197.5,0.6874,98.3,53.8,4.36,2,0.7242
2026-05-13,2026-05-11 17:17:10,S0219,Mirabad,41.269502,69.234286,34.4,13.7,49.87,199.9,0.745,100.0,59.9,3.98,2,0.7242
2026-05-14,2026-05-11 17:17:10,S0219,Mirabad,41.269502,69.234286,30.0,17.5,49.81,201.1,0.569,100.0,55.8,4.01,1,0.3742
2026-05-15,2026-05-11 17:17:10,S0219,Mirabad,41.269502,69.234286,35.1,17.1,49.74,195.0,0.63,100.0,57.0,4.21,2,0.7242
2026-05-16,2026-05-11 17:17:10,S0219,Mirabad,41.269502,69.234286,37.8,17.0,49.66,197.0,0.6807,99.5,54.2,4.05,2,0.7242
2026-05-17,2026-05-11 17:17:10,S0219,Mirabad,41.269502,69.234286,29.2,18.3,49.68,196.0,0.6954,100.0,57.9,4.04,2,0.7242
2026-05-18,2026-05-11 17:17:10,S0219,Mirabad,41.269502,69.234286,34.2,18.7,49.72,195.0,0.6741,98.9,54.5,3.63,2,0.7242
2026-05-12,2026-05-11 17:17:10,S0220,Mirabad,41.294102,69.202623,32.7,7.2,50.2,217.9,0.6442,84.3,80.5,4.2,1,0.3744
2026-05-13,2026-05-11 17:17:10,S0220,Mirabad,41.294102,69.202623,32.9,7.8,50.18,217.3,0.4747,79.9,78.5,4.06,1,0.3744
2026-05-14,2026-05-11 17:17:10,S0220,Mirabad,41.294102,69.202623,33.4,8.7,50.08,214.3,0.7362,82.8,78.9,3.91,1,0.3744
2026-05-15,2026-05-11 17:17:10,S0220,Mirabad,41.294102,69.202623,31.1,8.7,50.09,215.8,0.6303,81.8,77.8,4.02,1,0.3744
2026-05-16,2026-05-11 17:17:10,S0220,Mirabad,41.294102,69.202623,34.3,7.9,49.9,213.8,0.68,85.4,76.6,3.99,0,0.0244
2026-05-17,2026-05-11 17:17:10,S0220,Mirabad,41.294102,69.202623,32.7,9.7,49.92,217.6,0.6103,82.7,80.3,4.17,1,0.3744
2026-05-18,2026-05-11 17:17:10,S0220,Mirabad,41.294102,69.202623,31.1,8.1,49.9,216.6,0.5509,83.2,84.0,4.33,1,0.3744
2026-05-12,2026-05-11 17:17:10,S0221,Mirabad,41.284185,69.225012,25.7,1.0,49.91,221.7,0.4545,83.4,63.7,3.81,1,0.3696
2026-05-13,2026-05-11 17:17:10,S0221,Mirabad,41.284185,69.225012,24.9,1.5,50.03,221.7,0.5639,82.3,67.8,3.83,1,0.3696
2026-05-14,2026-05-11 17:17:10,S0221,Mirabad,41.284185,69.225012,25.7,0.0,49.95,223.1,0.5181,80.7,69.2,3.49,1,0.3696
2026-05-15,2026-05-11 17:17:10,S0221,Mirabad,41.284185,69.225012,26.4,0.6,50.11,219.4,0.5389,82.0,65.1,3.28,1,0.3696
2026-05-16,2026-05-11 17:17:10,S0221,Mirabad,41.284185,69.225012,28.6,1.1,50.04,218.6,0.6005,77.8,71.0,3.49,1,0.3696
2026-05-17,2026-05-11 17:17:10,S0221,Mirabad,41.284185,69.225012,26.3,0.7,49.8,219.7,0.6041,75.5,67.7,3.56,1,0.3696
2026-05-18,2026-05-11 17:17:10,S0221,Mirabad,41.284185,69.225012,25.8,0.2,49.97,218.4,0.7376,77.7,70.5,3.77,1,0.3696
2026-05-12,2026-05-11 17:17:10,S0222,Mirabad,41.27582,69.226892,33.0,1.1,49.92,215.4,0.6965,98.8,64.1,2.7,0,0.0358
2026-05-13,2026-05-11 17:17:10,S0222,Mirabad,41.27582,69.226892,31.5,2.0,49.96,218.4,0.7436,100.0,72.5,2.69,0,0.0358
2026-05-14,2026-05-11 17:17:10,S0222,Mirabad,41.27582,69.226892,30.8,2.9,50.02,219.1,0.6667,100.0,65.6,2.62,0,0.0358
2026-05-15,2026-05-11 17:17:10,S0222,Mirabad,41.27582,69.226892,30.3,2.9,50.08,213.5,0.5574,100.0,72.7,2.33,0,0.0358
2026-05-16,2026-05-11 17:17:10,S0222,Mirabad,41.27582,69.226892,29.5,0.0,50.07,214.8,0.6718,100.0,63.8,2.73,0,0.0358
2026-05-17,2026-05-11 17:17:10,S0222,Mirabad,41.27582,69.226892,30.1,2.9,50.18,217.2,0.573,100.0,69.9,2.66,0,0.0358
2026-05-18,2026-05-11 17:17:10,S0222,Mirabad,41.27582,69.226892,28.7,3.1,50.24,218.7,0.5562,100.0,68.2,2.48,0,0.0358
2026-05-12,2026-05-11 17:17:10,S0223,Mirabad,41.273976,69.242548,34.7,8.0,50.15,219.8,0.1535,93.5,40.9,3.58,0,0.0274
2026-05-13,2026-05-11 17:17:10,S0223,Mirabad,41.273976,69.242548,34.6,7.1,50.22,221.8,0.3431,92.8,47.3,3.6,0,0.0274
2026-05-14,2026-05-11 17:17:10,S0223,Mirabad,41.273976,69.242548,37.0,8.4,50.29,221.6,0.1922,91.9,47.4,3.15,0,0.0274
2026-05-15,2026-05-11 17:17:10,S0223,Mirabad,41.273976,69.242548,38.1,6.6,50.26,220.1,0.1937,91.5,42.8,3.19,0,0.0274
2026-05-16,2026-05-11 17:17:10,S0223,Mirabad,41.273976,69.242548,34.5,6.0,50.2,224.0,0.0868,93.3,50.4,3.07,0,0.0274
2026-05-17,2026-05-11 17:17:10,S0223,Mirabad,41.273976,69.242548,37.8,6.4,50.18,227.7,0.1527,93.7,40.5,2.76,0,0.0274
2026-05-18,2026-05-11 17:17:10,S0223,Mirabad,41.273976,69.242548,37.9,7.2,50.39,227.5,0.2184,94.0,47.0,2.65,0,0.0274
2026-05-12,2026-05-11 17:17:10,S0224,Mirabad,41.269797,69.210752,38.0,4.6,49.84,241.2,0.6854,85.2,57.8,3.41,2,0.7195
2026-05-13,2026-05-11 17:17:10,S0224,Mirabad,41.269797,69.210752,38.6,3.3,49.91,240.9,0.7117,83.7,62.0,3.88,2,0.7195
2026-05-14,2026-05-11 17:17:10,S0224,Mirabad,41.269797,69.210752,38.0,4.3,49.9,242.1,0.7528,81.2,59.6,3.06,2,0.7195
2026-05-15,2026-05-11 17:17:10,S0224,Mirabad,41.269797,69.210752,38.1,0.1,49.95,239.8,0.7651,89.3,59.6,3.69,1,0.3695
2026-05-16,2026-05-11 17:17:10,S0224,Mirabad,41.269797,69.210752,37.5,0.0,50.02,239.4,0.9226,85.4,56.6,3.49,1,0.3695
2026-05-17,2026-05-11 17:17:10,S0224,Mirabad,41.269797,69.210752,38.0,0.0,49.99,239.0,0.8858,84.7,62.0,3.74,1,0.3695
2026-05-18,2026-05-11 17:17:10,S0224,Mirabad,41.269797,69.210752,36.9,0.0,49.93,238.6,0.8676,84.5,60.3,3.67,1,0.3695
2026-05-12,2026-05-11 17:17:10,S0225,Mirabad,41.278246,69.246546,38.1,2.5,49.6,203.6,0.9916,91.7,87.0,3.87,1,0.3685
2026-05-13,2026-05-11 17:17:10,S0225,Mirabad,41.278246,69.246546,37.1,2.5,49.76,204.8,0.8514,90.9,90.3,3.53,1,0.3685
2026-05-14,2026-05-11 17:17:10,S0225,Mirabad,41.278246,69.246546,42.8,2.9,49.59,203.3,0.8569,92.5,85.2,3.51,1,0.3685
2026-05-15,2026-05-11 17:17:10,S0225,Mirabad,41.278246,69.246546,38.0,1.9,49.4,204.4,0.9185,92.1,95.0,3.47,1,0.3685
2026-05-16,2026-05-11 17:17:10,S0225,Mirabad,41.278246,69.246546,41.4,1.4,49.49,206.2,0.8667,93.0,92.3,3.81,1,0.3685
2026-05-17,2026-05-11 17:17:10,S0225,Mirabad,41.278246,69.246546,41.1,3.0,49.55,207.0,0.6972,92.1,95.0,3.74,1,0.3685
2026-05-18,2026-05-11 17:17:10,S0225,Mirabad,41.278246,69.246546,39.0,3.3,49.54,203.8,0.7601,89.9,95.0,3.86,1,0.3685
2026-05-12,2026-05-11 17:17:10,S0226,Mirabad,41.292698,69.209598,34.7,6.8,50.47,195.0,0.5927,85.0,95.0,2.84,2,0.7181
2026-05-13,2026-05-11 17:17:10,S0226,Mirabad,41.292698,69.209598,36.9,6.7,50.32,197.1,0.7559,86.8,95.0,2.34,2,0.7181
2026-05-14,2026-05-11 17:17:10,S0226,Mirabad,41.292698,69.209598,34.3,7.6,50.33,195.0,0.7252,86.0,91.6,2.48,2,0.7181
2026-05-15,2026-05-11 17:17:10,S0226,Mirabad,41.292698,69.209598,38.6,9.0,50.3,195.0,0.6945,84.3,95.0,2.88,2,0.7181
2026-05-16,2026-05-11 17:17:10,S0226,Mirabad,41.292698,69.209598,37.7,9.0,50.2,195.0,0.8737,85.7,95.0,2.53,2,0.7181
2026-05-17,2026-05-11 17:17:10,S0226,Mirabad,41.292698,69.209598,38.2,6.3,50.16,195.0,0.8838,89.1,95.0,2.72,2,0.7181
2026-05-18,2026-05-11 17:17:10,S0226,Mirabad,41.292698,69.209598,39.1,5.5,50.21,195.0,0.9826,89.2,95.0,2.04,2,0.7181
2026-05-12,2026-05-11 17:17:10,S0227,Mirabad,41.27224,69.211357,41.4,9.6,50.06,221.7,0.4975,97.5,46.9,3.23,1,0.3805
2026-05-13,2026-05-11 17:17:10,S0227,Mirabad,41.27224,69.211357,38.9,10.4,49.99,219.5,0.415,98.8,32.6,3.27,0,0.0305
2026-05-14,2026-05-11 17:17:10,S0227,Mirabad,41.27224,69.211357,37.9,11.1,50.02,220.3,0.3757,98.0,32.2,3.01,0,0.0305
2026-05-15,2026-05-11 17:17:10,S0227,Mirabad,41.27224,69.211357,38.2,10.1,49.9,219.4,0.2436,99.8,33.7,2.75,0,0.0305
2026-05-16,2026-05-11 17:17:10,S0227,Mirabad,41.27224,69.211357,40.4,10.5,50.06,223.5,0.2813,100.0,39.2,2.95,1,0.3805
2026-05-17,2026-05-11 17:17:10,S0227,Mirabad,41.27224,69.211357,41.9,10.7,49.94,218.4,0.2117,98.5,30.0,3.04,1,0.3805
2026-05-18,2026-05-11 17:17:10,S0227,Mirabad,41.27224,69.211357,39.6,9.3,49.85,218.4,0.0946,100.0,25.0,3.14,1,0.3805
2026-05-12,2026-05-11 17:17:10,S0228,Mirabad,41.255304,69.215247,19.4,12.0,49.98,218.1,0.3224,78.5,63.1,3.39,1,0.3836
2026-05-13,2026-05-11 17:17:10,S0228,Mirabad,41.255304,69.215247,19.7,8.3,50.02,217.1,0.3841,83.9,65.2,3.03,1,0.3836
2026-05-14,2026-05-11 17:17:10,S0228,Mirabad,41.255304,69.215247,22.0,10.0,49.79,220.9,0.3207,81.4,62.7,2.93,1,0.3836
2026-05-15,2026-05-11 17:17:10,S0228,Mirabad,41.255304,69.215247,19.0,8.3,49.92,219.3,0.3497,77.5,56.8,3.1,1,0.3836
2026-05-16,2026-05-11 17:17:10,S0228,Mirabad,41.255304,69.215247,17.5,8.8,49.78,220.1,0.2263,79.7,64.1,2.9,1,0.3836
2026-05-17,2026-05-11 17:17:10,S0228,Mirabad,41.255304,69.215247,21.8,7.9,49.8,215.5,0.3587,83.7,50.4,3.44,1,0.3836
2026-05-18,2026-05-11 17:17:10,S0228,Mirabad,41.255304,69.215247,18.4,7.1,49.9,219.8,0.2626,79.3,58.4,2.69,1,0.3836
2026-05-12,2026-05-11 17:17:10,S0229,Mirabad,41.267056,69.251721,35.5,13.2,50.45,215.5,0.641,78.4,66.5,4.12,1,0.381
2026-05-13,2026-05-11 17:17:10,S0229,Mirabad,41.267056,69.251721,36.7,12.2,50.12,216.8,0.7085,76.1,61.1,4.81,1,0.381
2026-05-14,2026-05-11 17:17:10,S0229,Mirabad,41.267056,69.251721,36.7,13.0,50.41,213.3,0.7442,78.9,66.0,4.29,1,0.381
2026-05-15,2026-05-11 17:17:10,S0229,Mirabad,41.267056,69.251721,37.6,14.1,50.51,214.2,0.6076,75.1,67.2,4.33,1,0.381
2026-05-16,2026-05-11 17:17:10,S0229,Mirabad,41.267056,69.251721,36.3,13.0,50.3,211.0,0.6812,78.6,73.2,4.32,1,0.381
2026-05-17,2026-05-11 17:17:10,S0229,Mirabad,41.267056,69.251721,36.8,12.4,50.32,210.4,0.664,75.7,63.2,4.52,1,0.381
2026-05-18,2026-05-11 17:17:10,S0229,Mirabad,41.267056,69.251721,37.8,15.3,50.63,214.9,0.6187,76.0,71.6,4.99,1,0.381
2026-05-12,2026-05-11 17:17:10,S0230,Mirabad,41.265194,69.259894,34.3,5.2,50.22,226.4,0.5252,89.9,64.6,2.76,0,0.0285
2026-05-13,2026-05-11 17:17:10,S0230,Mirabad,41.265194,69.259894,34.4,4.5,50.14,228.9,0.5044,87.6,69.9,3.35,0,0.0285
2026-05-14,2026-05-11 17:17:10,S0230,Mirabad,41.265194,69.259894,38.1,6.3,50.03,229.4,0.5819,91.2,72.8,2.8,0,0.0285
2026-05-15,2026-05-11 17:17:10,S0230,Mirabad,41.265194,69.259894,33.3,3.7,50.02,230.9,0.5749,87.5,71.2,2.97,1,0.3785
2026-05-16,2026-05-11 17:17:10,S0230,Mirabad,41.265194,69.259894,28.4,4.3,50.03,235.5,0.5779,89.8,67.7,2.71,1,0.3785
2026-05-17,2026-05-11 17:17:10,S0230,Mirabad,41.265194,69.259894,33.8,5.6,50.24,229.2,0.6084,94.2,70.9,2.9,0,0.0285
2026-05-18,2026-05-11 17:17:10,S0230,Mirabad,41.265194,69.259894,31.4,4.3,50.13,231.5,0.5295,92.9,80.0,2.91,1,0.3785
2026-05-12,2026-05-11 17:17:10,S0231,Mirabad,41.258848,69.195078,26.7,2.6,49.79,213.0,0.5359,93.7,50.3,1.77,0,0.021
2026-05-13,2026-05-11 17:17:10,S0231,Mirabad,41.258848,69.195078,27.3,0.7,49.72,212.4,0.58,93.2,60.6,1.93,0,0.021
2026-05-14,2026-05-11 17:17:10,S0231,Mirabad,41.258848,69.195078,28.3,0.0,49.88,212.2,0.6484,95.0,51.3,1.9,0,0.021
2026-05-15,2026-05-11 17:17:10,S0231,Mirabad,41.258848,69.195078,28.4,0.0,49.89,210.8,0.5659,92.7,55.5,1.76,0,0.021
2026-05-16,2026-05-11 17:17:10,S0231,Mirabad,41.258848,69.195078,28.4,0.0,49.86,217.2,0.5637,93.3,49.7,2.04,0,0.021
2026-05-17,2026-05-11 17:17:10,S0231,Mirabad,41.258848,69.195078,29.8,1.2,49.98,209.4,0.4732,96.5,48.8,2.16,1,0.371
2026-05-18,2026-05-11 17:17:10,S0231,Mirabad,41.258848,69.195078,29.1,0.0,49.98,210.6,0.5335,95.8,50.9,2.16,0,0.021
2026-05-12,2026-05-11 17:17:10,S0232,Mirabad,41.290069,69.210703,35.5,9.8,50.05,224.0,0.4232,96.1,95.0,3.1,1,0.3837
2026-05-13,2026-05-11 17:17:10,S0232,Mirabad,41.290069,69.210703,40.1,9.5,50.06,228.3,0.7145,96.5,93.2,3.3,1,0.3837
2026-05-14,2026-05-11 17:17:10,S0232,Mirabad,41.290069,69.210703,35.9,9.7,50.08,224.4,0.4389,95.7,95.0,3.22,1,0.3837
2026-05-15,2026-05-11 17:17:10,S0232,Mirabad,41.290069,69.210703,38.5,11.0,50.11,225.9,0.6707,97.8,93.2,2.79,1,0.3837
2026-05-16,2026-05-11 17:17:10,S0232,Mirabad,41.290069,69.210703,40.8,11.1,50.03,233.0,0.5365,98.1,95.0,3.32,1,0.3837
2026-05-17,2026-05-11 17:17:10,S0232,Mirabad,41.290069,69.210703,40.4,10.6,50.0,235.0,0.5591,100.0,95.0,3.1,1,0.3837
2026-05-18,2026-05-11 17:17:10,S0232,Mirabad,41.290069,69.210703,38.7,11.3,49.95,233.5,0.5309,100.0,95.0,3.31,1,0.3837
2026-05-12,2026-05-11 17:17:10,S0233,Mirabad,41.262853,69.256458,45.5,9.1,49.48,208.5,0.3083,95.3,81.6,3.95,2,0.7204
2026-05-13,2026-05-11 17:17:10,S0233,Mirabad,41.262853,69.256458,46.2,7.5,49.5,209.4,0.3176,90.0,87.5,3.97,2,0.7204
2026-05-14,2026-05-11 17:17:10,S0233,Mirabad,41.262853,69.256458,47.8,8.3,49.57,208.2,0.287,93.9,91.5,3.8,2,0.7204
2026-05-15,2026-05-11 17:17:10,S0233,Mirabad,41.262853,69.256458,47.4,8.9,49.49,208.6,0.3694,95.7,95.0,3.91,2,0.7204
2026-05-16,2026-05-11 17:17:10,S0233,Mirabad,41.262853,69.256458,49.9,8.0,49.45,208.7,0.3811,95.8,95.0,4.33,2,0.7204
2026-05-17,2026-05-11 17:17:10,S0233,Mirabad,41.262853,69.256458,48.2,7.9,49.45,205.7,0.2896,89.8,95.0,4.32,2,0.7204
2026-05-18,2026-05-11 17:17:10,S0233,Mirabad,41.262853,69.256458,48.0,6.6,49.45,203.5,0.204,93.1,95.0,4.54,2,0.7204
2026-05-12,2026-05-11 17:17:10,S0234,Mirabad,41.295839,69.215123,32.1,6.2,50.57,220.2,0.4611,89.7,86.2,3.48,1,0.3785
2026-05-13,2026-05-11 17:17:10,S0234,Mirabad,41.295839,69.215123,30.5,5.9,50.51,220.7,0.49,86.8,78.0,3.26,1,0.3785
2026-05-14,2026-05-11 17:17:10,S0234,Mirabad,41.295839,69.215123,32.1,7.1,50.44,222.1,0.4813,88.9,86.4,3.47,0,0.0285
2026-05-15,2026-05-11 17:17:10,S0234,Mirabad,41.295839,69.215123,32.3,5.8,50.5,219.9,0.4552,87.1,89.2,3.32,0,0.0285
2026-05-16,2026-05-11 17:17:10,S0234,Mirabad,41.295839,69.215123,31.3,8.8,50.25,220.4,0.5354,88.9,90.7,3.45,1,0.3785
2026-05-17,2026-05-11 17:17:10,S0234,Mirabad,41.295839,69.215123,31.7,5.9,50.39,218.5,0.4464,87.8,93.2,3.13,1,0.3785
2026-05-18,2026-05-11 17:17:10,S0234,Mirabad,41.295839,69.215123,31.4,7.5,50.48,218.2,0.3864,88.4,84.4,3.42,0,0.0285
2026-05-12,2026-05-11 17:17:10,S0235,Mirabad,41.275272,69.207156,27.3,12.1,50.03,225.9,0.5248,95.3,63.4,4.05,0,0.0299
2026-05-13,2026-05-11 17:17:10,S0235,Mirabad,41.275272,69.207156,32.0,12.7,50.16,224.1,0.234,97.8,64.7,4.52,0,0.0299
2026-05-14,2026-05-11 17:17:10,S0235,Mirabad,41.275272,69.207156,30.4,13.1,50.32,223.9,0.4039,93.4,64.4,3.8,0,0.0299
2026-05-15,2026-05-11 17:17:10,S0235,Mirabad,41.275272,69.207156,27.6,14.2,50.26,227.6,0.2615,92.7,67.0,3.39,0,0.0299
2026-05-16,2026-05-11 17:17:10,S0235,Mirabad,41.275272,69.207156,29.4,12.8,50.23,226.1,0.3046,95.8,65.2,3.59,0,0.0299
2026-05-17,2026-05-11 17:17:10,S0235,Mirabad,41.275272,69.207156,32.0,10.2,50.16,223.0,0.2961,99.4,70.6,3.52,0,0.0299
2026-05-18,2026-05-11 17:17:10,S0235,Mirabad,41.275272,69.207156,26.7,9.7,49.99,222.1,0.1805,100.0,58.2,3.58,0,0.0299
2026-05-12,2026-05-11 17:17:10,S0236,Mirabad,41.284824,69.259626,43.1,9.2,50.49,227.8,0.7386,95.9,57.9,5.9,2,0.7251
2026-05-13,2026-05-11 17:17:10,S0236,Mirabad,41.284824,69.259626,45.3,11.1,50.31,217.3,0.6172,92.7,55.6,5.47,2,0.7251
2026-05-14,2026-05-11 17:17:10,S0236,Mirabad,41.284824,69.259626,43.5,9.7,50.46,221.2,0.7049,94.5,52.8,5.52,2,0.7251
2026-05-15,2026-05-11 17:17:10,S0236,Mirabad,41.284824,69.259626,42.4,7.9,50.51,219.5,0.6119,99.6,48.3,5.67,2,0.7251
2026-05-16,2026-05-11 17:17:10,S0236,Mirabad,41.284824,69.259626,42.1,10.7,50.39,223.9,0.6873,96.8,54.3,5.43,1,0.3751
2026-05-17,2026-05-11 17:17:10,S0236,Mirabad,41.284824,69.259626,39.4,8.8,50.44,227.7,0.7215,97.2,58.4,5.45,1,0.3751
2026-05-18,2026-05-11 17:17:10,S0236,Mirabad,41.284824,69.259626,43.9,6.0,50.44,230.0,0.7502,93.9,46.2,5.56,2,0.7251
2026-05-12,2026-05-11 17:17:10,S0237,Mirabad,41.258508,69.195518,39.7,7.5,50.11,216.4,0.6216,91.3,55.8,4.01,0,0.038
2026-05-13,2026-05-11 17:17:10,S0237,Mirabad,41.258508,69.195518,36.3,9.9,50.17,216.8,0.587,89.1,60.9,4.01,0,0.038
2026-05-14,2026-05-11 17:17:10,S0237,Mirabad,41.258508,69.195518,37.7,8.2,50.11,210.5,0.6408,91.5,62.0,4.6,0,0.038
2026-05-15,2026-05-11 17:17:10,S0237,Mirabad,41.258508,69.195518,39.1,5.9,50.01,208.3,0.7177,89.3,52.0,4.69,1,0.388
2026-05-16,2026-05-11 17:17:10,S0237,Mirabad,41.258508,69.195518,37.4,6.5,50.22,209.2,0.8584,90.2,59.2,4.31,1,0.388
2026-05-17,2026-05-11 17:17:10,S0237,Mirabad,41.258508,69.195518,40.6,6.7,49.98,211.6,0.7034,88.1,57.5,4.11,1,0.388
2026-05-18,2026-05-11 17:17:10,S0237,Mirabad,41.258508,69.195518,39.3,4.7,50.12,209.5,0.6862,90.9,56.9,4.13,1,0.388
2026-05-12,2026-05-11 17:17:10,S0238,Mirabad,41.256148,69.237864,32.7,0.0,50.14,211.5,0.5583,95.9,50.8,4.13,0,0.0254
2026-05-13,2026-05-11 17:17:10,S0238,Mirabad,41.256148,69.237864,29.9,4.1,50.38,206.6,0.486,98.9,49.8,4.05,1,0.3754
2026-05-14,2026-05-11 17:17:10,S0238,Mirabad,41.256148,69.237864,30.5,2.8,50.26,204.2,0.6656,99.2,48.5,4.14,1,0.3754
2026-05-15,2026-05-11 17:17:10,S0238,Mirabad,41.256148,69.237864,33.0,0.0,50.48,205.6,0.6418,97.4,52.1,4.43,1,0.3754
2026-05-16,2026-05-11 17:17:10,S0238,Mirabad,41.256148,69.237864,33.4,3.4,50.5,205.1,0.6563,99.1,54.3,4.53,1,0.3754
2026-05-17,2026-05-11 17:17:10,S0238,Mirabad,41.256148,69.237864,33.3,4.4,50.39,206.8,0.5652,100.0,54.0,5.08,1,0.3754
2026-05-18,2026-05-11 17:17:10,S0238,Mirabad,41.256148,69.237864,32.3,4.3,50.62,199.4,0.6224,100.0,56.6,4.54,2,0.7254
2026-05-12,2026-05-11 17:17:10,S0239,Mirabad,41.270683,69.258309,38.9,5.5,49.88,215.2,0.7331,88.6,73.5,3.84,0,0.0276
2026-05-13,2026-05-11 17:17:10,S0239,Mirabad,41.270683,69.258309,39.7,7.8,49.95,218.1,0.7199,87.3,70.5,3.75,0,0.0276
2026-05-14,2026-05-11 17:17:10,S0239,Mirabad,41.270683,69.258309,39.8,3.8,49.86,215.6,0.7827,88.9,72.1,3.94,0,0.0276
2026-05-15,2026-05-11 17:17:10,S0239,Mirabad,41.270683,69.258309,36.0,4.1,49.9,221.2,0.7257,87.8,68.2,3.99,0,0.0276
2026-05-16,2026-05-11 17:17:10,S0239,Mirabad,41.270683,69.258309,35.6,3.4,49.78,214.7,0.758,86.7,76.1,4.58,0,0.0276
2026-05-17,2026-05-11 17:17:10,S0239,Mirabad,41.270683,69.258309,37.4,2.4,49.76,213.6,0.9087,88.6,80.2,4.14,0,0.0276
2026-05-18,2026-05-11 17:17:10,S0239,Mirabad,41.270683,69.258309,37.3,5.3,50.02,213.9,0.706,87.5,79.8,4.3,0,0.0276
2026-05-12,2026-05-11 17:17:10,S0240,Mirabad,41.29585,69.203963,35.9,2.6,49.93,212.0,0.3177,80.4,60.5,3.1,1,0.3777
2026-05-13,2026-05-11 17:17:10,S0240,Mirabad,41.29585,69.203963,36.5,0.7,50.15,209.9,0.2788,78.3,52.3,2.78,1,0.3777
2026-05-14,2026-05-11 17:17:10,S0240,Mirabad,41.29585,69.203963,33.2,1.4,50.04,208.9,0.3125,76.6,49.3,2.85,1,0.3777
2026-05-15,2026-05-11 17:17:10,S0240,Mirabad,41.29585,69.203963,34.4,0.5,50.15,208.8,0.3751,75.3,48.1,2.67,1,0.3777
2026-05-16,2026-05-11 17:17:10,S0240,Mirabad,41.29585,69.203963,32.3,0.7,50.34,208.4,0.3146,71.4,50.2,3.05,2,0.7277
2026-05-17,2026-05-11 17:17:10,S0240,Mirabad,41.29585,69.203963,31.5,1.1,50.32,208.9,0.3122,73.3,53.2,2.77,2,0.7277
2026-05-18,2026-05-11 17:17:10,S0240,Mirabad,41.29585,69.203963,34.5,0.0,50.42,211.9,0.3396,73.4,49.2,2.8,2,0.7277
2026-05-12,2026-05-11 17:17:10,S0241,Mirabad,41.298998,69.252994,29.4,10.1,50.04,205.3,0.6889,89.2,85.0,4.13,1,0.3822
2026-05-13,2026-05-11 17:17:10,S0241,Mirabad,41.298998,69.252994,29.0,8.4,50.16,200.9,0.7253,89.4,85.8,4.52,1,0.3822
2026-05-14,2026-05-11 17:17:10,S0241,Mirabad,41.298998,69.252994,30.0,6.5,50.0,198.8,0.6414,89.5,77.9,3.9,2,0.7322
2026-05-15,2026-05-11 17:17:10,S0241,Mirabad,41.298998,69.252994,30.2,8.5,50.22,201.5,0.8487,90.2,80.0,4.34,1,0.3822
2026-05-16,2026-05-11 17:17:10,S0241,Mirabad,41.298998,69.252994,23.6,2.9,50.11,201.0,0.7128,89.5,81.7,4.08,1,0.3822
2026-05-17,2026-05-11 17:17:10,S0241,Mirabad,41.298998,69.252994,26.2,5.1,50.02,200.2,0.9541,91.1,77.3,4.16,1,0.3822
2026-05-18,2026-05-11 17:17:10,S0241,Mirabad,41.298998,69.252994,26.4,1.3,50.22,195.0,0.8573,89.6,78.0,4.22,2,0.7322
2026-05-12,2026-05-11 17:17:10,S0242,Mirabad,41.274455,69.236956,28.5,10.4,49.98,232.0,0.0576,78.8,66.6,2.29,1,0.3796
2026-05-13,2026-05-11 17:17:10,S0242,Mirabad,41.274455,69.236956,24.8,9.3,49.85,226.8,0.1604,78.6,70.0,2.75,1,0.3796
2026-05-14,2026-05-11 17:17:10,S0242,Mirabad,41.274455,69.236956,30.0,10.1,49.95,228.7,0.2977,76.2,69.9,2.32,1,0.3796
2026-05-15,2026-05-11 17:17:10,S0242,Mirabad,41.274455,69.236956,31.8,11.2,49.65,231.6,0.1672,76.9,69.2,2.61,1,0.3796
2026-05-16,2026-05-11 17:17:10,S0242,Mirabad,41.274455,69.236956,26.2,11.6,49.95,232.1,0.167,78.7,67.7,2.42,1,0.3796
2026-05-17,2026-05-11 17:17:10,S0242,Mirabad,41.274455,69.236956,31.0,13.0,49.92,234.8,0.2554,76.9,65.5,2.62,1,0.3796
2026-05-18,2026-05-11 17:17:10,S0242,Mirabad,41.274455,69.236956,29.4,14.8,49.96,230.4,0.3195,74.4,63.1,2.0,2,0.7296
2026-05-12,2026-05-11 17:17:10,S0243,Mirabad,41.280822,69.23187,39.7,13.1,49.91,207.0,0.5691,77.1,34.8,3.9,1,0.3768
2026-05-13,2026-05-11 17:17:10,S0243,Mirabad,41.280822,69.23187,39.4,15.2,49.81,207.7,0.4907,78.5,35.2,3.61,1,0.3768
2026-05-14,2026-05-11 17:17:10,S0243,Mirabad,41.280822,69.23187,38.4,12.5,49.77,206.9,0.5538,78.7,38.6,3.53,1,0.3768
2026-05-15,2026-05-11 17:17:10,S0243,Mirabad,41.280822,69.23187,37.3,14.2,49.77,205.1,0.581,81.8,37.4,3.51,1,0.3768
2026-05-16,2026-05-11 17:17:10,S0243,Mirabad,41.280822,69.23187,38.3,13.8,49.74,206.7,0.4174,78.8,25.0,3.19,1,0.3768
2026-05-17,2026-05-11 17:17:10,S0243,Mirabad,41.280822,69.23187,37.2,15.6,49.65,206.9,0.4661,81.1,39.8,3.55,1,0.3768
2026-05-18,2026-05-11 17:17:10,S0243,Mirabad,41.280822,69.23187,37.1,16.2,49.83,207.3,0.4313,80.1,36.9,3.01,1,0.3768
2026-05-12,2026-05-11 17:17:10,S0244,Mirabad,41.262681,69.252133,27.6,1.5,50.19,217.2,0.7099,84.4,62.3,3.03,1,0.3851
2026-05-13,2026-05-11 17:17:10,S0244,Mirabad,41.262681,69.252133,25.6,0.5,50.25,217.2,0.624,83.6,49.4,3.21,1,0.3851
2026-05-14,2026-05-11 17:17:10,S0244,Mirabad,41.262681,69.252133,22.9,1.6,50.23,215.6,0.6054,87.6,48.8,2.79,0,0.0351
2026-05-15,2026-05-11 17:17:10,S0244,Mirabad,41.262681,69.252133,27.0,0.0,50.22,213.8,0.6351,86.7,31.6,2.85,0,0.0351
2026-05-16,2026-05-11 17:17:10,S0244,Mirabad,41.262681,69.252133,24.3,2.4,50.07,210.7,0.5928,85.6,39.7,2.97,0,0.0351
2026-05-17,2026-05-11 17:17:10,S0244,Mirabad,41.262681,69.252133,23.8,0.9,50.29,210.2,0.6623,84.9,48.3,2.89,1,0.3851
2026-05-18,2026-05-11 17:17:10,S0244,Mirabad,41.262681,69.252133,25.7,0.0,50.24,209.7,0.6316,82.8,41.1,3.08,1,0.3851
2026-05-12,2026-05-11 17:17:10,S0245,Mirabad,41.258474,69.250761,34.0,10.1,50.26,220.8,0.704,83.0,58.7,2.74,1,0.3891
2026-05-13,2026-05-11 17:17:10,S0245,Mirabad,41.258474,69.250761,34.0,9.5,50.46,216.8,0.648,78.7,53.0,2.75,1,0.3891
2026-05-14,2026-05-11 17:17:10,S0245,Mirabad,41.258474,69.250761,33.0,12.3,50.41,219.0,0.6985,82.3,48.7,2.19,1,0.3891
2026-05-15,2026-05-11 17:17:10,S0245,Mirabad,41.258474,69.250761,33.3,11.2,50.44,222.8,0.7395,80.0,48.7,2.06,1,0.3891
2026-05-16,2026-05-11 17:17:10,S0245,Mirabad,41.258474,69.250761,32.3,11.2,50.46,222.1,0.7851,78.6,50.9,2.29,1,0.3891
2026-05-17,2026-05-11 17:17:10,S0245,Mirabad,41.258474,69.250761,37.2,11.8,50.64,222.2,0.7776,78.2,41.3,2.34,1,0.3891
2026-05-18,2026-05-11 17:17:10,S0245,Mirabad,41.258474,69.250761,37.5,11.0,50.58,224.0,0.9475,78.7,49.7,2.36,1,0.3891
2026-05-12,2026-05-11 17:17:10,S0246,Mirabad,41.256168,69.243341,36.5,0.7,49.89,225.1,0.714,88.1,54.6,3.0,0,0.0308
2026-05-13,2026-05-11 17:17:10,S0246,Mirabad,41.256168,69.243341,38.7,0.0,49.7,225.5,0.5428,87.6,59.6,2.69,0,0.0308
2026-05-14,2026-05-11 17:17:10,S0246,Mirabad,41.256168,69.243341,41.6,0.0,49.8,227.1,0.6384,84.9,61.9,3.11,1,0.3808
2026-05-15,2026-05-11 17:17:10,S0246,Mirabad,41.256168,69.243341,40.6,0.0,49.62,224.9,0.8167,88.1,62.8,2.74,1,0.3808
2026-05-16,2026-05-11 17:17:10,S0246,Mirabad,41.256168,69.243341,44.5,0.0,49.74,223.1,0.8029,89.6,59.2,3.14,1,0.3808
2026-05-17,2026-05-11 17:17:10,S0246,Mirabad,41.256168,69.243341,44.2,0.1,49.62,225.5,0.7579,92.0,52.2,3.4,1,0.3808
2026-05-18,2026-05-11 17:17:10,S0246,Mirabad,41.256168,69.243341,45.5,0.0,49.54,229.1,0.9716,85.1,52.1,3.06,2,0.7308
2026-05-12,2026-05-11 17:17:10,S0247,Mirabad,41.294684,69.254295,22.8,12.4,50.47,219.6,0.703,88.5,56.3,3.32,0,0.0271
2026-05-13,2026-05-11 17:17:10,S0247,Mirabad,41.294684,69.254295,28.6,12.6,50.49,219.5,0.747,90.7,51.4,3.86,0,0.0271
2026-05-14,2026-05-11 17:17:10,S0247,Mirabad,41.294684,69.254295,24.3,11.1,50.57,220.8,0.8088,87.1,53.9,4.04,1,0.3771
2026-05-15,2026-05-11 17:17:10,S0247,Mirabad,41.294684,69.254295,24.8,10.8,50.26,222.4,0.8622,88.5,45.2,3.85,0,0.0271
2026-05-16,2026-05-11 17:17:10,S0247,Mirabad,41.294684,69.254295,22.6,12.6,50.23,221.2,0.8789,89.0,55.1,3.65,0,0.0271
2026-05-17,2026-05-11 17:17:10,S0247,Mirabad,41.294684,69.254295,25.6,11.7,50.5,220.9,0.8602,89.7,47.9,3.92,0,0.0271
2026-05-18,2026-05-11 17:17:10,S0247,Mirabad,41.294684,69.254295,24.9,12.7,50.17,216.7,1.0352,88.9,44.8,3.9,1,0.3771
2026-05-12,2026-05-11 17:17:10,S0248,Mirabad,41.283075,69.203769,32.2,8.1,49.98,223.4,0.6079,76.7,80.9,3.4,1,0.371
2026-05-13,2026-05-11 17:17:10,S0248,Mirabad,41.283075,69.203769,32.1,10.3,49.84,220.3,0.5194,74.0,76.9,3.65,2,0.721
2026-05-14,2026-05-11 17:17:10,S0248,Mirabad,41.283075,69.203769,35.6,9.4,49.94,221.5,0.5399,75.3,91.0,3.68,1,0.371
2026-05-15,2026-05-11 17:17:10,S0248,Mirabad,41.283075,69.203769,35.6,11.9,49.82,217.6,0.5124,73.5,81.4,3.44,2,0.721
2026-05-16,2026-05-11 17:17:10,S0248,Mirabad,41.283075,69.203769,35.4,10.0,49.76,221.1,0.5351,74.3,90.5,4.16,2,0.721
2026-05-17,2026-05-11 17:17:10,S0248,Mirabad,41.283075,69.203769,36.0,12.0,49.64,225.4,0.3885,74.5,91.9,3.89,2,0.721
2026-05-18,2026-05-11 17:17:10,S0248,Mirabad,41.283075,69.203769,31.5,12.1,49.68,221.7,0.4796,72.3,95.0,4.32,2,0.721
2026-05-12,2026-05-11 17:17:10,S0249,Mirabad,41.276215,69.214837,33.9,8.1,49.6,209.4,0.3424,89.5,72.1,3.62,1,0.3676
2026-05-13,2026-05-11 17:17:10,S0249,Mirabad,41.276215,69.214837,31.2,9.6,49.8,210.3,0.4713,91.5,68.3,3.16,0,0.0176
2026-05-14,2026-05-11 17:17:10,S0249,Mirabad,41.276215,69.214837,34.0,10.8,49.83,209.2,0.4109,91.2,69.9,3.14,1,0.3676
2026-05-15,2026-05-11 17:17:10,S0249,Mirabad,41.276215,69.214837,31.6,9.4,49.56,208.5,0.3667,91.8,72.1,3.09,1,0.3676
2026-05-16,2026-05-11 17:17:10,S0249,Mirabad,41.276215,69.214837,31.8,7.7,49.76,204.2,0.5377,92.8,71.4,3.12,1,0.3676
2026-05-17,2026-05-11 17:17:10,S0249,Mirabad,41.276215,69.214837,33.7,8.5,49.55,208.1,0.4962,91.9,66.9,2.62,1,0.3676
2026-05-18,2026-05-11 17:17:10,S0249,Mirabad,41.276215,69.214837,31.7,9.6,49.78,208.5,0.3915,93.4,77.8,2.84,1,0.3676
2026-05-12,2026-05-11 17:17:10,S0250,Mirabad,41.29995,69.197425,46.5,18.2,50.45,237.7,0.4329,83.1,57.8,4.91,2,0.7379
2026-05-13,2026-05-11 17:17:10,S0250,Mirabad,41.29995,69.197425,45.9,17.6,50.3,238.2,0.5165,81.8,57.0,5.04,2,0.7379
2026-05-14,2026-05-11 17:17:10,S0250,Mirabad,41.29995,69.197425,45.3,14.5,50.41,242.1,0.4161,84.8,53.5,5.5,2,0.7379
2026-05-15,2026-05-11 17:17:10,S0250,Mirabad,41.29995,69.197425,42.8,16.6,50.52,241.5,0.5438,83.3,52.6,4.92,2,0.7379
2026-05-16,2026-05-11 17:17:10,S0250,Mirabad,41.29995,69.197425,43.7,15.8,50.45,242.9,0.4443,82.4,51.1,5.48,2,0.7379
2026-05-17,2026-05-11 17:17:10,S0250,Mirabad,41.29995,69.197425,43.7,16.8,50.69,244.6,0.4503,79.8,56.6,5.23,2,0.7379
2026-05-18,2026-05-11 17:17:10,S0250,Mirabad,41.29995,69.197425,41.7,14.6,50.69,243.1,0.4513,78.9,55.7,5.41,2,0.7379
2026-05-12,2026-05-11 17:17:10,S0251,Mirabad,41.281455,69.213778,35.3,11.8,49.48,205.5,0.3958,95.9,79.2,4.05,1,0.3721
2026-05-13,2026-05-11 17:17:10,S0251,Mirabad,41.281455,69.213778,35.0,11.7,49.62,207.5,0.3899,96.7,77.0,4.0,1,0.3721
2026-05-14,2026-05-11 17:17:10,S0251,Mirabad,41.281455,69.213778,36.9,13.4,49.63,211.2,0.5123,95.8,74.9,4.63,0,0.0221
2026-05-15,2026-05-11 17:17:10,S0251,Mirabad,41.281455,69.213778,32.8,13.0,49.53,205.0,0.3042,98.1,70.4,4.04,1,0.3721
2026-05-16,2026-05-11 17:17:10,S0251,Mirabad,41.281455,69.213778,36.7,17.3,49.45,208.8,0.2874,100.0,71.9,4.42,1,0.3721
2026-05-17,2026-05-11 17:17:10,S0251,Mirabad,41.281455,69.213778,37.6,15.0,49.41,208.6,0.2105,100.0,73.5,4.52,1,0.3721
2026-05-18,2026-05-11 17:17:10,S0251,Mirabad,41.281455,69.213778,36.1,15.3,49.49,207.9,0.4,100.0,73.4,4.55,1,0.3721
2026-05-12,2026-05-11 17:17:10,S0252,Mirabad,41.26724,69.201,23.3,8.6,49.83,219.3,0.224,87.5,73.8,3.58,0,0.0326
2026-05-13,2026-05-11 17:17:10,S0252,Mirabad,41.26724,69.201,24.4,11.2,49.81,214.1,0.1125,87.0,69.8,3.97,0,0.0326
2026-05-14,2026-05-11 17:17:10,S0252,Mirabad,41.26724,69.201,25.4,10.1,49.85,216.6,0.0337,90.3,67.2,3.65,0,0.0326
2026-05-15,2026-05-11 17:17:10,S0252,Mirabad,41.26724,69.201,26.0,9.0,49.69,218.2,0.01,88.4,70.6,2.98,0,0.0326
2026-05-16,2026-05-11 17:17:10,S0252,Mirabad,41.26724,69.201,26.0,12.2,49.72,213.2,0.0177,89.2,66.6,3.58,0,0.0326
2026-05-17,2026-05-11 17:17:10,S0252,Mirabad,41.26724,69.201,24.5,12.6,49.79,214.1,0.01,87.2,70.9,3.44,0,0.0326
2026-05-18,2026-05-11 17:17:10,S0252,Mirabad,41.26724,69.201,24.1,12.7,49.82,215.9,0.0571,88.5,68.2,4.04,0,0.0326
2026-05-12,2026-05-11 17:17:10,S0253,Mirabad,41.261717,69.244193,41.3,11.0,49.79,214.5,0.0802,88.3,52.3,4.23,1,0.3748
2026-05-13,2026-05-11 17:17:10,S0253,Mirabad,41.261717,69.244193,41.7,10.3,49.81,216.1,0.0129,86.8,57.3,4.08,1,0.3748
2026-05-14,2026-05-11 17:17:10,S0253,Mirabad,41.261717,69.244193,41.2,9.3,49.91,211.7,0.01,90.8,50.5,4.29,1,0.3748
2026-05-15,2026-05-11 17:17:10,S0253,Mirabad,41.261717,69.244193,44.4,7.6,49.92,213.6,0.01,86.1,54.2,3.91,1,0.3748
2026-05-16,2026-05-11 17:17:10,S0253,Mirabad,41.261717,69.244193,40.0,7.4,49.91,214.4,0.01,88.5,53.7,4.05,0,0.0248
2026-05-17,2026-05-11 17:17:10,S0253,Mirabad,41.261717,69.244193,38.5,6.5,50.01,212.7,0.0907,84.3,56.4,3.69,1,0.3748
2026-05-18,2026-05-11 17:17:10,S0253,Mirabad,41.261717,69.244193,39.4,5.0,49.92,216.6,0.01,86.6,59.0,4.12,0,0.0248
2026-05-12,2026-05-11 17:17:10,S0254,Mirabad,41.281291,69.219527,41.9,8.4,49.83,214.3,0.4459,92.9,52.9,3.3,1,0.3863
2026-05-13,2026-05-11 17:17:10,S0254,Mirabad,41.281291,69.219527,43.5,9.2,49.82,209.6,0.4835,91.6,38.9,3.04,1,0.3863
2026-05-14,2026-05-11 17:17:10,S0254,Mirabad,41.281291,69.219527,45.3,10.3,50.03,213.7,0.4042,94.1,49.9,3.59,2,0.7363
2026-05-15,2026-05-11 17:17:10,S0254,Mirabad,41.281291,69.219527,47.0,10.1,49.8,209.0,0.6645,94.0,37.3,3.52,2,0.7363
2026-05-16,2026-05-11 17:17:10,S0254,Mirabad,41.281291,69.219527,46.2,9.9,49.62,207.8,0.5043,94.4,48.7,3.54,2,0.7363
2026-05-17,2026-05-11 17:17:10,S0254,Mirabad,41.281291,69.219527,45.7,10.1,49.73,207.2,0.4581,92.5,41.9,3.43,2,0.7363
2026-05-18,2026-05-11 17:17:10,S0254,Mirabad,41.281291,69.219527,49.6,12.0,49.51,205.9,0.5835,97.6,31.1,3.71,2,0.7363
2026-05-12,2026-05-11 17:17:10,S0255,Mirabad,41.288492,69.210541,40.8,10.8,49.77,220.2,0.8458,89.8,72.1,3.87,1,0.3866
2026-05-13,2026-05-11 17:17:10,S0255,Mirabad,41.288492,69.210541,39.3,12.4,49.85,220.8,0.873,87.5,79.9,3.76,0,0.0366
2026-05-14,2026-05-11 17:17:10,S0255,Mirabad,41.288492,69.210541,40.6,12.7,49.81,220.0,0.8254,89.8,75.3,3.62,1,0.3866
2026-05-15,2026-05-11 17:17:10,S0255,Mirabad,41.288492,69.210541,37.5,13.3,49.7,215.1,0.9898,88.5,82.0,3.72,0,0.0366
2026-05-16,2026-05-11 17:17:10,S0255,Mirabad,41.288492,69.210541,37.8,12.7,49.8,220.1,0.8585,87.0,77.1,3.27,0,0.0366
2026-05-17,2026-05-11 17:17:10,S0255,Mirabad,41.288492,69.210541,37.8,14.6,49.81,221.1,0.9913,89.2,74.2,3.91,0,0.0366
2026-05-18,2026-05-11 17:17:10,S0255,Mirabad,41.288492,69.210541,35.3,13.9,49.69,224.1,1.0597,87.7,76.7,3.82,1,0.3866
2026-05-12,2026-05-11 17:17:10,S0256,Mirabad,41.280045,69.234402,22.9,12.3,49.79,226.0,0.1615,78.4,91.8,3.42,1,0.3735
2026-05-13,2026-05-11 17:17:10,S0256,Mirabad,41.280045,69.234402,26.4,13.5,49.79,225.7,0.2262,78.7,95.0,3.35,1,0.3735
2026-05-14,2026-05-11 17:17:10,S0256,Mirabad,41.280045,69.234402,24.6,12.7,49.79,228.0,0.1492,80.2,89.8,3.21,1,0.3735
2026-05-15,2026-05-11 17:17:10,S0256,Mirabad,41.280045,69.234402,27.8,13.3,49.95,228.8,0.3718,77.5,93.3,2.98,1,0.3735
2026-05-16,2026-05-11 17:17:10,S0256,Mirabad,41.280045,69.234402,23.2,14.3,49.87,227.8,0.303,80.7,95.0,3.45,1,0.3735
2026-05-17,2026-05-11 17:17:10,S0256,Mirabad,41.280045,69.234402,24.4,13.7,49.76,220.7,0.1797,80.8,95.0,3.38,1,0.3735
2026-05-18,2026-05-11 17:17:10,S0256,Mirabad,41.280045,69.234402,27.7,14.1,49.91,219.8,0.3563,76.5,95.0,3.25,1,0.3735
2026-05-12,2026-05-11 17:17:10,S0257,Mirabad,41.260704,69.255442,36.9,5.8,50.2,230.2,0.8047,78.7,63.7,3.36,1,0.3834
2026-05-13,2026-05-11 17:17:10,S0257,Mirabad,41.260704,69.255442,37.9,6.2,50.42,228.9,0.8976,77.2,65.1,3.27,1,0.3834
2026-05-14,2026-05-11 17:17:10,S0257,Mirabad,41.260704,69.255442,38.0,5.3,50.41,228.5,0.8662,75.7,56.7,3.18,1,0.3834
2026-05-15,2026-05-11 17:17:10,S0257,Mirabad,41.260704,69.255442,36.4,6.4,50.2,227.1,0.8505,80.5,40.2,3.51,1,0.3834
2026-05-16,2026-05-11 17:17:10,S0257,Mirabad,41.260704,69.255442,37.5,4.2,50.3,228.8,0.9587,75.0,59.8,3.88,1,0.3834
2026-05-17,2026-05-11 17:17:10,S0257,Mirabad,41.260704,69.255442,36.8,1.8,50.23,229.1,0.9016,75.2,48.8,3.54,1,0.3834
2026-05-18,2026-05-11 17:17:10,S0257,Mirabad,41.260704,69.255442,37.4,3.0,50.24,226.8,0.99,74.7,45.9,3.62,2,0.7334
2026-05-12,2026-05-11 17:17:10,S0258,Mirabad,41.270067,69.201268,41.6,16.6,49.7,223.0,0.7329,89.6,87.3,4.04,1,0.3853
2026-05-13,2026-05-11 17:17:10,S0258,Mirabad,41.270067,69.201268,39.0,17.6,49.61,223.0,0.7901,88.9,89.7,3.98,0,0.0353
2026-05-14,2026-05-11 17:17:10,S0258,Mirabad,41.270067,69.201268,39.8,17.1,49.52,220.3,0.7484,88.3,91.1,4.3,1,0.3853
2026-05-15,2026-05-11 17:17:10,S0258,Mirabad,41.270067,69.201268,39.5,19.6,49.47,221.0,0.8655,93.3,89.7,4.37,1,0.3853
2026-05-16,2026-05-11 17:17:10,S0258,Mirabad,41.270067,69.201268,40.7,19.7,49.54,222.1,0.9309,91.9,95.0,4.71,1,0.3853
2026-05-17,2026-05-11 17:17:10,S0258,Mirabad,41.270067,69.201268,38.9,19.2,49.36,225.9,1.1156,93.4,94.2,4.28,1,0.3853
2026-05-18,2026-05-11 17:17:10,S0258,Mirabad,41.270067,69.201268,41.7,20.1,49.48,222.2,0.7482,85.9,95.0,4.67,1,0.3853
2026-05-12,2026-05-11 17:17:10,S0259,Mirabad,41.263649,69.233665,30.2,10.5,50.14,203.4,1.0338,76.3,61.7,2.9,1,0.3797
2026-05-13,2026-05-11 17:17:10,S0259,Mirabad,41.263649,69.233665,28.9,11.4,50.21,208.1,1.078,75.0,39.5,2.77,1,0.3797
2026-05-14,2026-05-11 17:17:10,S0259,Mirabad,41.263649,69.233665,32.1,11.9,50.11,201.3,0.8528,74.1,56.7,2.79,2,0.7297
2026-05-15,2026-05-11 17:17:10,S0259,Mirabad,41.263649,69.233665,32.9,9.5,50.11,206.1,0.9562,74.5,51.3,2.43,2,0.7297
2026-05-16,2026-05-11 17:17:10,S0259,Mirabad,41.263649,69.233665,37.4,9.6,50.29,203.1,1.0816,72.1,53.5,2.74,2,0.7297
2026-05-17,2026-05-11 17:17:10,S0259,Mirabad,41.263649,69.233665,37.0,9.9,50.12,206.6,0.9787,73.6,52.9,2.75,2,0.7297
2026-05-18,2026-05-11 17:17:10,S0259,Mirabad,41.263649,69.233665,36.8,9.2,50.04,206.5,1.0301,72.0,55.2,2.94,2,0.7297
2026-05-12,2026-05-11 17:17:10,S0260,Mirabad,41.287283,69.223965,35.6,9.4,49.79,231.1,0.2359,78.3,70.1,2.62,1,0.3806
2026-05-13,2026-05-11 17:17:10,S0260,Mirabad,41.287283,69.223965,36.7,9.6,49.97,226.2,0.1767,80.1,71.6,2.2,1,0.3806
2026-05-14,2026-05-11 17:17:10,S0260,Mirabad,41.287283,69.223965,38.2,8.5,49.95,230.1,0.1848,79.7,72.4,2.14,1,0.3806
2026-05-15,2026-05-11 17:17:10,S0260,Mirabad,41.287283,69.223965,38.8,7.4,49.98,227.6,0.1528,81.4,73.0,2.27,1,0.3806
2026-05-16,2026-05-11 17:17:10,S0260,Mirabad,41.287283,69.223965,34.9,8.4,49.93,232.7,0.206,83.2,69.7,2.24,1,0.3806
2026-05-17,2026-05-11 17:17:10,S0260,Mirabad,41.287283,69.223965,38.9,6.9,49.87,233.8,0.104,83.6,74.8,2.27,1,0.3806
2026-05-18,2026-05-11 17:17:10,S0260,Mirabad,41.287283,69.223965,37.9,6.3,50.02,233.1,0.1744,81.3,69.1,1.9,1,0.3806
2026-05-12,2026-05-11 17:17:10,S0261,Mirabad,41.262019,69.241533,28.9,14.7,49.79,211.5,0.6458,88.6,44.2,3.21,0,0.0301
2026-05-13,2026-05-11 17:17:10,S0261,Mirabad,41.262019,69.241533,31.9,15.0,49.69,212.7,0.7101,87.3,47.3,3.27,0,0.0301
2026-05-14,2026-05-11 17:17:10,S0261,Mirabad,41.262019,69.241533,34.7,14.0,49.5,214.0,0.7163,89.1,42.7,3.18,0,0.0301
2026-05-15,2026-05-11 17:17:10,S0261,Mirabad,41.262019,69.241533,38.1,15.1,49.5,211.8,0.6735,88.6,44.5,2.86,0,0.0301
2026-05-16,2026-05-11 17:17:10,S0261,Mirabad,41.262019,69.241533,35.7,14.8,49.58,213.0,0.7107,85.4,32.6,2.63,0,0.0301
2026-05-17,2026-05-11 17:17:10,S0261,Mirabad,41.262019,69.241533,35.6,15.9,49.44,213.6,0.6147,92.0,30.0,3.46,1,0.3801
2026-05-18,2026-05-11 17:17:10,S0261,Mirabad,41.262019,69.241533,36.0,12.7,49.44,213.3,0.563,88.2,31.1,2.8,1,0.3801
2026-05-12,2026-05-11 17:17:10,S0262,Mirabad,41.28951,69.2288,33.8,8.7,50.11,219.1,0.6066,83.1,65.0,4.1,1,0.3771
2026-05-13,2026-05-11 17:17:10,S0262,Mirabad,41.28951,69.2288,28.4,9.1,49.97,219.8,0.5498,87.7,68.5,4.23,0,0.0271
2026-05-14,2026-05-11 17:17:10,S0262,Mirabad,41.28951,69.2288,30.7,11.0,49.83,223.2,0.5635,88.4,69.6,4.24,0,0.0271
2026-05-15,2026-05-11 17:17:10,S0262,Mirabad,41.28951,69.2288,25.8,8.9,50.0,219.6,0.6442,86.4,63.0,4.21,0,0.0271
2026-05-16,2026-05-11 17:17:10,S0262,Mirabad,41.28951,69.2288,22.7,10.5,50.04,221.0,0.5988,87.4,65.6,4.93,0,0.0271
2026-05-17,2026-05-11 17:17:10,S0262,Mirabad,41.28951,69.2288,20.3,10.9,49.95,223.1,0.5654,89.5,66.0,4.57,0,0.0271
2026-05-18,2026-05-11 17:17:10,S0262,Mirabad,41.28951,69.2288,20.2,10.5,49.92,222.7,0.6086,87.8,75.0,4.52,0,0.0271
2026-05-12,2026-05-11 17:17:10,S0263,Mirabad,41.270811,69.241445,45.3,10.6,49.16,236.5,1.4762,78.5,73.9,3.32,2,0.7285
2026-05-13,2026-05-11 17:17:10,S0263,Mirabad,41.270811,69.241445,43.8,8.7,49.13,238.5,1.3589,78.0,74.8,3.38,1,0.3785
2026-05-14,2026-05-11 17:17:10,S0263,Mirabad,41.270811,69.241445,43.0,10.1,49.24,235.5,1.2631,76.8,71.6,3.61,1,0.3785
2026-05-15,2026-05-11 17:17:10,S0263,Mirabad,41.270811,69.241445,42.6,9.1,49.1,238.7,1.2511,77.0,73.9,3.21,1,0.3785
2026-05-16,2026-05-11 17:17:10,S0263,Mirabad,41.270811,69.241445,39.9,10.0,49.27,240.6,1.3372,77.6,78.9,3.4,2,0.7285
2026-05-17,2026-05-11 17:17:10,S0263,Mirabad,41.270811,69.241445,41.0,9.0,49.14,241.1,1.2781,76.7,73.2,3.57,2,0.7285
2026-05-18,2026-05-11 17:17:10,S0263,Mirabad,41.270811,69.241445,36.9,8.9,49.13,241.1,1.2478,76.7,73.4,3.54,2,0.7285
2026-05-12,2026-05-11 17:17:10,S0264,Mirabad,41.264447,69.200819,33.5,10.5,49.52,217.2,0.0652,95.9,81.9,3.99,0,0.0352
2026-05-13,2026-05-11 17:17:10,S0264,Mirabad,41.264447,69.200819,31.7,10.6,49.33,216.7,0.0326,95.3,82.0,5.4,1,0.3852
2026-05-14,2026-05-11 17:17:10,S0264,Mirabad,41.264447,69.200819,32.8,8.9,49.45,220.9,0.01,96.1,75.7,4.54,1,0.3852
2026-05-15,2026-05-11 17:17:10,S0264,Mirabad,41.264447,69.200819,34.7,9.7,49.39,219.9,0.074,99.4,84.1,4.84,1,0.3852
2026-05-16,2026-05-11 17:17:10,S0264,Mirabad,41.264447,69.200819,36.0,9.2,49.26,223.5,0.01,100.0,84.9,4.94,1,0.3852
2026-05-17,2026-05-11 17:17:10,S0264,Mirabad,41.264447,69.200819,37.1,9.9,49.31,222.3,0.01,99.7,76.2,5.65,2,0.7352
2026-05-18,2026-05-11 17:17:10,S0264,Mirabad,41.264447,69.200819,36.7,11.4,49.21,219.1,0.01,96.9,83.5,4.93,1,0.3852
2026-05-12,2026-05-11 17:17:10,S0265,Mirabad,41.273451,69.255942,36.9,2.7,50.19,207.3,0.8587,87.2,58.5,3.36,1,0.3861
2026-05-13,2026-05-11 17:17:10,S0265,Mirabad,41.273451,69.255942,38.7,1.2,50.23,205.7,0.7312,87.0,62.4,3.64,1,0.3861
2026-05-14,2026-05-11 17:17:10,S0265,Mirabad,41.273451,69.255942,38.9,2.2,50.21,208.7,0.6844,87.7,57.8,3.55,1,0.3861
2026-05-15,2026-05-11 17:17:10,S0265,Mirabad,41.273451,69.255942,38.2,3.3,50.04,202.2,0.8145,90.4,59.1,3.33,1,0.3861
2026-05-16,2026-05-11 17:17:10,S0265,Mirabad,41.273451,69.255942,40.5,4.2,50.19,202.1,0.7587,89.9,47.9,3.01,1,0.3861
2026-05-17,2026-05-11 17:17:10,S0265,Mirabad,41.273451,69.255942,40.0,3.1,50.25,203.0,0.6732,84.9,49.0,3.7,1,0.3861
2026-05-18,2026-05-11 17:17:10,S0265,Mirabad,41.273451,69.255942,42.5,4.3,50.24,202.1,0.8329,88.6,44.6,3.52,1,0.3861
2026-05-12,2026-05-11 17:17:10,S0266,Mirabad,41.265493,69.207875,43.6,7.9,49.99,243.8,0.2302,88.3,60.9,5.18,2,0.7261
2026-05-13,2026-05-11 17:17:10,S0266,Mirabad,41.265493,69.207875,43.3,9.7,49.84,245.0,0.0804,91.6,53.0,5.09,2,0.7261
2026-05-14,2026-05-11 17:17:10,S0266,Mirabad,41.265493,69.207875,44.7,8.1,49.84,244.9,0.2936,88.0,54.6,4.58,2,0.7261
2026-05-15,2026-05-11 17:17:10,S0266,Mirabad,41.265493,69.207875,44.1,10.0,49.98,245.0,0.3341,88.6,48.0,4.28,2,0.7261
2026-05-16,2026-05-11 17:17:10,S0266,Mirabad,41.265493,69.207875,46.5,6.2,50.07,245.0,0.3855,92.6,54.3,4.02,2,0.7261
2026-05-17,2026-05-11 17:17:10,S0266,Mirabad,41.265493,69.207875,44.1,4.8,50.08,235.9,0.2314,90.9,53.1,3.99,1,0.3761
2026-05-18,2026-05-11 17:17:10,S0266,Mirabad,41.265493,69.207875,45.6,6.1,49.9,245.0,0.2373,93.6,49.0,4.09,2,0.7261
2026-05-12,2026-05-11 17:17:10,S0267,Mirabad,41.263768,69.249846,46.3,9.9,49.97,220.8,0.1992,90.8,44.1,3.15,2,0.7126
2026-05-13,2026-05-11 17:17:10,S0267,Mirabad,41.263768,69.249846,45.0,8.5,50.06,217.1,0.1763,88.5,52.3,3.19,1,0.3626
2026-05-14,2026-05-11 17:17:10,S0267,Mirabad,41.263768,69.249846,47.0,7.8,49.93,222.5,0.2455,87.4,47.2,3.16,2,0.7126
2026-05-15,2026-05-11 17:17:10,S0267,Mirabad,41.263768,69.249846,48.7,8.4,49.98,219.0,0.0385,87.2,39.1,3.14,2,0.7126
2026-05-16,2026-05-11 17:17:10,S0267,Mirabad,41.263768,69.249846,51.5,9.4,50.05,222.7,0.1713,87.9,50.6,3.21,2,0.7126
2026-05-17,2026-05-11 17:17:10,S0267,Mirabad,41.263768,69.249846,49.6,6.7,50.09,227.5,0.01,84.9,48.9,3.05,2,0.7126
2026-05-18,2026-05-11 17:17:10,S0267,Mirabad,41.263768,69.249846,47.1,5.5,50.06,223.8,0.01,91.6,48.1,3.9,2,0.7126
2026-05-12,2026-05-11 17:17:10,S0268,Mirabad,41.278811,69.251576,35.9,7.9,50.09,217.7,0.2948,92.6,79.5,2.71,0,0.0265
2026-05-13,2026-05-11 17:17:10,S0268,Mirabad,41.278811,69.251576,36.4,9.7,49.96,219.4,0.3774,91.9,78.7,2.3,0,0.0265
2026-05-14,2026-05-11 17:17:10,S0268,Mirabad,41.278811,69.251576,35.9,8.2,50.25,217.3,0.4436,93.2,83.5,2.74,0,0.0265
2026-05-15,2026-05-11 17:17:10,S0268,Mirabad,41.278811,69.251576,33.7,8.8,50.13,218.1,0.407,92.0,80.7,2.72,0,0.0265
2026-05-16,2026-05-11 17:17:10,S0268,Mirabad,41.278811,69.251576,32.8,9.6,50.19,222.9,0.3764,92.5,83.3,2.37,0,0.0265
2026-05-17,2026-05-11 17:17:10,S0268,Mirabad,41.278811,69.251576,30.8,9.9,50.32,223.8,0.5122,95.1,83.2,2.36,0,0.0265
2026-05-18,2026-05-11 17:17:10,S0268,Mirabad,41.278811,69.251576,39.6,8.5,50.08,219.8,0.5841,94.6,85.7,1.7,0,0.0265
2026-05-12,2026-05-11 17:17:10,S0269,Mirabad,41.289378,69.224154,34.3,4.3,50.46,225.5,0.4281,93.2,79.3,2.97,0,0.0338
2026-05-13,2026-05-11 17:17:10,S0269,Mirabad,41.289378,69.224154,36.2,5.1,50.44,220.8,0.4491,92.5,68.2,3.36,0,0.0338
2026-05-14,2026-05-11 17:17:10,S0269,Mirabad,41.289378,69.224154,37.3,6.1,50.55,223.1,0.4444,93.8,68.5,2.79,1,0.3838
2026-05-15,2026-05-11 17:17:10,S0269,Mirabad,41.289378,69.224154,37.1,6.5,50.4,220.7,0.4255,95.9,73.5,2.74,0,0.0338
2026-05-16,2026-05-11 17:17:10,S0269,Mirabad,41.289378,69.224154,34.9,4.9,50.37,223.4,0.3219,95.3,62.4,2.08,0,0.0338
2026-05-17,2026-05-11 17:17:10,S0269,Mirabad,41.289378,69.224154,33.9,6.6,50.32,221.3,0.3826,94.6,62.3,3.02,0,0.0338
2026-05-18,2026-05-11 17:17:10,S0269,Mirabad,41.289378,69.224154,36.0,5.5,50.27,221.3,0.2104,94.5,69.6,2.42,0,0.0338
2026-05-12,2026-05-11 17:17:10,S0270,Mirabad,41.289443,69.24606,38.9,2.2,49.3,211.2,0.5572,86.9,95.0,4.45,1,0.3863
2026-05-13,2026-05-11 17:17:10,S0270,Mirabad,41.289443,69.24606,38.6,3.2,49.3,211.0,0.3969,82.6,95.0,4.21,1,0.3863
2026-05-14,2026-05-11 17:17:10,S0270,Mirabad,41.289443,69.24606,40.2,1.7,49.4,212.7,0.4768,82.8,95.0,4.45,1,0.3863
2026-05-15,2026-05-11 17:17:10,S0270,Mirabad,41.289443,69.24606,40.9,2.8,49.31,213.3,0.4619,84.3,95.0,4.91,1,0.3863
2026-05-16,2026-05-11 17:17:10,S0270,Mirabad,41.289443,69.24606,40.2,3.4,49.25,211.0,0.5113,84.7,95.0,4.83,1,0.3863
2026-05-17,2026-05-11 17:17:10,S0270,Mirabad,41.289443,69.24606,45.4,3.3,49.3,208.6,0.4517,86.6,95.0,4.71,2,0.7363
2026-05-18,2026-05-11 17:17:10,S0270,Mirabad,41.289443,69.24606,42.2,5.0,49.24,211.1,0.4182,86.6,95.0,5.07,1,0.3863
2026-05-12,2026-05-11 17:17:10,S0271,Mirabad,41.294134,69.231275,42.5,11.7,49.96,217.3,0.6188,92.1,61.1,4.53,1,0.3791
2026-05-13,2026-05-11 17:17:10,S0271,Mirabad,41.294134,69.231275,41.4,9.6,49.99,216.9,0.5598,91.4,72.8,4.78,1,0.3791
2026-05-14,2026-05-11 17:17:10,S0271,Mirabad,41.294134,69.231275,41.1,10.0,49.99,215.9,0.5666,89.4,64.7,4.36,1,0.3791
2026-05-15,2026-05-11 17:17:10,S0271,Mirabad,41.294134,69.231275,42.3,11.6,49.92,216.3,0.4383,89.2,77.0,4.6,1,0.3791
2026-05-16,2026-05-11 17:17:10,S0271,Mirabad,41.294134,69.231275,43.3,10.5,50.09,217.0,0.5598,89.5,76.8,4.15,1,0.3791
2026-05-17,2026-05-11 17:17:10,S0271,Mirabad,41.294134,69.231275,42.2,11.3,49.96,215.4,0.6492,90.8,72.2,4.64,1,0.3791
2026-05-18,2026-05-11 17:17:10,S0271,Mirabad,41.294134,69.231275,43.1,10.6,49.89,217.6,0.7124,88.2,78.4,4.36,1,0.3791
2026-05-12,2026-05-11 17:17:10,S0272,Mirabad,41.292085,69.231098,44.6,6.8,50.08,219.2,0.4315,91.5,45.0,3.47,1,0.3855
2026-05-13,2026-05-11 17:17:10,S0272,Mirabad,41.292085,69.231098,45.2,6.2,49.84,224.8,0.3485,90.8,42.2,3.76,2,0.7355
2026-05-14,2026-05-11 17:17:10,S0272,Mirabad,41.292085,69.231098,49.3,7.8,50.07,219.8,0.4642,92.5,39.5,3.37,2,0.7355
2026-05-15,2026-05-11 17:17:10,S0272,Mirabad,41.292085,69.231098,49.6,6.8,50.17,223.6,0.5818,91.6,30.1,3.81,2,0.7355
2026-05-16,2026-05-11 17:17:10,S0272,Mirabad,41.292085,69.231098,50.7,5.2,50.28,227.7,0.61,91.7,32.7,3.76,2,0.7355
2026-05-17,2026-05-11 17:17:10,S0272,Mirabad,41.292085,69.231098,48.3,5.3,50.29,225.9,0.5341,92.8,39.2,3.5,2,0.7355
2026-05-18,2026-05-11 17:17:10,S0272,Mirabad,41.292085,69.231098,52.8,5.7,50.17,229.2,0.4878,92.3,25.0,3.26,2,0.7355
2026-05-12,2026-05-11 17:17:10,S0273,Mirabad,41.270967,69.249358,42.0,5.8,50.14,225.6,0.2671,100.0,62.7,3.52,1,0.3816
2026-05-13,2026-05-11 17:17:10,S0273,Mirabad,41.270967,69.249358,36.6,6.9,50.06,222.7,0.187,99.1,60.4,3.26,0,0.0316
2026-05-14,2026-05-11 17:17:10,S0273,Mirabad,41.270967,69.249358,40.6,3.7,50.25,220.6,0.3265,100.0,55.8,3.68,1,0.3816
2026-05-15,2026-05-11 17:17:10,S0273,Mirabad,41.270967,69.249358,35.8,3.9,49.99,223.4,0.253,100.0,61.6,3.82,0,0.0316
2026-05-16,2026-05-11 17:17:10,S0273,Mirabad,41.270967,69.249358,36.0,5.1,50.01,226.1,0.3897,100.0,49.9,3.33,0,0.0316
2026-05-17,2026-05-11 17:17:10,S0273,Mirabad,41.270967,69.249358,37.3,3.2,50.09,227.2,0.3746,100.0,61.9,3.52,0,0.0316
2026-05-18,2026-05-11 17:17:10,S0273,Mirabad,41.270967,69.249358,37.2,3.3,50.19,225.9,0.2543,100.0,54.8,3.13,0,0.0316
2026-05-12,2026-05-11 17:17:10,S0274,Mirabad,41.267468,69.198704,30.0,8.0,50.1,217.5,0.653,95.6,51.2,4.55,0,0.0309
2026-05-13,2026-05-11 17:17:10,S0274,Mirabad,41.267468,69.198704,34.9,9.1,50.11,218.5,0.6285,95.7,56.9,4.05,0,0.0309
2026-05-14,2026-05-11 17:17:10,S0274,Mirabad,41.267468,69.198704,33.3,7.6,50.1,220.4,0.6746,95.1,61.1,4.39,0,0.0309
2026-05-15,2026-05-11 17:17:10,S0274,Mirabad,41.267468,69.198704,30.5,7.7,50.12,217.7,0.649,95.3,56.1,4.25,0,0.0309
2026-05-16,2026-05-11 17:17:10,S0274,Mirabad,41.267468,69.198704,31.8,7.2,50.18,222.4,0.6335,97.8,49.0,3.7,0,0.0309
2026-05-17,2026-05-11 17:17:10,S0274,Mirabad,41.267468,69.198704,33.8,6.7,50.17,227.4,0.6891,100.0,58.2,3.82,0,0.0309
2026-05-18,2026-05-11 17:17:10,S0274,Mirabad,41.267468,69.198704,30.2,8.2,50.16,224.4,0.7093,97.9,51.0,3.51,0,0.0309
2026-05-12,2026-05-11 17:17:10,S0275,Mirabad,41.27558,69.231741,30.1,11.9,50.34,222.3,0.0514,88.4,33.2,4.48,0,0.0321
2026-05-13,2026-05-11 17:17:10,S0275,Mirabad,41.27558,69.231741,27.7,11.9,50.33,221.9,0.01,90.1,29.9,4.14,1,0.3821
2026-05-14,2026-05-11 17:17:10,S0275,Mirabad,41.27558,69.231741,29.6,12.4,50.23,221.6,0.01,87.9,32.9,4.6,0,0.0321
2026-05-15,2026-05-11 17:17:10,S0275,Mirabad,41.27558,69.231741,29.9,10.6,50.3,217.8,0.0173,87.1,42.7,4.93,0,0.0321
2026-05-16,2026-05-11 17:17:10,S0275,Mirabad,41.27558,69.231741,31.0,13.0,50.35,216.6,0.01,89.2,31.5,4.71,0,0.0321
2026-05-17,2026-05-11 17:17:10,S0275,Mirabad,41.27558,69.231741,28.5,13.1,50.26,214.0,0.077,90.6,34.5,4.7,0,0.0321
2026-05-18,2026-05-11 17:17:10,S0275,Mirabad,41.27558,69.231741,26.7,12.6,50.23,216.8,0.01,83.6,26.6,5.07,1,0.3821
2026-05-12,2026-05-11 17:17:10,S0276,Mirabad,41.263617,69.250939,21.2,0.9,50.56,232.0,0.5387,90.0,60.5,3.48,1,0.3737
2026-05-13,2026-05-11 17:17:10,S0276,Mirabad,41.263617,69.250939,23.4,0.8,50.6,227.5,0.3464,87.4,62.2,3.59,1,0.3737
2026-05-14,2026-05-11 17:17:10,S0276,Mirabad,41.263617,69.250939,20.4,1.9,50.36,221.5,0.3897,85.3,59.1,3.58,0,0.0237
2026-05-15,2026-05-11 17:17:10,S0276,Mirabad,41.263617,69.250939,21.0,1.6,50.46,229.0,0.4068,83.4,61.7,3.2,1,0.3737
2026-05-16,2026-05-11 17:17:10,S0276,Mirabad,41.263617,69.250939,20.8,0.9,50.45,230.7,0.392,85.3,64.6,3.54,1,0.3737
2026-05-17,2026-05-11 17:17:10,S0276,Mirabad,41.263617,69.250939,20.3,1.8,50.49,222.5,0.3844,87.5,66.6,3.77,0,0.0237
2026-05-18,2026-05-11 17:17:10,S0276,Mirabad,41.263617,69.250939,24.9,1.1,50.67,223.6,0.4095,86.3,68.7,3.93,1,0.3737
2026-05-12,2026-05-11 17:17:10,S0277,Mirabad,41.271241,69.215277,31.5,1.0,49.76,215.5,0.0962,89.5,50.8,2.67,0,0.0336
2026-05-13,2026-05-11 17:17:10,S0277,Mirabad,41.271241,69.215277,33.9,4.7,49.7,215.4,0.1622,85.7,50.9,2.84,0,0.0336
2026-05-14,2026-05-11 17:17:10,S0277,Mirabad,41.271241,69.215277,32.5,2.8,49.76,219.5,0.1524,90.9,47.3,2.22,0,0.0336
2026-05-15,2026-05-11 17:17:10,S0277,Mirabad,41.271241,69.215277,29.5,1.2,49.72,215.0,0.2299,89.5,48.8,3.29,0,0.0336
2026-05-16,2026-05-11 17:17:10,S0277,Mirabad,41.271241,69.215277,32.6,2.4,49.7,219.8,0.2845,92.0,45.4,2.2,0,0.0336
2026-05-17,2026-05-11 17:17:10,S0277,Mirabad,41.271241,69.215277,31.5,2.2,49.61,217.3,0.1997,91.8,49.1,2.62,0,0.0336
2026-05-18,2026-05-11 17:17:10,S0277,Mirabad,41.271241,69.215277,28.9,3.0,49.73,218.9,0.2636,97.7,51.9,2.84,0,0.0336
2026-05-12,2026-05-11 17:17:10,S0278,Mirabad,41.296746,69.20756,29.8,8.6,49.63,218.5,0.6617,91.6,50.9,3.74,0,0.0281
2026-05-13,2026-05-11 17:17:10,S0278,Mirabad,41.296746,69.20756,30.7,8.8,49.63,220.9,0.6606,87.5,58.7,4.01,0,0.0281
2026-05-14,2026-05-11 17:17:10,S0278,Mirabad,41.296746,69.20756,30.0,7.4,49.63,220.6,0.6575,86.9,51.4,3.73,0,0.0281
2026-05-15,2026-05-11 17:17:10,S0278,Mirabad,41.296746,69.20756,33.3,10.3,49.58,217.9,0.6742,85.2,54.3,3.9,0,0.0281
2026-05-16,2026-05-11 17:17:10,S0278,Mirabad,41.296746,69.20756,30.7,8.7,49.49,218.4,0.68,88.4,49.1,3.96,1,0.3781
2026-05-17,2026-05-11 17:17:10,S0278,Mirabad,41.296746,69.20756,33.9,8.0,49.34,215.3,0.6849,89.2,47.7,3.73,1,0.3781
2026-05-18,2026-05-11 17:17:10,S0278,Mirabad,41.296746,69.20756,34.1,8.1,49.41,211.9,0.6611,87.4,46.2,3.94,1,0.3781
2026-05-12,2026-05-11 17:17:10,S0279,Mirabad,41.264618,69.216165,36.9,9.4,49.83,245.0,0.5363,92.7,59.6,4.08,2,0.7243
2026-05-13,2026-05-11 17:17:10,S0279,Mirabad,41.264618,69.216165,33.4,10.5,49.85,242.7,0.4967,92.7,67.6,4.48,2,0.7243
2026-05-14,2026-05-11 17:17:10,S0279,Mirabad,41.264618,69.216165,35.6,12.4,49.69,245.0,0.4354,97.1,67.0,4.29,2,0.7243
2026-05-15,2026-05-11 17:17:10,S0279,Mirabad,41.264618,69.216165,36.0,12.8,49.59,245.0,0.2875,88.2,57.9,4.37,2,0.7243
2026-05-16,2026-05-11 17:17:10,S0279,Mirabad,41.264618,69.216165,38.3,11.7,49.66,245.0,0.297,92.7,63.6,4.85,2,0.7243
2026-05-17,2026-05-11 17:17:10,S0279,Mirabad,41.264618,69.216165,37.1,13.8,49.58,245.0,0.4683,92.9,75.3,4.63,2,0.7243
2026-05-18,2026-05-11 17:17:10,S0279,Mirabad,41.264618,69.216165,36.3,13.3,49.37,245.0,0.3863,87.4,68.5,4.9,2,0.7243
2026-05-12,2026-05-11 17:17:10,S0280,Mirabad,41.293501,69.242376,37.9,9.6,49.99,221.6,0.4181,88.4,44.2,3.62,0,0.027
2026-05-13,2026-05-11 17:17:10,S0280,Mirabad,41.293501,69.242376,40.5,7.5,49.68,224.0,0.2644,93.8,47.5,3.92,1,0.377
2026-05-14,2026-05-11 17:17:10,S0280,Mirabad,41.293501,69.242376,42.5,7.7,49.93,222.3,0.2385,87.3,50.1,3.22,1,0.377
2026-05-15,2026-05-11 17:17:10,S0280,Mirabad,41.293501,69.242376,40.8,9.1,49.75,224.0,0.3406,86.9,53.0,3.69,1,0.377
2026-05-16,2026-05-11 17:17:10,S0280,Mirabad,41.293501,69.242376,41.9,6.8,49.9,221.7,0.2138,89.9,54.0,3.5,1,0.377
2026-05-17,2026-05-11 17:17:10,S0280,Mirabad,41.293501,69.242376,42.8,6.6,49.86,224.3,0.4314,89.8,55.6,3.43,1,0.377
2026-05-18,2026-05-11 17:17:10,S0280,Mirabad,41.293501,69.242376,44.4,7.0,49.7,231.5,0.3527,94.2,52.4,3.72,1,0.377
2026-05-12,2026-05-11 17:17:10,S0281,Mirabad,41.293872,69.221796,28.9,4.6,50.47,225.7,0.4308,86.7,68.6,2.7,0,0.0182
2026-05-13,2026-05-11 17:17:10,S0281,Mirabad,41.293872,69.221796,30.2,2.0,50.53,227.2,0.4244,87.0,74.0,2.83,1,0.3682
2026-05-14,2026-05-11 17:17:10,S0281,Mirabad,41.293872,69.221796,26.8,3.0,50.46,227.4,0.3347,86.4,62.1,3.67,0,0.0182
2026-05-15,2026-05-11 17:17:10,S0281,Mirabad,41.293872,69.221796,28.1,3.7,50.5,232.3,0.3421,84.6,62.8,3.24,1,0.3682
2026-05-16,2026-05-11 17:17:10,S0281,Mirabad,41.293872,69.221796,28.4,4.4,50.7,235.3,0.3128,84.8,63.8,3.48,1,0.3682
2026-05-17,2026-05-11 17:17:10,S0281,Mirabad,41.293872,69.221796,28.1,2.0,50.73,240.7,0.3718,85.4,60.4,3.16,2,0.7182
2026-05-18,2026-05-11 17:17:10,S0281,Mirabad,41.293872,69.221796,31.1,0.0,50.71,237.7,0.3277,86.4,61.1,3.29,1,0.3682
2026-05-12,2026-05-11 17:17:10,S0282,Mirabad,41.287888,69.223388,41.6,5.8,49.83,214.2,0.4891,86.6,78.6,3.45,1,0.3785
2026-05-13,2026-05-11 17:17:10,S0282,Mirabad,41.287888,69.223388,41.3,6.0,49.8,219.0,0.3638,84.3,75.6,4.08,1,0.3785
2026-05-14,2026-05-11 17:17:10,S0282,Mirabad,41.287888,69.223388,44.3,5.8,49.82,219.3,0.5054,84.3,66.8,4.15,1,0.3785
2026-05-15,2026-05-11 17:17:10,S0282,Mirabad,41.287888,69.223388,50.2,6.7,49.7,215.9,0.4189,84.3,65.5,4.34,2,0.7285
2026-05-16,2026-05-11 17:17:10,S0282,Mirabad,41.287888,69.223388,44.9,5.1,49.75,218.8,0.5662,83.0,71.6,3.82,1,0.3785
2026-05-17,2026-05-11 17:17:10,S0282,Mirabad,41.287888,69.223388,46.3,6.6,49.57,219.1,0.5017,82.1,72.9,3.98,2,0.7285
2026-05-18,2026-05-11 17:17:10,S0282,Mirabad,41.287888,69.223388,48.2,6.4,49.5,214.3,0.3739,81.9,66.5,4.54,2,0.7285
2026-05-12,2026-05-11 17:17:10,S0283,Mirabad,41.266468,69.205202,22.7,9.1,50.03,201.5,0.6381,81.9,81.3,0.5,1,0.3846
2026-05-13,2026-05-11 17:17:10,S0283,Mirabad,41.266468,69.205202,21.8,7.1,49.87,200.5,0.6663,84.1,82.2,1.39,1,0.3846
2026-05-14,2026-05-11 17:17:10,S0283,Mirabad,41.266468,69.205202,23.6,9.9,49.76,199.0,0.6516,83.6,82.4,0.69,2,0.7346
2026-05-15,2026-05-11 17:17:10,S0283,Mirabad,41.266468,69.205202,21.7,8.8,49.84,197.7,0.6608,86.4,81.0,0.5,2,0.7346
2026-05-16,2026-05-11 17:17:10,S0283,Mirabad,41.266468,69.205202,21.5,7.6,49.88,195.0,0.5538,82.5,79.6,0.68,2,0.7346
2026-05-17,2026-05-11 17:17:10,S0283,Mirabad,41.266468,69.205202,21.7,9.0,49.79,196.5,0.5846,83.4,80.3,0.54,2,0.7346
2026-05-18,2026-05-11 17:17:10,S0283,Mirabad,41.266468,69.205202,19.8,4.9,49.8,200.9,0.7451,82.3,82.3,0.5,1,0.3846
2026-05-12,2026-05-11 17:17:10,S0284,Mirabad,41.297158,69.23744,35.4,7.9,50.03,234.5,0.5877,89.3,73.4,3.38,1,0.3832
2026-05-13,2026-05-11 17:17:10,S0284,Mirabad,41.297158,69.23744,38.6,4.5,49.99,235.2,0.7302,91.1,75.3,3.78,1,0.3832
2026-05-14,2026-05-11 17:17:10,S0284,Mirabad,41.297158,69.23744,40.4,5.3,49.86,242.1,0.6189,91.1,76.8,3.34,2,0.7332
2026-05-15,2026-05-11 17:17:10,S0284,Mirabad,41.297158,69.23744,40.9,2.9,49.9,242.3,0.7249,84.4,77.6,3.6,2,0.7332
2026-05-16,2026-05-11 17:17:10,S0284,Mirabad,41.297158,69.23744,40.3,3.1,49.97,243.2,0.7218,89.0,76.0,3.4,2,0.7332
2026-05-17,2026-05-11 17:17:10,S0284,Mirabad,41.297158,69.23744,41.7,2.3,49.92,245.0,0.4593,86.9,80.2,3.7,2,0.7332
2026-05-18,2026-05-11 17:17:10,S0284,Mirabad,41.297158,69.23744,48.1,2.3,49.95,245.0,0.4714,93.2,71.1,3.57,2,0.7332
2026-05-12,2026-05-11 17:17:10,S0285,Mirabad,41.272649,69.201077,51.5,1.0,49.91,221.0,0.9065,85.6,71.7,3.58,2,0.7368
2026-05-13,2026-05-11 17:17:10,S0285,Mirabad,41.272649,69.201077,47.2,0.9,49.97,219.9,1.0125,87.6,81.0,3.82,2,0.7368
2026-05-14,2026-05-11 17:17:10,S0285,Mirabad,41.272649,69.201077,49.7,1.6,50.01,219.5,0.9902,90.0,76.9,3.52,2,0.7368
2026-05-15,2026-05-11 17:17:10,S0285,Mirabad,41.272649,69.201077,51.7,1.6,49.9,223.6,0.9256,87.8,81.5,3.59,2,0.7368
2026-05-16,2026-05-11 17:17:10,S0285,Mirabad,41.272649,69.201077,50.4,2.3,49.79,221.1,1.0352,88.8,81.0,4.41,2,0.7368
2026-05-17,2026-05-11 17:17:10,S0285,Mirabad,41.272649,69.201077,50.7,4.0,49.93,221.4,1.0377,90.9,95.0,4.22,2,0.7368
2026-05-18,2026-05-11 17:17:10,S0285,Mirabad,41.272649,69.201077,50.3,0.3,49.95,223.2,1.0806,90.2,85.3,4.47,2,0.7368
2026-05-12,2026-05-11 17:17:10,S0286,Mirabad,41.289776,69.209361,41.0,5.2,50.22,222.1,0.1844,91.3,70.1,2.58,1,0.3762
2026-05-13,2026-05-11 17:17:10,S0286,Mirabad,41.289776,69.209361,36.8,6.5,50.3,224.5,0.1189,92.8,74.1,3.2,0,0.0262
2026-05-14,2026-05-11 17:17:10,S0286,Mirabad,41.289776,69.209361,39.1,5.9,50.4,222.1,0.0932,96.0,74.5,2.45,0,0.0262
2026-05-15,2026-05-11 17:17:10,S0286,Mirabad,41.289776,69.209361,40.1,3.7,50.29,223.5,0.1124,96.2,73.9,2.47,1,0.3762
2026-05-16,2026-05-11 17:17:10,S0286,Mirabad,41.289776,69.209361,37.7,5.5,50.32,226.0,0.0775,93.5,79.7,2.28,0,0.0262
2026-05-17,2026-05-11 17:17:10,S0286,Mirabad,41.289776,69.209361,39.1,3.9,50.36,223.3,0.01,98.2,73.4,2.53,0,0.0262
2026-05-18,2026-05-11 17:17:10,S0286,Mirabad,41.289776,69.209361,39.0,4.3,50.35,223.0,0.0299,95.5,67.8,2.24,0,0.0262
2026-05-12,2026-05-11 17:17:10,S0287,Mirabad,41.282131,69.231132,36.2,11.0,50.38,220.4,0.8521,84.1,66.4,2.9,1,0.3796
2026-05-13,2026-05-11 17:17:10,S0287,Mirabad,41.282131,69.231132,36.6,12.1,50.45,224.5,0.8888,85.5,69.5,2.83,0,0.0296
2026-05-14,2026-05-11 17:17:10,S0287,Mirabad,41.282131,69.231132,38.2,13.8,50.69,217.9,0.817,84.4,68.2,3.2,1,0.3796
2026-05-15,2026-05-11 17:17:10,S0287,Mirabad,41.282131,69.231132,37.6,11.9,50.45,218.5,0.9329,83.5,70.6,3.09,1,0.3796
2026-05-16,2026-05-11 17:17:10,S0287,Mirabad,41.282131,69.231132,39.4,13.1,50.49,220.1,0.9875,83.4,73.9,3.15,1,0.3796
2026-05-17,2026-05-11 17:17:10,S0287,Mirabad,41.282131,69.231132,37.1,14.8,50.61,215.3,0.9891,86.6,73.3,3.53,1,0.3796
2026-05-18,2026-05-11 17:17:10,S0287,Mirabad,41.282131,69.231132,39.7,14.6,50.52,213.8,1.1042,83.6,78.9,3.18,1,0.3796
2026-05-12,2026-05-11 17:17:10,S0288,Mirabad,41.296738,69.252763,31.0,8.1,50.37,223.0,0.6165,75.3,61.9,2.68,1,0.369
2026-05-13,2026-05-11 17:17:10,S0288,Mirabad,41.296738,69.252763,30.4,9.7,50.66,225.8,0.6149,73.4,50.1,2.94,2,0.719
2026-05-14,2026-05-11 17:17:10,S0288,Mirabad,41.296738,69.252763,29.1,9.1,50.44,224.4,0.5937,77.3,56.4,2.71,1,0.369
2026-05-15,2026-05-11 17:17:10,S0288,Mirabad,41.296738,69.252763,27.5,8.3,50.53,225.8,0.6521,73.5,56.4,3.1,2,0.719
2026-05-16,2026-05-11 17:17:10,S0288,Mirabad,41.296738,69.252763,27.0,10.9,50.66,221.3,0.6556,75.6,63.9,2.76,1,0.369
2026-05-17,2026-05-11 17:17:10,S0288,Mirabad,41.296738,69.252763,30.7,7.8,50.49,225.9,0.7627,71.0,55.3,3.45,2,0.719
2026-05-18,2026-05-11 17:17:10,S0288,Mirabad,41.296738,69.252763,29.7,10.0,50.74,224.5,0.8673,64.6,42.5,3.12,2,0.719
2026-05-12,2026-05-11 17:17:10,S0289,Mirabad,41.298857,69.232822,39.8,9.0,49.89,213.0,0.2063,90.2,78.6,5.68,2,0.7363
2026-05-13,2026-05-11 17:17:10,S0289,Mirabad,41.298857,69.232822,33.6,7.8,49.91,212.4,0.3022,90.4,70.2,6.15,2,0.7363
2026-05-14,2026-05-11 17:17:10,S0289,Mirabad,41.298857,69.232822,34.5,8.2,49.81,211.2,0.2613,88.8,87.8,6.54,2,0.7363
2026-05-15,2026-05-11 17:17:10,S0289,Mirabad,41.298857,69.232822,33.3,8.3,49.87,213.9,0.1779,88.6,83.3,6.17,2,0.7363
2026-05-16,2026-05-11 17:17:10,S0289,Mirabad,41.298857,69.232822,35.1,6.8,49.92,210.8,0.262,88.1,79.8,6.7,2,0.7363
2026-05-17,2026-05-11 17:17:10,S0289,Mirabad,41.298857,69.232822,32.2,6.6,50.07,210.9,0.1074,89.3,90.0,6.88,2,0.7363
2026-05-18,2026-05-11 17:17:10,S0289,Mirabad,41.298857,69.232822,33.8,7.3,49.91,208.8,0.149,86.5,90.5,6.21,2,0.7363
2026-05-12,2026-05-11 17:17:10,S0290,Mirabad,41.285894,69.204274,22.5,13.8,49.71,211.9,0.1661,94.9,77.7,3.0,0,0.0189
2026-05-13,2026-05-11 17:17:10,S0290,Mirabad,41.285894,69.204274,19.1,13.4,49.73,208.7,0.2514,96.0,82.3,3.34,1,0.3689
2026-05-14,2026-05-11 17:17:10,S0290,Mirabad,41.285894,69.204274,19.0,12.4,49.69,209.9,0.1858,91.3,81.8,3.29,1,0.3689
2026-05-15,2026-05-11 17:17:10,S0290,Mirabad,41.285894,69.204274,17.8,13.4,49.62,210.6,0.215,91.8,74.4,3.35,0,0.0189
2026-05-16,2026-05-11 17:17:10,S0290,Mirabad,41.285894,69.204274,18.8,14.6,49.6,207.7,0.2956,93.3,84.5,3.1,1,0.3689
2026-05-17,2026-05-11 17:17:10,S0290,Mirabad,41.285894,69.204274,14.5,16.0,49.8,207.6,0.2742,92.7,85.4,3.68,1,0.3689
2026-05-18,2026-05-11 17:17:10,S0290,Mirabad,41.285894,69.204274,15.2,14.0,49.84,207.3,0.2633,92.3,81.2,3.75,1,0.3689
2026-05-12,2026-05-11 17:17:10,S0291,Mirabad,41.285535,69.252709,35.3,12.1,49.91,216.3,0.158,80.4,50.5,3.28,1,0.3757
2026-05-13,2026-05-11 17:17:10,S0291,Mirabad,41.285535,69.252709,35.1,12.4,49.77,215.1,0.01,82.2,47.8,3.1,1,0.3757
2026-05-14,2026-05-11 17:17:10,S0291,Mirabad,41.285535,69.252709,31.8,10.4,49.84,217.3,0.0104,78.5,54.4,3.26,1,0.3757
2026-05-15,2026-05-11 17:17:10,S0291,Mirabad,41.285535,69.252709,32.4,10.9,49.83,217.0,0.1273,82.0,45.0,3.44,1,0.3757
2026-05-16,2026-05-11 17:17:10,S0291,Mirabad,41.285535,69.252709,33.8,7.8,49.64,220.6,0.0134,83.9,44.7,3.37,1,0.3757
2026-05-17,2026-05-11 17:17:10,S0291,Mirabad,41.285535,69.252709,35.5,7.4,49.68,219.3,0.0313,84.3,41.7,3.5,1,0.3757
2026-05-18,2026-05-11 17:17:10,S0291,Mirabad,41.285535,69.252709,31.8,7.5,49.74,222.4,0.0281,84.9,35.5,3.3,1,0.3757
2026-05-12,2026-05-11 17:17:10,S0292,Mirabad,41.255825,69.239133,31.1,1.0,50.56,218.7,0.3409,87.5,56.5,2.91,1,0.3776
2026-05-13,2026-05-11 17:17:10,S0292,Mirabad,41.255825,69.239133,25.2,0.6,50.31,222.1,0.5529,89.5,58.5,2.95,0,0.0276
2026-05-14,2026-05-11 17:17:10,S0292,Mirabad,41.255825,69.239133,27.9,1.6,50.42,219.0,0.2985,90.9,53.7,3.17,0,0.0276
2026-05-15,2026-05-11 17:17:10,S0292,Mirabad,41.255825,69.239133,25.3,0.8,50.41,216.8,0.2249,90.1,59.1,3.21,0,0.0276
2026-05-16,2026-05-11 17:17:10,S0292,Mirabad,41.255825,69.239133,23.3,0.6,50.57,213.9,0.1997,94.8,56.5,3.27,1,0.3776
2026-05-17,2026-05-11 17:17:10,S0292,Mirabad,41.255825,69.239133,20.4,0.0,50.46,221.7,0.2076,89.0,61.9,2.86,0,0.0276
2026-05-18,2026-05-11 17:17:10,S0292,Mirabad,41.255825,69.239133,21.4,0.0,50.69,217.0,0.2383,91.6,67.8,2.94,1,0.3776
2026-05-12,2026-05-11 17:17:10,S0293,Mirabad,41.282711,69.252538,39.2,14.0,49.61,218.3,0.3506,85.7,56.7,4.87,0,0.0336
2026-05-13,2026-05-11 17:17:10,S0293,Mirabad,41.282711,69.252538,33.9,15.8,49.8,219.9,0.4211,82.8,51.8,4.82,1,0.3836
2026-05-14,2026-05-11 17:17:10,S0293,Mirabad,41.282711,69.252538,41.5,16.4,49.8,218.9,0.4348,83.3,57.6,4.73,1,0.3836
2026-05-15,2026-05-11 17:17:10,S0293,Mirabad,41.282711,69.252538,33.6,14.7,49.86,219.3,0.3609,84.9,54.0,4.78,1,0.3836
2026-05-16,2026-05-11 17:17:10,S0293,Mirabad,41.282711,69.252538,37.5,17.2,49.87,217.3,0.2992,83.4,52.8,5.16,1,0.3836
2026-05-17,2026-05-11 17:17:10,S0293,Mirabad,41.282711,69.252538,39.1,16.6,49.77,213.7,0.3244,80.8,63.1,5.37,1,0.3836
2026-05-18,2026-05-11 17:17:10,S0293,Mirabad,41.282711,69.252538,43.1,18.5,49.75,215.7,0.3196,80.9,71.4,5.59,2,0.7336
2026-05-12,2026-05-11 17:17:10,S0294,Mirabad,41.293304,69.22845,45.7,1.1,49.8,226.9,0.6833,91.9,43.2,3.46,2,0.7378
2026-05-13,2026-05-11 17:17:10,S0294,Mirabad,41.293304,69.22845,47.3,0.7,49.86,222.3,0.5451,92.5,48.4,3.39,2,0.7378
2026-05-14,2026-05-11 17:17:10,S0294,Mirabad,41.293304,69.22845,47.5,0.7,49.76,229.2,0.5893,90.2,41.0,3.88,2,0.7378
2026-05-15,2026-05-11 17:17:10,S0294,Mirabad,41.293304,69.22845,48.4,0.0,49.72,229.6,0.5266,91.5,38.4,3.37,2,0.7378
2026-05-16,2026-05-11 17:17:10,S0294,Mirabad,41.293304,69.22845,51.6,0.0,49.73,228.5,0.6113,93.0,48.5,3.75,2,0.7378
2026-05-17,2026-05-11 17:17:10,S0294,Mirabad,41.293304,69.22845,48.4,2.0,49.77,226.0,0.5852,90.5,40.8,3.65,2,0.7378
2026-05-18,2026-05-11 17:17:10,S0294,Mirabad,41.293304,69.22845,50.5,0.0,49.39,226.7,0.5954,92.3,42.4,4.0,2,0.7378
2026-05-12,2026-05-11 17:17:10,S0295,Mirabad,41.271177,69.232007,29.3,7.6,50.3,223.6,0.4423,84.0,52.2,2.9,1,0.3719
2026-05-13,2026-05-11 17:17:10,S0295,Mirabad,41.271177,69.232007,37.1,8.4,50.21,228.5,0.421,89.9,53.8,2.85,0,0.0219
2026-05-14,2026-05-11 17:17:10,S0295,Mirabad,41.271177,69.232007,37.5,9.2,50.18,222.2,0.5289,83.3,44.5,2.7,1,0.3719
2026-05-15,2026-05-11 17:17:10,S0295,Mirabad,41.271177,69.232007,35.3,7.4,50.1,226.2,0.2978,84.3,55.9,3.07,1,0.3719
2026-05-16,2026-05-11 17:17:10,S0295,Mirabad,41.271177,69.232007,38.2,7.9,50.13,228.9,0.4161,84.2,51.3,3.6,1,0.3719
2026-05-17,2026-05-11 17:17:10,S0295,Mirabad,41.271177,69.232007,41.8,9.9,50.07,228.2,0.4167,83.3,54.9,3.02,1,0.3719
2026-05-18,2026-05-11 17:17:10,S0295,Mirabad,41.271177,69.232007,39.9,10.7,50.11,232.5,0.4007,84.6,50.3,3.26,1,0.3719
2026-05-12,2026-05-11 17:17:10,S0296,Mirabad,41.287896,69.229911,25.6,10.8,49.98,226.2,1.1786,80.4,90.6,3.88,1,0.3768
2026-05-13,2026-05-11 17:17:10,S0296,Mirabad,41.287896,69.229911,22.0,12.7,49.76,225.6,1.2024,81.3,90.8,3.39,1,0.3768
2026-05-14,2026-05-11 17:17:10,S0296,Mirabad,41.287896,69.229911,24.2,14.4,49.95,226.4,1.1585,81.4,86.4,2.99,1,0.3768
2026-05-15,2026-05-11 17:17:10,S0296,Mirabad,41.287896,69.229911,25.2,13.3,49.69,224.7,1.2014,78.6,85.3,3.11,1,0.3768
2026-05-16,2026-05-11 17:17:10,S0296,Mirabad,41.287896,69.229911,25.5,15.1,49.87,223.3,1.1918,79.6,87.3,3.41,1,0.3768
2026-05-17,2026-05-11 17:17:10,S0296,Mirabad,41.287896,69.229911,25.1,13.9,49.82,224.2,1.3438,77.1,85.4,2.75,1,0.3768
2026-05-18,2026-05-11 17:17:10,S0296,Mirabad,41.287896,69.229911,20.8,17.8,49.85,215.5,1.4156,80.5,83.7,3.25,1,0.3768
2026-05-12,2026-05-11 17:17:10,S0297,Mirabad,41.292857,69.218749,35.6,4.5,50.3,235.6,0.01,87.2,83.4,3.88,1,0.3768
2026-05-13,2026-05-11 17:17:10,S0297,Mirabad,41.292857,69.218749,32.8,6.8,50.28,238.3,0.0245,87.0,85.3,4.01,1,0.3768
2026-05-14,2026-05-11 17:17:10,S0297,Mirabad,41.292857,69.218749,37.0,3.3,50.3,233.8,0.0284,84.2,82.5,4.17,1,0.3768
2026-05-15,2026-05-11 17:17:10,S0297,Mirabad,41.292857,69.218749,35.7,3.1,50.39,239.4,0.01,85.2,82.2,4.04,1,0.3768
2026-05-16,2026-05-11 17:17:10,S0297,Mirabad,41.292857,69.218749,36.6,4.6,50.23,240.3,0.01,83.7,78.8,4.1,2,0.7268
2026-05-17,2026-05-11 17:17:10,S0297,Mirabad,41.292857,69.218749,34.8,3.4,50.39,238.6,0.01,84.6,81.3,3.91,1,0.3768
2026-05-18,2026-05-11 17:17:10,S0297,Mirabad,41.292857,69.218749,36.1,2.9,50.15,238.1,0.01,87.3,85.1,4.13,1,0.3768
2026-05-12,2026-05-11 17:17:10,S0298,Mirabad,41.290053,69.225432,44.0,8.9,49.82,218.6,0.6278,90.6,95.0,2.97,1,0.3833
2026-05-13,2026-05-11 17:17:10,S0298,Mirabad,41.290053,69.225432,43.7,8.4,49.77,218.6,0.5514,92.9,89.2,3.04,1,0.3833
2026-05-14,2026-05-11 17:17:10,S0298,Mirabad,41.290053,69.225432,40.4,9.1,49.91,218.9,0.6284,90.9,92.6,2.82,1,0.3833
2026-05-15,2026-05-11 17:17:10,S0298,Mirabad,41.290053,69.225432,38.9,8.1,49.85,218.8,0.6293,90.1,84.3,2.67,0,0.0333
2026-05-16,2026-05-11 17:17:10,S0298,Mirabad,41.290053,69.225432,39.2,8.3,49.97,219.6,0.6027,91.9,92.4,2.59,1,0.3833
2026-05-17,2026-05-11 17:17:10,S0298,Mirabad,41.290053,69.225432,36.4,6.1,49.98,214.3,0.6086,92.8,93.8,2.69,1,0.3833
2026-05-18,2026-05-11 17:17:10,S0298,Mirabad,41.290053,69.225432,40.4,7.9,49.94,216.3,0.6511,90.2,93.7,3.15,1,0.3833
2026-05-12,2026-05-11 17:17:10,S0299,Mirabad,41.271087,69.229644,30.3,10.2,49.99,225.8,0.4796,85.5,65.7,2.99,0,0.0327
2026-05-13,2026-05-11 17:17:10,S0299,Mirabad,41.271087,69.229644,31.4,12.0,50.09,223.8,0.5646,84.2,63.5,2.89,1,0.3827
2026-05-14,2026-05-11 17:17:10,S0299,Mirabad,41.271087,69.229644,27.4,9.7,50.01,230.2,0.5547,83.4,63.1,2.88,1,0.3827
2026-05-15,2026-05-11 17:17:10,S0299,Mirabad,41.271087,69.229644,27.6,10.1,49.96,224.3,0.5614,88.7,58.7,3.55,0,0.0327
2026-05-16,2026-05-11 17:17:10,S0299,Mirabad,41.271087,69.229644,23.5,8.0,49.89,224.4,0.3475,90.2,58.0,3.08,0,0.0327
2026-05-17,2026-05-11 17:17:10,S0299,Mirabad,41.271087,69.229644,25.9,11.8,49.92,230.2,0.5129,89.1,60.8,3.21,1,0.3827
2026-05-18,2026-05-11 17:17:10,S0299,Mirabad,41.271087,69.229644,26.4,9.8,49.79,226.7,0.525,90.5,58.3,3.61,0,0.0327
2026-05-12,2026-05-11 17:17:10,S0300,Mirabad,41.292821,69.243986,41.4,10.3,50.32,226.6,1.1972,76.2,72.2,3.24,1,0.3735
2026-05-13,2026-05-11 17:17:10,S0300,Mirabad,41.292821,69.243986,39.5,10.8,50.27,219.2,1.165,75.1,75.6,3.24,1,0.3735
2026-05-14,2026-05-11 17:17:10,S0300,Mirabad,41.292821,69.243986,40.0,11.3,50.15,222.9,1.158,75.6,75.5,3.06,1,0.3735
2026-05-15,2026-05-11 17:17:10,S0300,Mirabad,41.292821,69.243986,41.6,12.7,50.16,224.0,1.2319,74.5,68.6,2.54,2,0.7235
2026-05-16,2026-05-11 17:17:10,S0300,Mirabad,41.292821,69.243986,42.1,12.6,50.32,221.8,1.1441,74.4,70.7,2.63,2,0.7235
2026-05-17,2026-05-11 17:17:10,S0300,Mirabad,41.292821,69.243986,42.5,12.9,50.33,223.6,1.3256,75.9,67.9,3.01,1,0.3735
2026-05-18,2026-05-11 17:17:10,S0300,Mirabad,41.292821,69.243986,42.7,11.2,50.28,221.0,1.1297,71.8,71.7,2.63,2,0.7235
2026-05-12,2026-05-11 17:17:10,S0301,Mirobod,41.294366,69.274656,45.2,2.9,50.2,217.1,0.8981,83.6,57.6,5.07,2,0.7403
2026-05-13,2026-05-11 17:17:10,S0301,Mirobod,41.294366,69.274656,45.7,5.5,50.22,215.4,0.9983,82.0,52.0,5.08,2,0.7403
2026-05-14,2026-05-11 17:17:10,S0301,Mirobod,41.294366,69.274656,46.6,4.1,50.21,213.0,0.9203,82.6,56.6,5.43,2,0.7403
2026-05-15,2026-05-11 17:17:10,S0301,Mirobod,41.294366,69.274656,50.0,4.6,50.27,214.1,0.8903,81.4,57.2,5.55,2,0.7403
2026-05-16,2026-05-11 17:17:10,S0301,Mirobod,41.294366,69.274656,48.1,3.0,50.47,212.2,1.0502,85.2,49.9,6.21,2,0.7403
2026-05-17,2026-05-11 17:17:10,S0301,Mirobod,41.294366,69.274656,46.1,3.8,50.3,216.2,0.9437,86.1,43.1,5.61,2,0.7403
2026-05-18,2026-05-11 17:17:10,S0301,Mirobod,41.294366,69.274656,51.1,4.0,50.46,216.9,0.8019,83.7,51.8,6.2,2,0.7403
2026-05-12,2026-05-11 17:17:10,S0302,Mirobod,41.273453,69.285067,28.5,11.1,49.6,212.5,0.5191,89.6,76.2,3.25,0,0.0348
2026-05-13,2026-05-11 17:17:10,S0302,Mirobod,41.273453,69.285067,30.6,11.6,49.84,214.0,0.7628,86.2,78.1,3.52,0,0.0348
2026-05-14,2026-05-11 17:17:10,S0302,Mirobod,41.273453,69.285067,28.6,10.3,49.71,216.0,0.739,88.2,84.1,4.25,0,0.0348
2026-05-15,2026-05-11 17:17:10,S0302,Mirobod,41.273453,69.285067,27.7,9.7,49.59,212.3,0.5423,86.1,81.4,3.29,0,0.0348
2026-05-16,2026-05-11 17:17:10,S0302,Mirobod,41.273453,69.285067,30.9,11.9,49.7,214.0,0.5696,86.0,86.6,3.6,0,0.0348
2026-05-17,2026-05-11 17:17:10,S0302,Mirobod,41.273453,69.285067,26.6,9.0,49.36,216.3,0.4666,90.4,71.1,3.9,1,0.3848
2026-05-18,2026-05-11 17:17:10,S0302,Mirobod,41.273453,69.285067,29.6,11.6,49.53,219.7,0.5652,86.8,83.3,3.49,0,0.0348
2026-05-12,2026-05-11 17:17:10,S0303,Mirobod,41.313431,69.287182,35.5,7.2,50.45,217.0,0.8774,87.3,41.6,3.64,0,0.0333
2026-05-13,2026-05-11 17:17:10,S0303,Mirobod,41.313431,69.287182,35.7,6.8,50.36,212.3,0.9497,87.7,37.0,3.64,0,0.0333
2026-05-14,2026-05-11 17:17:10,S0303,Mirobod,41.313431,69.287182,35.3,6.6,50.58,214.7,0.9266,87.2,44.5,3.27,1,0.3833
2026-05-15,2026-05-11 17:17:10,S0303,Mirobod,41.313431,69.287182,34.0,6.3,50.46,213.4,0.8341,89.2,42.8,3.65,0,0.0333
2026-05-16,2026-05-11 17:17:10,S0303,Mirobod,41.313431,69.287182,37.3,6.3,50.55,214.4,0.8625,86.3,41.3,3.3,1,0.3833
2026-05-17,2026-05-11 17:17:10,S0303,Mirobod,41.313431,69.287182,34.2,9.0,50.81,214.1,0.9406,88.7,37.7,3.94,1,0.3833
2026-05-18,2026-05-11 17:17:10,S0303,Mirobod,41.313431,69.287182,36.2,7.1,50.55,210.1,0.9924,85.8,47.0,3.16,1,0.3833
2026-05-12,2026-05-11 17:17:10,S0304,Mirobod,41.310242,69.252472,29.9,10.7,50.16,209.7,1.5618,98.0,56.4,5.37,2,0.7252
2026-05-13,2026-05-11 17:17:10,S0304,Mirobod,41.310242,69.252472,30.5,8.4,50.03,207.7,1.5607,99.3,51.1,6.11,2,0.7252
2026-05-14,2026-05-11 17:17:10,S0304,Mirobod,41.310242,69.252472,26.3,8.8,50.17,208.7,1.5811,99.5,49.7,6.42,2,0.7252
2026-05-15,2026-05-11 17:17:10,S0304,Mirobod,41.310242,69.252472,30.6,11.0,49.99,206.2,1.6669,100.0,54.9,6.66,2,0.7252
2026-05-16,2026-05-11 17:17:10,S0304,Mirobod,41.310242,69.252472,27.5,9.3,50.28,208.5,1.7413,98.7,57.1,6.29,2,0.7252
2026-05-17,2026-05-11 17:17:10,S0304,Mirobod,41.310242,69.252472,28.7,9.5,50.17,209.8,1.7158,100.0,53.5,6.88,2,0.7252
2026-05-18,2026-05-11 17:17:10,S0304,Mirobod,41.310242,69.252472,30.5,9.6,50.06,211.5,1.7871,100.0,55.2,7.0,2,0.7252
2026-05-12,2026-05-11 17:17:10,S0305,Mirobod,41.293427,69.27297,46.4,2.7,50.2,212.5,0.7145,94.8,95.0,3.3,2,0.7353
2026-05-13,2026-05-11 17:17:10,S0305,Mirobod,41.293427,69.27297,46.4,2.1,50.21,209.3,0.5932,93.0,95.0,3.07,2,0.7353
2026-05-14,2026-05-11 17:17:10,S0305,Mirobod,41.293427,69.27297,47.3,0.0,50.2,208.1,0.3706,96.4,95.0,3.1,2,0.7353
2026-05-15,2026-05-11 17:17:10,S0305,Mirobod,41.293427,69.27297,47.2,2.3,50.12,209.4,0.6128,96.3,95.0,3.6,2,0.7353
2026-05-16,2026-05-11 17:17:10,S0305,Mirobod,41.293427,69.27297,47.1,1.5,50.15,216.9,0.6792,96.7,95.0,3.53,2,0.7353
2026-05-17,2026-05-11 17:17:10,S0305,Mirobod,41.293427,69.27297,46.1,2.7,50.15,213.5,0.6411,96.6,93.0,3.76,2,0.7353
2026-05-18,2026-05-11 17:17:10,S0305,Mirobod,41.293427,69.27297,45.4,1.4,50.31,221.0,0.58,99.9,95.0,3.23,2,0.7353
2026-05-12,2026-05-11 17:17:10,S0306,Mirobod,41.304698,69.294076,37.2,5.1,50.19,236.2,0.26,81.5,55.4,4.49,1,0.3776
2026-05-13,2026-05-11 17:17:10,S0306,Mirobod,41.304698,69.294076,36.8,2.7,50.15,236.5,0.3745,82.4,57.5,4.4,1,0.3776
2026-05-14,2026-05-11 17:17:10,S0306,Mirobod,41.304698,69.294076,36.0,5.2,50.15,233.9,0.363,84.1,48.9,5.08,1,0.3776
2026-05-15,2026-05-11 17:17:10,S0306,Mirobod,41.304698,69.294076,37.2,3.4,50.31,235.2,0.4149,83.8,43.3,5.09,1,0.3776
2026-05-16,2026-05-11 17:17:10,S0306,Mirobod,41.304698,69.294076,34.7,0.2,50.26,236.3,0.4081,83.6,49.2,4.81,1,0.3776
2026-05-17,2026-05-11 17:17:10,S0306,Mirobod,41.304698,69.294076,34.8,1.8,50.44,242.0,0.4009,83.9,43.1,5.11,2,0.7276
2026-05-18,2026-05-11 17:17:10,S0306,Mirobod,41.304698,69.294076,32.1,1.8,50.4,240.5,0.3894,84.7,51.8,5.39,2,0.7276
2026-05-12,2026-05-11 17:17:10,S0307,Mirobod,41.295421,69.254716,36.2,7.2,50.26,197.2,0.8485,100.0,90.9,3.91,2,0.7375
2026-05-13,2026-05-11 17:17:10,S0307,Mirobod,41.295421,69.254716,32.6,6.5,50.34,199.2,1.0461,98.5,91.7,3.88,2,0.7375
2026-05-14,2026-05-11 17:17:10,S0307,Mirobod,41.295421,69.254716,33.5,7.4,50.34,197.6,0.9809,99.3,95.0,3.65,2,0.7375
2026-05-15,2026-05-11 17:17:10,S0307,Mirobod,41.295421,69.254716,32.6,4.8,50.28,197.8,0.938,100.0,95.0,3.79,2,0.7375
2026-05-16,2026-05-11 17:17:10,S0307,Mirobod,41.295421,69.254716,36.5,4.7,50.33,199.2,0.9174,100.0,95.0,3.71,2,0.7375
2026-05-17,2026-05-11 17:17:10,S0307,Mirobod,41.295421,69.254716,34.4,4.6,50.32,195.0,0.9915,100.0,95.0,3.6,2,0.7375
2026-05-18,2026-05-11 17:17:10,S0307,Mirobod,41.295421,69.254716,35.1,4.8,50.26,197.1,1.0338,100.0,95.0,3.6,2,0.7375
2026-05-12,2026-05-11 17:17:10,S0308,Mirobod,41.31331,69.25664,38.0,15.7,50.2,215.6,0.6935,84.9,54.6,3.13,1,0.3787
2026-05-13,2026-05-11 17:17:10,S0308,Mirobod,41.31331,69.25664,40.5,18.0,50.3,213.6,0.7404,88.1,47.8,2.66,1,0.3787
2026-05-14,2026-05-11 17:17:10,S0308,Mirobod,41.31331,69.25664,37.6,14.7,50.41,216.5,0.8244,86.0,54.0,2.66,0,0.0287
2026-05-15,2026-05-11 17:17:10,S0308,Mirobod,41.31331,69.25664,33.5,15.5,50.25,212.7,0.8542,87.0,50.5,2.49,0,0.0287
2026-05-16,2026-05-11 17:17:10,S0308,Mirobod,41.31331,69.25664,33.2,15.1,50.27,213.5,0.9613,88.8,54.5,3.14,0,0.0287
2026-05-17,2026-05-11 17:17:10,S0308,Mirobod,41.31331,69.25664,42.1,14.9,50.34,208.0,0.8938,93.8,47.2,2.86,1,0.3787
2026-05-18,2026-05-11 17:17:10,S0308,Mirobod,41.31331,69.25664,41.2,15.3,50.34,207.9,0.8113,87.6,55.4,3.1,1,0.3787
2026-05-12,2026-05-11 17:17:10,S0309,Mirobod,41.297701,69.275896,45.0,8.2,50.4,218.3,0.5236,91.5,80.4,2.88,1,0.3673
2026-05-13,2026-05-11 17:17:10,S0309,Mirobod,41.297701,69.275896,43.2,10.1,50.43,218.9,0.5385,91.5,76.1,2.1,1,0.3673
2026-05-14,2026-05-11 17:17:10,S0309,Mirobod,41.297701,69.275896,42.1,10.6,50.49,221.5,0.6281,91.2,78.6,2.74,1,0.3673
2026-05-15,2026-05-11 17:17:10,S0309,Mirobod,41.297701,69.275896,42.2,11.3,50.45,220.0,0.603,91.8,75.9,3.29,1,0.3673
2026-05-16,2026-05-11 17:17:10,S0309,Mirobod,41.297701,69.275896,44.5,11.3,50.5,217.3,0.6532,92.1,80.8,2.92,1,0.3673
2026-05-17,2026-05-11 17:17:10,S0309,Mirobod,41.297701,69.275896,42.3,12.4,50.4,219.8,0.5828,92.8,69.7,2.94,1,0.3673
2026-05-18,2026-05-11 17:17:10,S0309,Mirobod,41.297701,69.275896,40.5,10.8,50.52,221.9,0.8106,89.4,76.3,3.33,1,0.3673
2026-05-12,2026-05-11 17:17:10,S0310,Mirobod,41.275506,69.293414,39.6,13.3,50.11,224.9,0.6167,79.7,76.7,2.7,1,0.3676
2026-05-13,2026-05-11 17:17:10,S0310,Mirobod,41.275506,69.293414,40.5,11.2,49.97,226.8,0.624,75.2,78.7,3.07,1,0.3676
2026-05-14,2026-05-11 17:17:10,S0310,Mirobod,41.275506,69.293414,36.2,10.0,50.11,221.7,0.6887,75.5,67.3,2.8,1,0.3676
2026-05-15,2026-05-11 17:17:10,S0310,Mirobod,41.275506,69.293414,41.0,11.3,50.14,223.5,0.5487,76.6,70.5,3.07,1,0.3676
2026-05-16,2026-05-11 17:17:10,S0310,Mirobod,41.275506,69.293414,39.8,8.2,50.1,215.0,0.6336,80.1,73.3,2.67,1,0.3676
2026-05-17,2026-05-11 17:17:10,S0310,Mirobod,41.275506,69.293414,38.0,15.1,50.25,222.4,0.6314,72.8,72.8,2.42,2,0.7176
2026-05-18,2026-05-11 17:17:10,S0310,Mirobod,41.275506,69.293414,37.8,12.2,50.01,214.5,0.6391,78.9,78.0,2.83,1,0.3676
2026-05-12,2026-05-11 17:17:10,S0311,Mirobod,41.287587,69.264684,38.0,5.4,49.86,202.1,0.7492,93.1,74.9,3.08,1,0.3827
2026-05-13,2026-05-11 17:17:10,S0311,Mirobod,41.287587,69.264684,37.3,5.3,49.58,200.1,0.7324,89.1,73.9,2.96,1,0.3827
2026-05-14,2026-05-11 17:17:10,S0311,Mirobod,41.287587,69.264684,38.2,6.4,49.69,195.5,0.7512,90.1,65.0,2.34,2,0.7327
2026-05-15,2026-05-11 17:17:10,S0311,Mirobod,41.287587,69.264684,39.1,4.2,49.55,195.0,0.7681,93.1,63.8,3.23,2,0.7327
2026-05-16,2026-05-11 17:17:10,S0311,Mirobod,41.287587,69.264684,38.2,3.2,49.64,196.2,0.7246,93.9,66.1,3.08,2,0.7327
2026-05-17,2026-05-11 17:17:10,S0311,Mirobod,41.287587,69.264684,40.8,4.1,49.47,195.0,0.8339,94.6,64.5,3.32,2,0.7327
2026-05-18,2026-05-11 17:17:10,S0311,Mirobod,41.287587,69.264684,37.2,3.7,49.65,195.0,0.6941,96.3,69.4,3.73,2,0.7327
2026-05-12,2026-05-11 17:17:10,S0312,Mirobod,41.27372,69.242918,18.1,11.8,49.79,204.0,0.8863,74.2,56.6,4.02,2,0.7336
2026-05-13,2026-05-11 17:17:10,S0312,Mirobod,41.27372,69.242918,22.6,12.9,49.85,211.0,0.9492,73.6,45.9,3.84,2,0.7336
2026-05-14,2026-05-11 17:17:10,S0312,Mirobod,41.27372,69.242918,21.2,12.6,49.92,214.4,1.0197,70.7,51.9,3.34,2,0.7336
2026-05-15,2026-05-11 17:17:10,S0312,Mirobod,41.27372,69.242918,22.4,12.2,49.71,216.8,0.9423,73.1,49.8,3.71,2,0.7336
2026-05-16,2026-05-11 17:17:10,S0312,Mirobod,41.27372,69.242918,22.6,15.0,49.94,216.1,1.0244,68.7,52.0,3.59,2,0.7336
2026-05-17,2026-05-11 17:17:10,S0312,Mirobod,41.27372,69.242918,19.1,14.0,49.75,220.5,1.1078,67.3,58.0,3.74,2,0.7336
2026-05-18,2026-05-11 17:17:10,S0312,Mirobod,41.27372,69.242918,22.7,13.9,49.85,221.9,1.059,68.3,50.9,3.55,2,0.7336
2026-05-12,2026-05-11 17:17:10,S0313,Mirobod,41.286831,69.292548,35.1,4.9,49.99,218.2,0.3125,76.5,44.5,2.62,1,0.3743
2026-05-13,2026-05-11 17:17:10,S0313,Mirobod,41.286831,69.292548,35.3,3.8,50.01,214.4,0.2279,78.8,52.4,3.26,1,0.3743
2026-05-14,2026-05-11 17:17:10,S0313,Mirobod,41.286831,69.292548,39.7,5.3,50.17,217.1,0.2122,79.7,36.7,3.17,1,0.3743
2026-05-15,2026-05-11 17:17:10,S0313,Mirobod,41.286831,69.292548,38.9,6.1,50.12,218.3,0.198,79.2,45.5,2.84,1,0.3743
2026-05-16,2026-05-11 17:17:10,S0313,Mirobod,41.286831,69.292548,39.4,3.9,50.19,213.1,0.2097,83.2,42.6,3.14,1,0.3743
2026-05-17,2026-05-11 17:17:10,S0313,Mirobod,41.286831,69.292548,37.3,4.7,50.14,211.2,0.169,77.6,43.7,2.81,1,0.3743
2026-05-18,2026-05-11 17:17:10,S0313,Mirobod,41.286831,69.292548,40.2,4.3,50.07,212.3,0.0979,82.0,41.1,3.12,1,0.3743
2026-05-12,2026-05-11 17:17:10,S0314,Mirobod,41.31273,69.263262,36.1,2.5,49.6,224.9,0.2098,84.7,57.2,4.34,1,0.3712
2026-05-13,2026-05-11 17:17:10,S0314,Mirobod,41.31273,69.263262,34.1,2.9,49.6,229.3,0.1896,82.3,54.1,4.31,1,0.3712
2026-05-14,2026-05-11 17:17:10,S0314,Mirobod,41.31273,69.263262,36.0,3.1,49.44,222.0,0.0537,83.9,53.0,4.41,1,0.3712
2026-05-15,2026-05-11 17:17:10,S0314,Mirobod,41.31273,69.263262,35.2,1.4,49.47,223.2,0.0826,83.9,62.2,4.87,1,0.3712
2026-05-16,2026-05-11 17:17:10,S0314,Mirobod,41.31273,69.263262,35.2,2.4,49.29,225.4,0.0575,85.8,48.3,4.68,1,0.3712
2026-05-17,2026-05-11 17:17:10,S0314,Mirobod,41.31273,69.263262,34.7,2.5,49.29,219.4,0.01,86.2,49.4,4.96,1,0.3712
2026-05-18,2026-05-11 17:17:10,S0314,Mirobod,41.31273,69.263262,33.8,0.0,49.55,225.3,0.01,84.2,45.4,5.24,1,0.3712
2026-05-12,2026-05-11 17:17:10,S0315,Mirobod,41.310993,69.273888,26.8,0.7,50.39,208.2,0.3838,86.6,91.8,3.22,1,0.3779
2026-05-13,2026-05-11 17:17:10,S0315,Mirobod,41.310993,69.273888,32.8,3.5,50.37,210.0,0.3175,81.8,90.5,2.79,1,0.3779
2026-05-14,2026-05-11 17:17:10,S0315,Mirobod,41.310993,69.273888,31.8,1.6,50.42,208.4,0.2312,86.0,93.5,2.77,1,0.3779
2026-05-15,2026-05-11 17:17:10,S0315,Mirobod,41.310993,69.273888,31.3,3.8,50.48,212.9,0.296,85.3,95.0,2.83,1,0.3779
2026-05-16,2026-05-11 17:17:10,S0315,Mirobod,41.310993,69.273888,32.4,1.9,50.43,210.6,0.1584,83.2,93.2,2.54,1,0.3779
2026-05-17,2026-05-11 17:17:10,S0315,Mirobod,41.310993,69.273888,31.3,1.3,50.57,207.1,0.2794,77.2,91.0,2.21,1,0.3779
2026-05-18,2026-05-11 17:17:10,S0315,Mirobod,41.310993,69.273888,32.1,0.0,50.51,213.1,0.2431,85.5,89.2,3.02,1,0.3779
2026-05-12,2026-05-11 17:17:10,S0316,Mirobod,41.299246,69.259587,43.4,12.1,50.65,221.3,0.3939,98.1,84.4,3.12,1,0.3729
2026-05-13,2026-05-11 17:17:10,S0316,Mirobod,41.299246,69.259587,43.1,11.3,50.65,223.4,0.537,91.7,70.8,3.11,1,0.3729
2026-05-14,2026-05-11 17:17:10,S0316,Mirobod,41.299246,69.259587,42.8,12.5,50.6,223.4,0.2701,98.3,83.3,2.98,1,0.3729
2026-05-15,2026-05-11 17:17:10,S0316,Mirobod,41.299246,69.259587,40.4,12.9,50.68,223.6,0.3081,93.2,79.5,3.16,1,0.3729
2026-05-16,2026-05-11 17:17:10,S0316,Mirobod,41.299246,69.259587,42.3,13.7,50.73,221.7,0.2704,95.3,79.6,2.84,1,0.3729
2026-05-17,2026-05-11 17:17:10,S0316,Mirobod,41.299246,69.259587,42.6,15.5,51.1,221.3,0.178,95.4,80.3,2.74,2,0.7229
2026-05-18,2026-05-11 17:17:10,S0316,Mirobod,41.299246,69.259587,44.8,12.2,51.03,221.2,0.2367,97.2,83.1,2.68,2,0.7229
2026-05-12,2026-05-11 17:17:10,S0317,Mirobod,41.311442,69.249301,32.1,8.7,50.18,224.6,0.1919,95.7,41.4,4.16,0,0.0232
2026-05-13,2026-05-11 17:17:10,S0317,Mirobod,41.311442,69.249301,30.9,12.6,50.05,227.6,0.2652,96.2,36.8,3.94,0,0.0232
2026-05-14,2026-05-11 17:17:10,S0317,Mirobod,41.311442,69.249301,29.8,12.8,50.27,229.7,0.3069,96.3,38.0,4.04,0,0.0232
2026-05-15,2026-05-11 17:17:10,S0317,Mirobod,41.311442,69.249301,33.4,13.1,50.23,227.1,0.2875,100.0,42.1,3.78,0,0.0232
2026-05-16,2026-05-11 17:17:10,S0317,Mirobod,41.311442,69.249301,33.7,14.1,50.1,227.7,0.5244,98.7,30.3,3.91,0,0.0232
2026-05-17,2026-05-11 17:17:10,S0317,Mirobod,41.311442,69.249301,31.3,17.3,49.93,232.0,0.4202,95.5,31.9,3.99,1,0.3732
2026-05-18,2026-05-11 17:17:10,S0317,Mirobod,41.311442,69.249301,34.9,16.1,50.22,222.2,0.5312,96.4,32.1,3.99,0,0.0232
2026-05-12,2026-05-11 17:17:10,S0318,Mirobod,41.280022,69.264156,32.9,7.1,49.74,212.3,0.6907,93.8,61.6,3.7,0,0.0355
2026-05-13,2026-05-11 17:17:10,S0318,Mirobod,41.280022,69.264156,32.8,9.3,49.79,214.0,0.7207,93.7,65.9,3.77,0,0.0355
2026-05-14,2026-05-11 17:17:10,S0318,Mirobod,41.280022,69.264156,32.0,7.9,49.64,215.9,0.6613,95.2,67.8,3.22,0,0.0355
2026-05-15,2026-05-11 17:17:10,S0318,Mirobod,41.280022,69.264156,31.2,7.3,49.6,218.5,0.8259,90.6,71.4,3.52,0,0.0355
2026-05-16,2026-05-11 17:17:10,S0318,Mirobod,41.280022,69.264156,28.5,6.7,49.6,207.4,0.5977,96.3,69.3,3.93,1,0.3855
2026-05-17,2026-05-11 17:17:10,S0318,Mirobod,41.280022,69.264156,29.9,7.7,49.77,211.0,0.6037,94.1,68.9,3.93,0,0.0355
2026-05-18,2026-05-11 17:17:10,S0318,Mirobod,41.280022,69.264156,26.9,8.6,49.48,211.5,0.6576,92.7,67.2,4.26,1,0.3855
2026-05-12,2026-05-11 17:17:10,S0319,Mirobod,41.279169,69.262547,30.0,13.2,49.85,213.0,0.6392,83.8,72.4,1.59,1,0.3789
2026-05-13,2026-05-11 17:17:10,S0319,Mirobod,41.279169,69.262547,31.3,14.0,49.66,208.6,0.5462,86.6,70.1,1.31,1,0.3789
2026-05-14,2026-05-11 17:17:10,S0319,Mirobod,41.279169,69.262547,29.5,16.6,49.86,208.2,0.5842,83.7,70.7,1.75,1,0.3789
2026-05-15,2026-05-11 17:17:10,S0319,Mirobod,41.279169,69.262547,31.1,14.8,49.71,204.8,0.6046,83.8,67.1,1.85,1,0.3789
2026-05-16,2026-05-11 17:17:10,S0319,Mirobod,41.279169,69.262547,34.4,12.4,49.87,208.4,0.4744,84.8,76.1,1.91,1,0.3789
2026-05-17,2026-05-11 17:17:10,S0319,Mirobod,41.279169,69.262547,30.8,15.1,49.84,208.0,0.5187,83.5,69.1,2.1,1,0.3789
2026-05-18,2026-05-11 17:17:10,S0319,Mirobod,41.279169,69.262547,30.2,19.8,49.71,204.0,0.5439,83.9,67.9,1.95,1,0.3789
2026-05-12,2026-05-11 17:17:10,S0320,Mirobod,41.27561,69.251021,29.3,10.2,49.95,226.8,0.5928,77.8,69.2,3.7,1,0.3809
2026-05-13,2026-05-11 17:17:10,S0320,Mirobod,41.27561,69.251021,30.6,13.1,49.89,228.7,0.4816,77.5,62.0,3.43,1,0.3809
2026-05-14,2026-05-11 17:17:10,S0320,Mirobod,41.27561,69.251021,23.9,10.5,49.97,226.8,0.5254,75.2,57.7,3.8,1,0.3809
2026-05-15,2026-05-11 17:17:10,S0320,Mirobod,41.27561,69.251021,26.4,12.9,49.85,232.7,0.551,75.4,58.3,3.8,1,0.3809
2026-05-16,2026-05-11 17:17:10,S0320,Mirobod,41.27561,69.251021,29.6,11.5,50.03,229.2,0.5252,74.6,51.6,3.88,2,0.7309
2026-05-17,2026-05-11 17:17:10,S0320,Mirobod,41.27561,69.251021,26.8,11.6,50.18,231.7,0.5576,82.0,63.3,3.67,1,0.3809
2026-05-18,2026-05-11 17:17:10,S0320,Mirobod,41.27561,69.251021,25.8,15.1,50.07,235.1,0.5362,78.8,58.6,3.8,1,0.3809
2026-05-12,2026-05-11 17:17:10,S0321,Mirobod,41.290693,69.262815,35.5,1.9,49.35,215.1,0.5259,90.4,58.5,2.91,1,0.3689
2026-05-13,2026-05-11 17:17:10,S0321,Mirobod,41.290693,69.262815,37.9,1.4,49.58,215.9,0.1717,91.0,53.5,2.87,0,0.0189
2026-05-14,2026-05-11 17:17:10,S0321,Mirobod,41.290693,69.262815,34.5,3.6,49.59,216.0,0.1416,92.6,55.9,3.44,0,0.0189
2026-05-15,2026-05-11 17:17:10,S0321,Mirobod,41.290693,69.262815,37.2,1.9,49.47,214.8,0.2629,89.9,49.7,3.14,1,0.3689
2026-05-16,2026-05-11 17:17:10,S0321,Mirobod,41.290693,69.262815,34.1,3.0,49.45,213.3,0.3139,92.5,52.4,3.0,1,0.3689
2026-05-17,2026-05-11 17:17:10,S0321,Mirobod,41.290693,69.262815,34.6,2.1,49.35,215.9,0.1705,92.0,49.5,3.07,1,0.3689
2026-05-18,2026-05-11 17:17:10,S0321,Mirobod,41.290693,69.262815,34.8,2.5,49.35,218.3,0.022,92.5,53.2,2.98,1,0.3689
2026-05-12,2026-05-11 17:17:10,S0322,Mirobod,41.295167,69.283273,53.3,6.9,50.06,227.6,0.4004,86.0,54.7,4.18,2,0.7325
2026-05-13,2026-05-11 17:17:10,S0322,Mirobod,41.295167,69.283273,51.3,8.4,50.04,231.3,0.5294,85.4,61.9,4.41,2,0.7325
2026-05-14,2026-05-11 17:17:10,S0322,Mirobod,41.295167,69.283273,50.6,8.7,49.89,229.3,0.4874,86.4,61.2,4.77,2,0.7325
2026-05-15,2026-05-11 17:17:10,S0322,Mirobod,41.295167,69.283273,52.3,8.9,49.83,234.1,0.4674,82.2,68.7,4.89,2,0.7325
2026-05-16,2026-05-11 17:17:10,S0322,Mirobod,41.295167,69.283273,53.2,10.2,50.0,235.2,0.5214,83.4,64.8,4.53,2,0.7325
2026-05-17,2026-05-11 17:17:10,S0322,Mirobod,41.295167,69.283273,52.3,10.6,49.92,238.6,0.5385,85.9,62.9,4.62,2,0.7325
2026-05-18,2026-05-11 17:17:10,S0322,Mirobod,41.295167,69.283273,53.8,9.5,49.83,244.4,0.3888,84.4,60.5,4.99,2,0.7325
2026-05-12,2026-05-11 17:17:10,S0323,Mirobod,41.289173,69.289001,28.2,7.6,49.92,222.6,0.407,98.5,79.4,3.07,0,0.0411
2026-05-13,2026-05-11 17:17:10,S0323,Mirobod,41.289173,69.289001,28.0,9.7,49.84,220.2,0.1796,97.6,83.2,2.93,0,0.0411
2026-05-14,2026-05-11 17:17:10,S0323,Mirobod,41.289173,69.289001,35.5,10.2,49.81,223.5,0.4317,100.0,84.1,3.01,0,0.0411
2026-05-15,2026-05-11 17:17:10,S0323,Mirobod,41.289173,69.289001,30.6,8.7,49.74,226.6,0.2849,100.0,83.9,3.03,0,0.0411
2026-05-16,2026-05-11 17:17:10,S0323,Mirobod,41.289173,69.289001,37.5,10.9,49.77,225.9,0.3471,100.0,84.6,2.76,0,0.0411
2026-05-17,2026-05-11 17:17:10,S0323,Mirobod,41.289173,69.289001,31.7,10.0,49.91,224.6,0.3802,100.0,86.0,2.32,0,0.0411
2026-05-18,2026-05-11 17:17:10,S0323,Mirobod,41.289173,69.289001,33.4,12.5,49.84,232.4,0.2825,100.0,82.2,2.37,1,0.3911
2026-05-12,2026-05-11 17:17:10,S0324,Mirobod,41.284095,69.279417,37.3,14.4,49.77,221.9,0.4237,88.9,62.3,1.52,0,0.0391
2026-05-13,2026-05-11 17:17:10,S0324,Mirobod,41.284095,69.279417,39.3,14.3,49.68,218.2,0.5705,88.7,50.7,2.27,0,0.0391
2026-05-14,2026-05-11 17:17:10,S0324,Mirobod,41.284095,69.279417,36.6,13.1,49.71,220.9,0.6619,89.8,52.4,2.31,0,0.0391
2026-05-15,2026-05-11 17:17:10,S0324,Mirobod,41.284095,69.279417,36.7,14.1,49.74,219.9,0.5858,93.2,54.1,2.05,0,0.0391
2026-05-16,2026-05-11 17:17:10,S0324,Mirobod,41.284095,69.279417,38.3,14.8,49.62,217.6,0.6384,89.8,44.3,2.75,0,0.0391
2026-05-17,2026-05-11 17:17:10,S0324,Mirobod,41.284095,69.279417,38.7,15.2,49.57,217.7,0.5196,95.7,43.2,2.54,0,0.0391
2026-05-18,2026-05-11 17:17:10,S0324,Mirobod,41.284095,69.279417,39.7,14.9,49.67,216.7,0.6115,92.9,43.0,1.87,0,0.0391
2026-05-12,2026-05-11 17:17:10,S0325,Mirobod,41.285011,69.272346,37.5,9.4,49.84,233.0,0.8425,95.0,87.2,4.71,1,0.388
2026-05-13,2026-05-11 17:17:10,S0325,Mirobod,41.285011,69.272346,39.3,10.6,49.77,231.7,0.8246,95.3,82.1,4.6,1,0.388
2026-05-14,2026-05-11 17:17:10,S0325,Mirobod,41.285011,69.272346,39.6,9.3,49.94,230.0,0.849,92.6,86.5,5.09,1,0.388
2026-05-15,2026-05-11 17:17:10,S0325,Mirobod,41.285011,69.272346,41.2,12.5,49.83,224.6,0.8344,92.8,79.3,4.62,1,0.388
2026-05-16,2026-05-11 17:17:10,S0325,Mirobod,41.285011,69.272346,42.3,10.5,49.83,226.8,0.8826,92.3,86.0,4.86,1,0.388
2026-05-17,2026-05-11 17:17:10,S0325,Mirobod,41.285011,69.272346,40.4,12.0,49.49,228.1,0.9701,94.8,95.0,5.13,1,0.388
2026-05-18,2026-05-11 17:17:10,S0325,Mirobod,41.285011,69.272346,39.7,11.1,49.72,230.1,1.0641,91.8,87.5,4.72,1,0.388
2026-05-12,2026-05-11 17:17:10,S0326,Mirobod,41.286588,69.294946,30.9,12.1,49.72,224.5,0.1958,86.4,30.9,3.53,0,0.0301
2026-05-13,2026-05-11 17:17:10,S0326,Mirobod,41.286588,69.294946,33.0,10.8,49.77,221.7,0.2591,81.1,40.0,3.21,1,0.3801
2026-05-14,2026-05-11 17:17:10,S0326,Mirobod,41.286588,69.294946,30.0,11.3,49.72,223.1,0.2905,77.7,34.2,3.17,1,0.3801
2026-05-15,2026-05-11 17:17:10,S0326,Mirobod,41.286588,69.294946,30.4,10.6,49.72,216.5,0.1199,79.3,46.0,2.73,1,0.3801
2026-05-16,2026-05-11 17:17:10,S0326,Mirobod,41.286588,69.294946,30.2,12.2,49.95,222.1,0.2133,77.1,46.6,2.64,1,0.3801
2026-05-17,2026-05-11 17:17:10,S0326,Mirobod,41.286588,69.294946,31.1,11.7,49.83,221.3,0.1496,75.5,40.0,2.76,1,0.3801
2026-05-18,2026-05-11 17:17:10,S0326,Mirobod,41.286588,69.294946,32.1,12.0,49.91,221.5,0.01,75.8,41.4,2.93,1,0.3801
2026-05-12,2026-05-11 17:17:10,S0327,Mirobod,41.271591,69.260953,29.6,7.8,49.75,214.8,0.3739,87.0,65.4,3.53,0,0.0274
2026-05-13,2026-05-11 17:17:10,S0327,Mirobod,41.271591,69.260953,31.1,7.1,50.05,213.0,0.3539,87.3,58.6,2.96,0,0.0274
2026-05-14,2026-05-11 17:17:10,S0327,Mirobod,41.271591,69.260953,30.2,6.7,49.93,212.4,0.4587,85.4,64.2,3.5,0,0.0274
2026-05-15,2026-05-11 17:17:10,S0327,Mirobod,41.271591,69.260953,28.4,8.0,49.9,211.4,0.2816,83.0,64.8,3.43,1,0.3774
2026-05-16,2026-05-11 17:17:10,S0327,Mirobod,41.271591,69.260953,27.6,8.3,49.74,210.1,0.4506,84.8,63.6,3.71,1,0.3774
2026-05-17,2026-05-11 17:17:10,S0327,Mirobod,41.271591,69.260953,28.5,5.4,49.67,209.8,0.3249,85.6,60.2,3.66,1,0.3774
2026-05-18,2026-05-11 17:17:10,S0327,Mirobod,41.271591,69.260953,27.6,6.3,49.69,209.8,0.3489,86.0,53.8,4.02,1,0.3774
2026-05-12,2026-05-11 17:17:10,S0328,Mirobod,41.289497,69.278187,34.2,9.2,49.81,215.7,0.5864,98.6,68.8,3.71,0,0.0284
2026-05-13,2026-05-11 17:17:10,S0328,Mirobod,41.289497,69.278187,35.2,10.7,49.86,216.1,0.5812,99.1,71.0,3.95,0,0.0284
2026-05-14,2026-05-11 17:17:10,S0328,Mirobod,41.289497,69.278187,36.2,10.1,49.67,222.5,0.5249,97.1,72.5,3.72,0,0.0284
2026-05-15,2026-05-11 17:17:10,S0328,Mirobod,41.289497,69.278187,36.7,9.2,49.75,216.5,0.3612,93.6,71.0,3.94,0,0.0284
2026-05-16,2026-05-11 17:17:10,S0328,Mirobod,41.289497,69.278187,37.4,7.1,49.62,215.8,0.5011,94.0,80.2,3.93,0,0.0284
2026-05-17,2026-05-11 17:17:10,S0328,Mirobod,41.289497,69.278187,34.5,11.1,49.66,215.7,0.4122,94.6,75.1,3.82,0,0.0284
2026-05-18,2026-05-11 17:17:10,S0328,Mirobod,41.289497,69.278187,36.8,8.8,49.6,219.6,0.3152,92.9,81.0,3.74,0,0.0284
2026-05-12,2026-05-11 17:17:10,S0329,Mirobod,41.309434,69.293592,37.5,8.3,49.9,219.2,0.8027,85.2,56.3,3.95,0,0.032
2026-05-13,2026-05-11 17:17:10,S0329,Mirobod,41.309434,69.293592,37.2,7.7,50.15,225.0,0.7971,87.8,56.6,3.98,0,0.032
2026-05-14,2026-05-11 17:17:10,S0329,Mirobod,41.309434,69.293592,36.1,10.3,50.02,216.6,0.8628,86.0,56.9,3.84,0,0.032
2026-05-15,2026-05-11 17:17:10,S0329,Mirobod,41.309434,69.293592,34.7,6.6,49.92,218.5,0.9152,89.9,51.3,4.16,0,0.032
2026-05-16,2026-05-11 17:17:10,S0329,Mirobod,41.309434,69.293592,35.3,8.3,49.72,220.1,0.9212,86.7,53.5,4.5,0,0.032
2026-05-17,2026-05-11 17:17:10,S0329,Mirobod,41.309434,69.293592,34.1,7.8,49.99,218.9,1.0754,86.5,39.0,4.6,1,0.382
2026-05-18,2026-05-11 17:17:10,S0329,Mirobod,41.309434,69.293592,32.1,7.1,49.82,218.8,0.9921,82.9,41.7,4.76,1,0.382
2026-05-12,2026-05-11 17:17:10,S0330,Mirobod,41.295196,69.267035,38.1,2.4,50.06,228.2,0.4631,78.6,42.7,3.19,1,0.3726
2026-05-13,2026-05-11 17:17:10,S0330,Mirobod,41.295196,69.267035,42.3,3.3,49.93,228.5,0.4372,75.8,50.5,3.59,1,0.3726
2026-05-14,2026-05-11 17:17:10,S0330,Mirobod,41.295196,69.267035,40.0,2.7,50.07,224.0,0.2024,77.5,45.5,3.58,1,0.3726
2026-05-15,2026-05-11 17:17:10,S0330,Mirobod,41.295196,69.267035,40.1,4.8,50.0,229.4,0.2606,75.9,50.2,3.88,1,0.3726
2026-05-16,2026-05-11 17:17:10,S0330,Mirobod,41.295196,69.267035,38.4,3.8,50.09,227.5,0.3109,74.7,50.6,4.02,2,0.7226
2026-05-17,2026-05-11 17:17:10,S0330,Mirobod,41.295196,69.267035,37.8,5.0,50.19,222.9,0.2293,73.6,53.0,4.05,2,0.7226
2026-05-18,2026-05-11 17:17:10,S0330,Mirobod,41.295196,69.267035,40.7,4.5,50.13,226.8,0.249,74.8,47.6,3.73,2,0.7226
2026-05-12,2026-05-11 17:17:10,S0331,Mirobod,41.311154,69.276306,34.8,7.3,50.36,222.3,0.525,88.9,76.0,2.64,0,0.022
2026-05-13,2026-05-11 17:17:10,S0331,Mirobod,41.311154,69.276306,36.6,3.9,50.24,221.7,0.6387,90.0,75.8,2.61,0,0.022
2026-05-14,2026-05-11 17:17:10,S0331,Mirobod,41.311154,69.276306,35.8,6.4,50.22,227.2,0.5735,91.3,77.2,2.61,0,0.022
2026-05-15,2026-05-11 17:17:10,S0331,Mirobod,41.311154,69.276306,32.8,6.2,50.55,228.6,0.3803,91.5,77.1,2.66,1,0.372
2026-05-16,2026-05-11 17:17:10,S0331,Mirobod,41.311154,69.276306,32.6,4.1,50.38,230.4,0.5481,91.0,82.4,2.69,1,0.372
2026-05-17,2026-05-11 17:17:10,S0331,Mirobod,41.311154,69.276306,38.4,4.2,50.45,230.9,0.5604,88.1,87.8,2.68,1,0.372
2026-05-18,2026-05-11 17:17:10,S0331,Mirobod,41.311154,69.276306,34.9,2.1,50.49,238.4,0.5182,86.4,88.5,2.71,1,0.372
2026-05-12,2026-05-11 17:17:10,S0332,Mirobod,41.281047,69.292253,28.5,6.4,49.77,231.9,0.3506,80.0,95.0,3.59,1,0.3817
2026-05-13,2026-05-11 17:17:10,S0332,Mirobod,41.281047,69.292253,31.3,9.2,49.62,235.6,0.297,78.7,91.1,3.62,1,0.3817
2026-05-14,2026-05-11 17:17:10,S0332,Mirobod,41.281047,69.292253,25.6,6.5,49.71,229.8,0.2278,81.5,92.8,3.34,1,0.3817
2026-05-15,2026-05-11 17:17:10,S0332,Mirobod,41.281047,69.292253,29.6,5.0,49.74,233.8,0.2102,77.0,90.0,3.59,1,0.3817
2026-05-16,2026-05-11 17:17:10,S0332,Mirobod,41.281047,69.292253,29.1,6.0,49.77,235.2,0.1756,79.4,93.8,3.51,1,0.3817
2026-05-17,2026-05-11 17:17:10,S0332,Mirobod,41.281047,69.292253,30.3,6.6,49.74,233.7,0.1462,81.1,93.5,4.15,1,0.3817
2026-05-18,2026-05-11 17:17:10,S0332,Mirobod,41.281047,69.292253,29.9,6.7,49.64,237.9,0.0735,80.6,92.1,3.48,1,0.3817
2026-05-12,2026-05-11 17:17:10,S0333,Mirobod,41.286934,69.262862,31.8,5.5,49.79,202.6,0.3164,77.2,57.7,2.21,1,0.3841
2026-05-13,2026-05-11 17:17:10,S0333,Mirobod,41.286934,69.262862,31.6,4.4,49.69,201.8,0.404,77.0,61.1,2.22,1,0.3841
2026-05-14,2026-05-11 17:17:10,S0333,Mirobod,41.286934,69.262862,35.5,2.2,49.97,205.6,0.319,76.9,65.8,2.42,1,0.3841
2026-05-15,2026-05-11 17:17:10,S0333,Mirobod,41.286934,69.262862,35.0,2.6,49.85,207.2,0.3073,75.9,56.6,2.62,1,0.3841
2026-05-16,2026-05-11 17:17:10,S0333,Mirobod,41.286934,69.262862,34.4,1.7,49.83,205.4,0.3185,74.2,48.5,2.27,2,0.7341
2026-05-17,2026-05-11 17:17:10,S0333,Mirobod,41.286934,69.262862,36.3,0.0,49.9,204.4,0.3193,72.0,49.6,2.31,2,0.7341
2026-05-18,2026-05-11 17:17:10,S0333,Mirobod,41.286934,69.262862,34.4,0.0,49.91,201.8,0.4037,72.2,46.8,2.38,2,0.7341
2026-05-12,2026-05-11 17:17:10,S0334,Mirobod,41.306944,69.24525,45.9,12.7,49.7,215.5,0.01,93.6,61.7,3.62,2,0.7336
2026-05-13,2026-05-11 17:17:10,S0334,Mirobod,41.306944,69.24525,50.5,13.8,49.82,222.9,0.01,95.1,69.9,3.58,2,0.7336
2026-05-14,2026-05-11 17:17:10,S0334,Mirobod,41.306944,69.24525,52.7,14.6,49.84,225.0,0.01,89.6,55.1,3.51,2,0.7336
2026-05-15,2026-05-11 17:17:10,S0334,Mirobod,41.306944,69.24525,49.2,14.0,49.62,219.1,0.01,89.4,58.3,3.6,2,0.7336
2026-05-16,2026-05-11 17:17:10,S0334,Mirobod,41.306944,69.24525,48.5,15.5,49.54,225.3,0.01,89.8,55.6,3.65,2,0.7336
2026-05-17,2026-05-11 17:17:10,S0334,Mirobod,41.306944,69.24525,44.6,14.7,49.85,226.6,0.01,91.0,59.4,3.57,1,0.3836
2026-05-18,2026-05-11 17:17:10,S0334,Mirobod,41.306944,69.24525,52.3,16.3,49.69,228.0,0.01,90.4,50.2,3.69,2,0.7336
2026-05-12,2026-05-11 17:17:10,S0335,Mirobod,41.314841,69.275107,35.2,3.3,50.4,226.3,0.8676,90.3,68.0,2.35,0,0.022
2026-05-13,2026-05-11 17:17:10,S0335,Mirobod,41.314841,69.275107,37.6,5.6,50.4,225.8,0.7887,93.2,70.2,2.16,0,0.022
2026-05-14,2026-05-11 17:17:10,S0335,Mirobod,41.314841,69.275107,34.6,3.9,50.39,223.6,0.8953,94.0,58.9,1.99,0,0.022
2026-05-15,2026-05-11 17:17:10,S0335,Mirobod,41.314841,69.275107,37.2,1.5,50.35,220.8,0.7877,84.9,60.7,1.75,1,0.372
2026-05-16,2026-05-11 17:17:10,S0335,Mirobod,41.314841,69.275107,33.6,4.0,50.47,224.8,0.8534,87.1,65.3,2.12,0,0.022
2026-05-17,2026-05-11 17:17:10,S0335,Mirobod,41.314841,69.275107,35.0,5.3,50.25,223.4,0.9549,88.2,72.5,1.64,0,0.022
2026-05-18,2026-05-11 17:17:10,S0335,Mirobod,41.314841,69.275107,40.4,4.8,50.34,230.8,1.0045,91.0,65.0,1.86,1,0.372
2026-05-12,2026-05-11 17:17:10,S0336,Mirobod,41.302194,69.282956,35.4,7.7,49.82,233.0,0.4337,87.9,90.4,3.7,1,0.3799
2026-05-13,2026-05-11 17:17:10,S0336,Mirobod,41.302194,69.282956,40.3,5.1,49.89,233.1,0.4068,86.5,88.0,3.49,1,0.3799
2026-05-14,2026-05-11 17:17:10,S0336,Mirobod,41.302194,69.282956,35.3,9.6,49.82,230.4,0.5028,82.9,85.3,3.47,1,0.3799
2026-05-15,2026-05-11 17:17:10,S0336,Mirobod,41.302194,69.282956,33.4,5.9,49.82,233.3,0.4587,82.4,90.7,3.11,1,0.3799
2026-05-16,2026-05-11 17:17:10,S0336,Mirobod,41.302194,69.282956,35.8,6.5,49.88,228.4,0.5155,79.2,92.4,3.27,1,0.3799
2026-05-17,2026-05-11 17:17:10,S0336,Mirobod,41.302194,69.282956,38.4,3.5,49.65,229.8,0.3868,82.1,88.4,3.65,1,0.3799
2026-05-18,2026-05-11 17:17:10,S0336,Mirobod,41.302194,69.282956,32.3,7.9,49.8,223.7,0.4034,79.7,87.2,3.13,1,0.3799
2026-05-12,2026-05-11 17:17:10,S0337,Mirobod,41.29644,69.28486,22.9,14.0,50.0,226.2,0.0321,84.0,69.2,4.02,1,0.3773
2026-05-13,2026-05-11 17:17:10,S0337,Mirobod,41.29644,69.28486,24.4,16.7,50.06,224.9,0.1857,85.6,87.7,4.02,0,0.0273
2026-05-14,2026-05-11 17:17:10,S0337,Mirobod,41.29644,69.28486,18.4,14.7,49.85,222.1,0.01,83.2,84.9,4.09,1,0.3773
2026-05-15,2026-05-11 17:17:10,S0337,Mirobod,41.29644,69.28486,24.1,14.5,50.24,224.5,0.0312,82.5,92.2,3.77,1,0.3773
2026-05-16,2026-05-11 17:17:10,S0337,Mirobod,41.29644,69.28486,24.7,14.6,50.24,225.2,0.01,84.6,95.0,3.88,1,0.3773
2026-05-17,2026-05-11 17:17:10,S0337,Mirobod,41.29644,69.28486,21.4,15.6,50.24,220.3,0.01,82.1,85.0,3.62,1,0.3773
2026-05-18,2026-05-11 17:17:10,S0337,Mirobod,41.29644,69.28486,19.5,12.0,50.54,225.7,0.01,83.4,94.1,3.76,1,0.3773
2026-05-12,2026-05-11 17:17:10,S0338,Mirobod,41.310331,69.288446,40.7,8.0,50.21,211.3,0.3052,76.7,78.0,4.4,1,0.384
2026-05-13,2026-05-11 17:17:10,S0338,Mirobod,41.310331,69.288446,37.0,9.6,50.15,210.1,0.1153,76.7,84.7,4.54,1,0.384
2026-05-14,2026-05-11 17:17:10,S0338,Mirobod,41.310331,69.288446,41.1,9.6,50.31,206.3,0.2824,76.1,81.3,4.31,1,0.384
2026-05-15,2026-05-11 17:17:10,S0338,Mirobod,41.310331,69.288446,39.1,9.5,50.17,207.5,0.3216,75.5,82.2,4.68,1,0.384
2026-05-16,2026-05-11 17:17:10,S0338,Mirobod,41.310331,69.288446,39.5,9.0,50.26,208.3,0.2113,72.9,95.0,5.18,2,0.734
2026-05-17,2026-05-11 17:17:10,S0338,Mirobod,41.310331,69.288446,37.8,7.9,50.31,208.4,0.2145,76.9,84.7,4.65,1,0.384
2026-05-18,2026-05-11 17:17:10,S0338,Mirobod,41.310331,69.288446,42.9,7.8,50.26,206.5,0.2397,72.3,90.3,5.12,2,0.734
2026-05-12,2026-05-11 17:17:10,S0339,Mirobod,41.299615,69.244319,23.2,2.2,50.15,214.6,0.3934,93.0,92.3,3.92,1,0.3825
2026-05-13,2026-05-11 17:17:10,S0339,Mirobod,41.299615,69.244319,23.8,1.7,50.23,215.0,0.5675,92.7,81.5,3.81,0,0.0325
2026-05-14,2026-05-11 17:17:10,S0339,Mirobod,41.299615,69.244319,25.5,1.1,50.17,210.9,0.5194,91.3,86.3,4.14,0,0.0325
2026-05-15,2026-05-11 17:17:10,S0339,Mirobod,41.299615,69.244319,20.2,2.4,50.18,210.2,0.6609,93.0,84.3,3.26,0,0.0325
2026-05-16,2026-05-11 17:17:10,S0339,Mirobod,41.299615,69.244319,24.8,0.0,50.26,210.4,0.5994,92.1,94.2,4.18,1,0.3825
2026-05-17,2026-05-11 17:17:10,S0339,Mirobod,41.299615,69.244319,22.6,0.0,50.13,216.3,0.5042,91.6,88.5,4.14,0,0.0325
2026-05-18,2026-05-11 17:17:10,S0339,Mirobod,41.299615,69.244319,20.8,0.0,50.34,212.1,0.6072,93.7,85.4,4.09,0,0.0325
2026-05-12,2026-05-11 17:17:10,S0340,Mirobod,41.290369,69.263641,32.9,12.7,49.98,219.1,0.4616,94.6,68.9,2.71,0,0.0277
2026-05-13,2026-05-11 17:17:10,S0340,Mirobod,41.290369,69.263641,29.5,12.4,49.96,220.8,0.4774,93.9,66.4,2.9,0,0.0277
2026-05-14,2026-05-11 17:17:10,S0340,Mirobod,41.290369,69.263641,31.0,14.1,49.95,219.0,0.464,94.1,60.0,2.71,0,0.0277
2026-05-15,2026-05-11 17:17:10,S0340,Mirobod,41.290369,69.263641,31.6,14.8,49.83,214.2,0.5456,96.0,67.5,2.72,0,0.0277
2026-05-16,2026-05-11 17:17:10,S0340,Mirobod,41.290369,69.263641,27.3,16.5,49.76,219.0,0.3673,97.0,62.1,2.99,0,0.0277
2026-05-17,2026-05-11 17:17:10,S0340,Mirobod,41.290369,69.263641,30.6,13.5,49.77,219.9,0.3134,98.3,66.7,2.79,0,0.0277
2026-05-18,2026-05-11 17:17:10,S0340,Mirobod,41.290369,69.263641,24.0,16.7,49.74,216.8,0.0335,98.7,64.1,2.37,0,0.0277
2026-05-12,2026-05-11 17:17:10,S0341,Mirobod,41.285814,69.279514,39.3,10.0,50.12,225.1,0.4577,76.4,67.6,4.81,1,0.3746
2026-05-13,2026-05-11 17:17:10,S0341,Mirobod,41.285814,69.279514,41.6,7.8,50.03,223.5,0.4915,78.7,72.9,4.39,1,0.3746
2026-05-14,2026-05-11 17:17:10,S0341,Mirobod,41.285814,69.279514,40.7,8.9,49.91,219.1,0.6242,75.3,70.1,4.82,1,0.3746
2026-05-15,2026-05-11 17:17:10,S0341,Mirobod,41.285814,69.279514,45.8,10.2,49.96,222.7,0.5321,75.2,65.5,5.17,2,0.7246
2026-05-16,2026-05-11 17:17:10,S0341,Mirobod,41.285814,69.279514,43.3,8.1,49.84,222.7,0.5721,72.1,71.2,5.03,2,0.7246
2026-05-17,2026-05-11 17:17:10,S0341,Mirobod,41.285814,69.279514,44.6,8.8,49.86,221.2,0.5654,77.4,77.8,4.82,1,0.3746
2026-05-18,2026-05-11 17:17:10,S0341,Mirobod,41.285814,69.279514,43.9,10.9,49.92,222.5,0.6915,75.3,75.8,5.07,1,0.3746
2026-05-12,2026-05-11 17:17:10,S0342,Mirobod,41.283077,69.271517,40.2,10.0,49.81,232.6,0.6212,73.7,62.3,3.66,2,0.7302
2026-05-13,2026-05-11 17:17:10,S0342,Mirobod,41.283077,69.271517,36.2,13.3,49.8,234.4,0.7178,76.4,65.6,3.53,1,0.3802
2026-05-14,2026-05-11 17:17:10,S0342,Mirobod,41.283077,69.271517,35.3,13.1,49.69,237.4,0.7323,72.5,66.6,2.94,2,0.7302
2026-05-15,2026-05-11 17:17:10,S0342,Mirobod,41.283077,69.271517,35.1,13.9,49.76,236.2,0.8628,71.6,72.6,3.53,2,0.7302
2026-05-16,2026-05-11 17:17:10,S0342,Mirobod,41.283077,69.271517,34.1,12.8,49.77,235.2,0.8364,74.1,72.9,3.22,2,0.7302
2026-05-17,2026-05-11 17:17:10,S0342,Mirobod,41.283077,69.271517,32.0,13.1,49.8,235.9,0.8537,75.1,69.9,3.14,1,0.3802
2026-05-18,2026-05-11 17:17:10,S0342,Mirobod,41.283077,69.271517,37.3,14.3,49.68,239.8,0.7825,72.5,70.0,3.17,2,0.7302
2026-05-12,2026-05-11 17:17:10,S0343,Mirobod,41.309846,69.273018,30.6,0.0,49.91,211.1,0.6484,75.2,75.4,3.34,1,0.3746
2026-05-13,2026-05-11 17:17:10,S0343,Mirobod,41.309846,69.273018,29.9,0.4,49.75,212.5,0.6033,75.6,67.8,3.33,1,0.3746
2026-05-14,2026-05-11 17:17:10,S0343,Mirobod,41.309846,69.273018,27.7,2.7,49.79,214.1,0.5407,76.0,71.5,3.26,1,0.3746
2026-05-15,2026-05-11 17:17:10,S0343,Mirobod,41.309846,69.273018,29.6,3.0,49.82,217.6,0.552,78.7,71.1,3.4,1,0.3746
2026-05-16,2026-05-11 17:17:10,S0343,Mirobod,41.309846,69.273018,29.2,1.0,49.9,227.7,0.6325,76.3,71.8,3.16,1,0.3746
2026-05-17,2026-05-11 17:17:10,S0343,Mirobod,41.309846,69.273018,29.9,3.1,49.89,223.6,0.7158,84.5,70.5,3.03,1,0.3746
2026-05-18,2026-05-11 17:17:10,S0343,Mirobod,41.309846,69.273018,27.1,3.4,49.83,220.1,0.7106,80.7,71.2,3.29,1,0.3746
2026-05-12,2026-05-11 17:17:10,S0344,Mirobod,41.304644,69.26498,43.4,9.4,49.83,207.0,0.6323,90.1,37.6,4.07,1,0.3815
2026-05-13,2026-05-11 17:17:10,S0344,Mirobod,41.304644,69.26498,39.5,7.5,49.91,207.2,0.7632,87.4,44.5,4.28,1,0.3815
2026-05-14,2026-05-11 17:17:10,S0344,Mirobod,41.304644,69.26498,41.1,8.9,49.58,206.4,0.7999,87.2,37.6,3.88,1,0.3815
2026-05-15,2026-05-11 17:17:10,S0344,Mirobod,41.304644,69.26498,40.4,10.7,49.67,204.7,0.6653,92.9,41.2,3.94,1,0.3815
2026-05-16,2026-05-11 17:17:10,S0344,Mirobod,41.304644,69.26498,41.4,9.7,49.84,204.7,0.8887,88.4,42.8,4.51,1,0.3815
2026-05-17,2026-05-11 17:17:10,S0344,Mirobod,41.304644,69.26498,44.8,9.2,49.78,200.8,0.8565,86.8,36.1,4.29,1,0.3815
2026-05-18,2026-05-11 17:17:10,S0344,Mirobod,41.304644,69.26498,42.5,11.5,49.73,205.7,0.9503,86.9,36.1,4.43,1,0.3815
2026-05-12,2026-05-11 17:17:10,S0345,Mirobod,41.276716,69.279413,28.9,11.4,49.95,215.0,1.0914,88.4,79.7,4.77,1,0.3687
2026-05-13,2026-05-11 17:17:10,S0345,Mirobod,41.276716,69.279413,30.5,9.6,49.99,220.8,1.0788,91.3,82.0,4.32,1,0.3687
2026-05-14,2026-05-11 17:17:10,S0345,Mirobod,41.276716,69.279413,28.8,9.6,50.05,211.8,1.1056,89.0,71.2,4.36,1,0.3687
2026-05-15,2026-05-11 17:17:10,S0345,Mirobod,41.276716,69.279413,30.4,9.9,49.94,214.6,1.0268,86.6,74.2,4.61,1,0.3687
2026-05-16,2026-05-11 17:17:10,S0345,Mirobod,41.276716,69.279413,26.1,7.9,49.94,213.1,1.201,87.4,69.2,5.07,1,0.3687
2026-05-17,2026-05-11 17:17:10,S0345,Mirobod,41.276716,69.279413,29.6,8.8,50.06,214.8,1.2276,87.5,75.1,4.04,1,0.3687
2026-05-18,2026-05-11 17:17:10,S0345,Mirobod,41.276716,69.279413,26.6,9.3,49.89,209.2,1.1077,83.9,70.4,4.46,1,0.3687
2026-05-12,2026-05-11 17:17:10,S0346,Mirobod,41.30555,69.290501,31.1,6.6,49.87,213.2,0.0106,86.6,85.3,4.72,0,0.0309
2026-05-13,2026-05-11 17:17:10,S0346,Mirobod,41.30555,69.290501,30.8,5.5,49.94,218.5,0.0533,84.2,92.1,4.94,1,0.3809
2026-05-14,2026-05-11 17:17:10,S0346,Mirobod,41.30555,69.290501,32.5,3.7,49.8,213.7,0.0512,83.9,95.0,5.13,1,0.3809
2026-05-15,2026-05-11 17:17:10,S0346,Mirobod,41.30555,69.290501,31.4,2.6,49.84,215.5,0.0313,82.5,95.0,4.29,1,0.3809
2026-05-16,2026-05-11 17:17:10,S0346,Mirobod,41.30555,69.290501,31.3,1.9,49.73,211.5,0.2097,82.0,94.2,4.94,1,0.3809
2026-05-17,2026-05-11 17:17:10,S0346,Mirobod,41.30555,69.290501,29.4,1.2,49.79,208.8,0.2631,80.5,95.0,5.21,1,0.3809
2026-05-18,2026-05-11 17:17:10,S0346,Mirobod,41.30555,69.290501,30.3,1.7,49.55,211.9,0.0484,77.0,95.0,4.94,1,0.3809
2026-05-12,2026-05-11 17:17:10,S0347,Mirobod,41.295846,69.261799,22.4,3.5,49.72,231.3,0.9652,94.8,72.6,2.29,1,0.3673
2026-05-13,2026-05-11 17:17:10,S0347,Mirobod,41.295846,69.261799,22.9,2.0,49.65,231.3,0.823,94.4,82.5,3.03,1,0.3673
2026-05-14,2026-05-11 17:17:10,S0347,Mirobod,41.295846,69.261799,26.6,1.7,49.64,237.4,0.8898,97.6,82.2,2.78,1,0.3673
2026-05-15,2026-05-11 17:17:10,S0347,Mirobod,41.295846,69.261799,22.6,0.5,49.75,234.0,1.012,95.3,74.3,2.62,1,0.3673
2026-05-16,2026-05-11 17:17:10,S0347,Mirobod,41.295846,69.261799,21.7,2.8,49.84,230.2,0.9493,94.1,86.0,2.96,1,0.3673
2026-05-17,2026-05-11 17:17:10,S0347,Mirobod,41.295846,69.261799,23.3,0.6,49.63,233.3,0.9479,96.6,79.7,2.84,1,0.3673
2026-05-18,2026-05-11 17:17:10,S0347,Mirobod,41.295846,69.261799,24.3,0.5,49.62,234.7,0.9841,99.6,83.0,2.67,1,0.3673
2026-05-12,2026-05-11 17:17:10,S0348,Mirobod,41.310234,69.289021,30.9,2.8,49.94,219.8,0.4933,87.3,48.7,4.82,0,0.0245
2026-05-13,2026-05-11 17:17:10,S0348,Mirobod,41.310234,69.289021,32.0,0.0,50.04,220.9,0.5994,86.1,51.2,4.69,0,0.0245
2026-05-14,2026-05-11 17:17:10,S0348,Mirobod,41.310234,69.289021,31.7,1.2,50.3,213.9,0.6677,89.3,33.0,4.85,0,0.0245
2026-05-15,2026-05-11 17:17:10,S0348,Mirobod,41.310234,69.289021,31.6,0.5,50.05,213.1,0.6212,88.6,38.8,5.12,1,0.3745
2026-05-16,2026-05-11 17:17:10,S0348,Mirobod,41.310234,69.289021,32.1,0.0,50.32,218.4,0.7088,92.1,42.0,5.19,1,0.3745
2026-05-17,2026-05-11 17:17:10,S0348,Mirobod,41.310234,69.289021,34.5,0.9,50.19,214.0,0.7826,88.7,46.6,5.64,2,0.7245
2026-05-18,2026-05-11 17:17:10,S0348,Mirobod,41.310234,69.289021,30.2,0.0,50.33,216.7,0.8015,89.5,37.4,5.68,2,0.7245
2026-05-12,2026-05-11 17:17:10,S0349,Mirobod,41.283724,69.286717,24.5,6.8,50.19,222.6,0.545,89.4,63.6,3.34,0,0.0249
2026-05-13,2026-05-11 17:17:10,S0349,Mirobod,41.283724,69.286717,22.2,6.3,50.25,220.5,0.6532,87.5,59.6,3.78,0,0.0249
2026-05-14,2026-05-11 17:17:10,S0349,Mirobod,41.283724,69.286717,24.1,6.1,50.37,221.9,0.6111,86.3,62.2,3.25,0,0.0249
2026-05-15,2026-05-11 17:17:10,S0349,Mirobod,41.283724,69.286717,23.3,5.3,50.25,220.8,0.5906,89.4,68.2,3.78,0,0.0249
2026-05-16,2026-05-11 17:17:10,S0349,Mirobod,41.283724,69.286717,22.4,3.7,50.38,217.3,0.5651,89.7,57.0,3.24,0,0.0249
2026-05-17,2026-05-11 17:17:10,S0349,Mirobod,41.283724,69.286717,25.6,5.2,50.45,214.8,0.6127,85.6,63.4,3.89,0,0.0249
2026-05-18,2026-05-11 17:17:10,S0349,Mirobod,41.283724,69.286717,23.8,5.4,50.41,217.8,0.5448,91.1,54.1,3.19,0,0.0249
2026-05-12,2026-05-11 17:17:10,S0350,Mirobod,41.27816,69.272798,32.2,7.3,50.01,233.1,0.6338,83.4,60.3,4.61,1,0.3819
2026-05-13,2026-05-11 17:17:10,S0350,Mirobod,41.27816,69.272798,37.0,7.1,49.95,235.8,0.6408,88.1,64.2,4.98,1,0.3819
2026-05-14,2026-05-11 17:17:10,S0350,Mirobod,41.27816,69.272798,33.7,7.0,50.0,231.0,0.6599,87.2,68.2,4.55,1,0.3819
2026-05-15,2026-05-11 17:17:10,S0350,Mirobod,41.27816,69.272798,33.5,4.8,50.0,234.2,0.6966,86.8,60.2,3.76,1,0.3819
2026-05-16,2026-05-11 17:17:10,S0350,Mirobod,41.27816,69.272798,34.1,6.0,49.87,234.1,0.7495,84.2,63.5,4.74,1,0.3819
2026-05-17,2026-05-11 17:17:10,S0350,Mirobod,41.27816,69.272798,32.0,4.9,49.89,233.6,0.5701,88.1,58.4,4.09,1,0.3819
2026-05-18,2026-05-11 17:17:10,S0350,Mirobod,41.27816,69.272798,34.6,5.3,49.95,234.1,0.7827,83.2,65.6,4.63,1,0.3819
2026-05-12,2026-05-11 17:17:10,S0351,Mirobod,41.277802,69.255356,47.0,8.1,49.72,223.0,0.57,78.3,76.4,3.84,2,0.7351
2026-05-13,2026-05-11 17:17:10,S0351,Mirobod,41.277802,69.255356,46.5,12.5,49.74,222.6,0.603,79.4,69.2,4.04,2,0.7351
2026-05-14,2026-05-11 17:17:10,S0351,Mirobod,41.277802,69.255356,45.0,10.3,49.73,219.3,0.721,78.2,77.2,4.26,1,0.3851
2026-05-15,2026-05-11 17:17:10,S0351,Mirobod,41.277802,69.255356,46.1,9.6,49.6,213.4,0.8149,80.9,78.7,4.66,2,0.7351
2026-05-16,2026-05-11 17:17:10,S0351,Mirobod,41.277802,69.255356,47.2,8.5,49.91,212.1,0.8944,78.6,72.1,4.51,2,0.7351
2026-05-17,2026-05-11 17:17:10,S0351,Mirobod,41.277802,69.255356,47.0,9.0,49.77,213.7,0.7519,80.0,71.2,4.51,2,0.7351
2026-05-18,2026-05-11 17:17:10,S0351,Mirobod,41.277802,69.255356,46.0,12.7,49.72,211.1,0.7794,82.8,79.4,4.33,2,0.7351
2026-05-12,2026-05-11 17:17:10,S0352,Mirobod,41.278221,69.271074,39.8,1.5,50.03,211.1,0.3573,94.0,88.4,4.67,0,0.0257
2026-05-13,2026-05-11 17:17:10,S0352,Mirobod,41.278221,69.271074,38.9,4.1,49.95,208.0,0.5324,93.9,94.5,4.35,1,0.3757
2026-05-14,2026-05-11 17:17:10,S0352,Mirobod,41.278221,69.271074,38.3,1.4,49.96,209.0,0.4368,93.8,87.5,4.34,1,0.3757
2026-05-15,2026-05-11 17:17:10,S0352,Mirobod,41.278221,69.271074,38.2,2.2,50.01,213.2,0.4572,92.2,95.0,4.19,1,0.3757
2026-05-16,2026-05-11 17:17:10,S0352,Mirobod,41.278221,69.271074,41.1,1.3,49.85,210.9,0.4873,92.6,94.7,4.74,1,0.3757
2026-05-17,2026-05-11 17:17:10,S0352,Mirobod,41.278221,69.271074,39.4,2.5,49.87,209.2,0.3762,95.5,90.7,4.25,1,0.3757
2026-05-18,2026-05-11 17:17:10,S0352,Mirobod,41.278221,69.271074,41.9,0.0,49.96,207.9,0.3769,95.1,95.0,4.48,1,0.3757
2026-05-12,2026-05-11 17:17:10,S0353,Mirobod,41.296481,69.293883,28.5,14.2,49.63,229.1,0.4077,89.0,69.4,3.97,0,0.0318
2026-05-13,2026-05-11 17:17:10,S0353,Mirobod,41.296481,69.293883,32.3,15.7,49.68,223.0,0.5497,89.2,62.0,4.16,0,0.0318
2026-05-14,2026-05-11 17:17:10,S0353,Mirobod,41.296481,69.293883,29.7,14.9,49.93,229.8,0.4871,88.3,63.6,4.4,0,0.0318
2026-05-15,2026-05-11 17:17:10,S0353,Mirobod,41.296481,69.293883,31.1,13.3,49.95,225.9,0.5313,88.9,58.9,4.1,0,0.0318
2026-05-16,2026-05-11 17:17:10,S0353,Mirobod,41.296481,69.293883,32.7,15.0,49.75,227.1,0.4799,90.6,61.6,3.66,0,0.0318
2026-05-17,2026-05-11 17:17:10,S0353,Mirobod,41.296481,69.293883,29.0,13.4,49.84,225.5,0.4838,86.6,58.4,3.65,0,0.0318
2026-05-18,2026-05-11 17:17:10,S0353,Mirobod,41.296481,69.293883,31.0,16.7,49.82,228.6,0.2644,89.9,70.2,3.8,0,0.0318
2026-05-12,2026-05-11 17:17:10,S0354,Mirobod,41.279234,69.278739,26.8,11.6,50.16,235.3,0.2725,86.4,69.6,4.41,1,0.3858
2026-05-13,2026-05-11 17:17:10,S0354,Mirobod,41.279234,69.278739,27.1,11.5,49.89,236.0,0.3895,85.6,76.6,5.13,1,0.3858
2026-05-14,2026-05-11 17:17:10,S0354,Mirobod,41.279234,69.278739,24.4,13.4,50.14,237.7,0.3191,91.1,82.1,4.85,1,0.3858
2026-05-15,2026-05-11 17:17:10,S0354,Mirobod,41.279234,69.278739,30.3,13.4,49.99,237.7,0.2623,85.7,74.0,4.94,1,0.3858
2026-05-16,2026-05-11 17:17:10,S0354,Mirobod,41.279234,69.278739,26.4,14.1,49.94,239.0,0.367,87.5,80.1,4.66,1,0.3858
2026-05-17,2026-05-11 17:17:10,S0354,Mirobod,41.279234,69.278739,28.3,11.0,50.01,238.4,0.3078,89.9,77.2,4.71,1,0.3858
2026-05-18,2026-05-11 17:17:10,S0354,Mirobod,41.279234,69.278739,25.5,14.7,50.13,240.2,0.4448,87.2,81.5,4.92,2,0.7358
2026-05-12,2026-05-11 17:17:10,S0355,Mirobod,41.307339,69.287929,43.9,11.1,50.08,218.8,0.3957,79.4,79.8,3.46,1,0.378
2026-05-13,2026-05-11 17:17:10,S0355,Mirobod,41.307339,69.287929,42.8,11.4,49.95,217.0,0.5361,79.7,73.0,4.33,1,0.378
2026-05-14,2026-05-11 17:17:10,S0355,Mirobod,41.307339,69.287929,46.1,10.2,49.98,226.9,0.5373,78.1,78.0,4.22,2,0.728
2026-05-15,2026-05-11 17:17:10,S0355,Mirobod,41.307339,69.287929,44.4,12.3,50.11,222.7,0.5114,76.9,79.7,4.02,1,0.378
2026-05-16,2026-05-11 17:17:10,S0355,Mirobod,41.307339,69.287929,45.1,9.7,50.04,219.5,0.4348,79.9,80.0,4.68,2,0.728
2026-05-17,2026-05-11 17:17:10,S0355,Mirobod,41.307339,69.287929,45.6,10.4,49.94,217.8,0.4304,77.7,76.2,4.24,2,0.728
2026-05-18,2026-05-11 17:17:10,S0355,Mirobod,41.307339,69.287929,42.5,9.8,50.14,223.0,0.5042,77.6,79.9,4.52,1,0.378
2026-05-12,2026-05-11 17:17:10,S0356,Mirobod,41.272109,69.250806,33.0,12.2,49.89,221.8,0.7769,79.9,64.7,3.49,1,0.3723
2026-05-13,2026-05-11 17:17:10,S0356,Mirobod,41.272109,69.250806,38.8,13.2,50.04,218.5,0.864,76.5,74.8,4.14,1,0.3723
2026-05-14,2026-05-11 17:17:10,S0356,Mirobod,41.272109,69.250806,33.9,10.8,50.07,217.2,0.6884,80.7,76.2,3.44,1,0.3723
2026-05-15,2026-05-11 17:17:10,S0356,Mirobod,41.272109,69.250806,33.2,12.3,49.73,221.5,0.489,78.5,72.8,3.97,1,0.3723
2026-05-16,2026-05-11 17:17:10,S0356,Mirobod,41.272109,69.250806,34.9,10.9,50.02,218.5,0.7236,79.0,67.1,3.72,1,0.3723
2026-05-17,2026-05-11 17:17:10,S0356,Mirobod,41.272109,69.250806,30.9,13.0,49.9,221.0,0.6537,75.8,66.7,4.06,1,0.3723
2026-05-18,2026-05-11 17:17:10,S0356,Mirobod,41.272109,69.250806,31.2,13.9,49.98,224.8,0.8172,75.6,63.0,4.15,1,0.3723
2026-05-12,2026-05-11 17:17:10,S0357,Mirobod,41.285218,69.269947,37.1,7.5,49.72,227.3,0.5286,91.6,53.4,4.18,0,0.0346
2026-05-13,2026-05-11 17:17:10,S0357,Mirobod,41.285218,69.269947,35.3,9.6,49.52,218.8,0.7319,90.7,51.3,4.22,0,0.0346
2026-05-14,2026-05-11 17:17:10,S0357,Mirobod,41.285218,69.269947,38.9,7.3,49.57,224.8,0.7733,91.9,49.9,3.84,0,0.0346
2026-05-15,2026-05-11 17:17:10,S0357,Mirobod,41.285218,69.269947,37.7,8.2,49.55,221.5,0.5884,96.6,42.4,3.67,0,0.0346
2026-05-16,2026-05-11 17:17:10,S0357,Mirobod,41.285218,69.269947,36.6,8.6,49.58,227.9,0.7957,93.3,43.6,3.99,0,0.0346
2026-05-17,2026-05-11 17:17:10,S0357,Mirobod,41.285218,69.269947,37.8,7.2,49.61,225.4,0.8614,93.1,40.7,3.82,0,0.0346
2026-05-18,2026-05-11 17:17:10,S0357,Mirobod,41.285218,69.269947,38.4,8.9,49.51,224.8,0.8341,92.4,38.0,4.11,0,0.0346
2026-05-12,2026-05-11 17:17:10,S0358,Mirobod,41.287287,69.292874,31.8,1.3,50.2,216.8,0.428,90.5,82.5,3.83,0,0.0366
2026-05-13,2026-05-11 17:17:10,S0358,Mirobod,41.287287,69.292874,34.0,3.5,50.12,215.4,0.4328,92.8,91.9,4.75,1,0.3866
2026-05-14,2026-05-11 17:17:10,S0358,Mirobod,41.287287,69.292874,29.7,3.3,50.46,215.4,0.6509,87.8,95.0,4.11,1,0.3866
2026-05-15,2026-05-11 17:17:10,S0358,Mirobod,41.287287,69.292874,36.5,0.0,50.26,216.7,0.6545,89.9,94.9,4.35,1,0.3866
2026-05-16,2026-05-11 17:17:10,S0358,Mirobod,41.287287,69.292874,33.8,0.0,50.31,216.5,0.5693,89.5,92.7,4.58,1,0.3866
2026-05-17,2026-05-11 17:17:10,S0358,Mirobod,41.287287,69.292874,33.1,0.3,50.44,217.7,0.6853,90.6,95.0,4.25,1,0.3866
2026-05-18,2026-05-11 17:17:10,S0358,Mirobod,41.287287,69.292874,34.4,0.0,50.62,216.1,0.5157,87.0,95.0,4.15,1,0.3866
2026-05-12,2026-05-11 17:17:10,S0359,Mirobod,41.300669,69.254853,45.6,6.2,50.46,219.4,0.5043,91.3,56.9,3.42,2,0.7256
2026-05-13,2026-05-11 17:17:10,S0359,Mirobod,41.300669,69.254853,46.1,3.9,50.39,217.1,0.5741,88.7,58.5,3.11,2,0.7256
2026-05-14,2026-05-11 17:17:10,S0359,Mirobod,41.300669,69.254853,48.1,1.9,50.44,217.3,0.6198,92.1,61.7,2.97,2,0.7256
2026-05-15,2026-05-11 17:17:10,S0359,Mirobod,41.300669,69.254853,46.7,1.8,50.63,221.4,0.5871,91.9,52.3,3.2,2,0.7256
2026-05-16,2026-05-11 17:17:10,S0359,Mirobod,41.300669,69.254853,44.9,0.0,50.17,219.0,0.6493,89.1,52.1,2.93,1,0.3756
2026-05-17,2026-05-11 17:17:10,S0359,Mirobod,41.300669,69.254853,39.7,0.5,50.27,223.9,0.5969,90.2,52.4,3.05,0,0.0256
2026-05-18,2026-05-11 17:17:10,S0359,Mirobod,41.300669,69.254853,46.7,0.0,50.4,223.9,0.6663,90.8,46.0,2.68,2,0.7256
2026-05-12,2026-05-11 17:17:10,S0360,Mirobod,41.314173,69.284893,38.4,10.9,50.42,240.7,0.2894,78.1,64.8,2.99,2,0.7262
2026-05-13,2026-05-11 17:17:10,S0360,Mirobod,41.314173,69.284893,37.4,10.8,50.12,238.6,0.2754,75.8,69.1,3.39,1,0.3762
2026-05-14,2026-05-11 17:17:10,S0360,Mirobod,41.314173,69.284893,40.4,9.8,50.3,239.0,0.2888,74.6,61.9,3.09,2,0.7262
2026-05-15,2026-05-11 17:17:10,S0360,Mirobod,41.314173,69.284893,39.3,9.9,50.24,235.6,0.194,76.8,65.6,2.84,1,0.3762
2026-05-16,2026-05-11 17:17:10,S0360,Mirobod,41.314173,69.284893,34.9,10.8,50.34,236.3,0.3514,74.1,66.8,2.68,2,0.7262
2026-05-17,2026-05-11 17:17:10,S0360,Mirobod,41.314173,69.284893,34.3,10.6,50.3,234.0,0.2013,72.6,56.0,3.0,2,0.7262
2026-05-18,2026-05-11 17:17:10,S0360,Mirobod,41.314173,69.284893,34.7,12.2,50.37,233.1,0.1042,75.3,61.2,2.6,1,0.3762
2026-05-12,2026-05-11 17:17:10,S0361,Mirobod,41.305136,69.259672,39.8,5.9,50.14,231.7,0.3893,83.2,94.8,3.72,1,0.3768
2026-05-13,2026-05-11 17:17:10,S0361,Mirobod,41.305136,69.259672,37.4,5.9,50.27,234.6,0.398,83.9,95.0,4.18,1,0.3768
2026-05-14,2026-05-11 17:17:10,S0361,Mirobod,41.305136,69.259672,38.4,7.7,50.11,236.1,0.3934,85.7,95.0,4.61,1,0.3768
2026-05-15,2026-05-11 17:17:10,S0361,Mirobod,41.305136,69.259672,39.1,7.0,50.48,236.1,0.3072,83.9,95.0,3.99,1,0.3768
2026-05-16,2026-05-11 17:17:10,S0361,Mirobod,41.305136,69.259672,40.1,5.5,50.44,232.4,0.4372,80.6,95.0,4.88,1,0.3768
2026-05-17,2026-05-11 17:17:10,S0361,Mirobod,41.305136,69.259672,39.8,7.8,50.47,232.3,0.2606,82.9,95.0,3.91,1,0.3768
2026-05-18,2026-05-11 17:17:10,S0361,Mirobod,41.305136,69.259672,42.1,6.7,50.51,231.3,0.4897,82.7,95.0,4.37,1,0.3768
2026-05-12,2026-05-11 17:17:10,S0362,Mirobod,41.310911,69.279917,22.1,3.6,49.86,220.4,0.081,73.5,91.6,3.48,2,0.7288
2026-05-13,2026-05-11 17:17:10,S0362,Mirobod,41.310911,69.279917,24.7,4.3,49.76,215.6,0.0214,71.7,95.0,2.97,2,0.7288
2026-05-14,2026-05-11 17:17:10,S0362,Mirobod,41.310911,69.279917,24.0,3.4,50.23,223.7,0.0466,72.3,93.9,3.67,2,0.7288
2026-05-15,2026-05-11 17:17:10,S0362,Mirobod,41.310911,69.279917,25.2,4.2,49.93,217.9,0.01,72.9,95.0,3.19,2,0.7288
2026-05-16,2026-05-11 17:17:10,S0362,Mirobod,41.310911,69.279917,23.5,5.6,50.06,223.1,0.01,74.4,94.0,3.46,2,0.7288
2026-05-17,2026-05-11 17:17:10,S0362,Mirobod,41.310911,69.279917,19.9,5.8,49.97,220.0,0.01,73.0,94.6,3.56,2,0.7288
2026-05-18,2026-05-11 17:17:10,S0362,Mirobod,41.310911,69.279917,23.5,6.4,50.1,225.9,0.01,73.7,95.0,3.14,2,0.7288
2026-05-12,2026-05-11 17:17:10,S0363,Mirobod,41.27339,69.283973,27.7,2.8,50.33,205.4,0.801,97.4,50.5,3.47,1,0.3806
2026-05-13,2026-05-11 17:17:10,S0363,Mirobod,41.27339,69.283973,24.8,0.0,50.35,212.6,0.8848,93.8,41.2,3.0,0,0.0306
2026-05-14,2026-05-11 17:17:10,S0363,Mirobod,41.27339,69.283973,31.2,1.9,50.37,211.5,0.8879,93.2,43.6,3.46,0,0.0306
2026-05-15,2026-05-11 17:17:10,S0363,Mirobod,41.27339,69.283973,29.4,3.9,50.36,208.4,0.7923,90.5,44.2,3.21,1,0.3806
2026-05-16,2026-05-11 17:17:10,S0363,Mirobod,41.27339,69.283973,29.0,3.8,50.44,210.6,0.8382,95.3,40.0,2.96,0,0.0306
2026-05-17,2026-05-11 17:17:10,S0363,Mirobod,41.27339,69.283973,27.7,3.1,50.43,213.3,1.0113,92.8,50.1,3.1,1,0.3806
2026-05-18,2026-05-11 17:17:10,S0363,Mirobod,41.27339,69.283973,26.5,5.6,50.43,211.4,0.8389,90.3,58.7,3.34,0,0.0306
2026-05-12,2026-05-11 17:17:10,S0364,Mirobod,41.313325,69.279845,34.5,13.4,50.61,218.8,0.6524,87.1,76.1,3.43,1,0.3777
2026-05-13,2026-05-11 17:17:10,S0364,Mirobod,41.313325,69.279845,38.7,12.3,50.52,221.6,0.6045,83.8,83.5,3.61,1,0.3777
2026-05-14,2026-05-11 17:17:10,S0364,Mirobod,41.313325,69.279845,38.6,13.0,50.6,225.4,0.4663,80.2,75.8,4.02,1,0.3777
2026-05-15,2026-05-11 17:17:10,S0364,Mirobod,41.313325,69.279845,42.2,14.3,50.5,221.9,0.61,82.5,82.4,3.9,1,0.3777
2026-05-16,2026-05-11 17:17:10,S0364,Mirobod,41.313325,69.279845,35.9,16.6,50.51,219.7,0.4885,80.3,68.9,4.26,1,0.3777
2026-05-17,2026-05-11 17:17:10,S0364,Mirobod,41.313325,69.279845,34.6,16.1,50.4,224.4,0.5777,83.6,76.7,3.95,1,0.3777
2026-05-18,2026-05-11 17:17:10,S0364,Mirobod,41.313325,69.279845,32.3,15.2,50.55,224.7,0.4786,82.9,75.7,4.18,1,0.3777
2026-05-12,2026-05-11 17:17:10,S0365,Mirobod,41.293649,69.291572,32.1,16.8,49.62,218.8,0.1837,83.9,90.5,4.01,1,0.3774
2026-05-13,2026-05-11 17:17:10,S0365,Mirobod,41.293649,69.291572,28.1,16.3,49.34,218.4,0.0707,84.6,95.0,3.7,1,0.3774
2026-05-14,2026-05-11 17:17:10,S0365,Mirobod,41.293649,69.291572,31.0,15.0,49.39,215.4,0.2429,81.1,95.0,3.42,1,0.3774
2026-05-15,2026-05-11 17:17:10,S0365,Mirobod,41.293649,69.291572,27.5,16.5,49.63,219.6,0.1053,83.7,95.0,3.75,1,0.3774
2026-05-16,2026-05-11 17:17:10,S0365,Mirobod,41.293649,69.291572,27.4,14.7,49.45,222.1,0.1004,82.1,95.0,3.68,1,0.3774
2026-05-17,2026-05-11 17:17:10,S0365,Mirobod,41.293649,69.291572,29.9,13.6,49.13,225.1,0.186,82.7,95.0,3.74,1,0.3774
2026-05-18,2026-05-11 17:17:10,S0365,Mirobod,41.293649,69.291572,26.1,15.9,49.48,225.8,0.1826,84.8,95.0,3.97,1,0.3774
2026-05-12,2026-05-11 17:17:10,S0366,Mirobod,41.291907,69.277677,35.0,5.2,49.78,232.0,0.3438,89.3,72.2,3.74,1,0.3913
2026-05-13,2026-05-11 17:17:10,S0366,Mirobod,41.291907,69.277677,39.0,5.1,49.84,226.0,0.4871,85.8,78.3,4.22,0,0.0413
2026-05-14,2026-05-11 17:17:10,S0366,Mirobod,41.291907,69.277677,34.0,3.7,49.53,226.0,0.4719,85.6,77.2,3.8,0,0.0413
2026-05-15,2026-05-11 17:17:10,S0366,Mirobod,41.291907,69.277677,38.5,4.0,49.67,228.7,0.3914,86.4,80.9,4.17,0,0.0413
2026-05-16,2026-05-11 17:17:10,S0366,Mirobod,41.291907,69.277677,39.8,5.5,49.57,225.7,0.5937,88.4,75.9,4.29,0,0.0413
2026-05-17,2026-05-11 17:17:10,S0366,Mirobod,41.291907,69.277677,42.2,3.8,49.53,224.7,0.4815,89.0,68.4,3.8,1,0.3913
2026-05-18,2026-05-11 17:17:10,S0366,Mirobod,41.291907,69.277677,41.4,5.0,49.36,224.7,0.4802,88.0,75.6,4.11,1,0.3913
2026-05-12,2026-05-11 17:17:10,S0367,Mirobod,41.313034,69.256823,34.2,7.9,50.07,230.7,0.7116,82.4,74.3,4.4,1,0.3818
2026-05-13,2026-05-11 17:17:10,S0367,Mirobod,41.313034,69.256823,36.6,7.7,50.03,232.6,0.6036,82.3,73.3,4.55,1,0.3818
2026-05-14,2026-05-11 17:17:10,S0367,Mirobod,41.313034,69.256823,34.4,8.3,49.98,231.0,0.5513,80.2,67.9,4.58,1,0.3818
2026-05-15,2026-05-11 17:17:10,S0367,Mirobod,41.313034,69.256823,34.0,7.9,49.95,232.8,0.5675,79.8,65.8,4.61,1,0.3818
2026-05-16,2026-05-11 17:17:10,S0367,Mirobod,41.313034,69.256823,37.8,7.1,49.98,229.3,0.476,76.9,68.1,4.4,1,0.3818
2026-05-17,2026-05-11 17:17:10,S0367,Mirobod,41.313034,69.256823,31.3,8.3,49.88,229.5,0.7244,83.4,69.7,4.72,1,0.3818
2026-05-18,2026-05-11 17:17:10,S0367,Mirobod,41.313034,69.256823,33.9,9.7,49.88,229.8,0.6239,79.3,73.2,5.21,1,0.3818
2026-05-12,2026-05-11 17:17:10,S0368,Mirobod,41.310672,69.260297,33.0,11.7,49.33,229.8,0.3434,79.2,65.4,5.94,2,0.7223
2026-05-13,2026-05-11 17:17:10,S0368,Mirobod,41.310672,69.260297,33.3,10.7,49.27,229.0,0.4255,81.8,69.5,6.26,2,0.7223
2026-05-14,2026-05-11 17:17:10,S0368,Mirobod,41.310672,69.260297,32.8,9.1,49.21,230.8,0.3034,78.9,69.2,6.59,2,0.7223
2026-05-15,2026-05-11 17:17:10,S0368,Mirobod,41.310672,69.260297,33.3,9.0,49.18,232.8,0.261,78.9,67.6,6.18,2,0.7223
2026-05-16,2026-05-11 17:17:10,S0368,Mirobod,41.310672,69.260297,36.5,10.2,49.26,229.1,0.2116,76.1,74.3,6.45,2,0.7223
2026-05-17,2026-05-11 17:17:10,S0368,Mirobod,41.310672,69.260297,32.9,10.3,49.03,230.2,0.2275,80.1,61.1,6.71,2,0.7223
2026-05-18,2026-05-11 17:17:10,S0368,Mirobod,41.310672,69.260297,32.5,9.6,49.07,228.9,0.1258,81.6,58.6,6.88,2,0.7223
2026-05-12,2026-05-11 17:17:10,S0369,Mirobod,41.298891,69.281974,38.8,12.1,49.96,224.6,0.5724,92.5,48.7,3.43,0,0.035
2026-05-13,2026-05-11 17:17:10,S0369,Mirobod,41.298891,69.281974,38.0,13.1,49.95,224.4,0.5072,90.8,61.2,3.49,0,0.035
2026-05-14,2026-05-11 17:17:10,S0369,Mirobod,41.298891,69.281974,41.7,14.2,49.85,224.3,0.6886,95.4,58.8,3.94,1,0.385
2026-05-15,2026-05-11 17:17:10,S0369,Mirobod,41.298891,69.281974,40.7,11.9,49.88,220.0,0.5357,89.6,66.9,3.95,1,0.385
2026-05-16,2026-05-11 17:17:10,S0369,Mirobod,41.298891,69.281974,42.0,13.8,49.89,225.8,0.4928,94.3,73.5,3.86,1,0.385
2026-05-17,2026-05-11 17:17:10,S0369,Mirobod,41.298891,69.281974,40.4,11.4,49.98,226.6,0.7932,94.4,73.0,4.09,1,0.385
2026-05-18,2026-05-11 17:17:10,S0369,Mirobod,41.298891,69.281974,40.6,10.7,49.89,229.4,0.6674,93.2,70.4,4.05,1,0.385
2026-05-12,2026-05-11 17:17:10,S0370,Mirobod,41.297806,69.27791,39.7,5.2,50.21,213.8,0.3883,80.2,81.8,4.38,1,0.3704
2026-05-13,2026-05-11 17:17:10,S0370,Mirobod,41.297806,69.27791,43.7,4.7,50.22,215.2,0.2229,81.8,78.5,4.28,1,0.3704
2026-05-14,2026-05-11 17:17:10,S0370,Mirobod,41.297806,69.27791,40.7,7.4,50.08,214.5,0.3732,82.7,72.3,4.24,1,0.3704
2026-05-15,2026-05-11 17:17:10,S0370,Mirobod,41.297806,69.27791,43.0,5.9,50.32,212.4,0.2551,83.9,83.6,4.6,1,0.3704
2026-05-16,2026-05-11 17:17:10,S0370,Mirobod,41.297806,69.27791,40.1,4.7,50.4,215.7,0.4108,86.1,85.3,4.66,1,0.3704
2026-05-17,2026-05-11 17:17:10,S0370,Mirobod,41.297806,69.27791,45.6,5.7,50.26,214.4,0.3178,84.5,85.2,4.26,2,0.7204
2026-05-18,2026-05-11 17:17:10,S0370,Mirobod,41.297806,69.27791,45.4,7.7,50.11,218.7,0.3582,87.4,73.4,4.21,2,0.7204
2026-05-12,2026-05-11 17:17:10,S0371,Mirobod,41.287564,69.267204,33.1,7.4,49.93,225.6,0.5134,86.4,54.5,3.95,0,0.0192
2026-05-13,2026-05-11 17:17:10,S0371,Mirobod,41.287564,69.267204,36.6,7.6,50.01,228.6,0.5789,89.1,56.0,3.78,0,0.0192
2026-05-14,2026-05-11 17:17:10,S0371,Mirobod,41.287564,69.267204,37.0,5.7,50.02,228.2,0.4399,89.5,57.3,4.08,0,0.0192
2026-05-15,2026-05-11 17:17:10,S0371,Mirobod,41.287564,69.267204,37.8,6.7,49.92,228.2,0.5416,90.7,63.8,4.74,0,0.0192
2026-05-16,2026-05-11 17:17:10,S0371,Mirobod,41.287564,69.267204,42.8,6.3,50.12,228.5,0.4336,91.1,53.1,3.94,1,0.3692
2026-05-17,2026-05-11 17:17:10,S0371,Mirobod,41.287564,69.267204,38.0,6.8,49.98,235.6,0.334,88.5,51.0,4.15,1,0.3692
2026-05-18,2026-05-11 17:17:10,S0371,Mirobod,41.287564,69.267204,33.9,6.8,50.01,226.5,0.5273,89.2,50.2,4.48,0,0.0192
2026-05-12,2026-05-11 17:17:10,S0372,Mirobod,41.307029,69.291731,27.0,7.1,49.87,223.7,0.2998,84.2,82.9,4.57,1,0.3773
2026-05-13,2026-05-11 17:17:10,S0372,Mirobod,41.307029,69.291731,26.9,8.5,50.13,219.3,0.3371,83.3,79.1,4.4,1,0.3773
2026-05-14,2026-05-11 17:17:10,S0372,Mirobod,41.307029,69.291731,27.7,9.3,49.68,222.6,0.4368,83.8,84.2,4.46,1,0.3773
2026-05-15,2026-05-11 17:17:10,S0372,Mirobod,41.307029,69.291731,25.8,8.1,49.89,222.6,0.4743,80.6,88.6,4.81,1,0.3773
2026-05-16,2026-05-11 17:17:10,S0372,Mirobod,41.307029,69.291731,26.2,7.3,49.68,216.2,0.5001,85.0,83.9,4.53,0,0.0273
2026-05-17,2026-05-11 17:17:10,S0372,Mirobod,41.307029,69.291731,23.5,8.7,49.84,217.3,0.5575,85.5,83.4,4.66,0,0.0273
2026-05-18,2026-05-11 17:17:10,S0372,Mirobod,41.307029,69.291731,26.3,10.6,49.88,218.1,0.5431,83.7,95.0,4.85,1,0.3773
2026-05-12,2026-05-11 17:17:10,S0373,Mirobod,41.270439,69.269337,31.2,9.7,49.79,225.2,0.4374,81.2,89.2,2.1,1,0.3889
2026-05-13,2026-05-11 17:17:10,S0373,Mirobod,41.270439,69.269337,28.5,11.3,49.93,224.1,0.4372,76.7,95.0,2.43,1,0.3889
2026-05-14,2026-05-11 17:17:10,S0373,Mirobod,41.270439,69.269337,31.0,8.2,49.86,221.4,0.3862,80.3,87.8,2.2,1,0.3889
2026-05-15,2026-05-11 17:17:10,S0373,Mirobod,41.270439,69.269337,29.7,9.5,49.77,226.3,0.4329,82.3,95.0,1.81,1,0.3889
2026-05-16,2026-05-11 17:17:10,S0373,Mirobod,41.270439,69.269337,32.0,8.4,49.83,223.4,0.378,78.4,95.0,1.9,1,0.3889
2026-05-17,2026-05-11 17:17:10,S0373,Mirobod,41.270439,69.269337,30.5,9.1,49.8,221.4,0.4262,80.4,95.0,1.81,1,0.3889
2026-05-18,2026-05-11 17:17:10,S0373,Mirobod,41.270439,69.269337,31.2,10.7,49.83,226.1,0.3989,82.8,95.0,1.08,1,0.3889
2026-05-12,2026-05-11 17:17:10,S0374,Mirobod,41.282561,69.275765,39.1,6.9,50.29,214.6,0.6226,90.4,62.4,3.84,0,0.0299
2026-05-13,2026-05-11 17:17:10,S0374,Mirobod,41.282561,69.275765,38.6,8.0,50.16,205.0,0.7609,90.0,64.9,3.62,1,0.3799
2026-05-14,2026-05-11 17:17:10,S0374,Mirobod,41.282561,69.275765,38.5,4.9,50.2,208.6,0.6886,89.6,66.0,3.47,1,0.3799
2026-05-15,2026-05-11 17:17:10,S0374,Mirobod,41.282561,69.275765,35.0,8.0,50.24,214.1,0.6396,93.3,56.7,3.9,0,0.0299
2026-05-16,2026-05-11 17:17:10,S0374,Mirobod,41.282561,69.275765,41.0,6.7,50.27,210.8,0.5437,88.0,64.6,3.58,1,0.3799
2026-05-17,2026-05-11 17:17:10,S0374,Mirobod,41.282561,69.275765,39.0,6.8,50.02,203.1,0.5434,94.3,67.7,3.78,1,0.3799
2026-05-18,2026-05-11 17:17:10,S0374,Mirobod,41.282561,69.275765,40.2,5.9,50.06,209.9,0.4944,92.1,66.2,3.26,1,0.3799
2026-05-12,2026-05-11 17:17:10,S0375,Mirobod,41.2794,69.242433,39.7,11.8,50.65,220.3,0.7192,85.9,70.0,3.9,1,0.3906
2026-05-13,2026-05-11 17:17:10,S0375,Mirobod,41.2794,69.242433,41.3,11.8,50.4,225.6,0.6987,82.2,77.9,4.16,1,0.3906
2026-05-14,2026-05-11 17:17:10,S0375,Mirobod,41.2794,69.242433,40.7,12.1,50.74,225.0,0.589,86.0,84.5,4.34,1,0.3906
2026-05-15,2026-05-11 17:17:10,S0375,Mirobod,41.2794,69.242433,36.8,13.2,50.49,219.7,0.569,86.5,80.3,4.21,0,0.0406
2026-05-16,2026-05-11 17:17:10,S0375,Mirobod,41.2794,69.242433,41.0,14.3,50.67,220.1,0.7015,82.8,81.7,4.34,1,0.3906
2026-05-17,2026-05-11 17:17:10,S0375,Mirobod,41.2794,69.242433,41.3,14.3,50.82,226.1,0.7069,88.1,82.8,4.28,1,0.3906
2026-05-18,2026-05-11 17:17:10,S0375,Mirobod,41.2794,69.242433,37.0,16.8,50.62,229.4,0.6669,86.2,93.1,4.31,1,0.3906
2026-05-12,2026-05-11 17:17:10,S0376,Mirobod,41.275834,69.28819,20.6,8.8,50.04,234.8,0.9785,98.3,69.5,3.46,1,0.3874
2026-05-13,2026-05-11 17:17:10,S0376,Mirobod,41.275834,69.28819,20.7,8.7,49.99,236.9,0.8923,98.6,70.7,3.66,1,0.3874
2026-05-14,2026-05-11 17:17:10,S0376,Mirobod,41.275834,69.28819,23.3,7.7,50.11,234.7,0.8797,96.7,64.5,3.76,1,0.3874
2026-05-15,2026-05-11 17:17:10,S0376,Mirobod,41.275834,69.28819,21.9,6.8,50.17,244.5,0.9736,99.0,74.2,3.27,2,0.7374
2026-05-16,2026-05-11 17:17:10,S0376,Mirobod,41.275834,69.28819,18.1,7.2,50.16,239.8,0.8146,97.3,71.9,3.91,1,0.3874
2026-05-17,2026-05-11 17:17:10,S0376,Mirobod,41.275834,69.28819,17.4,9.2,50.05,237.0,0.9399,97.4,75.8,3.97,1,0.3874
2026-05-18,2026-05-11 17:17:10,S0376,Mirobod,41.275834,69.28819,17.3,8.7,49.92,236.0,0.8839,98.8,74.4,3.81,1,0.3874
2026-05-12,2026-05-11 17:17:10,S0377,Mirobod,41.283546,69.263757,36.2,7.6,49.6,216.0,0.6818,82.3,63.6,2.25,1,0.3682
2026-05-13,2026-05-11 17:17:10,S0377,Mirobod,41.283546,69.263757,43.9,8.2,49.67,216.3,0.8261,81.6,67.8,2.51,1,0.3682
2026-05-14,2026-05-11 17:17:10,S0377,Mirobod,41.283546,69.263757,43.0,8.1,49.53,212.0,0.787,84.0,67.1,1.58,1,0.3682
2026-05-15,2026-05-11 17:17:10,S0377,Mirobod,41.283546,69.263757,44.0,7.5,49.65,215.6,0.709,82.5,68.4,2.07,1,0.3682
2026-05-16,2026-05-11 17:17:10,S0377,Mirobod,41.283546,69.263757,46.9,8.1,49.51,213.5,0.8687,82.5,67.3,1.96,2,0.7182
2026-05-17,2026-05-11 17:17:10,S0377,Mirobod,41.283546,69.263757,50.5,5.1,49.64,217.0,0.8493,81.8,68.9,1.5,2,0.7182
2026-05-18,2026-05-11 17:17:10,S0377,Mirobod,41.283546,69.263757,47.9,4.5,49.57,219.4,0.8795,85.4,66.7,1.54,2,0.7182
2026-05-12,2026-05-11 17:17:10,S0378,Mirobod,41.271386,69.280041,34.2,4.5,50.05,220.7,0.5771,94.0,59.9,2.86,0,0.0173
2026-05-13,2026-05-11 17:17:10,S0378,Mirobod,41.271386,69.280041,32.2,3.7,50.15,219.1,0.5779,94.8,57.0,3.31,0,0.0173
2026-05-14,2026-05-11 17:17:10,S0378,Mirobod,41.271386,69.280041,31.6,3.4,50.19,221.2,0.3846,90.6,53.7,3.43,0,0.0173
2026-05-15,2026-05-11 17:17:10,S0378,Mirobod,41.271386,69.280041,30.6,3.6,50.23,220.2,0.5923,90.7,59.6,3.08,0,0.0173
2026-05-16,2026-05-11 17:17:10,S0378,Mirobod,41.271386,69.280041,33.3,4.6,50.0,221.7,0.5292,91.4,59.0,3.35,0,0.0173
2026-05-17,2026-05-11 17:17:10,S0378,Mirobod,41.271386,69.280041,28.8,2.7,49.89,221.1,0.4776,91.6,50.9,3.28,0,0.0173
2026-05-18,2026-05-11 17:17:10,S0378,Mirobod,41.271386,69.280041,27.6,4.9,50.08,218.6,0.5661,89.6,55.8,3.55,0,0.0173
2026-05-12,2026-05-11 17:17:10,S0379,Mirobod,41.28978,69.289736,37.0,14.7,50.21,216.7,0.4468,78.4,61.2,3.1,1,0.374
2026-05-13,2026-05-11 17:17:10,S0379,Mirobod,41.28978,69.289736,34.8,11.3,50.22,218.3,0.5989,77.2,67.1,2.99,1,0.374
2026-05-14,2026-05-11 17:17:10,S0379,Mirobod,41.28978,69.289736,37.2,14.4,50.43,214.1,0.3754,78.6,59.2,2.85,1,0.374
2026-05-15,2026-05-11 17:17:10,S0379,Mirobod,41.28978,69.289736,38.8,12.7,50.34,217.6,0.4653,79.2,66.7,3.44,1,0.374
2026-05-16,2026-05-11 17:17:10,S0379,Mirobod,41.28978,69.289736,37.3,11.4,50.42,213.0,0.5977,78.2,72.0,3.09,1,0.374
2026-05-17,2026-05-11 17:17:10,S0379,Mirobod,41.28978,69.289736,40.4,12.5,50.59,212.2,0.4605,76.7,61.8,3.08,1,0.374
2026-05-18,2026-05-11 17:17:10,S0379,Mirobod,41.28978,69.289736,34.9,13.1,50.55,219.8,0.5384,80.3,71.0,3.28,1,0.374
2026-05-12,2026-05-11 17:17:10,S0380,Mirobod,41.282437,69.244892,38.7,11.4,49.8,204.2,0.4413,84.9,95.0,3.81,1,0.3782
2026-05-13,2026-05-11 17:17:10,S0380,Mirobod,41.282437,69.244892,35.5,12.6,49.87,206.6,0.3761,85.4,95.0,3.82,1,0.3782
2026-05-14,2026-05-11 17:17:10,S0380,Mirobod,41.282437,69.244892,43.5,11.6,50.15,207.7,0.5085,82.0,95.0,3.77,1,0.3782
2026-05-15,2026-05-11 17:17:10,S0380,Mirobod,41.282437,69.244892,40.4,11.7,50.04,208.4,0.2978,84.6,95.0,3.92,1,0.3782
2026-05-16,2026-05-11 17:17:10,S0380,Mirobod,41.282437,69.244892,40.0,12.1,50.28,208.3,0.4762,78.3,90.7,3.54,1,0.3782
2026-05-17,2026-05-11 17:17:10,S0380,Mirobod,41.282437,69.244892,40.4,10.5,50.32,204.3,0.4363,80.0,95.0,4.05,1,0.3782
2026-05-18,2026-05-11 17:17:10,S0380,Mirobod,41.282437,69.244892,41.1,11.7,50.11,203.5,0.5547,84.4,95.0,3.7,1,0.3782
2026-05-12,2026-05-11 17:17:10,S0381,Mirobod,41.301084,69.269494,34.9,4.4,50.42,221.7,0.2121,98.5,78.3,1.38,0,0.0352
2026-05-13,2026-05-11 17:17:10,S0381,Mirobod,41.301084,69.269494,34.7,2.8,50.35,221.0,0.2236,97.5,76.1,2.08,0,0.0352
2026-05-14,2026-05-11 17:17:10,S0381,Mirobod,41.301084,69.269494,30.7,1.5,50.33,220.8,0.0612,99.9,78.8,1.36,0,0.0352
2026-05-15,2026-05-11 17:17:10,S0381,Mirobod,41.301084,69.269494,35.6,2.8,50.33,219.7,0.0667,99.6,79.9,1.18,0,0.0352
2026-05-16,2026-05-11 17:17:10,S0381,Mirobod,41.301084,69.269494,34.4,0.0,50.26,214.5,0.01,99.8,90.2,1.0,1,0.3852
2026-05-17,2026-05-11 17:17:10,S0381,Mirobod,41.301084,69.269494,29.6,0.1,50.3,217.7,0.01,100.0,84.4,0.81,0,0.0352
2026-05-18,2026-05-11 17:17:10,S0381,Mirobod,41.301084,69.269494,30.0,0.3,50.38,215.6,0.01,100.0,84.5,0.65,0,0.0352
2026-05-12,2026-05-11 17:17:10,S0382,Mirobod,41.277742,69.246465,48.4,11.6,49.8,215.7,0.9275,81.2,44.2,3.69,2,0.7221
2026-05-13,2026-05-11 17:17:10,S0382,Mirobod,41.277742,69.246465,48.9,12.4,49.82,221.7,1.0379,84.0,52.1,3.86,2,0.7221
2026-05-14,2026-05-11 17:17:10,S0382,Mirobod,41.277742,69.246465,50.6,13.5,49.63,217.2,0.9174,86.0,56.0,3.32,2,0.7221
2026-05-15,2026-05-11 17:17:10,S0382,Mirobod,41.277742,69.246465,52.7,10.9,49.81,211.4,0.9709,84.6,57.3,2.79,2,0.7221
2026-05-16,2026-05-11 17:17:10,S0382,Mirobod,41.277742,69.246465,51.3,10.8,49.58,212.7,0.9156,87.0,57.2,3.17,2,0.7221
2026-05-17,2026-05-11 17:17:10,S0382,Mirobod,41.277742,69.246465,52.0,10.3,49.72,217.1,0.9307,85.7,48.5,2.8,2,0.7221
2026-05-18,2026-05-11 17:17:10,S0382,Mirobod,41.277742,69.246465,53.1,12.5,49.65,215.6,0.8199,85.9,54.9,3.32,2,0.7221
2026-05-12,2026-05-11 17:17:10,S0383,Mirobod,41.309521,69.265885,31.5,9.1,49.97,227.6,0.646,85.4,72.3,4.63,0,0.0346
2026-05-13,2026-05-11 17:17:10,S0383,Mirobod,41.309521,69.265885,29.3,8.0,50.04,230.2,0.5949,87.9,68.3,4.84,1,0.3846
2026-05-14,2026-05-11 17:17:10,S0383,Mirobod,41.309521,69.265885,32.2,9.9,49.86,229.2,0.6546,85.8,75.4,5.16,1,0.3846
2026-05-15,2026-05-11 17:17:10,S0383,Mirobod,41.309521,69.265885,32.0,8.3,49.97,234.1,0.6274,85.5,71.8,5.02,1,0.3846
2026-05-16,2026-05-11 17:17:10,S0383,Mirobod,41.309521,69.265885,30.3,8.5,49.77,228.0,0.5472,86.8,64.8,5.06,1,0.3846
2026-05-17,2026-05-11 17:17:10,S0383,Mirobod,41.309521,69.265885,33.3,7.6,50.08,229.6,0.504,85.9,65.2,5.38,1,0.3846
2026-05-18,2026-05-11 17:17:10,S0383,Mirobod,41.309521,69.265885,32.5,6.2,50.06,237.9,0.4671,86.0,64.9,5.02,1,0.3846
2026-05-12,2026-05-11 17:17:10,S0384,Mirobod,41.27343,69.24006,26.9,5.9,50.28,217.3,0.6549,90.4,86.0,2.78,0,0.02
2026-05-13,2026-05-11 17:17:10,S0384,Mirobod,41.27343,69.24006,27.0,8.1,50.16,218.7,0.7257,88.4,81.1,3.33,0,0.02
2026-05-14,2026-05-11 17:17:10,S0384,Mirobod,41.27343,69.24006,27.2,6.1,50.37,218.0,0.7453,87.4,77.4,2.54,0,0.02
2026-05-15,2026-05-11 17:17:10,S0384,Mirobod,41.27343,69.24006,25.4,7.5,50.32,223.2,0.5896,89.9,80.5,3.12,0,0.02
2026-05-16,2026-05-11 17:17:10,S0384,Mirobod,41.27343,69.24006,28.7,7.8,50.5,216.8,0.8379,90.3,82.8,3.1,0,0.02
2026-05-17,2026-05-11 17:17:10,S0384,Mirobod,41.27343,69.24006,27.3,7.6,50.37,219.6,0.726,90.8,81.7,3.18,0,0.02
2026-05-18,2026-05-11 17:17:10,S0384,Mirobod,41.27343,69.24006,25.2,8.3,50.44,219.2,0.7835,89.9,84.7,3.24,0,0.02
2026-05-12,2026-05-11 17:17:10,S0385,Mirobod,41.314107,69.275543,37.5,9.4,49.32,214.8,0.4076,88.9,63.8,2.54,1,0.3829
2026-05-13,2026-05-11 17:17:10,S0385,Mirobod,41.314107,69.275543,36.5,11.3,49.37,209.7,0.4213,93.4,59.6,2.69,1,0.3829
2026-05-14,2026-05-11 17:17:10,S0385,Mirobod,41.314107,69.275543,34.3,10.9,49.16,210.6,0.3772,90.4,75.0,2.42,1,0.3829
2026-05-15,2026-05-11 17:17:10,S0385,Mirobod,41.314107,69.275543,36.2,12.4,48.97,211.9,0.3345,91.5,61.7,3.05,2,0.7329
2026-05-16,2026-05-11 17:17:10,S0385,Mirobod,41.314107,69.275543,34.9,9.5,48.93,212.6,0.3361,92.1,62.6,3.08,2,0.7329
2026-05-17,2026-05-11 17:17:10,S0385,Mirobod,41.314107,69.275543,33.4,10.4,49.02,212.9,0.3596,89.6,58.6,3.08,1,0.3829
2026-05-18,2026-05-11 17:17:10,S0385,Mirobod,41.314107,69.275543,35.7,12.9,48.81,207.7,0.2802,91.9,54.1,3.13,2,0.7329
2026-05-12,2026-05-11 17:17:10,S0386,Mirobod,41.280372,69.285377,42.3,7.7,50.48,229.7,0.82,78.1,84.4,4.71,1,0.3667
2026-05-13,2026-05-11 17:17:10,S0386,Mirobod,41.280372,69.285377,40.7,7.3,50.42,236.2,0.7584,80.3,78.2,5.05,1,0.3667
2026-05-14,2026-05-11 17:17:10,S0386,Mirobod,41.280372,69.285377,39.4,7.5,50.33,233.3,0.8658,77.9,88.2,5.0,1,0.3667
2026-05-15,2026-05-11 17:17:10,S0386,Mirobod,41.280372,69.285377,41.0,5.8,50.5,233.1,0.882,75.7,82.2,5.18,1,0.3667
2026-05-16,2026-05-11 17:17:10,S0386,Mirobod,41.280372,69.285377,40.5,6.4,50.56,236.9,0.847,75.5,79.0,5.58,2,0.7167
2026-05-17,2026-05-11 17:17:10,S0386,Mirobod,41.280372,69.285377,36.6,7.0,50.73,239.0,0.95,75.1,86.0,5.28,1,0.3667
2026-05-18,2026-05-11 17:17:10,S0386,Mirobod,41.280372,69.285377,39.1,7.4,50.75,238.8,0.9293,74.2,81.1,5.62,2,0.7167
2026-05-12,2026-05-11 17:17:10,S0387,Mirobod,41.312427,69.275925,36.9,7.0,50.06,231.2,0.7771,95.7,50.2,4.85,1,0.376
2026-05-13,2026-05-11 17:17:10,S0387,Mirobod,41.312427,69.275925,35.1,7.1,50.18,228.2,0.7779,92.8,37.1,4.74,0,0.026
2026-05-14,2026-05-11 17:17:10,S0387,Mirobod,41.312427,69.275925,35.8,6.7,50.37,232.4,0.7569,93.4,35.1,4.82,1,0.376
2026-05-15,2026-05-11 17:17:10,S0387,Mirobod,41.312427,69.275925,34.9,7.3,50.19,227.4,0.881,96.3,29.3,4.52,1,0.376
2026-05-16,2026-05-11 17:17:10,S0387,Mirobod,41.312427,69.275925,35.1,7.9,50.27,225.6,0.771,92.3,28.5,4.37,1,0.376
2026-05-17,2026-05-11 17:17:10,S0387,Mirobod,41.312427,69.275925,32.1,5.6,50.31,228.9,0.8983,88.8,31.8,4.4,0,0.026
2026-05-18,2026-05-11 17:17:10,S0387,Mirobod,41.312427,69.275925,35.0,5.5,50.46,223.5,0.9393,91.4,25.0,4.71,1,0.376
2026-05-12,2026-05-11 17:17:10,S0388,Mirobod,41.274661,69.285663,34.0,8.5,50.07,222.8,0.6689,81.6,62.8,3.66,1,0.3742
2026-05-13,2026-05-11 17:17:10,S0388,Mirobod,41.274661,69.285663,34.7,6.0,50.18,217.1,0.5625,84.6,65.1,3.39,1,0.3742
2026-05-14,2026-05-11 17:17:10,S0388,Mirobod,41.274661,69.285663,36.5,8.7,50.16,219.4,0.6097,82.1,68.1,3.73,1,0.3742
2026-05-15,2026-05-11 17:17:10,S0388,Mirobod,41.274661,69.285663,35.2,8.7,50.0,217.6,0.6413,79.8,59.0,3.92,1,0.3742
2026-05-16,2026-05-11 17:17:10,S0388,Mirobod,41.274661,69.285663,35.4,7.3,50.02,223.2,0.7275,83.8,62.8,3.32,1,0.3742
2026-05-17,2026-05-11 17:17:10,S0388,Mirobod,41.274661,69.285663,35.5,7.8,49.92,215.3,0.7092,79.4,64.5,3.52,1,0.3742
2026-05-18,2026-05-11 17:17:10,S0388,Mirobod,41.274661,69.285663,37.0,7.9,49.89,215.4,0.7951,77.0,66.2,3.6,1,0.3742
2026-05-12,2026-05-11 17:17:10,S0389,Mirobod,41.314607,69.263591,24.9,2.2,50.51,217.0,0.01,88.2,61.7,4.69,1,0.3896
2026-05-13,2026-05-11 17:17:10,S0389,Mirobod,41.314607,69.263591,27.8,1.8,50.46,213.1,0.064,85.5,56.8,4.63,0,0.0396
2026-05-14,2026-05-11 17:17:10,S0389,Mirobod,41.314607,69.263591,28.2,0.4,50.54,210.6,0.0653,83.4,63.4,4.28,1,0.3896
2026-05-15,2026-05-11 17:17:10,S0389,Mirobod,41.314607,69.263591,26.6,0.0,50.27,213.7,0.01,90.3,61.6,4.98,0,0.0396
2026-05-16,2026-05-11 17:17:10,S0389,Mirobod,41.314607,69.263591,29.9,2.2,50.29,211.4,0.01,85.3,59.5,4.29,0,0.0396
2026-05-17,2026-05-11 17:17:10,S0389,Mirobod,41.314607,69.263591,25.6,0.0,50.23,209.7,0.01,83.9,68.0,4.9,1,0.3896
2026-05-18,2026-05-11 17:17:10,S0389,Mirobod,41.314607,69.263591,27.9,0.1,50.32,210.9,0.01,84.5,69.1,4.98,1,0.3896
2026-05-12,2026-05-11 17:17:10,S0390,Mirobod,41.303787,69.271245,31.1,8.4,49.63,222.2,0.1241,98.4,74.2,4.23,0,0.0333
2026-05-13,2026-05-11 17:17:10,S0390,Mirobod,41.303787,69.271245,32.4,9.0,49.81,218.2,0.1816,91.8,72.5,3.76,0,0.0333
2026-05-14,2026-05-11 17:17:10,S0390,Mirobod,41.303787,69.271245,34.7,8.6,49.9,215.6,0.01,93.9,63.2,3.58,0,0.0333
2026-05-15,2026-05-11 17:17:10,S0390,Mirobod,41.303787,69.271245,34.8,7.6,49.94,218.8,0.01,95.9,69.3,3.8,0,0.0333
2026-05-16,2026-05-11 17:17:10,S0390,Mirobod,41.303787,69.271245,34.3,7.4,49.65,224.4,0.01,95.5,71.8,3.72,0,0.0333
2026-05-17,2026-05-11 17:17:10,S0390,Mirobod,41.303787,69.271245,36.0,7.1,49.77,219.4,0.01,94.4,64.9,3.37,0,0.0333
2026-05-18,2026-05-11 17:17:10,S0390,Mirobod,41.303787,69.271245,31.9,7.4,49.75,221.8,0.01,92.9,67.6,3.43,0,0.0333
2026-05-12,2026-05-11 17:17:10,S0391,Mirobod,41.301584,69.279423,41.6,9.1,49.87,219.0,1.0359,93.5,52.6,2.53,1,0.3799
2026-05-13,2026-05-11 17:17:10,S0391,Mirobod,41.301584,69.279423,41.5,9.2,50.06,220.8,1.2146,93.3,48.7,2.99,1,0.3799
2026-05-14,2026-05-11 17:17:10,S0391,Mirobod,41.301584,69.279423,41.2,10.6,49.99,225.4,1.1954,86.7,45.8,2.99,1,0.3799
2026-05-15,2026-05-11 17:17:10,S0391,Mirobod,41.301584,69.279423,42.5,8.6,50.06,220.5,1.1471,92.7,59.1,2.7,1,0.3799
2026-05-16,2026-05-11 17:17:10,S0391,Mirobod,41.301584,69.279423,42.6,10.7,49.97,225.9,1.2116,92.0,56.8,2.66,1,0.3799
2026-05-17,2026-05-11 17:17:10,S0391,Mirobod,41.301584,69.279423,41.0,10.6,49.93,221.1,1.1719,95.3,52.0,2.87,1,0.3799
2026-05-18,2026-05-11 17:17:10,S0391,Mirobod,41.301584,69.279423,44.1,10.2,49.91,225.2,1.2837,91.3,47.7,2.91,1,0.3799
2026-05-12,2026-05-11 17:17:10,S0392,Mirobod,41.304502,69.252596,39.3,9.0,49.8,221.3,0.2839,84.8,55.0,2.77,1,0.3804
2026-05-13,2026-05-11 17:17:10,S0392,Mirobod,41.304502,69.252596,44.0,7.5,49.88,219.6,0.3306,86.4,57.7,2.94,1,0.3804
2026-05-14,2026-05-11 17:17:10,S0392,Mirobod,41.304502,69.252596,42.8,10.4,49.84,222.8,0.323,84.0,52.1,3.29,1,0.3804
2026-05-15,2026-05-11 17:17:10,S0392,Mirobod,41.304502,69.252596,44.7,10.9,49.83,215.0,0.2478,87.5,54.0,3.22,1,0.3804
2026-05-16,2026-05-11 17:17:10,S0392,Mirobod,41.304502,69.252596,41.9,7.3,49.75,215.6,0.3063,87.6,51.5,3.36,1,0.3804
2026-05-17,2026-05-11 17:17:10,S0392,Mirobod,41.304502,69.252596,41.0,11.8,49.78,216.9,0.2109,87.3,61.2,3.22,1,0.3804
2026-05-18,2026-05-11 17:17:10,S0392,Mirobod,41.304502,69.252596,40.6,13.6,49.8,217.9,0.1526,87.6,63.9,3.3,1,0.3804
2026-05-12,2026-05-11 17:17:10,S0393,Mirobod,41.297335,69.260668,27.8,5.2,50.35,222.7,0.5731,99.5,94.8,2.58,1,0.3717
2026-05-13,2026-05-11 17:17:10,S0393,Mirobod,41.297335,69.260668,31.2,4.1,50.46,221.2,0.5981,97.3,92.9,2.84,1,0.3717
2026-05-14,2026-05-11 17:17:10,S0393,Mirobod,41.297335,69.260668,28.6,6.1,50.41,222.8,0.7357,100.0,95.0,2.36,1,0.3717
2026-05-15,2026-05-11 17:17:10,S0393,Mirobod,41.297335,69.260668,26.6,5.8,50.51,225.6,0.5962,98.1,95.0,2.83,1,0.3717
2026-05-16,2026-05-11 17:17:10,S0393,Mirobod,41.297335,69.260668,26.1,6.9,50.32,225.5,0.6256,100.0,95.0,2.51,1,0.3717
2026-05-17,2026-05-11 17:17:10,S0393,Mirobod,41.297335,69.260668,26.1,5.6,50.37,226.6,0.6089,96.1,95.0,2.43,1,0.3717
2026-05-18,2026-05-11 17:17:10,S0393,Mirobod,41.297335,69.260668,23.3,6.0,50.55,224.1,0.789,99.1,95.0,2.63,1,0.3717
2026-05-12,2026-05-11 17:17:10,S0394,Mirobod,41.278268,69.289697,39.3,1.3,50.06,228.3,0.8245,87.3,57.6,0.96,0,0.0341
2026-05-13,2026-05-11 17:17:10,S0394,Mirobod,41.278268,69.289697,40.2,0.0,49.92,225.0,0.7299,89.6,55.2,1.89,1,0.3841
2026-05-14,2026-05-11 17:17:10,S0394,Mirobod,41.278268,69.289697,34.9,0.0,49.92,224.6,0.7559,86.6,54.2,1.5,0,0.0341
2026-05-15,2026-05-11 17:17:10,S0394,Mirobod,41.278268,69.289697,43.1,0.0,49.87,225.7,0.7762,88.5,56.5,0.73,1,0.3841
2026-05-16,2026-05-11 17:17:10,S0394,Mirobod,41.278268,69.289697,37.6,0.0,50.02,231.0,0.7554,89.9,54.2,1.27,1,0.3841
2026-05-17,2026-05-11 17:17:10,S0394,Mirobod,41.278268,69.289697,36.7,0.0,49.99,225.9,0.7279,89.2,46.7,0.5,0,0.0341
2026-05-18,2026-05-11 17:17:10,S0394,Mirobod,41.278268,69.289697,36.8,0.0,49.91,227.1,0.753,90.2,53.0,0.5,0,0.0341
2026-05-12,2026-05-11 17:17:10,S0395,Mirobod,41.314318,69.250281,35.7,8.9,50.27,216.7,0.5604,95.6,93.1,3.22,1,0.3731
2026-05-13,2026-05-11 17:17:10,S0395,Mirobod,41.314318,69.250281,35.0,10.0,50.28,221.2,0.6526,88.2,95.0,3.14,1,0.3731
2026-05-14,2026-05-11 17:17:10,S0395,Mirobod,41.314318,69.250281,39.1,12.5,50.27,214.0,0.6438,94.6,93.3,2.62,1,0.3731
2026-05-15,2026-05-11 17:17:10,S0395,Mirobod,41.314318,69.250281,33.2,12.3,50.25,219.5,0.6025,91.0,95.0,3.3,1,0.3731
2026-05-16,2026-05-11 17:17:10,S0395,Mirobod,41.314318,69.250281,40.1,10.4,50.3,218.5,0.7548,92.0,95.0,2.89,1,0.3731
2026-05-17,2026-05-11 17:17:10,S0395,Mirobod,41.314318,69.250281,39.1,10.3,50.33,218.5,0.8008,89.3,95.0,2.71,1,0.3731
2026-05-18,2026-05-11 17:17:10,S0395,Mirobod,41.314318,69.250281,39.7,10.2,50.31,221.3,0.7766,90.9,94.7,2.82,1,0.3731
2026-05-12,2026-05-11 17:17:10,S0396,Mirobod,41.272066,69.292162,17.9,7.0,50.34,209.5,0.9569,85.5,29.8,3.69,1,0.3793
2026-05-13,2026-05-11 17:17:10,S0396,Mirobod,41.272066,69.292162,22.0,7.6,50.31,207.3,0.959,87.7,27.3,4.0,1,0.3793
2026-05-14,2026-05-11 17:17:10,S0396,Mirobod,41.272066,69.292162,20.8,7.3,50.21,209.9,0.8019,83.4,25.0,3.57,1,0.3793
2026-05-15,2026-05-11 17:17:10,S0396,Mirobod,41.272066,69.292162,17.8,9.6,50.08,211.9,0.6852,87.5,25.0,3.86,1,0.3793
2026-05-16,2026-05-11 17:17:10,S0396,Mirobod,41.272066,69.292162,14.9,9.6,50.13,214.1,0.8616,85.4,25.0,4.08,1,0.3793
2026-05-17,2026-05-11 17:17:10,S0396,Mirobod,41.272066,69.292162,17.4,8.0,50.04,213.4,0.7797,89.1,25.0,4.45,1,0.3793
2026-05-18,2026-05-11 17:17:10,S0396,Mirobod,41.272066,69.292162,15.2,9.6,50.22,215.8,0.6243,87.9,25.0,3.96,1,0.3793
2026-05-12,2026-05-11 17:17:10,S0397,Mirobod,41.282296,69.280779,34.3,6.6,50.3,219.2,0.6556,84.5,61.1,4.85,1,0.3696
2026-05-13,2026-05-11 17:17:10,S0397,Mirobod,41.282296,69.280779,35.6,6.3,50.15,217.5,0.691,80.8,57.1,4.79,1,0.3696
2026-05-14,2026-05-11 17:17:10,S0397,Mirobod,41.282296,69.280779,32.1,8.0,50.3,208.4,0.5279,81.5,59.8,4.91,1,0.3696
2026-05-15,2026-05-11 17:17:10,S0397,Mirobod,41.282296,69.280779,34.2,7.8,50.11,211.0,0.8415,82.4,67.7,4.98,1,0.3696
2026-05-16,2026-05-11 17:17:10,S0397,Mirobod,41.282296,69.280779,30.9,6.1,50.05,209.7,0.625,81.1,63.4,5.23,1,0.3696
2026-05-17,2026-05-11 17:17:10,S0397,Mirobod,41.282296,69.280779,31.5,6.2,50.15,211.6,0.3625,82.9,55.9,5.31,1,0.3696
2026-05-18,2026-05-11 17:17:10,S0397,Mirobod,41.282296,69.280779,29.3,6.5,50.15,209.1,0.5092,83.1,66.3,5.58,2,0.7196
2026-05-12,2026-05-11 17:17:10,S0398,Mirobod,41.28298,69.273055,33.4,11.2,49.98,216.4,0.3596,81.7,69.6,3.26,1,0.3698
2026-05-13,2026-05-11 17:17:10,S0398,Mirobod,41.28298,69.273055,33.8,13.3,50.05,213.6,0.5782,79.5,67.7,3.79,1,0.3698
2026-05-14,2026-05-11 17:17:10,S0398,Mirobod,41.28298,69.273055,34.1,11.0,50.24,213.9,0.5898,84.4,65.9,3.29,1,0.3698
2026-05-15,2026-05-11 17:17:10,S0398,Mirobod,41.28298,69.273055,35.2,13.2,50.2,213.9,0.4689,82.9,75.5,3.53,1,0.3698
2026-05-16,2026-05-11 17:17:10,S0398,Mirobod,41.28298,69.273055,31.1,13.3,50.24,217.3,0.6298,79.9,59.7,3.29,1,0.3698
2026-05-17,2026-05-11 17:17:10,S0398,Mirobod,41.28298,69.273055,31.0,11.2,50.2,219.7,0.3803,76.9,75.1,3.14,1,0.3698
2026-05-18,2026-05-11 17:17:10,S0398,Mirobod,41.28298,69.273055,29.5,13.7,50.37,215.9,0.4035,82.1,66.9,3.22,1,0.3698
2026-05-12,2026-05-11 17:17:10,S0399,Mirobod,41.299058,69.270511,25.5,10.9,49.43,228.3,0.3358,97.5,35.7,2.21,1,0.374
2026-05-13,2026-05-11 17:17:10,S0399,Mirobod,41.299058,69.270511,25.4,9.1,49.42,228.2,0.406,100.0,39.1,2.63,1,0.374
2026-05-14,2026-05-11 17:17:10,S0399,Mirobod,41.299058,69.270511,23.7,8.5,49.24,230.2,0.33,99.5,48.5,2.67,1,0.374
2026-05-15,2026-05-11 17:17:10,S0399,Mirobod,41.299058,69.270511,20.0,8.8,49.3,227.2,0.4027,99.8,40.7,2.61,1,0.374
2026-05-16,2026-05-11 17:17:10,S0399,Mirobod,41.299058,69.270511,21.3,6.4,49.31,229.0,0.4222,100.0,38.7,2.48,1,0.374
2026-05-17,2026-05-11 17:17:10,S0399,Mirobod,41.299058,69.270511,19.7,7.3,49.12,231.7,0.4157,99.0,43.1,2.95,1,0.374
2026-05-18,2026-05-11 17:17:10,S0399,Mirobod,41.299058,69.270511,19.0,7.9,49.08,230.1,0.5405,100.0,44.2,2.44,1,0.374
2026-05-12,2026-05-11 17:17:10,S0400,Mirobod,41.310891,69.248092,34.2,5.8,50.07,204.5,0.2996,86.7,69.7,2.47,1,0.3851
2026-05-13,2026-05-11 17:17:10,S0400,Mirobod,41.310891,69.248092,31.8,5.0,49.9,205.7,0.0991,87.5,70.5,2.91,1,0.3851
2026-05-14,2026-05-11 17:17:10,S0400,Mirobod,41.310891,69.248092,36.1,5.1,49.81,208.9,0.2806,90.0,68.7,1.53,1,0.3851
2026-05-15,2026-05-11 17:17:10,S0400,Mirobod,41.310891,69.248092,33.7,5.9,49.75,208.3,0.2424,93.0,65.2,1.81,1,0.3851
2026-05-16,2026-05-11 17:17:10,S0400,Mirobod,41.310891,69.248092,35.3,5.8,49.86,202.4,0.2949,89.9,76.0,1.88,1,0.3851
2026-05-17,2026-05-11 17:17:10,S0400,Mirobod,41.310891,69.248092,35.2,6.5,49.81,203.6,0.2349,95.6,73.5,1.62,1,0.3851
2026-05-18,2026-05-11 17:17:10,S0400,Mirobod,41.310891,69.248092,34.6,5.4,49.72,204.6,0.3689,95.6,66.8,1.91,1,0.3851
2026-05-12,2026-05-11 17:17:10,S0401,Mirzo Ulug'bek,41.329374,69.349257,40.4,11.5,49.86,205.5,0.5704,85.8,73.1,2.58,1,0.3765
2026-05-13,2026-05-11 17:17:10,S0401,Mirzo Ulug'bek,41.329374,69.349257,40.3,11.3,49.99,211.2,0.6731,89.3,66.9,2.5,1,0.3765
2026-05-14,2026-05-11 17:17:10,S0401,Mirzo Ulug'bek,41.329374,69.349257,37.2,12.4,49.51,207.1,0.7338,88.0,55.9,2.41,1,0.3765
2026-05-15,2026-05-11 17:17:10,S0401,Mirzo Ulug'bek,41.329374,69.349257,37.1,10.8,49.87,204.6,0.616,84.3,61.6,2.4,1,0.3765
2026-05-16,2026-05-11 17:17:10,S0401,Mirzo Ulug'bek,41.329374,69.349257,31.9,14.0,49.95,206.9,0.6366,85.1,65.9,1.98,1,0.3765
2026-05-17,2026-05-11 17:17:10,S0401,Mirzo Ulug'bek,41.329374,69.349257,40.4,12.4,50.0,197.7,0.5328,84.9,68.2,2.28,2,0.7265
2026-05-18,2026-05-11 17:17:10,S0401,Mirzo Ulug'bek,41.329374,69.349257,35.6,14.0,50.06,202.1,0.551,85.0,64.3,2.35,1,0.3765
2026-05-12,2026-05-11 17:17:10,S0402,Mirzo Ulug'bek,41.313857,69.37628,43.2,12.6,50.01,217.8,0.8358,92.3,65.4,3.93,1,0.3858
2026-05-13,2026-05-11 17:17:10,S0402,Mirzo Ulug'bek,41.313857,69.37628,41.6,14.0,50.06,217.1,0.7459,92.6,72.8,4.02,1,0.3858
2026-05-14,2026-05-11 17:17:10,S0402,Mirzo Ulug'bek,41.313857,69.37628,42.5,11.7,50.14,221.3,0.696,88.5,74.4,3.57,1,0.3858
2026-05-15,2026-05-11 17:17:10,S0402,Mirzo Ulug'bek,41.313857,69.37628,43.9,14.5,50.18,217.4,0.6457,89.3,83.3,3.88,1,0.3858
2026-05-16,2026-05-11 17:17:10,S0402,Mirzo Ulug'bek,41.313857,69.37628,43.7,13.9,50.14,221.5,0.5699,91.8,72.6,4.19,1,0.3858
2026-05-17,2026-05-11 17:17:10,S0402,Mirzo Ulug'bek,41.313857,69.37628,45.5,11.0,50.14,215.8,0.5591,92.9,90.5,4.7,2,0.7358
2026-05-18,2026-05-11 17:17:10,S0402,Mirzo Ulug'bek,41.313857,69.37628,43.0,12.0,50.23,217.2,0.4593,89.6,87.9,4.53,1,0.3858
2026-05-12,2026-05-11 17:17:10,S0403,Mirzo Ulug'bek,41.312581,69.385057,37.8,3.4,50.24,208.3,0.846,73.6,71.1,5.01,2,0.7283
2026-05-13,2026-05-11 17:17:10,S0403,Mirzo Ulug'bek,41.312581,69.385057,43.7,1.8,50.26,210.9,1.0116,74.0,65.5,4.77,2,0.7283
2026-05-14,2026-05-11 17:17:10,S0403,Mirzo Ulug'bek,41.312581,69.385057,43.4,0.1,50.38,209.7,0.8535,73.0,65.1,4.87,2,0.7283
2026-05-15,2026-05-11 17:17:10,S0403,Mirzo Ulug'bek,41.312581,69.385057,43.2,2.5,50.36,209.4,1.021,69.4,69.9,4.9,2,0.7283
2026-05-16,2026-05-11 17:17:10,S0403,Mirzo Ulug'bek,41.312581,69.385057,43.4,0.5,50.25,207.8,1.0168,69.2,63.3,5.17,2,0.7283
2026-05-17,2026-05-11 17:17:10,S0403,Mirzo Ulug'bek,41.312581,69.385057,45.0,0.7,50.44,207.5,0.9173,68.5,57.7,4.8,2,0.7283
2026-05-18,2026-05-11 17:17:10,S0403,Mirzo Ulug'bek,41.312581,69.385057,41.5,0.0,50.41,205.8,0.9233,70.2,70.8,4.9,2,0.7283
2026-05-12,2026-05-11 17:17:10,S0404,Mirzo Ulug'bek,41.307096,69.350936,31.6,17.4,50.12,210.0,0.6518,93.4,61.6,2.39,0,0.0324
2026-05-13,2026-05-11 17:17:10,S0404,Mirzo Ulug'bek,41.307096,69.350936,32.9,15.2,50.15,214.7,0.5709,94.8,63.2,2.47,0,0.0324
2026-05-14,2026-05-11 17:17:10,S0404,Mirzo Ulug'bek,41.307096,69.350936,33.1,16.9,50.34,212.2,0.5639,94.8,61.5,2.14,0,0.0324
2026-05-15,2026-05-11 17:17:10,S0404,Mirzo Ulug'bek,41.307096,69.350936,34.0,16.4,50.28,214.9,0.4388,95.2,55.5,2.65,0,0.0324
2026-05-16,2026-05-11 17:17:10,S0404,Mirzo Ulug'bek,41.307096,69.350936,29.8,16.2,50.23,213.7,0.5457,94.3,49.9,2.91,0,0.0324
2026-05-17,2026-05-11 17:17:10,S0404,Mirzo Ulug'bek,41.307096,69.350936,32.9,16.8,50.2,213.2,0.445,95.0,53.5,2.23,0,0.0324
2026-05-18,2026-05-11 17:17:10,S0404,Mirzo Ulug'bek,41.307096,69.350936,36.5,14.5,50.38,213.3,0.633,95.4,48.3,2.62,0,0.0324
2026-05-12,2026-05-11 17:17:10,S0405,Mirzo Ulug'bek,41.309104,69.336129,41.4,12.9,50.26,220.2,0.5332,85.4,52.3,3.34,1,0.3838
2026-05-13,2026-05-11 17:17:10,S0405,Mirzo Ulug'bek,41.309104,69.336129,42.6,12.7,50.35,219.1,0.5261,86.0,41.7,3.72,1,0.3838
2026-05-14,2026-05-11 17:17:10,S0405,Mirzo Ulug'bek,41.309104,69.336129,38.6,12.9,50.62,214.7,0.7179,84.6,47.6,3.21,1,0.3838
2026-05-15,2026-05-11 17:17:10,S0405,Mirzo Ulug'bek,41.309104,69.336129,41.0,14.1,50.59,214.6,0.715,87.1,50.4,3.21,1,0.3838
2026-05-16,2026-05-11 17:17:10,S0405,Mirzo Ulug'bek,41.309104,69.336129,40.5,13.3,50.54,219.4,0.616,88.1,57.5,3.62,1,0.3838
2026-05-17,2026-05-11 17:17:10,S0405,Mirzo Ulug'bek,41.309104,69.336129,41.8,15.0,50.77,216.6,0.581,85.3,51.6,3.89,1,0.3838
2026-05-18,2026-05-11 17:17:10,S0405,Mirzo Ulug'bek,41.309104,69.336129,39.9,15.8,50.65,217.3,0.5448,90.3,49.3,3.76,1,0.3838
2026-05-12,2026-05-11 17:17:10,S0406,Mirzo Ulug'bek,41.346246,69.377671,36.0,4.8,49.74,215.4,0.8115,83.1,80.2,3.14,1,0.3803
2026-05-13,2026-05-11 17:17:10,S0406,Mirzo Ulug'bek,41.346246,69.377671,31.8,5.0,49.75,213.1,0.7689,83.3,78.7,2.45,1,0.3803
2026-05-14,2026-05-11 17:17:10,S0406,Mirzo Ulug'bek,41.346246,69.377671,31.6,4.1,49.71,217.9,0.6583,89.3,78.3,2.21,0,0.0303
2026-05-15,2026-05-11 17:17:10,S0406,Mirzo Ulug'bek,41.346246,69.377671,31.3,2.2,49.82,216.4,0.8342,85.9,84.8,2.74,0,0.0303
2026-05-16,2026-05-11 17:17:10,S0406,Mirzo Ulug'bek,41.346246,69.377671,29.6,1.6,49.82,216.7,0.6534,83.4,80.4,2.72,1,0.3803
2026-05-17,2026-05-11 17:17:10,S0406,Mirzo Ulug'bek,41.346246,69.377671,30.6,1.0,49.81,216.0,0.5935,85.5,80.8,2.74,0,0.0303
2026-05-18,2026-05-11 17:17:10,S0406,Mirzo Ulug'bek,41.346246,69.377671,30.2,0.0,49.52,216.8,0.6263,80.1,86.9,2.83,1,0.3803
2026-05-12,2026-05-11 17:17:10,S0407,Mirzo Ulug'bek,41.388943,69.33966,29.0,10.2,50.71,222.8,0.7915,74.5,48.7,3.86,2,0.7324
2026-05-13,2026-05-11 17:17:10,S0407,Mirzo Ulug'bek,41.388943,69.33966,25.6,11.8,50.69,231.1,0.7257,74.7,52.7,4.05,2,0.7324
2026-05-14,2026-05-11 17:17:10,S0407,Mirzo Ulug'bek,41.388943,69.33966,27.2,11.9,50.92,226.3,0.8849,67.0,48.9,3.67,2,0.7324
2026-05-15,2026-05-11 17:17:10,S0407,Mirzo Ulug'bek,41.388943,69.33966,28.5,11.2,50.76,228.4,1.0396,72.9,46.3,4.03,2,0.7324
2026-05-16,2026-05-11 17:17:10,S0407,Mirzo Ulug'bek,41.388943,69.33966,28.3,11.7,50.92,234.4,1.0085,66.6,49.0,3.69,2,0.7324
2026-05-17,2026-05-11 17:17:10,S0407,Mirzo Ulug'bek,41.388943,69.33966,24.4,11.1,50.96,224.3,0.9767,72.2,41.9,3.23,2,0.7324
2026-05-18,2026-05-11 17:17:10,S0407,Mirzo Ulug'bek,41.388943,69.33966,26.7,10.5,50.93,234.1,1.1473,63.9,48.0,3.27,2,0.7324
2026-05-12,2026-05-11 17:17:10,S0408,Mirzo Ulug'bek,41.382396,69.370017,31.0,7.4,49.91,205.2,0.5005,88.6,80.2,4.08,1,0.371
2026-05-13,2026-05-11 17:17:10,S0408,Mirzo Ulug'bek,41.382396,69.370017,31.5,8.1,49.98,205.8,0.4702,87.3,90.8,4.29,1,0.371
2026-05-14,2026-05-11 17:17:10,S0408,Mirzo Ulug'bek,41.382396,69.370017,30.1,3.8,49.9,206.2,0.5289,88.0,88.1,4.42,1,0.371
2026-05-15,2026-05-11 17:17:10,S0408,Mirzo Ulug'bek,41.382396,69.370017,28.9,4.6,49.83,204.5,0.6126,89.4,95.0,4.6,1,0.371
2026-05-16,2026-05-11 17:17:10,S0408,Mirzo Ulug'bek,41.382396,69.370017,27.8,5.9,50.02,207.6,0.5144,86.9,95.0,4.04,1,0.371
2026-05-17,2026-05-11 17:17:10,S0408,Mirzo Ulug'bek,41.382396,69.370017,27.2,5.1,49.89,204.9,0.416,87.8,95.0,4.63,1,0.371
2026-05-18,2026-05-11 17:17:10,S0408,Mirzo Ulug'bek,41.382396,69.370017,27.6,8.7,49.91,199.0,0.5525,88.3,90.1,4.26,2,0.721
2026-05-12,2026-05-11 17:17:10,S0409,Mirzo Ulug'bek,41.318766,69.371428,49.3,19.0,50.21,229.8,0.961,98.3,75.1,2.31,2,0.7385
2026-05-13,2026-05-11 17:17:10,S0409,Mirzo Ulug'bek,41.318766,69.371428,45.8,17.8,50.31,231.5,1.0529,91.9,72.7,2.17,2,0.7385
2026-05-14,2026-05-11 17:17:10,S0409,Mirzo Ulug'bek,41.318766,69.371428,49.1,19.2,50.38,227.9,0.8754,93.4,72.2,2.17,2,0.7385
2026-05-15,2026-05-11 17:17:10,S0409,Mirzo Ulug'bek,41.318766,69.371428,49.7,14.2,50.39,225.6,1.0058,91.8,78.0,2.07,2,0.7385
2026-05-16,2026-05-11 17:17:10,S0409,Mirzo Ulug'bek,41.318766,69.371428,51.2,17.2,50.43,224.7,1.1216,96.6,76.6,2.21,2,0.7385
2026-05-17,2026-05-11 17:17:10,S0409,Mirzo Ulug'bek,41.318766,69.371428,50.2,17.9,50.36,225.3,0.8936,92.7,79.3,2.02,2,0.7385
2026-05-18,2026-05-11 17:17:10,S0409,Mirzo Ulug'bek,41.318766,69.371428,49.4,17.6,50.47,226.6,1.0285,91.5,78.4,1.97,2,0.7385
2026-05-12,2026-05-11 17:17:10,S0410,Mirzo Ulug'bek,41.359655,69.371919,29.6,4.7,50.76,219.8,0.6067,95.0,69.4,4.1,1,0.3832
2026-05-13,2026-05-11 17:17:10,S0410,Mirzo Ulug'bek,41.359655,69.371919,25.0,4.6,50.5,214.5,0.5738,97.0,69.3,4.27,0,0.0332
2026-05-14,2026-05-11 17:17:10,S0410,Mirzo Ulug'bek,41.359655,69.371919,27.9,6.7,50.47,216.8,0.5923,97.2,72.7,4.61,0,0.0332
2026-05-15,2026-05-11 17:17:10,S0410,Mirzo Ulug'bek,41.359655,69.371919,23.6,7.0,50.64,215.3,0.6615,97.0,73.9,4.27,1,0.3832
2026-05-16,2026-05-11 17:17:10,S0410,Mirzo Ulug'bek,41.359655,69.371919,26.3,7.0,50.93,217.6,0.5794,99.9,73.1,4.84,1,0.3832
2026-05-17,2026-05-11 17:17:10,S0410,Mirzo Ulug'bek,41.359655,69.371919,25.2,6.7,50.94,215.8,0.5907,100.0,67.7,4.83,1,0.3832
2026-05-18,2026-05-11 17:17:10,S0410,Mirzo Ulug'bek,41.359655,69.371919,27.3,7.3,50.76,214.3,0.5179,99.3,72.4,4.86,1,0.3832
2026-05-12,2026-05-11 17:17:10,S0411,Mirzo Ulug'bek,41.30868,69.349445,33.3,8.7,50.82,217.9,0.8749,87.8,54.5,4.13,1,0.3749
2026-05-13,2026-05-11 17:17:10,S0411,Mirzo Ulug'bek,41.30868,69.349445,31.8,7.4,50.74,216.4,0.6627,79.5,59.4,4.0,1,0.3749
2026-05-14,2026-05-11 17:17:10,S0411,Mirzo Ulug'bek,41.30868,69.349445,32.5,11.3,50.77,219.2,0.7209,82.5,53.4,3.8,1,0.3749
2026-05-15,2026-05-11 17:17:10,S0411,Mirzo Ulug'bek,41.30868,69.349445,29.9,9.0,50.87,217.1,0.8361,86.7,46.5,3.53,1,0.3749
2026-05-16,2026-05-11 17:17:10,S0411,Mirzo Ulug'bek,41.30868,69.349445,31.3,8.7,50.84,217.5,0.7303,84.0,55.0,4.01,1,0.3749
2026-05-17,2026-05-11 17:17:10,S0411,Mirzo Ulug'bek,41.30868,69.349445,34.9,9.5,50.84,219.8,0.6986,83.4,50.4,3.8,1,0.3749
2026-05-18,2026-05-11 17:17:10,S0411,Mirzo Ulug'bek,41.30868,69.349445,31.0,7.3,50.74,220.3,0.9267,77.8,51.0,4.25,1,0.3749
2026-05-12,2026-05-11 17:17:10,S0412,Mirzo Ulug'bek,41.354991,69.388548,30.4,11.9,49.48,222.5,0.795,88.0,91.2,4.77,1,0.3701
2026-05-13,2026-05-11 17:17:10,S0412,Mirzo Ulug'bek,41.354991,69.388548,31.0,10.6,49.58,224.4,0.8753,88.0,87.6,5.16,1,0.3701
2026-05-14,2026-05-11 17:17:10,S0412,Mirzo Ulug'bek,41.354991,69.388548,35.5,11.3,49.49,221.6,0.8133,87.8,89.0,4.94,1,0.3701
2026-05-15,2026-05-11 17:17:10,S0412,Mirzo Ulug'bek,41.354991,69.388548,35.2,10.9,49.5,220.4,0.8475,85.6,91.6,5.09,1,0.3701
2026-05-16,2026-05-11 17:17:10,S0412,Mirzo Ulug'bek,41.354991,69.388548,36.4,9.7,49.44,215.5,0.9404,89.2,85.2,4.6,1,0.3701
2026-05-17,2026-05-11 17:17:10,S0412,Mirzo Ulug'bek,41.354991,69.388548,36.0,13.1,49.47,221.7,0.8416,87.8,95.0,5.58,2,0.7201
2026-05-18,2026-05-11 17:17:10,S0412,Mirzo Ulug'bek,41.354991,69.388548,38.1,13.0,49.41,219.5,0.9262,86.3,94.5,5.11,1,0.3701
2026-05-12,2026-05-11 17:17:10,S0413,Mirzo Ulug'bek,41.375115,69.354214,32.1,9.8,50.32,234.4,0.4242,75.2,40.5,3.32,1,0.3869
2026-05-13,2026-05-11 17:17:10,S0413,Mirzo Ulug'bek,41.375115,69.354214,31.5,11.1,50.44,233.6,0.3427,77.2,36.7,3.7,1,0.3869
2026-05-14,2026-05-11 17:17:10,S0413,Mirzo Ulug'bek,41.375115,69.354214,31.2,12.1,50.3,236.1,0.5725,76.7,40.1,3.22,1,0.3869
2026-05-15,2026-05-11 17:17:10,S0413,Mirzo Ulug'bek,41.375115,69.354214,30.0,13.0,50.31,234.0,0.4859,76.1,25.0,3.91,1,0.3869
2026-05-16,2026-05-11 17:17:10,S0413,Mirzo Ulug'bek,41.375115,69.354214,28.1,13.1,50.29,235.4,0.511,79.0,33.9,3.55,1,0.3869
2026-05-17,2026-05-11 17:17:10,S0413,Mirzo Ulug'bek,41.375115,69.354214,27.9,12.8,50.25,233.8,0.6332,77.5,25.0,3.62,1,0.3869
2026-05-18,2026-05-11 17:17:10,S0413,Mirzo Ulug'bek,41.375115,69.354214,28.6,12.4,50.41,232.5,0.5845,82.4,25.0,3.85,1,0.3869
2026-05-12,2026-05-11 17:17:10,S0414,Mirzo Ulug'bek,41.394706,69.336112,29.0,14.1,50.45,219.6,0.3209,78.8,73.2,3.11,1,0.3827
2026-05-13,2026-05-11 17:17:10,S0414,Mirzo Ulug'bek,41.394706,69.336112,27.9,15.9,50.49,217.1,0.1446,79.1,68.2,2.76,1,0.3827
2026-05-14,2026-05-11 17:17:10,S0414,Mirzo Ulug'bek,41.394706,69.336112,30.0,13.2,50.46,213.9,0.1995,73.3,74.5,2.7,2,0.7327
2026-05-15,2026-05-11 17:17:10,S0414,Mirzo Ulug'bek,41.394706,69.336112,28.8,13.8,50.42,218.1,0.3457,77.7,65.2,2.21,1,0.3827
2026-05-16,2026-05-11 17:17:10,S0414,Mirzo Ulug'bek,41.394706,69.336112,28.7,14.9,50.38,214.8,0.4156,72.5,61.1,2.53,2,0.7327
2026-05-17,2026-05-11 17:17:10,S0414,Mirzo Ulug'bek,41.394706,69.336112,27.4,15.3,50.29,217.7,0.2544,77.7,71.2,3.11,1,0.3827
2026-05-18,2026-05-11 17:17:10,S0414,Mirzo Ulug'bek,41.394706,69.336112,28.0,15.7,50.23,211.1,0.29,80.0,71.6,2.81,1,0.3827
2026-05-12,2026-05-11 17:17:10,S0415,Mirzo Ulug'bek,41.343912,69.363212,29.0,8.1,50.28,212.4,0.5485,87.0,92.3,2.3,1,0.3754
2026-05-13,2026-05-11 17:17:10,S0415,Mirzo Ulug'bek,41.343912,69.363212,29.0,8.7,50.33,209.6,0.5522,88.8,95.0,2.06,1,0.3754
2026-05-14,2026-05-11 17:17:10,S0415,Mirzo Ulug'bek,41.343912,69.363212,28.9,9.0,50.15,210.8,0.4936,87.0,95.0,2.31,1,0.3754
2026-05-15,2026-05-11 17:17:10,S0415,Mirzo Ulug'bek,41.343912,69.363212,29.9,8.0,50.21,214.2,0.5424,88.8,95.0,1.98,1,0.3754
2026-05-16,2026-05-11 17:17:10,S0415,Mirzo Ulug'bek,41.343912,69.363212,30.5,11.7,50.19,210.4,0.6026,85.7,95.0,2.46,1,0.3754
2026-05-17,2026-05-11 17:17:10,S0415,Mirzo Ulug'bek,41.343912,69.363212,31.0,9.8,50.08,206.2,0.5015,84.9,95.0,2.35,1,0.3754
2026-05-18,2026-05-11 17:17:10,S0415,Mirzo Ulug'bek,41.343912,69.363212,30.4,12.9,50.17,210.9,0.5175,86.8,95.0,1.85,1,0.3754
2026-05-12,2026-05-11 17:17:10,S0416,Mirzo Ulug'bek,41.332706,69.369029,40.2,8.2,50.7,214.8,0.9106,87.8,67.0,2.77,1,0.3741
2026-05-13,2026-05-11 17:17:10,S0416,Mirzo Ulug'bek,41.332706,69.369029,34.0,12.4,50.81,219.7,0.817,89.3,76.1,2.46,1,0.3741
2026-05-14,2026-05-11 17:17:10,S0416,Mirzo Ulug'bek,41.332706,69.369029,37.7,8.4,50.9,213.4,0.8975,87.5,86.3,2.09,1,0.3741
2026-05-15,2026-05-11 17:17:10,S0416,Mirzo Ulug'bek,41.332706,69.369029,36.9,8.7,50.91,216.5,0.9107,84.2,74.6,2.24,1,0.3741
2026-05-16,2026-05-11 17:17:10,S0416,Mirzo Ulug'bek,41.332706,69.369029,40.3,10.4,50.98,214.9,0.9476,85.9,82.5,2.19,1,0.3741
2026-05-17,2026-05-11 17:17:10,S0416,Mirzo Ulug'bek,41.332706,69.369029,41.1,11.4,50.9,217.4,0.9394,86.1,71.7,1.72,1,0.3741
2026-05-18,2026-05-11 17:17:10,S0416,Mirzo Ulug'bek,41.332706,69.369029,38.6,11.9,50.98,218.2,0.8863,87.6,77.8,1.63,1,0.3741
2026-05-12,2026-05-11 17:17:10,S0417,Mirzo Ulug'bek,41.38667,69.35332,31.1,5.6,49.81,216.5,0.2837,87.8,48.0,3.02,0,0.0274
2026-05-13,2026-05-11 17:17:10,S0417,Mirzo Ulug'bek,41.38667,69.35332,28.5,5.6,49.89,216.8,0.3641,87.9,53.0,3.16,0,0.0274
2026-05-14,2026-05-11 17:17:10,S0417,Mirzo Ulug'bek,41.38667,69.35332,28.2,4.7,49.74,220.4,0.3398,83.1,47.3,3.01,1,0.3774
2026-05-15,2026-05-11 17:17:10,S0417,Mirzo Ulug'bek,41.38667,69.35332,28.3,1.7,50.01,215.4,0.3366,88.5,48.2,3.39,0,0.0274
2026-05-16,2026-05-11 17:17:10,S0417,Mirzo Ulug'bek,41.38667,69.35332,27.0,1.7,49.93,215.9,0.408,87.5,40.7,2.75,0,0.0274
2026-05-17,2026-05-11 17:17:10,S0417,Mirzo Ulug'bek,41.38667,69.35332,26.3,2.4,49.95,216.1,0.3851,90.6,38.8,2.94,0,0.0274
2026-05-18,2026-05-11 17:17:10,S0417,Mirzo Ulug'bek,41.38667,69.35332,23.0,3.9,50.02,215.9,0.4345,83.5,40.5,3.07,1,0.3774
2026-05-12,2026-05-11 17:17:10,S0418,Mirzo Ulug'bek,41.371648,69.373808,43.0,2.8,49.94,218.8,0.4868,83.4,55.7,5.44,1,0.3917
2026-05-13,2026-05-11 17:17:10,S0418,Mirzo Ulug'bek,41.371648,69.373808,46.3,5.8,49.85,213.0,0.4619,84.1,58.3,5.43,2,0.7417
2026-05-14,2026-05-11 17:17:10,S0418,Mirzo Ulug'bek,41.371648,69.373808,45.3,4.6,49.68,213.0,0.5579,80.9,66.4,5.22,2,0.7417
2026-05-15,2026-05-11 17:17:10,S0418,Mirzo Ulug'bek,41.371648,69.373808,44.1,3.4,49.59,215.9,0.5532,81.1,60.0,6.01,2,0.7417
2026-05-16,2026-05-11 17:17:10,S0418,Mirzo Ulug'bek,41.371648,69.373808,45.1,0.2,49.55,220.0,0.5808,77.8,53.5,5.45,2,0.7417
2026-05-17,2026-05-11 17:17:10,S0418,Mirzo Ulug'bek,41.371648,69.373808,48.7,0.0,49.51,216.1,0.6252,77.4,67.5,5.4,2,0.7417
2026-05-18,2026-05-11 17:17:10,S0418,Mirzo Ulug'bek,41.371648,69.373808,50.1,0.9,49.29,216.9,0.6023,78.8,55.3,5.19,2,0.7417
2026-05-12,2026-05-11 17:17:10,S0419,Mirzo Ulug'bek,41.315993,69.336213,35.4,11.2,49.89,223.7,0.5981,74.7,89.2,2.88,2,0.7304
2026-05-13,2026-05-11 17:17:10,S0419,Mirzo Ulug'bek,41.315993,69.336213,32.7,8.9,50.11,227.2,0.7226,76.3,90.6,2.62,1,0.3804
2026-05-14,2026-05-11 17:17:10,S0419,Mirzo Ulug'bek,41.315993,69.336213,33.7,9.2,50.07,229.3,0.4534,71.9,90.8,2.6,2,0.7304
2026-05-15,2026-05-11 17:17:10,S0419,Mirzo Ulug'bek,41.315993,69.336213,34.9,10.2,50.05,224.3,0.7604,72.4,85.1,2.57,2,0.7304
2026-05-16,2026-05-11 17:17:10,S0419,Mirzo Ulug'bek,41.315993,69.336213,35.0,10.9,50.2,227.3,0.6471,69.2,88.7,2.73,2,0.7304
2026-05-17,2026-05-11 17:17:10,S0419,Mirzo Ulug'bek,41.315993,69.336213,33.8,12.2,50.22,228.3,0.828,73.0,84.5,2.55,2,0.7304
2026-05-18,2026-05-11 17:17:10,S0419,Mirzo Ulug'bek,41.315993,69.336213,33.2,11.2,50.12,230.3,1.0815,68.9,93.7,3.15,2,0.7304
2026-05-12,2026-05-11 17:17:10,S0420,Mirzo Ulug'bek,41.354324,69.384758,37.7,20.6,50.28,236.6,0.5862,81.9,66.8,3.17,1,0.3911
2026-05-13,2026-05-11 17:17:10,S0420,Mirzo Ulug'bek,41.354324,69.384758,37.1,21.2,50.42,233.3,0.6548,81.0,64.1,2.45,1,0.3911
2026-05-14,2026-05-11 17:17:10,S0420,Mirzo Ulug'bek,41.354324,69.384758,37.6,20.8,50.39,236.0,0.4265,80.1,70.7,2.87,1,0.3911
2026-05-15,2026-05-11 17:17:10,S0420,Mirzo Ulug'bek,41.354324,69.384758,37.2,20.6,50.52,234.5,0.4982,80.7,68.5,2.61,1,0.3911
2026-05-16,2026-05-11 17:17:10,S0420,Mirzo Ulug'bek,41.354324,69.384758,37.9,21.8,50.36,233.6,0.6295,83.9,63.6,2.41,1,0.3911
2026-05-17,2026-05-11 17:17:10,S0420,Mirzo Ulug'bek,41.354324,69.384758,37.9,23.5,50.55,231.1,0.5773,83.5,52.3,2.24,1,0.3911
2026-05-18,2026-05-11 17:17:10,S0420,Mirzo Ulug'bek,41.354324,69.384758,40.3,23.2,50.59,232.4,0.602,81.8,60.0,2.95,1,0.3911
2026-05-12,2026-05-11 17:17:10,S0421,Mirzo Ulug'bek,41.387624,69.365626,41.5,11.0,49.95,227.4,0.6819,83.4,44.2,3.41,1,0.3709
2026-05-13,2026-05-11 17:17:10,S0421,Mirzo Ulug'bek,41.387624,69.365626,48.4,11.9,50.0,223.9,0.7086,85.5,47.5,2.67,2,0.7209
2026-05-14,2026-05-11 17:17:10,S0421,Mirzo Ulug'bek,41.387624,69.365626,45.1,11.0,49.95,224.2,0.8003,88.4,43.9,3.5,2,0.7209
2026-05-15,2026-05-11 17:17:10,S0421,Mirzo Ulug'bek,41.387624,69.365626,46.4,8.4,49.82,223.3,0.6697,89.4,52.5,3.54,2,0.7209
2026-05-16,2026-05-11 17:17:10,S0421,Mirzo Ulug'bek,41.387624,69.365626,47.8,10.7,49.8,223.4,0.8078,83.8,44.2,3.14,2,0.7209
2026-05-17,2026-05-11 17:17:10,S0421,Mirzo Ulug'bek,41.387624,69.365626,50.0,11.0,49.76,226.8,0.8266,90.1,42.1,3.15,2,0.7209
2026-05-18,2026-05-11 17:17:10,S0421,Mirzo Ulug'bek,41.387624,69.365626,51.1,9.9,49.7,223.7,0.7222,90.6,45.6,2.86,2,0.7209
2026-05-12,2026-05-11 17:17:10,S0422,Mirzo Ulug'bek,41.38648,69.345324,37.4,11.0,49.73,225.8,0.1862,90.7,48.5,1.48,0,0.0196
2026-05-13,2026-05-11 17:17:10,S0422,Mirzo Ulug'bek,41.38648,69.345324,36.4,8.9,49.57,222.7,0.2147,86.9,58.9,2.27,0,0.0196
2026-05-14,2026-05-11 17:17:10,S0422,Mirzo Ulug'bek,41.38648,69.345324,35.7,10.2,49.58,227.8,0.2434,87.3,53.8,1.53,0,0.0196
2026-05-15,2026-05-11 17:17:10,S0422,Mirzo Ulug'bek,41.38648,69.345324,35.3,8.6,49.77,220.8,0.1568,87.4,54.3,1.5,0,0.0196
2026-05-16,2026-05-11 17:17:10,S0422,Mirzo Ulug'bek,41.38648,69.345324,33.0,9.9,49.63,225.2,0.1769,91.0,57.1,1.78,0,0.0196
2026-05-17,2026-05-11 17:17:10,S0422,Mirzo Ulug'bek,41.38648,69.345324,37.0,6.1,49.58,226.4,0.0876,87.1,57.8,2.0,0,0.0196
2026-05-18,2026-05-11 17:17:10,S0422,Mirzo Ulug'bek,41.38648,69.345324,33.6,8.0,49.92,225.4,0.0811,90.5,54.6,1.81,0,0.0196
2026-05-12,2026-05-11 17:17:10,S0423,Mirzo Ulug'bek,41.337998,69.352556,29.5,9.1,49.99,231.4,0.5419,81.3,44.8,2.35,1,0.3788
2026-05-13,2026-05-11 17:17:10,S0423,Mirzo Ulug'bek,41.337998,69.352556,31.2,6.6,49.83,226.4,0.7527,83.1,52.3,2.76,1,0.3788
2026-05-14,2026-05-11 17:17:10,S0423,Mirzo Ulug'bek,41.337998,69.352556,32.2,8.7,49.98,227.2,0.7736,83.1,47.8,2.32,1,0.3788
2026-05-15,2026-05-11 17:17:10,S0423,Mirzo Ulug'bek,41.337998,69.352556,29.8,9.6,49.9,227.0,0.7688,86.0,47.1,2.72,0,0.0288
2026-05-16,2026-05-11 17:17:10,S0423,Mirzo Ulug'bek,41.337998,69.352556,33.1,7.9,49.88,225.3,0.7505,86.5,34.9,2.53,0,0.0288
2026-05-17,2026-05-11 17:17:10,S0423,Mirzo Ulug'bek,41.337998,69.352556,30.0,9.1,50.06,228.5,0.7952,86.1,43.4,2.36,0,0.0288
2026-05-18,2026-05-11 17:17:10,S0423,Mirzo Ulug'bek,41.337998,69.352556,36.6,7.0,50.13,222.7,0.8037,88.1,32.7,2.26,0,0.0288
2026-05-12,2026-05-11 17:17:10,S0424,Mirzo Ulug'bek,41.375569,69.35349,33.0,10.5,50.16,225.2,0.6975,87.8,74.0,4.53,0,0.0218
2026-05-13,2026-05-11 17:17:10,S0424,Mirzo Ulug'bek,41.375569,69.35349,35.2,7.9,50.36,224.2,0.6691,88.9,71.4,4.23,0,0.0218
2026-05-14,2026-05-11 17:17:10,S0424,Mirzo Ulug'bek,41.375569,69.35349,31.2,8.3,50.43,223.1,0.6297,88.5,77.3,4.84,0,0.0218
2026-05-15,2026-05-11 17:17:10,S0424,Mirzo Ulug'bek,41.375569,69.35349,28.1,8.5,50.3,223.7,0.6326,92.9,78.7,5.58,2,0.7218
2026-05-16,2026-05-11 17:17:10,S0424,Mirzo Ulug'bek,41.375569,69.35349,23.8,9.8,50.27,219.4,0.563,86.9,79.5,5.44,1,0.3718
2026-05-17,2026-05-11 17:17:10,S0424,Mirzo Ulug'bek,41.375569,69.35349,25.0,10.1,50.34,226.5,0.6373,86.7,78.3,5.85,2,0.7218
2026-05-18,2026-05-11 17:17:10,S0424,Mirzo Ulug'bek,41.375569,69.35349,22.0,11.2,50.39,223.4,0.6583,92.6,76.9,6.12,2,0.7218
2026-05-12,2026-05-11 17:17:10,S0425,Mirzo Ulug'bek,41.381156,69.338842,30.5,8.0,50.42,228.6,0.4957,87.2,75.9,3.67,0,0.0154
2026-05-13,2026-05-11 17:17:10,S0425,Mirzo Ulug'bek,41.381156,69.338842,34.2,6.5,50.27,227.6,0.6307,87.9,72.2,3.51,0,0.0154
2026-05-14,2026-05-11 17:17:10,S0425,Mirzo Ulug'bek,41.381156,69.338842,33.0,6.0,50.14,226.1,0.6151,82.0,80.0,3.25,1,0.3654
2026-05-15,2026-05-11 17:17:10,S0425,Mirzo Ulug'bek,41.381156,69.338842,34.4,7.6,50.35,222.8,0.6476,90.8,91.5,3.55,1,0.3654
2026-05-16,2026-05-11 17:17:10,S0425,Mirzo Ulug'bek,41.381156,69.338842,34.2,5.4,50.18,231.0,0.4944,83.4,78.7,3.97,1,0.3654
2026-05-17,2026-05-11 17:17:10,S0425,Mirzo Ulug'bek,41.381156,69.338842,36.9,9.3,50.23,229.4,0.6015,82.9,76.7,3.11,1,0.3654
2026-05-18,2026-05-11 17:17:10,S0425,Mirzo Ulug'bek,41.381156,69.338842,35.8,9.8,50.25,227.4,0.4824,83.9,92.4,3.18,1,0.3654
2026-05-12,2026-05-11 17:17:10,S0426,Mirzo Ulug'bek,41.331093,69.390088,34.8,3.3,49.89,236.0,0.6297,89.5,78.8,3.09,1,0.3708
2026-05-13,2026-05-11 17:17:10,S0426,Mirzo Ulug'bek,41.331093,69.390088,35.0,4.0,49.99,239.0,0.5673,91.5,79.4,2.96,1,0.3708
2026-05-14,2026-05-11 17:17:10,S0426,Mirzo Ulug'bek,41.331093,69.390088,33.2,4.2,49.93,236.4,0.6575,90.0,81.3,2.85,1,0.3708
2026-05-15,2026-05-11 17:17:10,S0426,Mirzo Ulug'bek,41.331093,69.390088,32.6,4.5,50.01,237.2,0.5863,87.9,90.1,2.94,1,0.3708
2026-05-16,2026-05-11 17:17:10,S0426,Mirzo Ulug'bek,41.331093,69.390088,32.5,5.7,49.97,236.6,0.5738,85.5,81.1,2.36,1,0.3708
2026-05-17,2026-05-11 17:17:10,S0426,Mirzo Ulug'bek,41.331093,69.390088,34.0,1.5,49.95,237.9,0.6534,88.0,72.9,2.32,1,0.3708
2026-05-18,2026-05-11 17:17:10,S0426,Mirzo Ulug'bek,41.331093,69.390088,31.2,5.2,49.77,239.9,0.5831,86.9,87.0,2.25,1,0.3708
2026-05-12,2026-05-11 17:17:10,S0427,Mirzo Ulug'bek,41.317747,69.381343,26.8,1.9,50.34,212.9,0.2811,79.6,30.8,3.41,1,0.3742
2026-05-13,2026-05-11 17:17:10,S0427,Mirzo Ulug'bek,41.317747,69.381343,28.0,0.0,50.21,210.9,0.3161,77.9,30.8,3.86,1,0.3742
2026-05-14,2026-05-11 17:17:10,S0427,Mirzo Ulug'bek,41.317747,69.381343,28.3,0.4,50.52,212.1,0.3291,76.8,51.3,3.83,1,0.3742
2026-05-15,2026-05-11 17:17:10,S0427,Mirzo Ulug'bek,41.317747,69.381343,26.3,0.0,50.61,217.1,0.2552,75.1,38.4,3.72,1,0.3742
2026-05-16,2026-05-11 17:17:10,S0427,Mirzo Ulug'bek,41.317747,69.381343,27.2,1.1,50.58,213.6,0.3138,75.8,40.5,3.91,1,0.3742
2026-05-17,2026-05-11 17:17:10,S0427,Mirzo Ulug'bek,41.317747,69.381343,24.9,0.0,50.41,216.7,0.1534,80.3,40.0,3.84,1,0.3742
2026-05-18,2026-05-11 17:17:10,S0427,Mirzo Ulug'bek,41.317747,69.381343,24.9,0.0,50.46,210.1,0.402,76.7,47.6,3.93,1,0.3742
2026-05-12,2026-05-11 17:17:10,S0428,Mirzo Ulug'bek,41.340398,69.333666,37.3,6.4,50.33,224.1,0.2215,79.2,67.3,2.99,1,0.3835
2026-05-13,2026-05-11 17:17:10,S0428,Mirzo Ulug'bek,41.340398,69.333666,40.1,5.8,50.42,229.2,0.3058,78.1,64.4,2.86,1,0.3835
2026-05-14,2026-05-11 17:17:10,S0428,Mirzo Ulug'bek,41.340398,69.333666,38.5,4.6,50.21,228.0,0.3755,77.0,54.5,2.76,1,0.3835
2026-05-15,2026-05-11 17:17:10,S0428,Mirzo Ulug'bek,41.340398,69.333666,39.3,1.3,50.45,225.0,0.2701,76.1,64.4,2.46,1,0.3835
2026-05-16,2026-05-11 17:17:10,S0428,Mirzo Ulug'bek,41.340398,69.333666,42.7,3.9,50.32,223.8,0.2894,75.1,48.6,2.18,1,0.3835
2026-05-17,2026-05-11 17:17:10,S0428,Mirzo Ulug'bek,41.340398,69.333666,42.4,1.5,50.56,224.7,0.3495,80.5,43.6,2.3,1,0.3835
2026-05-18,2026-05-11 17:17:10,S0428,Mirzo Ulug'bek,41.340398,69.333666,42.0,1.8,50.33,224.9,0.3604,77.5,56.8,1.9,1,0.3835
2026-05-12,2026-05-11 17:17:10,S0429,Mirzo Ulug'bek,41.376624,69.386707,37.9,6.5,50.07,216.1,0.544,82.8,46.7,4.11,1,0.3824
2026-05-13,2026-05-11 17:17:10,S0429,Mirzo Ulug'bek,41.376624,69.386707,37.9,7.5,50.28,220.6,0.2843,81.4,67.7,4.04,1,0.3824
2026-05-14,2026-05-11 17:17:10,S0429,Mirzo Ulug'bek,41.376624,69.386707,38.8,8.6,50.16,215.1,0.2304,82.7,48.9,4.35,1,0.3824
2026-05-15,2026-05-11 17:17:10,S0429,Mirzo Ulug'bek,41.376624,69.386707,40.7,9.7,50.1,214.5,0.4206,85.0,56.2,4.02,1,0.3824
2026-05-16,2026-05-11 17:17:10,S0429,Mirzo Ulug'bek,41.376624,69.386707,36.9,10.5,50.09,212.8,0.4468,78.5,54.5,4.07,1,0.3824
2026-05-17,2026-05-11 17:17:10,S0429,Mirzo Ulug'bek,41.376624,69.386707,38.9,10.8,50.2,212.7,0.4386,81.8,64.1,4.25,1,0.3824
2026-05-18,2026-05-11 17:17:10,S0429,Mirzo Ulug'bek,41.376624,69.386707,41.4,10.2,50.1,208.7,0.223,81.0,58.7,4.58,1,0.3824
2026-05-12,2026-05-11 17:17:10,S0430,Mirzo Ulug'bek,41.327265,69.344507,40.5,5.5,50.21,221.9,1.1877,86.0,76.2,3.89,1,0.3834
2026-05-13,2026-05-11 17:17:10,S0430,Mirzo Ulug'bek,41.327265,69.344507,40.3,5.6,50.24,221.4,1.1401,82.7,75.7,3.74,1,0.3834
2026-05-14,2026-05-11 17:17:10,S0430,Mirzo Ulug'bek,41.327265,69.344507,39.1,5.9,50.25,221.2,0.9949,83.7,64.7,4.2,1,0.3834
2026-05-15,2026-05-11 17:17:10,S0430,Mirzo Ulug'bek,41.327265,69.344507,39.5,6.9,50.3,216.7,1.1494,80.3,68.3,4.07,1,0.3834
2026-05-16,2026-05-11 17:17:10,S0430,Mirzo Ulug'bek,41.327265,69.344507,36.3,6.2,50.22,217.9,1.2691,81.6,63.6,3.96,1,0.3834
2026-05-17,2026-05-11 17:17:10,S0430,Mirzo Ulug'bek,41.327265,69.344507,38.1,6.7,50.28,220.4,1.282,85.8,60.0,4.47,1,0.3834
2026-05-18,2026-05-11 17:17:10,S0430,Mirzo Ulug'bek,41.327265,69.344507,41.5,5.8,50.33,217.5,1.2142,85.0,57.8,4.36,1,0.3834
2026-05-12,2026-05-11 17:17:10,S0431,Mirzo Ulug'bek,41.307508,69.391851,34.9,8.4,49.8,214.6,0.3404,95.1,70.5,4.14,0,0.0227
2026-05-13,2026-05-11 17:17:10,S0431,Mirzo Ulug'bek,41.307508,69.391851,35.6,10.7,49.89,218.5,0.1413,91.8,63.5,4.09,0,0.0227
2026-05-14,2026-05-11 17:17:10,S0431,Mirzo Ulug'bek,41.307508,69.391851,34.1,10.5,49.92,214.6,0.2638,94.4,74.4,3.9,0,0.0227
2026-05-15,2026-05-11 17:17:10,S0431,Mirzo Ulug'bek,41.307508,69.391851,37.9,9.2,49.67,217.1,0.2874,94.4,69.4,4.56,0,0.0227
2026-05-16,2026-05-11 17:17:10,S0431,Mirzo Ulug'bek,41.307508,69.391851,36.2,11.7,49.89,220.9,0.251,95.1,69.2,4.0,0,0.0227
2026-05-17,2026-05-11 17:17:10,S0431,Mirzo Ulug'bek,41.307508,69.391851,32.3,11.8,50.07,220.5,0.3014,92.7,72.9,4.3,0,0.0227
2026-05-18,2026-05-11 17:17:10,S0431,Mirzo Ulug'bek,41.307508,69.391851,32.9,11.5,49.92,220.1,0.2991,93.1,70.1,4.1,0,0.0227
2026-05-12,2026-05-11 17:17:10,S0432,Mirzo Ulug'bek,41.323844,69.370027,40.7,12.1,50.13,224.2,0.5601,90.1,76.0,3.15,1,0.376
2026-05-13,2026-05-11 17:17:10,S0432,Mirzo Ulug'bek,41.323844,69.370027,37.0,11.0,50.11,218.4,0.7071,85.5,65.4,3.59,0,0.026
2026-05-14,2026-05-11 17:17:10,S0432,Mirzo Ulug'bek,41.323844,69.370027,38.1,12.1,50.14,222.2,0.6032,92.5,71.5,3.37,0,0.026
2026-05-15,2026-05-11 17:17:10,S0432,Mirzo Ulug'bek,41.323844,69.370027,41.9,11.6,50.2,224.6,0.6068,83.8,70.4,3.35,1,0.376
2026-05-16,2026-05-11 17:17:10,S0432,Mirzo Ulug'bek,41.323844,69.370027,40.0,13.3,49.9,216.2,0.6016,86.0,74.3,3.42,0,0.026
2026-05-17,2026-05-11 17:17:10,S0432,Mirzo Ulug'bek,41.323844,69.370027,39.5,11.8,49.97,225.6,0.6923,86.4,68.5,3.65,0,0.026
2026-05-18,2026-05-11 17:17:10,S0432,Mirzo Ulug'bek,41.323844,69.370027,38.1,10.2,49.99,224.4,0.6262,83.5,69.6,4.31,1,0.376
2026-05-12,2026-05-11 17:17:10,S0433,Mirzo Ulug'bek,41.316635,69.396055,39.5,9.2,49.42,219.8,0.6342,89.5,47.1,5.12,1,0.372
2026-05-13,2026-05-11 17:17:10,S0433,Mirzo Ulug'bek,41.316635,69.396055,39.3,6.9,49.38,224.7,0.6557,87.8,51.5,5.09,1,0.372
2026-05-14,2026-05-11 17:17:10,S0433,Mirzo Ulug'bek,41.316635,69.396055,35.7,8.1,49.33,226.2,0.5622,91.2,53.4,4.91,1,0.372
2026-05-15,2026-05-11 17:17:10,S0433,Mirzo Ulug'bek,41.316635,69.396055,37.8,6.6,49.2,229.1,0.6193,90.0,59.4,4.96,1,0.372
2026-05-16,2026-05-11 17:17:10,S0433,Mirzo Ulug'bek,41.316635,69.396055,36.7,6.3,49.12,228.1,0.5831,89.5,61.4,5.11,1,0.372
2026-05-17,2026-05-11 17:17:10,S0433,Mirzo Ulug'bek,41.316635,69.396055,39.1,6.0,49.16,233.1,0.565,88.9,49.4,4.83,1,0.372
2026-05-18,2026-05-11 17:17:10,S0433,Mirzo Ulug'bek,41.316635,69.396055,36.5,5.8,48.98,230.4,0.6584,90.3,55.2,5.25,2,0.722
2026-05-12,2026-05-11 17:17:10,S0434,Mirzo Ulug'bek,41.35642,69.391392,30.8,6.7,50.1,212.8,0.4774,88.7,77.7,4.78,0,0.0344
2026-05-13,2026-05-11 17:17:10,S0434,Mirzo Ulug'bek,41.35642,69.391392,30.3,6.1,50.02,216.2,0.6415,89.1,66.6,4.85,0,0.0344
2026-05-14,2026-05-11 17:17:10,S0434,Mirzo Ulug'bek,41.35642,69.391392,31.8,5.7,50.0,214.3,0.5743,83.9,68.6,5.0,1,0.3844
2026-05-15,2026-05-11 17:17:10,S0434,Mirzo Ulug'bek,41.35642,69.391392,28.9,6.6,50.01,218.0,0.564,89.0,63.7,4.77,0,0.0344
2026-05-16,2026-05-11 17:17:10,S0434,Mirzo Ulug'bek,41.35642,69.391392,29.4,4.2,49.92,217.3,0.5019,86.8,75.1,5.29,1,0.3844
2026-05-17,2026-05-11 17:17:10,S0434,Mirzo Ulug'bek,41.35642,69.391392,30.3,2.9,50.2,218.9,0.6102,90.6,68.1,4.73,0,0.0344
2026-05-18,2026-05-11 17:17:10,S0434,Mirzo Ulug'bek,41.35642,69.391392,27.1,2.4,50.03,216.5,0.5924,87.4,65.2,5.24,1,0.3844
2026-05-12,2026-05-11 17:17:10,S0435,Mirzo Ulug'bek,41.351003,69.383552,35.1,11.7,50.08,228.4,0.6869,94.8,93.4,1.99,1,0.3827
2026-05-13,2026-05-11 17:17:10,S0435,Mirzo Ulug'bek,41.351003,69.383552,35.4,10.2,49.92,227.0,0.6722,93.9,81.4,2.23,0,0.0327
2026-05-14,2026-05-11 17:17:10,S0435,Mirzo Ulug'bek,41.351003,69.383552,35.9,11.4,50.18,227.0,0.7481,94.4,92.4,2.13,1,0.3827
2026-05-15,2026-05-11 17:17:10,S0435,Mirzo Ulug'bek,41.351003,69.383552,32.7,13.2,49.92,226.1,0.6087,95.2,85.7,1.62,0,0.0327
2026-05-16,2026-05-11 17:17:10,S0435,Mirzo Ulug'bek,41.351003,69.383552,31.4,11.8,49.84,223.8,0.7541,92.9,89.0,1.4,0,0.0327
2026-05-17,2026-05-11 17:17:10,S0435,Mirzo Ulug'bek,41.351003,69.383552,34.8,13.4,49.92,225.8,0.9699,96.3,85.6,2.02,0,0.0327
2026-05-18,2026-05-11 17:17:10,S0435,Mirzo Ulug'bek,41.351003,69.383552,34.2,10.2,49.92,225.2,0.8295,92.7,89.5,1.58,0,0.0327
2026-05-12,2026-05-11 17:17:10,S0436,Mirzo Ulug'bek,41.37393,69.359231,32.9,8.0,49.96,219.1,0.6285,72.9,76.2,3.83,2,0.7337
2026-05-13,2026-05-11 17:17:10,S0436,Mirzo Ulug'bek,41.37393,69.359231,32.7,7.1,49.79,222.6,0.6614,75.1,73.9,3.89,1,0.3837
2026-05-14,2026-05-11 17:17:10,S0436,Mirzo Ulug'bek,41.37393,69.359231,35.5,7.7,49.85,218.4,0.5503,74.2,70.0,4.1,2,0.7337
2026-05-15,2026-05-11 17:17:10,S0436,Mirzo Ulug'bek,41.37393,69.359231,36.3,8.0,49.74,220.4,0.5245,77.0,75.4,3.93,1,0.3837
2026-05-16,2026-05-11 17:17:10,S0436,Mirzo Ulug'bek,41.37393,69.359231,37.1,6.3,49.66,221.9,0.5456,73.6,69.5,3.57,2,0.7337
2026-05-17,2026-05-11 17:17:10,S0436,Mirzo Ulug'bek,41.37393,69.359231,38.6,8.6,49.66,224.1,0.4395,77.4,73.4,4.04,1,0.3837
2026-05-18,2026-05-11 17:17:10,S0436,Mirzo Ulug'bek,41.37393,69.359231,41.4,5.6,49.69,220.4,0.5463,74.4,62.1,3.61,2,0.7337
2026-05-12,2026-05-11 17:17:10,S0437,Mirzo Ulug'bek,41.391677,69.357861,14.7,8.3,50.01,205.8,0.7439,80.8,68.4,3.75,1,0.3735
2026-05-13,2026-05-11 17:17:10,S0437,Mirzo Ulug'bek,41.391677,69.357861,15.5,8.0,49.81,202.2,0.4881,80.6,77.1,3.0,1,0.3735
2026-05-14,2026-05-11 17:17:10,S0437,Mirzo Ulug'bek,41.391677,69.357861,15.2,7.9,49.69,205.1,0.566,84.6,80.9,3.15,1,0.3735
2026-05-15,2026-05-11 17:17:10,S0437,Mirzo Ulug'bek,41.391677,69.357861,16.9,8.9,49.73,201.1,0.5057,80.6,82.0,2.77,1,0.3735
2026-05-16,2026-05-11 17:17:10,S0437,Mirzo Ulug'bek,41.391677,69.357861,13.6,7.6,49.87,201.3,0.5404,84.7,86.3,3.07,1,0.3735
2026-05-17,2026-05-11 17:17:10,S0437,Mirzo Ulug'bek,41.391677,69.357861,14.9,8.6,49.67,200.6,0.4995,85.0,76.8,3.5,1,0.3735
2026-05-18,2026-05-11 17:17:10,S0437,Mirzo Ulug'bek,41.391677,69.357861,14.5,8.8,49.78,202.5,0.4326,84.3,86.1,3.01,1,0.3735
2026-05-12,2026-05-11 17:17:10,S0438,Mirzo Ulug'bek,41.340838,69.380773,37.9,5.6,50.23,220.6,0.7665,83.0,68.0,3.28,1,0.379
2026-05-13,2026-05-11 17:17:10,S0438,Mirzo Ulug'bek,41.340838,69.380773,36.8,3.9,50.27,224.6,0.7971,82.2,65.3,3.69,1,0.379
2026-05-14,2026-05-11 17:17:10,S0438,Mirzo Ulug'bek,41.340838,69.380773,35.2,2.1,50.19,230.4,0.8742,81.5,79.8,3.74,1,0.379
2026-05-15,2026-05-11 17:17:10,S0438,Mirzo Ulug'bek,41.340838,69.380773,38.0,3.6,50.25,226.4,0.9646,81.1,71.9,4.43,1,0.379
2026-05-16,2026-05-11 17:17:10,S0438,Mirzo Ulug'bek,41.340838,69.380773,35.0,3.5,50.19,228.1,1.0111,81.7,77.1,3.92,1,0.379
2026-05-17,2026-05-11 17:17:10,S0438,Mirzo Ulug'bek,41.340838,69.380773,34.6,4.5,50.18,228.8,1.0241,82.3,74.7,4.64,1,0.379
2026-05-18,2026-05-11 17:17:10,S0438,Mirzo Ulug'bek,41.340838,69.380773,35.6,1.2,50.34,228.8,0.9868,77.5,82.9,3.64,1,0.379
2026-05-12,2026-05-11 17:17:10,S0439,Mirzo Ulug'bek,41.327781,69.382477,40.2,8.1,49.9,222.5,0.511,87.8,53.0,3.64,1,0.3797
2026-05-13,2026-05-11 17:17:10,S0439,Mirzo Ulug'bek,41.327781,69.382477,35.7,8.8,49.79,226.8,0.4672,88.2,65.7,3.46,0,0.0297
2026-05-14,2026-05-11 17:17:10,S0439,Mirzo Ulug'bek,41.327781,69.382477,37.6,7.4,49.73,225.2,0.3613,89.4,62.0,3.52,0,0.0297
2026-05-15,2026-05-11 17:17:10,S0439,Mirzo Ulug'bek,41.327781,69.382477,35.9,8.1,49.8,223.2,0.4788,85.3,71.4,3.74,0,0.0297
2026-05-16,2026-05-11 17:17:10,S0439,Mirzo Ulug'bek,41.327781,69.382477,38.3,8.1,49.78,224.2,0.5859,87.1,65.3,3.81,0,0.0297
2026-05-17,2026-05-11 17:17:10,S0439,Mirzo Ulug'bek,41.327781,69.382477,39.1,7.0,49.84,225.8,0.5068,84.7,71.3,3.37,1,0.3797
2026-05-18,2026-05-11 17:17:10,S0439,Mirzo Ulug'bek,41.327781,69.382477,39.0,6.1,49.81,230.7,0.6753,87.2,67.5,4.01,1,0.3797
2026-05-12,2026-05-11 17:17:10,S0440,Mirzo Ulug'bek,41.314728,69.334159,35.2,7.2,50.49,232.0,0.5784,89.3,56.7,2.04,1,0.3763
2026-05-13,2026-05-11 17:17:10,S0440,Mirzo Ulug'bek,41.314728,69.334159,33.8,6.5,50.61,231.7,0.3197,88.0,68.5,2.12,1,0.3763
2026-05-14,2026-05-11 17:17:10,S0440,Mirzo Ulug'bek,41.314728,69.334159,34.7,9.0,50.59,231.1,0.3953,88.8,63.1,1.53,1,0.3763
2026-05-15,2026-05-11 17:17:10,S0440,Mirzo Ulug'bek,41.314728,69.334159,32.2,8.0,50.53,227.9,0.4014,88.1,60.0,1.91,1,0.3763
2026-05-16,2026-05-11 17:17:10,S0440,Mirzo Ulug'bek,41.314728,69.334159,31.0,9.4,50.69,232.6,0.3738,87.4,63.4,1.75,1,0.3763
2026-05-17,2026-05-11 17:17:10,S0440,Mirzo Ulug'bek,41.314728,69.334159,28.6,11.0,50.57,223.7,0.4395,90.6,60.1,2.06,1,0.3763
2026-05-18,2026-05-11 17:17:10,S0440,Mirzo Ulug'bek,41.314728,69.334159,29.6,10.5,50.6,227.6,0.3644,86.7,65.3,1.65,1,0.3763
2026-05-12,2026-05-11 17:17:10,S0441,Mirzo Ulug'bek,41.360986,69.344131,20.9,6.5,50.52,224.6,0.76,90.1,35.2,4.26,1,0.3678
2026-05-13,2026-05-11 17:17:10,S0441,Mirzo Ulug'bek,41.360986,69.344131,21.6,7.1,50.66,223.8,0.8801,90.6,39.2,4.53,1,0.3678
2026-05-14,2026-05-11 17:17:10,S0441,Mirzo Ulug'bek,41.360986,69.344131,25.2,8.2,51.0,223.6,0.8041,89.2,33.8,4.48,1,0.3678
2026-05-15,2026-05-11 17:17:10,S0441,Mirzo Ulug'bek,41.360986,69.344131,22.5,7.7,50.71,222.5,0.968,92.3,35.0,4.48,1,0.3678
2026-05-16,2026-05-11 17:17:10,S0441,Mirzo Ulug'bek,41.360986,69.344131,21.5,8.9,50.77,224.5,0.8348,89.6,25.5,4.48,1,0.3678
2026-05-17,2026-05-11 17:17:10,S0441,Mirzo Ulug'bek,41.360986,69.344131,22.1,9.6,50.93,223.5,0.9146,90.0,32.8,4.94,1,0.3678
2026-05-18,2026-05-11 17:17:10,S0441,Mirzo Ulug'bek,41.360986,69.344131,21.3,7.9,50.79,221.7,1.0298,94.3,31.6,4.84,1,0.3678
2026-05-12,2026-05-11 17:17:10,S0442,Mirzo Ulug'bek,41.314844,69.353681,30.5,2.8,50.18,215.8,0.3865,91.7,85.3,2.52,0,0.0318
2026-05-13,2026-05-11 17:17:10,S0442,Mirzo Ulug'bek,41.314844,69.353681,30.2,0.0,50.1,220.2,0.4363,94.2,76.7,2.29,0,0.0318
2026-05-14,2026-05-11 17:17:10,S0442,Mirzo Ulug'bek,41.314844,69.353681,25.5,0.0,50.26,211.1,0.2892,95.5,80.6,2.51,0,0.0318
2026-05-15,2026-05-11 17:17:10,S0442,Mirzo Ulug'bek,41.314844,69.353681,25.0,0.0,50.23,216.3,0.3817,92.4,87.3,2.42,0,0.0318
2026-05-16,2026-05-11 17:17:10,S0442,Mirzo Ulug'bek,41.314844,69.353681,27.5,0.0,50.36,221.5,0.2449,89.1,76.3,2.04,0,0.0318
2026-05-17,2026-05-11 17:17:10,S0442,Mirzo Ulug'bek,41.314844,69.353681,27.8,0.2,50.07,216.9,0.2209,92.9,87.0,2.48,0,0.0318
2026-05-18,2026-05-11 17:17:10,S0442,Mirzo Ulug'bek,41.314844,69.353681,25.9,0.0,50.39,219.1,0.2032,98.4,74.1,2.29,0,0.0318
2026-05-12,2026-05-11 17:17:10,S0443,Mirzo Ulug'bek,41.363222,69.347049,34.3,3.6,50.07,215.8,0.9824,88.0,45.8,3.5,0,0.0315
2026-05-13,2026-05-11 17:17:10,S0443,Mirzo Ulug'bek,41.363222,69.347049,37.8,4.3,50.25,220.9,1.0597,84.7,48.4,4.1,1,0.3815
2026-05-14,2026-05-11 17:17:10,S0443,Mirzo Ulug'bek,41.363222,69.347049,36.5,5.1,50.12,218.0,1.1695,87.4,44.3,3.67,1,0.3815
2026-05-15,2026-05-11 17:17:10,S0443,Mirzo Ulug'bek,41.363222,69.347049,40.5,4.3,50.09,215.9,1.0663,87.3,49.1,3.8,1,0.3815
2026-05-16,2026-05-11 17:17:10,S0443,Mirzo Ulug'bek,41.363222,69.347049,37.0,3.0,49.97,220.4,1.063,85.3,45.5,3.83,1,0.3815
2026-05-17,2026-05-11 17:17:10,S0443,Mirzo Ulug'bek,41.363222,69.347049,35.0,3.7,50.09,222.7,1.2239,85.3,41.8,4.16,1,0.3815
2026-05-18,2026-05-11 17:17:10,S0443,Mirzo Ulug'bek,41.363222,69.347049,35.4,2.2,50.08,224.3,1.2392,85.7,41.3,3.81,1,0.3815
2026-05-12,2026-05-11 17:17:10,S0444,Mirzo Ulug'bek,41.353656,69.333594,37.7,3.3,49.35,231.7,0.232,87.4,48.9,2.13,1,0.3841
2026-05-13,2026-05-11 17:17:10,S0444,Mirzo Ulug'bek,41.353656,69.333594,36.7,1.3,49.17,231.1,0.1993,86.9,59.8,3.03,1,0.3841
2026-05-14,2026-05-11 17:17:10,S0444,Mirzo Ulug'bek,41.353656,69.333594,36.8,0.0,49.29,234.1,0.2025,85.7,62.5,2.35,1,0.3841
2026-05-15,2026-05-11 17:17:10,S0444,Mirzo Ulug'bek,41.353656,69.333594,35.1,0.0,49.0,230.1,0.2041,85.2,56.0,2.86,1,0.3841
2026-05-16,2026-05-11 17:17:10,S0444,Mirzo Ulug'bek,41.353656,69.333594,40.1,0.1,48.92,234.0,0.3247,82.6,58.0,2.71,2,0.7341
2026-05-17,2026-05-11 17:17:10,S0444,Mirzo Ulug'bek,41.353656,69.333594,35.8,0.2,48.92,233.0,0.2614,82.8,57.9,2.63,2,0.7341
2026-05-18,2026-05-11 17:17:10,S0444,Mirzo Ulug'bek,41.353656,69.333594,40.2,0.0,48.9,237.0,0.3458,82.2,47.2,2.83,2,0.7341
2026-05-12,2026-05-11 17:17:10,S0445,Mirzo Ulug'bek,41.364762,69.341853,39.2,8.8,50.42,215.3,0.01,90.0,63.8,3.33,0,0.0215
2026-05-13,2026-05-11 17:17:10,S0445,Mirzo Ulug'bek,41.364762,69.341853,39.8,9.3,50.14,213.4,0.0944,92.0,78.0,3.13,0,0.0215
2026-05-14,2026-05-11 17:17:10,S0445,Mirzo Ulug'bek,41.364762,69.341853,38.9,8.8,50.08,217.9,0.1813,90.3,70.0,3.35,0,0.0215
2026-05-15,2026-05-11 17:17:10,S0445,Mirzo Ulug'bek,41.364762,69.341853,38.6,7.5,50.19,214.6,0.1368,89.5,73.8,3.33,0,0.0215
2026-05-16,2026-05-11 17:17:10,S0445,Mirzo Ulug'bek,41.364762,69.341853,38.0,9.4,50.18,216.1,0.1869,92.4,74.2,3.29,0,0.0215
2026-05-17,2026-05-11 17:17:10,S0445,Mirzo Ulug'bek,41.364762,69.341853,41.7,6.0,50.07,213.4,0.083,89.0,73.3,3.45,1,0.3715
2026-05-18,2026-05-11 17:17:10,S0445,Mirzo Ulug'bek,41.364762,69.341853,40.1,8.6,49.87,219.7,0.2929,84.9,71.3,3.44,1,0.3715
2026-05-12,2026-05-11 17:17:10,S0446,Mirzo Ulug'bek,41.31754,69.376311,48.0,7.9,49.83,218.0,0.688,85.3,73.6,3.97,2,0.7262
2026-05-13,2026-05-11 17:17:10,S0446,Mirzo Ulug'bek,41.31754,69.376311,46.4,7.3,49.81,220.0,0.8581,84.2,85.9,4.05,2,0.7262
2026-05-14,2026-05-11 17:17:10,S0446,Mirzo Ulug'bek,41.31754,69.376311,47.1,5.2,49.86,219.7,0.6948,81.4,77.9,2.94,2,0.7262
2026-05-15,2026-05-11 17:17:10,S0446,Mirzo Ulug'bek,41.31754,69.376311,47.7,4.7,49.89,221.2,0.7955,83.6,75.9,4.42,2,0.7262
2026-05-16,2026-05-11 17:17:10,S0446,Mirzo Ulug'bek,41.31754,69.376311,49.7,4.6,49.74,222.3,0.7333,83.7,77.0,3.83,2,0.7262
2026-05-17,2026-05-11 17:17:10,S0446,Mirzo Ulug'bek,41.31754,69.376311,50.9,6.9,49.93,223.8,0.8022,84.1,79.4,4.54,2,0.7262
2026-05-18,2026-05-11 17:17:10,S0446,Mirzo Ulug'bek,41.31754,69.376311,47.4,6.2,49.94,223.5,0.7369,86.5,79.5,4.53,2,0.7262
2026-05-12,2026-05-11 17:17:10,S0447,Mirzo Ulug'bek,41.352278,69.358508,38.3,11.5,49.41,200.2,0.1765,89.4,60.4,4.06,1,0.3707
2026-05-13,2026-05-11 17:17:10,S0447,Mirzo Ulug'bek,41.352278,69.358508,40.8,11.9,49.36,195.0,0.3138,81.7,65.7,4.21,2,0.7207
2026-05-14,2026-05-11 17:17:10,S0447,Mirzo Ulug'bek,41.352278,69.358508,38.4,12.2,49.34,195.4,0.4575,87.1,66.2,3.9,2,0.7207
2026-05-15,2026-05-11 17:17:10,S0447,Mirzo Ulug'bek,41.352278,69.358508,39.8,14.4,49.39,195.0,0.4947,85.5,56.2,4.28,2,0.7207
2026-05-16,2026-05-11 17:17:10,S0447,Mirzo Ulug'bek,41.352278,69.358508,36.7,12.7,48.98,196.2,0.3776,87.3,55.3,4.0,2,0.7207
2026-05-17,2026-05-11 17:17:10,S0447,Mirzo Ulug'bek,41.352278,69.358508,41.3,13.3,49.09,195.0,0.3987,84.7,57.0,3.83,2,0.7207
2026-05-18,2026-05-11 17:17:10,S0447,Mirzo Ulug'bek,41.352278,69.358508,36.3,13.2,49.01,195.0,0.5103,85.7,59.3,4.3,2,0.7207
2026-05-12,2026-05-11 17:17:10,S0448,Mirzo Ulug'bek,41.355619,69.377022,25.7,11.2,49.64,219.8,0.6278,85.8,86.6,3.66,0,0.0254
2026-05-13,2026-05-11 17:17:10,S0448,Mirzo Ulug'bek,41.355619,69.377022,26.4,10.4,49.57,219.3,0.7284,86.7,82.2,3.8,0,0.0254
2026-05-14,2026-05-11 17:17:10,S0448,Mirzo Ulug'bek,41.355619,69.377022,23.4,11.6,49.49,219.5,0.7898,87.7,86.4,3.42,1,0.3754
2026-05-15,2026-05-11 17:17:10,S0448,Mirzo Ulug'bek,41.355619,69.377022,27.0,12.1,49.49,217.4,0.7906,87.7,93.3,3.6,1,0.3754
2026-05-16,2026-05-11 17:17:10,S0448,Mirzo Ulug'bek,41.355619,69.377022,25.9,12.3,49.35,222.6,0.8074,89.5,90.8,3.49,1,0.3754
2026-05-17,2026-05-11 17:17:10,S0448,Mirzo Ulug'bek,41.355619,69.377022,22.8,12.8,49.33,220.9,0.727,87.4,94.3,3.36,1,0.3754
2026-05-18,2026-05-11 17:17:10,S0448,Mirzo Ulug'bek,41.355619,69.377022,23.1,12.6,49.16,222.9,0.7948,87.5,84.1,3.31,1,0.3754
2026-05-12,2026-05-11 17:17:10,S0449,Mirzo Ulug'bek,41.323459,69.368043,24.4,13.1,50.28,213.3,0.233,77.6,59.8,4.61,1,0.3818
2026-05-13,2026-05-11 17:17:10,S0449,Mirzo Ulug'bek,41.323459,69.368043,23.0,11.4,50.2,219.0,0.181,78.5,68.2,5.0,1,0.3818
2026-05-14,2026-05-11 17:17:10,S0449,Mirzo Ulug'bek,41.323459,69.368043,21.6,10.4,50.0,217.7,0.26,78.1,56.5,5.06,1,0.3818
2026-05-15,2026-05-11 17:17:10,S0449,Mirzo Ulug'bek,41.323459,69.368043,20.7,12.8,49.87,217.9,0.1187,76.6,62.7,4.81,1,0.3818
2026-05-16,2026-05-11 17:17:10,S0449,Mirzo Ulug'bek,41.323459,69.368043,16.8,11.2,49.86,217.3,0.1493,74.9,60.8,4.85,2,0.7318
2026-05-17,2026-05-11 17:17:10,S0449,Mirzo Ulug'bek,41.323459,69.368043,20.8,11.5,49.86,216.0,0.2414,75.5,55.9,5.49,1,0.3818
2026-05-18,2026-05-11 17:17:10,S0449,Mirzo Ulug'bek,41.323459,69.368043,14.3,10.6,49.92,221.5,0.0384,75.5,56.6,5.74,2,0.7318
2026-05-12,2026-05-11 17:17:10,S0450,Mirzo Ulug'bek,41.314173,69.346638,46.9,7.4,50.26,209.4,0.5413,89.0,51.4,2.53,2,0.7239
2026-05-13,2026-05-11 17:17:10,S0450,Mirzo Ulug'bek,41.314173,69.346638,45.7,8.7,50.11,212.6,0.3612,87.1,59.4,2.17,2,0.7239
2026-05-14,2026-05-11 17:17:10,S0450,Mirzo Ulug'bek,41.314173,69.346638,42.5,8.9,50.2,214.4,0.4631,85.0,53.2,2.57,1,0.3739
2026-05-15,2026-05-11 17:17:10,S0450,Mirzo Ulug'bek,41.314173,69.346638,43.1,10.5,50.23,213.8,0.4249,86.2,52.4,2.44,1,0.3739
2026-05-16,2026-05-11 17:17:10,S0450,Mirzo Ulug'bek,41.314173,69.346638,41.3,11.1,50.21,214.8,0.4249,86.3,56.0,2.76,1,0.3739
2026-05-17,2026-05-11 17:17:10,S0450,Mirzo Ulug'bek,41.314173,69.346638,44.1,10.9,50.18,212.6,0.4396,83.8,55.4,2.41,1,0.3739
2026-05-18,2026-05-11 17:17:10,S0450,Mirzo Ulug'bek,41.314173,69.346638,39.8,12.4,50.19,216.1,0.3365,86.5,68.3,2.54,0,0.0239
2026-05-12,2026-05-11 17:17:10,S0451,Mirzo Ulug'bek,41.372292,69.332699,44.9,10.5,49.77,216.9,0.5948,94.2,60.6,3.93,1,0.3867
2026-05-13,2026-05-11 17:17:10,S0451,Mirzo Ulug'bek,41.372292,69.332699,44.8,10.1,49.81,216.5,0.5545,96.8,64.2,3.95,1,0.3867
2026-05-14,2026-05-11 17:17:10,S0451,Mirzo Ulug'bek,41.372292,69.332699,43.4,9.8,49.97,209.2,0.5819,95.3,56.6,3.42,1,0.3867
2026-05-15,2026-05-11 17:17:10,S0451,Mirzo Ulug'bek,41.372292,69.332699,42.2,10.8,50.1,216.3,0.6491,96.4,69.6,4.04,1,0.3867
2026-05-16,2026-05-11 17:17:10,S0451,Mirzo Ulug'bek,41.372292,69.332699,44.5,10.5,49.84,216.5,0.6131,96.5,60.1,3.65,1,0.3867
2026-05-17,2026-05-11 17:17:10,S0451,Mirzo Ulug'bek,41.372292,69.332699,43.7,13.1,49.85,213.8,0.6575,100.0,64.0,3.59,1,0.3867
2026-05-18,2026-05-11 17:17:10,S0451,Mirzo Ulug'bek,41.372292,69.332699,38.5,9.4,49.71,217.6,0.5336,97.0,61.8,3.49,0,0.0367
2026-05-12,2026-05-11 17:17:10,S0452,Mirzo Ulug'bek,41.353279,69.389979,37.2,12.4,50.61,201.0,0.6415,93.1,70.3,3.94,1,0.379
2026-05-13,2026-05-11 17:17:10,S0452,Mirzo Ulug'bek,41.353279,69.389979,32.8,14.2,50.48,204.4,0.7263,87.6,70.2,4.25,1,0.379
2026-05-14,2026-05-11 17:17:10,S0452,Mirzo Ulug'bek,41.353279,69.389979,30.4,14.4,50.35,202.5,0.621,91.0,74.0,4.4,1,0.379
2026-05-15,2026-05-11 17:17:10,S0452,Mirzo Ulug'bek,41.353279,69.389979,31.3,16.3,50.38,199.8,0.6457,90.0,77.0,4.02,2,0.729
2026-05-16,2026-05-11 17:17:10,S0452,Mirzo Ulug'bek,41.353279,69.389979,32.5,16.4,50.42,198.8,0.6451,90.3,73.9,4.49,2,0.729
2026-05-17,2026-05-11 17:17:10,S0452,Mirzo Ulug'bek,41.353279,69.389979,27.1,16.1,50.35,198.2,0.6431,89.6,73.9,4.37,2,0.729
2026-05-18,2026-05-11 17:17:10,S0452,Mirzo Ulug'bek,41.353279,69.389979,28.9,17.9,50.25,203.5,0.5645,86.6,80.8,4.18,1,0.379
2026-05-12,2026-05-11 17:17:10,S0453,Mirzo Ulug'bek,41.355219,69.341249,38.2,8.2,50.05,202.4,0.3374,88.0,65.4,3.1,1,0.3866
2026-05-13,2026-05-11 17:17:10,S0453,Mirzo Ulug'bek,41.355219,69.341249,38.8,9.2,50.31,201.0,0.1971,88.8,69.1,3.19,1,0.3866
2026-05-14,2026-05-11 17:17:10,S0453,Mirzo Ulug'bek,41.355219,69.341249,40.2,8.1,50.23,197.4,0.3151,91.0,70.9,2.69,2,0.7366
2026-05-15,2026-05-11 17:17:10,S0453,Mirzo Ulug'bek,41.355219,69.341249,39.8,6.3,50.22,198.7,0.4213,86.8,69.3,2.51,2,0.7366
2026-05-16,2026-05-11 17:17:10,S0453,Mirzo Ulug'bek,41.355219,69.341249,36.4,7.1,50.37,200.2,0.4707,88.5,64.5,2.32,1,0.3866
2026-05-17,2026-05-11 17:17:10,S0453,Mirzo Ulug'bek,41.355219,69.341249,41.0,3.8,50.49,199.3,0.6064,87.8,62.9,2.2,2,0.7366
2026-05-18,2026-05-11 17:17:10,S0453,Mirzo Ulug'bek,41.355219,69.341249,36.2,6.1,50.41,201.6,0.6028,90.5,63.5,2.94,1,0.3866
2026-05-12,2026-05-11 17:17:10,S0454,Mirzo Ulug'bek,41.337192,69.35873,32.5,10.4,49.61,222.7,0.398,96.0,76.9,4.03,0,0.0307
2026-05-13,2026-05-11 17:17:10,S0454,Mirzo Ulug'bek,41.337192,69.35873,30.1,8.6,49.64,220.1,0.3771,96.3,81.7,4.64,0,0.0307
2026-05-14,2026-05-11 17:17:10,S0454,Mirzo Ulug'bek,41.337192,69.35873,32.4,11.1,49.52,220.6,0.0515,95.5,82.6,4.07,0,0.0307
2026-05-15,2026-05-11 17:17:10,S0454,Mirzo Ulug'bek,41.337192,69.35873,28.1,10.8,49.64,218.9,0.2338,93.7,76.0,5.0,0,0.0307
2026-05-16,2026-05-11 17:17:10,S0454,Mirzo Ulug'bek,41.337192,69.35873,28.9,13.9,49.4,220.9,0.2309,96.9,78.0,4.77,1,0.3807
2026-05-17,2026-05-11 17:17:10,S0454,Mirzo Ulug'bek,41.337192,69.35873,27.0,10.2,49.52,220.1,0.2287,99.4,70.6,4.3,0,0.0307
2026-05-18,2026-05-11 17:17:10,S0454,Mirzo Ulug'bek,41.337192,69.35873,26.0,12.4,49.77,225.5,0.1779,95.4,73.6,4.31,0,0.0307
2026-05-12,2026-05-11 17:17:10,S0455,Mirzo Ulug'bek,41.339564,69.348197,36.8,3.6,50.12,213.8,0.9455,88.6,58.2,2.82,0,0.0229
2026-05-13,2026-05-11 17:17:10,S0455,Mirzo Ulug'bek,41.339564,69.348197,35.1,5.4,50.23,210.6,0.8966,88.7,61.5,2.57,0,0.0229
2026-05-14,2026-05-11 17:17:10,S0455,Mirzo Ulug'bek,41.339564,69.348197,35.6,2.9,50.21,211.2,0.8488,89.0,62.0,3.3,0,0.0229
2026-05-15,2026-05-11 17:17:10,S0455,Mirzo Ulug'bek,41.339564,69.348197,32.8,4.4,50.33,216.6,0.7993,90.2,51.3,2.68,0,0.0229
2026-05-16,2026-05-11 17:17:10,S0455,Mirzo Ulug'bek,41.339564,69.348197,31.9,4.0,50.4,214.6,0.9347,91.1,52.2,2.1,0,0.0229
2026-05-17,2026-05-11 17:17:10,S0455,Mirzo Ulug'bek,41.339564,69.348197,34.5,4.1,50.3,218.3,0.9348,90.5,67.0,2.71,0,0.0229
2026-05-18,2026-05-11 17:17:10,S0455,Mirzo Ulug'bek,41.339564,69.348197,34.4,3.7,50.25,215.9,1.0243,91.2,57.4,2.37,1,0.3729
2026-05-12,2026-05-11 17:17:10,S0456,Mirzo Ulug'bek,41.368311,69.390032,30.8,2.1,48.35,224.8,0.8463,86.4,53.1,2.53,2,0.7349
2026-05-13,2026-05-11 17:17:10,S0456,Mirzo Ulug'bek,41.368311,69.390032,31.0,3.0,48.29,227.9,0.8741,89.7,46.8,2.31,2,0.7349
2026-05-14,2026-05-11 17:17:10,S0456,Mirzo Ulug'bek,41.368311,69.390032,33.7,1.1,48.53,229.1,0.884,88.5,48.2,2.73,2,0.7349
2026-05-15,2026-05-11 17:17:10,S0456,Mirzo Ulug'bek,41.368311,69.390032,30.9,1.6,48.22,225.3,0.9597,92.2,45.4,2.39,2,0.7349
2026-05-16,2026-05-11 17:17:10,S0456,Mirzo Ulug'bek,41.368311,69.390032,29.4,0.3,48.0,229.3,1.0857,90.0,52.0,2.31,2,0.7349
2026-05-17,2026-05-11 17:17:10,S0456,Mirzo Ulug'bek,41.368311,69.390032,29.9,0.0,48.01,228.2,1.1632,92.2,41.2,2.23,2,0.7349
2026-05-18,2026-05-11 17:17:10,S0456,Mirzo Ulug'bek,41.368311,69.390032,29.7,1.0,48.0,228.3,0.9301,90.9,42.1,2.19,2,0.7349
2026-05-12,2026-05-11 17:17:10,S0457,Mirzo Ulug'bek,41.363069,69.393035,39.9,7.2,50.2,234.6,1.2005,89.5,50.4,4.13,1,0.3852
2026-05-13,2026-05-11 17:17:10,S0457,Mirzo Ulug'bek,41.363069,69.393035,41.6,9.7,50.4,233.6,1.1233,83.8,49.7,3.91,1,0.3852
2026-05-14,2026-05-11 17:17:10,S0457,Mirzo Ulug'bek,41.363069,69.393035,39.5,9.9,50.22,235.0,1.1755,86.9,44.0,3.48,1,0.3852
2026-05-15,2026-05-11 17:17:10,S0457,Mirzo Ulug'bek,41.363069,69.393035,39.4,9.1,50.24,229.4,1.1655,81.1,47.2,4.49,1,0.3852
2026-05-16,2026-05-11 17:17:10,S0457,Mirzo Ulug'bek,41.363069,69.393035,42.3,10.3,50.17,232.8,1.1629,84.2,43.0,4.23,1,0.3852
2026-05-17,2026-05-11 17:17:10,S0457,Mirzo Ulug'bek,41.363069,69.393035,41.6,6.9,50.15,227.8,1.2644,83.1,42.2,4.17,1,0.3852
2026-05-18,2026-05-11 17:17:10,S0457,Mirzo Ulug'bek,41.363069,69.393035,41.4,8.2,50.14,228.4,1.3123,80.1,38.1,4.28,1,0.3852
2026-05-12,2026-05-11 17:17:10,S0458,Mirzo Ulug'bek,41.358872,69.341222,27.3,10.2,50.11,223.2,0.4852,97.8,69.1,2.51,0,0.04
2026-05-13,2026-05-11 17:17:10,S0458,Mirzo Ulug'bek,41.358872,69.341222,31.0,12.1,50.26,219.0,0.3015,96.4,68.2,2.89,0,0.04
2026-05-14,2026-05-11 17:17:10,S0458,Mirzo Ulug'bek,41.358872,69.341222,30.8,12.0,50.19,221.7,0.5,92.0,62.1,2.35,0,0.04
2026-05-15,2026-05-11 17:17:10,S0458,Mirzo Ulug'bek,41.358872,69.341222,33.3,11.9,50.32,225.3,0.3734,95.3,63.0,2.82,0,0.04
2026-05-16,2026-05-11 17:17:10,S0458,Mirzo Ulug'bek,41.358872,69.341222,32.2,11.7,50.32,230.3,0.3442,99.0,68.0,2.63,1,0.39
2026-05-17,2026-05-11 17:17:10,S0458,Mirzo Ulug'bek,41.358872,69.341222,33.1,12.9,50.21,224.5,0.3622,94.6,57.2,2.54,0,0.04
2026-05-18,2026-05-11 17:17:10,S0458,Mirzo Ulug'bek,41.358872,69.341222,28.8,11.0,50.33,225.3,0.2744,96.0,62.5,3.19,0,0.04
2026-05-12,2026-05-11 17:17:10,S0459,Mirzo Ulug'bek,41.392001,69.339643,35.4,7.0,50.04,225.5,0.4962,86.8,56.4,4.56,0,0.0231
2026-05-13,2026-05-11 17:17:10,S0459,Mirzo Ulug'bek,41.392001,69.339643,37.0,7.0,50.13,222.3,0.4514,85.7,62.2,4.26,0,0.0231
2026-05-14,2026-05-11 17:17:10,S0459,Mirzo Ulug'bek,41.392001,69.339643,37.5,5.3,50.1,225.4,0.4731,84.5,62.3,4.56,1,0.3731
2026-05-15,2026-05-11 17:17:10,S0459,Mirzo Ulug'bek,41.392001,69.339643,39.2,6.0,50.09,225.4,0.5289,85.5,58.8,4.4,0,0.0231
2026-05-16,2026-05-11 17:17:10,S0459,Mirzo Ulug'bek,41.392001,69.339643,38.5,6.9,50.01,225.4,0.4077,85.7,63.6,4.45,0,0.0231
2026-05-17,2026-05-11 17:17:10,S0459,Mirzo Ulug'bek,41.392001,69.339643,39.6,5.3,50.05,229.8,0.4843,87.2,62.4,4.57,0,0.0231
2026-05-18,2026-05-11 17:17:10,S0459,Mirzo Ulug'bek,41.392001,69.339643,40.5,6.5,50.13,227.2,0.6201,85.0,66.4,4.77,1,0.3731
2026-05-12,2026-05-11 17:17:10,S0460,Mirzo Ulug'bek,41.343088,69.359511,46.8,4.4,50.48,219.3,0.3379,82.7,55.9,2.8,2,0.7278
2026-05-13,2026-05-11 17:17:10,S0460,Mirzo Ulug'bek,41.343088,69.359511,46.2,7.8,50.64,219.0,0.3126,81.9,54.9,2.74,2,0.7278
2026-05-14,2026-05-11 17:17:10,S0460,Mirzo Ulug'bek,41.343088,69.359511,44.4,6.2,50.54,218.8,0.4599,83.4,56.6,2.34,1,0.3778
2026-05-15,2026-05-11 17:17:10,S0460,Mirzo Ulug'bek,41.343088,69.359511,46.0,9.3,50.49,222.7,0.3777,83.2,58.7,2.42,2,0.7278
2026-05-16,2026-05-11 17:17:10,S0460,Mirzo Ulug'bek,41.343088,69.359511,45.9,5.8,50.38,220.5,0.4793,84.7,50.5,2.28,2,0.7278
2026-05-17,2026-05-11 17:17:10,S0460,Mirzo Ulug'bek,41.343088,69.359511,43.9,4.7,50.53,219.5,0.4988,83.5,50.0,2.15,1,0.3778
2026-05-18,2026-05-11 17:17:10,S0460,Mirzo Ulug'bek,41.343088,69.359511,43.9,7.0,50.56,219.5,0.4681,82.2,51.6,2.52,1,0.3778
2026-05-12,2026-05-11 17:17:10,S0461,Mirzo Ulug'bek,41.341005,69.366052,40.4,7.0,49.78,233.3,0.3856,86.6,75.5,3.95,1,0.3772
2026-05-13,2026-05-11 17:17:10,S0461,Mirzo Ulug'bek,41.341005,69.366052,37.6,8.8,49.82,233.1,0.4115,81.4,68.5,3.87,1,0.3772
2026-05-14,2026-05-11 17:17:10,S0461,Mirzo Ulug'bek,41.341005,69.366052,36.0,6.9,49.88,233.2,0.4453,82.6,60.3,3.91,1,0.3772
2026-05-15,2026-05-11 17:17:10,S0461,Mirzo Ulug'bek,41.341005,69.366052,37.3,8.2,49.86,239.3,0.418,84.0,69.9,3.85,1,0.3772
2026-05-16,2026-05-11 17:17:10,S0461,Mirzo Ulug'bek,41.341005,69.366052,36.9,5.4,49.76,239.4,0.4283,82.2,70.7,4.41,1,0.3772
2026-05-17,2026-05-11 17:17:10,S0461,Mirzo Ulug'bek,41.341005,69.366052,41.2,8.5,49.88,234.9,0.5033,77.6,67.7,4.39,1,0.3772
2026-05-18,2026-05-11 17:17:10,S0461,Mirzo Ulug'bek,41.341005,69.366052,39.7,7.2,49.7,240.6,0.4655,77.8,62.2,4.76,2,0.7272
2026-05-12,2026-05-11 17:17:10,S0462,Mirzo Ulug'bek,41.321856,69.340434,34.5,5.4,49.96,218.0,0.4526,93.5,78.0,3.17,0,0.0336
2026-05-13,2026-05-11 17:17:10,S0462,Mirzo Ulug'bek,41.321856,69.340434,37.3,6.2,50.09,216.0,0.2387,92.9,79.7,2.92,0,0.0336
2026-05-14,2026-05-11 17:17:10,S0462,Mirzo Ulug'bek,41.321856,69.340434,39.5,5.4,49.92,217.1,0.2744,93.8,83.1,2.6,0,0.0336
2026-05-15,2026-05-11 17:17:10,S0462,Mirzo Ulug'bek,41.321856,69.340434,38.1,3.9,49.94,213.0,0.2518,90.2,79.8,2.96,0,0.0336
2026-05-16,2026-05-11 17:17:10,S0462,Mirzo Ulug'bek,41.321856,69.340434,39.9,4.5,50.04,208.0,0.2817,93.4,88.4,2.74,1,0.3836
2026-05-17,2026-05-11 17:17:10,S0462,Mirzo Ulug'bek,41.321856,69.340434,38.6,3.9,50.14,212.2,0.2754,90.9,89.2,3.15,0,0.0336
2026-05-18,2026-05-11 17:17:10,S0462,Mirzo Ulug'bek,41.321856,69.340434,39.6,3.8,50.02,206.7,0.2637,86.7,84.2,2.62,1,0.3836
2026-05-12,2026-05-11 17:17:10,S0463,Mirzo Ulug'bek,41.366,69.343743,43.4,11.5,50.13,220.5,0.662,82.3,85.0,2.63,1,0.3693
2026-05-13,2026-05-11 17:17:10,S0463,Mirzo Ulug'bek,41.366,69.343743,42.4,15.0,50.03,219.2,0.837,83.3,67.8,2.32,1,0.3693
2026-05-14,2026-05-11 17:17:10,S0463,Mirzo Ulug'bek,41.366,69.343743,42.2,14.0,50.03,227.7,0.8987,78.9,71.4,2.68,1,0.3693
2026-05-15,2026-05-11 17:17:10,S0463,Mirzo Ulug'bek,41.366,69.343743,45.4,13.3,49.86,230.5,0.8225,80.6,71.1,2.19,2,0.7193
2026-05-16,2026-05-11 17:17:10,S0463,Mirzo Ulug'bek,41.366,69.343743,44.8,14.9,49.94,231.2,0.6329,80.2,67.6,1.85,1,0.3693
2026-05-17,2026-05-11 17:17:10,S0463,Mirzo Ulug'bek,41.366,69.343743,45.0,14.9,49.8,233.4,0.7246,79.6,70.1,1.51,1,0.3693
2026-05-18,2026-05-11 17:17:10,S0463,Mirzo Ulug'bek,41.366,69.343743,45.2,12.5,49.8,229.3,0.6844,82.5,69.8,1.66,2,0.7193
2026-05-12,2026-05-11 17:17:10,S0464,Mirzo Ulug'bek,41.374447,69.340552,42.2,10.8,49.82,219.5,1.0074,87.7,82.2,2.41,1,0.381
2026-05-13,2026-05-11 17:17:10,S0464,Mirzo Ulug'bek,41.374447,69.340552,37.7,9.9,49.97,217.3,1.0492,87.4,81.9,1.84,1,0.381
2026-05-14,2026-05-11 17:17:10,S0464,Mirzo Ulug'bek,41.374447,69.340552,36.5,10.3,49.89,218.3,1.0771,92.7,86.5,2.16,1,0.381
2026-05-15,2026-05-11 17:17:10,S0464,Mirzo Ulug'bek,41.374447,69.340552,37.9,8.9,49.91,222.2,1.0995,87.1,95.0,1.86,1,0.381
2026-05-16,2026-05-11 17:17:10,S0464,Mirzo Ulug'bek,41.374447,69.340552,36.7,9.8,49.74,215.0,0.9651,90.6,91.7,2.17,1,0.381
2026-05-17,2026-05-11 17:17:10,S0464,Mirzo Ulug'bek,41.374447,69.340552,35.3,10.6,49.8,220.0,1.0494,91.0,89.5,1.81,1,0.381
2026-05-18,2026-05-11 17:17:10,S0464,Mirzo Ulug'bek,41.374447,69.340552,34.6,10.4,49.97,223.3,0.999,90.4,95.0,1.73,1,0.381
2026-05-12,2026-05-11 17:17:10,S0465,Mirzo Ulug'bek,41.367769,69.350002,34.7,4.8,50.36,207.6,0.5499,87.8,83.0,3.78,1,0.3799
2026-05-13,2026-05-11 17:17:10,S0465,Mirzo Ulug'bek,41.367769,69.350002,33.9,8.3,50.4,207.8,0.5066,86.6,87.0,4.14,1,0.3799
2026-05-14,2026-05-11 17:17:10,S0465,Mirzo Ulug'bek,41.367769,69.350002,34.3,4.8,50.29,209.3,0.6041,86.0,84.9,4.05,1,0.3799
2026-05-15,2026-05-11 17:17:10,S0465,Mirzo Ulug'bek,41.367769,69.350002,35.9,7.4,50.15,213.6,0.6558,88.5,86.7,3.88,0,0.0299
2026-05-16,2026-05-11 17:17:10,S0465,Mirzo Ulug'bek,41.367769,69.350002,30.9,4.4,50.14,207.4,0.5601,92.2,93.0,3.53,1,0.3799
2026-05-17,2026-05-11 17:17:10,S0465,Mirzo Ulug'bek,41.367769,69.350002,32.4,7.4,50.31,206.2,0.6117,87.5,95.0,3.91,1,0.3799
2026-05-18,2026-05-11 17:17:10,S0465,Mirzo Ulug'bek,41.367769,69.350002,28.7,8.7,50.33,211.8,0.7251,86.7,92.1,3.5,1,0.3799
2026-05-12,2026-05-11 17:17:10,S0466,Mirzo Ulug'bek,41.355054,69.393614,31.6,1.2,50.14,220.6,0.5293,88.5,34.3,4.39,0,0.0297
2026-05-13,2026-05-11 17:17:10,S0466,Mirzo Ulug'bek,41.355054,69.393614,35.2,1.5,49.97,220.6,0.5535,89.9,34.3,3.97,0,0.0297
2026-05-14,2026-05-11 17:17:10,S0466,Mirzo Ulug'bek,41.355054,69.393614,33.8,0.2,50.0,218.8,0.4442,83.0,50.0,4.13,1,0.3797
2026-05-15,2026-05-11 17:17:10,S0466,Mirzo Ulug'bek,41.355054,69.393614,34.4,0.0,50.1,217.5,0.5082,84.9,41.7,4.2,1,0.3797
2026-05-16,2026-05-11 17:17:10,S0466,Mirzo Ulug'bek,41.355054,69.393614,36.6,0.0,49.91,218.7,0.5272,85.0,38.7,4.0,0,0.0297
2026-05-17,2026-05-11 17:17:10,S0466,Mirzo Ulug'bek,41.355054,69.393614,35.9,0.0,49.98,216.7,0.5859,85.2,31.5,3.96,0,0.0297
2026-05-18,2026-05-11 17:17:10,S0466,Mirzo Ulug'bek,41.355054,69.393614,37.6,0.0,49.93,221.4,0.5254,85.8,28.8,3.77,1,0.3797
2026-05-12,2026-05-11 17:17:10,S0467,Mirzo Ulug'bek,41.389677,69.362217,40.0,9.1,50.19,218.9,0.5447,98.6,62.4,4.29,0,0.017
2026-05-13,2026-05-11 17:17:10,S0467,Mirzo Ulug'bek,41.389677,69.362217,37.7,8.3,50.16,215.7,0.6959,97.6,58.0,4.12,0,0.017
2026-05-14,2026-05-11 17:17:10,S0467,Mirzo Ulug'bek,41.389677,69.362217,41.0,7.0,50.14,213.5,0.6417,99.8,57.7,4.17,1,0.367
2026-05-15,2026-05-11 17:17:10,S0467,Mirzo Ulug'bek,41.389677,69.362217,44.5,8.0,50.15,212.6,0.3852,100.0,57.0,4.17,1,0.367
2026-05-16,2026-05-11 17:17:10,S0467,Mirzo Ulug'bek,41.389677,69.362217,42.5,6.0,50.12,219.7,0.5589,98.5,60.5,4.2,1,0.367
2026-05-17,2026-05-11 17:17:10,S0467,Mirzo Ulug'bek,41.389677,69.362217,43.8,8.4,50.04,215.8,0.5773,100.0,59.4,4.31,1,0.367
2026-05-18,2026-05-11 17:17:10,S0467,Mirzo Ulug'bek,41.389677,69.362217,42.9,6.4,50.08,216.2,0.4381,100.0,64.1,4.07,1,0.367
2026-05-12,2026-05-11 17:17:10,S0468,Mirzo Ulug'bek,41.378476,69.364074,30.0,11.6,49.92,204.9,0.2819,70.1,55.2,3.64,2,0.7375
2026-05-13,2026-05-11 17:17:10,S0468,Mirzo Ulug'bek,41.378476,69.364074,33.0,10.6,49.88,202.6,0.3494,68.6,50.6,3.67,2,0.7375
2026-05-14,2026-05-11 17:17:10,S0468,Mirzo Ulug'bek,41.378476,69.364074,29.5,11.9,49.91,199.4,0.2069,69.1,44.8,3.1,2,0.7375
2026-05-15,2026-05-11 17:17:10,S0468,Mirzo Ulug'bek,41.378476,69.364074,31.5,11.2,49.92,200.8,0.3937,70.3,57.7,3.17,2,0.7375
2026-05-16,2026-05-11 17:17:10,S0468,Mirzo Ulug'bek,41.378476,69.364074,34.3,10.8,50.03,203.2,0.2265,71.5,50.8,3.08,2,0.7375
2026-05-17,2026-05-11 17:17:10,S0468,Mirzo Ulug'bek,41.378476,69.364074,31.0,10.6,50.06,202.5,0.2075,70.3,52.0,3.07,2,0.7375
2026-05-18,2026-05-11 17:17:10,S0468,Mirzo Ulug'bek,41.378476,69.364074,31.8,9.2,50.07,202.9,0.3051,65.7,54.6,3.25,2,0.7375
2026-05-12,2026-05-11 17:17:10,S0469,Mirzo Ulug'bek,41.357727,69.340476,31.2,5.2,50.45,227.4,0.1497,88.2,49.4,3.38,0,0.0201
2026-05-13,2026-05-11 17:17:10,S0469,Mirzo Ulug'bek,41.357727,69.340476,29.0,9.8,50.29,223.8,0.0902,90.0,57.4,3.24,0,0.0201
2026-05-14,2026-05-11 17:17:10,S0469,Mirzo Ulug'bek,41.357727,69.340476,30.1,7.5,50.25,230.8,0.1415,89.6,60.2,3.45,1,0.3701
2026-05-15,2026-05-11 17:17:10,S0469,Mirzo Ulug'bek,41.357727,69.340476,29.2,7.4,50.56,226.8,0.2212,91.2,63.3,3.32,1,0.3701
2026-05-16,2026-05-11 17:17:10,S0469,Mirzo Ulug'bek,41.357727,69.340476,29.3,6.2,50.34,227.5,0.1433,94.2,56.5,3.37,0,0.0201
2026-05-17,2026-05-11 17:17:10,S0469,Mirzo Ulug'bek,41.357727,69.340476,32.1,8.1,50.38,229.3,0.147,88.5,63.7,3.2,0,0.0201
2026-05-18,2026-05-11 17:17:10,S0469,Mirzo Ulug'bek,41.357727,69.340476,25.6,7.6,50.3,229.8,0.1088,87.6,59.2,3.55,0,0.0201
2026-05-12,2026-05-11 17:17:10,S0470,Mirzo Ulug'bek,41.320131,69.345439,39.2,7.1,50.73,218.9,0.6683,89.3,92.0,1.3,1,0.3879
2026-05-13,2026-05-11 17:17:10,S0470,Mirzo Ulug'bek,41.320131,69.345439,35.3,8.0,50.65,219.6,0.6914,89.7,72.7,0.88,1,0.3879
2026-05-14,2026-05-11 17:17:10,S0470,Mirzo Ulug'bek,41.320131,69.345439,38.5,8.7,50.63,219.5,0.7654,88.7,81.4,1.15,1,0.3879
2026-05-15,2026-05-11 17:17:10,S0470,Mirzo Ulug'bek,41.320131,69.345439,38.1,8.8,50.62,217.3,0.8238,88.9,80.3,0.61,1,0.3879
2026-05-16,2026-05-11 17:17:10,S0470,Mirzo Ulug'bek,41.320131,69.345439,38.2,8.0,50.51,215.4,0.9038,88.3,76.7,0.67,1,0.3879
2026-05-17,2026-05-11 17:17:10,S0470,Mirzo Ulug'bek,41.320131,69.345439,38.7,8.1,50.58,216.0,0.836,86.9,81.7,0.66,1,0.3879
2026-05-18,2026-05-11 17:17:10,S0470,Mirzo Ulug'bek,41.320131,69.345439,38.8,10.5,50.57,212.8,0.8555,90.2,70.1,0.5,1,0.3879
2026-05-12,2026-05-11 17:17:10,S0471,Mirzo Ulug'bek,41.371112,69.361069,50.0,3.7,50.18,214.8,0.6941,95.3,63.8,2.02,2,0.7316
2026-05-13,2026-05-11 17:17:10,S0471,Mirzo Ulug'bek,41.371112,69.361069,45.6,2.8,50.36,212.8,0.7463,97.2,64.2,1.86,2,0.7316
2026-05-14,2026-05-11 17:17:10,S0471,Mirzo Ulug'bek,41.371112,69.361069,50.1,4.6,50.29,214.4,0.6999,97.7,65.8,2.06,2,0.7316
2026-05-15,2026-05-11 17:17:10,S0471,Mirzo Ulug'bek,41.371112,69.361069,52.5,2.8,50.13,212.5,0.6534,98.4,61.8,1.62,2,0.7316
2026-05-16,2026-05-11 17:17:10,S0471,Mirzo Ulug'bek,41.371112,69.361069,51.8,3.9,50.17,213.6,0.6908,98.1,55.4,1.95,2,0.7316
2026-05-17,2026-05-11 17:17:10,S0471,Mirzo Ulug'bek,41.371112,69.361069,50.8,1.3,50.17,210.9,0.6461,96.4,56.4,1.64,2,0.7316
2026-05-18,2026-05-11 17:17:10,S0471,Mirzo Ulug'bek,41.371112,69.361069,54.7,1.9,50.25,208.6,0.6695,97.8,59.6,1.98,2,0.7316
2026-05-12,2026-05-11 17:17:10,S0472,Mirzo Ulug'bek,41.320847,69.393772,31.6,8.1,50.01,217.1,0.8703,85.6,71.4,4.32,0,0.034
2026-05-13,2026-05-11 17:17:10,S0472,Mirzo Ulug'bek,41.320847,69.393772,32.8,4.2,50.45,219.7,0.9042,80.7,65.8,4.19,1,0.384
2026-05-14,2026-05-11 17:17:10,S0472,Mirzo Ulug'bek,41.320847,69.393772,33.1,5.2,50.04,219.9,0.8541,78.1,67.4,4.7,1,0.384
2026-05-15,2026-05-11 17:17:10,S0472,Mirzo Ulug'bek,41.320847,69.393772,29.2,6.3,50.08,219.4,0.8648,79.9,61.0,4.13,1,0.384
2026-05-16,2026-05-11 17:17:10,S0472,Mirzo Ulug'bek,41.320847,69.393772,30.7,4.1,50.12,224.0,0.8683,78.7,66.9,3.7,1,0.384
2026-05-17,2026-05-11 17:17:10,S0472,Mirzo Ulug'bek,41.320847,69.393772,28.4,3.2,50.19,218.5,0.8375,79.1,55.7,3.86,1,0.384
2026-05-18,2026-05-11 17:17:10,S0472,Mirzo Ulug'bek,41.320847,69.393772,27.8,2.3,50.12,224.0,0.8018,78.4,52.3,4.13,1,0.384
2026-05-12,2026-05-11 17:17:10,S0473,Mirzo Ulug'bek,41.327577,69.362129,29.1,7.3,49.73,235.9,0.3836,85.9,67.5,3.01,1,0.3844
2026-05-13,2026-05-11 17:17:10,S0473,Mirzo Ulug'bek,41.327577,69.362129,33.3,8.4,49.86,226.7,0.4171,87.7,83.1,2.89,0,0.0344
2026-05-14,2026-05-11 17:17:10,S0473,Mirzo Ulug'bek,41.327577,69.362129,30.1,7.5,49.92,235.7,0.2877,85.6,81.7,2.9,1,0.3844
2026-05-15,2026-05-11 17:17:10,S0473,Mirzo Ulug'bek,41.327577,69.362129,30.4,6.5,50.0,234.1,0.2571,88.5,78.0,2.97,1,0.3844
2026-05-16,2026-05-11 17:17:10,S0473,Mirzo Ulug'bek,41.327577,69.362129,31.4,5.6,49.78,235.2,0.4265,89.8,72.7,2.66,1,0.3844
2026-05-17,2026-05-11 17:17:10,S0473,Mirzo Ulug'bek,41.327577,69.362129,30.2,7.0,49.78,235.2,0.2209,88.2,78.5,2.92,1,0.3844
2026-05-18,2026-05-11 17:17:10,S0473,Mirzo Ulug'bek,41.327577,69.362129,28.2,5.4,49.89,232.1,0.2631,88.1,70.8,3.37,1,0.3844
2026-05-12,2026-05-11 17:17:10,S0474,Mirzo Ulug'bek,41.328488,69.351424,38.6,1.9,50.04,215.9,0.5698,87.3,72.1,3.67,0,0.0324
2026-05-13,2026-05-11 17:17:10,S0474,Mirzo Ulug'bek,41.328488,69.351424,33.1,1.0,49.98,217.3,0.7217,87.4,67.7,4.0,0,0.0324
2026-05-14,2026-05-11 17:17:10,S0474,Mirzo Ulug'bek,41.328488,69.351424,36.8,0.6,50.2,215.7,0.4471,85.7,74.5,3.77,0,0.0324
2026-05-15,2026-05-11 17:17:10,S0474,Mirzo Ulug'bek,41.328488,69.351424,35.4,1.4,50.31,218.4,0.511,87.2,77.7,3.57,0,0.0324
2026-05-16,2026-05-11 17:17:10,S0474,Mirzo Ulug'bek,41.328488,69.351424,32.1,0.3,50.22,215.4,0.5196,86.1,77.1,3.89,0,0.0324
2026-05-17,2026-05-11 17:17:10,S0474,Mirzo Ulug'bek,41.328488,69.351424,31.8,0.1,50.32,219.1,0.3837,88.3,69.5,4.11,0,0.0324
2026-05-18,2026-05-11 17:17:10,S0474,Mirzo Ulug'bek,41.328488,69.351424,31.7,0.0,50.26,218.5,0.4806,83.6,84.1,3.91,1,0.3824
2026-05-12,2026-05-11 17:17:10,S0475,Mirzo Ulug'bek,41.326055,69.377188,25.5,11.9,49.57,222.6,0.0127,86.5,26.1,2.33,1,0.3712
2026-05-13,2026-05-11 17:17:10,S0475,Mirzo Ulug'bek,41.326055,69.377188,23.9,12.2,49.88,223.3,0.01,85.4,27.5,2.28,1,0.3712
2026-05-14,2026-05-11 17:17:10,S0475,Mirzo Ulug'bek,41.326055,69.377188,23.6,12.8,49.92,222.1,0.01,85.1,26.2,2.22,1,0.3712
2026-05-15,2026-05-11 17:17:10,S0475,Mirzo Ulug'bek,41.326055,69.377188,24.3,11.1,49.63,220.0,0.01,87.9,27.3,1.71,1,0.3712
2026-05-16,2026-05-11 17:17:10,S0475,Mirzo Ulug'bek,41.326055,69.377188,22.4,11.7,49.83,224.5,0.0627,85.3,25.0,2.0,1,0.3712
2026-05-17,2026-05-11 17:17:10,S0475,Mirzo Ulug'bek,41.326055,69.377188,23.0,13.4,49.76,222.0,0.01,86.5,26.4,2.03,1,0.3712
2026-05-18,2026-05-11 17:17:10,S0475,Mirzo Ulug'bek,41.326055,69.377188,23.7,10.9,49.88,225.7,0.01,87.1,25.1,2.13,1,0.3712
2026-05-12,2026-05-11 17:17:10,S0476,Mirzo Ulug'bek,41.338801,69.36611,35.9,0.1,49.19,207.4,0.5015,93.0,72.4,4.15,1,0.3791
2026-05-13,2026-05-11 17:17:10,S0476,Mirzo Ulug'bek,41.338801,69.36611,39.4,3.9,49.09,207.4,0.4661,91.5,76.9,4.09,1,0.3791
2026-05-14,2026-05-11 17:17:10,S0476,Mirzo Ulug'bek,41.338801,69.36611,40.4,0.4,49.34,205.3,0.4549,90.5,59.4,3.78,1,0.3791
2026-05-15,2026-05-11 17:17:10,S0476,Mirzo Ulug'bek,41.338801,69.36611,38.8,3.1,49.32,196.9,0.4577,94.7,72.4,3.95,2,0.7291
2026-05-16,2026-05-11 17:17:10,S0476,Mirzo Ulug'bek,41.338801,69.36611,38.8,0.1,49.29,203.3,0.3048,91.6,71.8,4.17,1,0.3791
2026-05-17,2026-05-11 17:17:10,S0476,Mirzo Ulug'bek,41.338801,69.36611,40.7,1.2,49.22,200.1,0.4149,93.3,72.2,3.53,1,0.3791
2026-05-18,2026-05-11 17:17:10,S0476,Mirzo Ulug'bek,41.338801,69.36611,42.6,1.5,49.15,195.0,0.4074,93.1,79.6,4.39,2,0.7291
2026-05-12,2026-05-11 17:17:10,S0477,Mirzo Ulug'bek,41.340823,69.35838,36.9,7.5,50.14,210.6,0.368,83.0,72.6,3.79,1,0.3917
2026-05-13,2026-05-11 17:17:10,S0477,Mirzo Ulug'bek,41.340823,69.35838,35.9,7.0,50.13,210.2,0.3319,88.6,76.1,3.87,0,0.0417
2026-05-14,2026-05-11 17:17:10,S0477,Mirzo Ulug'bek,41.340823,69.35838,32.7,7.4,50.18,210.9,0.1045,86.8,67.8,3.05,0,0.0417
2026-05-15,2026-05-11 17:17:10,S0477,Mirzo Ulug'bek,41.340823,69.35838,32.6,10.6,50.06,209.9,0.2364,84.3,73.6,3.15,1,0.3917
2026-05-16,2026-05-11 17:17:10,S0477,Mirzo Ulug'bek,41.340823,69.35838,32.9,8.5,50.27,213.4,0.3314,85.0,76.1,3.18,0,0.0417
2026-05-17,2026-05-11 17:17:10,S0477,Mirzo Ulug'bek,41.340823,69.35838,32.9,11.0,50.19,213.1,0.2918,87.3,78.0,3.45,0,0.0417
2026-05-18,2026-05-11 17:17:10,S0477,Mirzo Ulug'bek,41.340823,69.35838,31.8,10.9,50.13,207.8,0.4664,85.1,79.0,3.55,1,0.3917
2026-05-12,2026-05-11 17:17:10,S0478,Mirzo Ulug'bek,41.363057,69.397336,35.9,13.2,49.81,223.4,0.1758,94.0,83.2,3.52,0,0.019
2026-05-13,2026-05-11 17:17:10,S0478,Mirzo Ulug'bek,41.363057,69.397336,37.9,13.1,49.8,221.6,0.1182,94.3,81.2,3.48,0,0.019
2026-05-14,2026-05-11 17:17:10,S0478,Mirzo Ulug'bek,41.363057,69.397336,38.8,11.0,49.75,218.6,0.0204,95.6,81.2,3.54,0,0.019
2026-05-15,2026-05-11 17:17:10,S0478,Mirzo Ulug'bek,41.363057,69.397336,37.8,12.5,49.7,222.5,0.126,98.3,85.7,3.77,0,0.019
2026-05-16,2026-05-11 17:17:10,S0478,Mirzo Ulug'bek,41.363057,69.397336,39.7,11.9,49.7,221.2,0.01,96.0,90.8,2.88,1,0.369
2026-05-17,2026-05-11 17:17:10,S0478,Mirzo Ulug'bek,41.363057,69.397336,43.1,12.5,49.84,221.1,0.0803,100.0,89.0,3.73,1,0.369
2026-05-18,2026-05-11 17:17:10,S0478,Mirzo Ulug'bek,41.363057,69.397336,41.4,10.7,49.81,222.5,0.01,100.0,95.0,3.8,1,0.369
2026-05-12,2026-05-11 17:17:10,S0479,Mirzo Ulug'bek,41.343067,69.34887,41.7,12.1,49.91,213.0,0.5243,92.6,75.6,3.37,1,0.3829
2026-05-13,2026-05-11 17:17:10,S0479,Mirzo Ulug'bek,41.343067,69.34887,42.3,11.4,49.77,213.4,0.4022,95.4,78.8,3.46,1,0.3829
2026-05-14,2026-05-11 17:17:10,S0479,Mirzo Ulug'bek,41.343067,69.34887,39.6,12.3,49.74,212.4,0.1316,92.7,76.5,3.13,0,0.0329
2026-05-15,2026-05-11 17:17:10,S0479,Mirzo Ulug'bek,41.343067,69.34887,46.0,11.9,49.63,209.7,0.3035,92.0,75.9,3.47,2,0.7329
2026-05-16,2026-05-11 17:17:10,S0479,Mirzo Ulug'bek,41.343067,69.34887,37.0,12.3,49.74,208.3,0.2488,92.1,77.5,3.09,1,0.3829
2026-05-17,2026-05-11 17:17:10,S0479,Mirzo Ulug'bek,41.343067,69.34887,36.9,11.8,49.65,215.6,0.1121,93.7,86.4,3.27,0,0.0329
2026-05-18,2026-05-11 17:17:10,S0479,Mirzo Ulug'bek,41.343067,69.34887,36.1,11.8,49.67,214.8,0.1169,95.0,78.0,3.11,0,0.0329
2026-05-12,2026-05-11 17:17:10,S0480,Mirzo Ulug'bek,41.32307,69.364434,40.5,11.6,49.62,216.7,0.5016,80.4,76.2,3.02,1,0.388
2026-05-13,2026-05-11 17:17:10,S0480,Mirzo Ulug'bek,41.32307,69.364434,39.4,12.0,49.68,214.6,0.5079,79.9,72.8,3.04,1,0.388
2026-05-14,2026-05-11 17:17:10,S0480,Mirzo Ulug'bek,41.32307,69.364434,41.5,12.0,49.75,215.7,0.6432,80.2,70.2,2.94,1,0.388
2026-05-15,2026-05-11 17:17:10,S0480,Mirzo Ulug'bek,41.32307,69.364434,40.0,8.4,49.64,215.0,0.4768,78.9,75.1,2.86,1,0.388
2026-05-16,2026-05-11 17:17:10,S0480,Mirzo Ulug'bek,41.32307,69.364434,39.1,9.7,49.67,214.6,0.5467,79.9,72.7,2.98,1,0.388
2026-05-17,2026-05-11 17:17:10,S0480,Mirzo Ulug'bek,41.32307,69.364434,39.9,13.7,49.65,210.7,0.4624,78.1,74.4,2.48,1,0.388
2026-05-18,2026-05-11 17:17:10,S0480,Mirzo Ulug'bek,41.32307,69.364434,40.5,10.3,49.51,215.8,0.326,78.8,70.8,2.96,1,0.388
2026-05-12,2026-05-11 17:17:10,S0481,Mirzo Ulug'bek,41.374616,69.38897,18.3,5.1,49.55,219.8,0.6001,92.1,82.6,3.72,0,0.031
2026-05-13,2026-05-11 17:17:10,S0481,Mirzo Ulug'bek,41.374616,69.38897,17.0,6.4,49.79,218.0,0.6473,92.3,82.5,3.98,0,0.031
2026-05-14,2026-05-11 17:17:10,S0481,Mirzo Ulug'bek,41.374616,69.38897,15.3,5.1,49.51,220.2,0.7198,90.4,83.0,3.86,0,0.031
2026-05-15,2026-05-11 17:17:10,S0481,Mirzo Ulug'bek,41.374616,69.38897,15.1,5.4,49.72,215.7,0.7074,98.4,95.0,3.78,1,0.381
2026-05-16,2026-05-11 17:17:10,S0481,Mirzo Ulug'bek,41.374616,69.38897,15.3,5.4,49.66,215.0,0.706,93.3,88.1,4.11,0,0.031
2026-05-17,2026-05-11 17:17:10,S0481,Mirzo Ulug'bek,41.374616,69.38897,11.1,5.6,49.54,221.1,0.7235,97.0,80.5,3.48,0,0.031
2026-05-18,2026-05-11 17:17:10,S0481,Mirzo Ulug'bek,41.374616,69.38897,13.5,6.6,49.67,216.5,0.7787,99.9,82.1,3.9,0,0.031
2026-05-12,2026-05-11 17:17:10,S0482,Mirzo Ulug'bek,41.347779,69.341844,33.0,4.5,50.11,223.3,0.6069,87.8,54.4,2.89,0,0.0416
2026-05-13,2026-05-11 17:17:10,S0482,Mirzo Ulug'bek,41.347779,69.341844,32.4,4.4,50.2,224.8,0.6858,90.9,43.7,2.87,0,0.0416
2026-05-14,2026-05-11 17:17:10,S0482,Mirzo Ulug'bek,41.347779,69.341844,32.2,3.0,50.13,227.1,0.8119,88.6,42.2,2.83,0,0.0416
2026-05-15,2026-05-11 17:17:10,S0482,Mirzo Ulug'bek,41.347779,69.341844,33.0,0.9,50.35,227.1,0.6834,87.4,37.6,2.58,0,0.0416
2026-05-16,2026-05-11 17:17:10,S0482,Mirzo Ulug'bek,41.347779,69.341844,32.7,0.3,50.23,227.1,0.7422,89.0,41.3,3.29,0,0.0416
2026-05-17,2026-05-11 17:17:10,S0482,Mirzo Ulug'bek,41.347779,69.341844,33.6,1.0,50.28,230.2,0.7444,87.9,41.5,3.35,1,0.3916
2026-05-18,2026-05-11 17:17:10,S0482,Mirzo Ulug'bek,41.347779,69.341844,35.9,0.2,50.44,234.6,0.7625,87.6,29.7,2.84,1,0.3916
2026-05-12,2026-05-11 17:17:10,S0483,Mirzo Ulug'bek,41.369853,69.3483,40.7,9.0,50.02,217.7,0.7065,94.1,55.7,3.28,1,0.3743
2026-05-13,2026-05-11 17:17:10,S0483,Mirzo Ulug'bek,41.369853,69.3483,42.1,8.8,50.1,216.9,0.7117,93.8,55.3,2.95,1,0.3743
2026-05-14,2026-05-11 17:17:10,S0483,Mirzo Ulug'bek,41.369853,69.3483,39.1,7.7,50.13,217.1,0.7982,94.2,41.5,3.33,0,0.0243
2026-05-15,2026-05-11 17:17:10,S0483,Mirzo Ulug'bek,41.369853,69.3483,43.2,11.1,50.19,215.4,0.8535,96.8,48.6,3.37,1,0.3743
2026-05-16,2026-05-11 17:17:10,S0483,Mirzo Ulug'bek,41.369853,69.3483,39.4,7.8,50.4,214.2,0.927,93.1,38.2,3.21,0,0.0243
2026-05-17,2026-05-11 17:17:10,S0483,Mirzo Ulug'bek,41.369853,69.3483,41.2,8.2,50.45,214.0,0.9052,96.5,38.6,2.82,1,0.3743
2026-05-18,2026-05-11 17:17:10,S0483,Mirzo Ulug'bek,41.369853,69.3483,41.5,9.1,50.43,212.7,1.0945,93.5,38.8,3.11,1,0.3743
2026-05-12,2026-05-11 17:17:10,S0484,Mirzo Ulug'bek,41.314434,69.345407,26.6,1.0,49.52,221.9,0.5221,87.1,72.8,2.85,0,0.0417
2026-05-13,2026-05-11 17:17:10,S0484,Mirzo Ulug'bek,41.314434,69.345407,28.3,1.2,49.51,225.8,0.2775,88.0,80.5,3.15,0,0.0417
2026-05-14,2026-05-11 17:17:10,S0484,Mirzo Ulug'bek,41.314434,69.345407,32.8,0.0,49.67,224.7,0.3966,85.3,79.8,2.84,0,0.0417
2026-05-15,2026-05-11 17:17:10,S0484,Mirzo Ulug'bek,41.314434,69.345407,28.7,0.0,49.58,223.2,0.3271,85.7,76.6,3.0,0,0.0417
2026-05-16,2026-05-11 17:17:10,S0484,Mirzo Ulug'bek,41.314434,69.345407,27.6,0.0,49.53,225.5,0.3916,87.7,78.7,3.5,0,0.0417
2026-05-17,2026-05-11 17:17:10,S0484,Mirzo Ulug'bek,41.314434,69.345407,27.4,0.0,49.48,222.6,0.2684,88.2,79.8,2.96,1,0.3917
2026-05-18,2026-05-11 17:17:10,S0484,Mirzo Ulug'bek,41.314434,69.345407,25.8,0.0,49.64,224.7,0.2806,90.5,86.3,3.04,0,0.0417
2026-05-12,2026-05-11 17:17:10,S0485,Mirzo Ulug'bek,41.358221,69.358313,34.7,7.6,50.9,220.7,0.7916,92.8,74.6,3.11,1,0.3776
2026-05-13,2026-05-11 17:17:10,S0485,Mirzo Ulug'bek,41.358221,69.358313,33.4,11.7,50.78,225.7,1.0065,88.7,80.6,3.48,1,0.3776
2026-05-14,2026-05-11 17:17:10,S0485,Mirzo Ulug'bek,41.358221,69.358313,30.1,9.3,50.92,220.6,0.8141,85.2,82.4,3.54,1,0.3776
2026-05-15,2026-05-11 17:17:10,S0485,Mirzo Ulug'bek,41.358221,69.358313,31.1,9.7,50.89,219.9,0.9048,91.5,85.2,3.62,1,0.3776
2026-05-16,2026-05-11 17:17:10,S0485,Mirzo Ulug'bek,41.358221,69.358313,31.1,8.8,50.97,221.2,0.9139,85.8,95.0,3.24,1,0.3776
2026-05-17,2026-05-11 17:17:10,S0485,Mirzo Ulug'bek,41.358221,69.358313,27.2,9.7,50.89,220.0,0.9447,84.9,88.3,3.72,1,0.3776
2026-05-18,2026-05-11 17:17:10,S0485,Mirzo Ulug'bek,41.358221,69.358313,32.4,8.4,51.12,217.6,0.9481,86.8,91.0,3.19,2,0.7276
2026-05-12,2026-05-11 17:17:10,S0486,Mirzo Ulug'bek,41.374963,69.369726,28.5,8.3,49.78,222.8,0.6336,81.6,71.1,4.71,1,0.3851
2026-05-13,2026-05-11 17:17:10,S0486,Mirzo Ulug'bek,41.374963,69.369726,34.3,7.8,49.86,219.9,0.6714,81.1,75.6,4.52,1,0.3851
2026-05-14,2026-05-11 17:17:10,S0486,Mirzo Ulug'bek,41.374963,69.369726,33.7,7.7,49.96,220.6,0.7386,81.4,62.1,4.94,1,0.3851
2026-05-15,2026-05-11 17:17:10,S0486,Mirzo Ulug'bek,41.374963,69.369726,35.7,8.6,49.82,215.7,0.5791,81.9,64.1,4.95,1,0.3851
2026-05-16,2026-05-11 17:17:10,S0486,Mirzo Ulug'bek,41.374963,69.369726,37.6,9.2,49.86,219.1,0.5191,79.7,65.4,5.12,1,0.3851
2026-05-17,2026-05-11 17:17:10,S0486,Mirzo Ulug'bek,41.374963,69.369726,36.0,8.7,50.07,214.8,0.5417,81.5,67.1,5.53,2,0.7351
2026-05-18,2026-05-11 17:17:10,S0486,Mirzo Ulug'bek,41.374963,69.369726,35.5,9.3,50.14,215.2,0.4149,84.6,65.7,5.68,2,0.7351
2026-05-12,2026-05-11 17:17:10,S0487,Mirzo Ulug'bek,41.338491,69.343334,38.3,7.6,50.06,215.7,0.3969,91.1,56.1,3.72,0,0.022
2026-05-13,2026-05-11 17:17:10,S0487,Mirzo Ulug'bek,41.338491,69.343334,35.8,6.6,50.14,211.8,0.3812,86.9,46.7,3.97,0,0.022
2026-05-14,2026-05-11 17:17:10,S0487,Mirzo Ulug'bek,41.338491,69.343334,34.5,6.6,50.12,214.9,0.2109,87.4,47.9,3.93,0,0.022
2026-05-15,2026-05-11 17:17:10,S0487,Mirzo Ulug'bek,41.338491,69.343334,35.7,3.6,50.1,212.5,0.2552,84.5,53.2,3.71,1,0.372
2026-05-16,2026-05-11 17:17:10,S0487,Mirzo Ulug'bek,41.338491,69.343334,34.3,8.4,50.0,211.3,0.2215,88.4,47.3,3.74,0,0.022
2026-05-17,2026-05-11 17:17:10,S0487,Mirzo Ulug'bek,41.338491,69.343334,35.3,7.7,50.12,207.3,0.1359,89.3,40.8,3.46,1,0.372
2026-05-18,2026-05-11 17:17:10,S0487,Mirzo Ulug'bek,41.338491,69.343334,33.5,3.9,50.07,210.8,0.2883,87.2,40.4,3.1,0,0.022
2026-05-12,2026-05-11 17:17:10,S0488,Mirzo Ulug'bek,41.381514,69.341984,33.7,0.0,50.09,218.9,0.616,79.3,57.2,2.66,1,0.3822
2026-05-13,2026-05-11 17:17:10,S0488,Mirzo Ulug'bek,41.381514,69.341984,32.4,0.7,50.07,218.3,0.514,83.0,59.1,2.9,1,0.3822
2026-05-14,2026-05-11 17:17:10,S0488,Mirzo Ulug'bek,41.381514,69.341984,35.7,0.0,50.18,220.4,0.6456,85.9,57.5,3.03,0,0.0322
2026-05-15,2026-05-11 17:17:10,S0488,Mirzo Ulug'bek,41.381514,69.341984,32.6,0.0,50.3,215.4,0.6786,81.5,55.9,2.87,1,0.3822
2026-05-16,2026-05-11 17:17:10,S0488,Mirzo Ulug'bek,41.381514,69.341984,37.0,0.0,50.34,217.5,0.6899,81.8,48.5,2.99,1,0.3822
2026-05-17,2026-05-11 17:17:10,S0488,Mirzo Ulug'bek,41.381514,69.341984,33.8,0.0,49.93,213.1,0.6845,80.7,53.4,2.65,1,0.3822
2026-05-18,2026-05-11 17:17:10,S0488,Mirzo Ulug'bek,41.381514,69.341984,38.1,0.0,50.29,218.9,0.6301,78.6,54.3,2.64,1,0.3822
2026-05-12,2026-05-11 17:17:10,S0489,Mirzo Ulug'bek,41.392232,69.363846,41.1,4.0,50.28,220.3,0.8362,80.6,76.2,3.76,1,0.3832
2026-05-13,2026-05-11 17:17:10,S0489,Mirzo Ulug'bek,41.392232,69.363846,41.3,2.9,50.19,222.7,0.9371,78.7,72.2,3.69,1,0.3832
2026-05-14,2026-05-11 17:17:10,S0489,Mirzo Ulug'bek,41.392232,69.363846,39.7,5.3,50.06,218.9,1.0156,79.8,70.3,3.58,1,0.3832
2026-05-15,2026-05-11 17:17:10,S0489,Mirzo Ulug'bek,41.392232,69.363846,39.1,3.7,50.17,223.6,0.9431,78.0,67.2,4.01,1,0.3832
2026-05-16,2026-05-11 17:17:10,S0489,Mirzo Ulug'bek,41.392232,69.363846,38.8,2.9,50.21,223.8,0.9968,82.4,72.4,3.77,1,0.3832
2026-05-17,2026-05-11 17:17:10,S0489,Mirzo Ulug'bek,41.392232,69.363846,39.9,4.2,50.2,224.6,1.1112,80.3,70.3,3.48,1,0.3832
2026-05-18,2026-05-11 17:17:10,S0489,Mirzo Ulug'bek,41.392232,69.363846,38.6,4.4,50.1,224.2,1.0651,79.4,74.0,3.57,1,0.3832
2026-05-12,2026-05-11 17:17:10,S0490,Mirzo Ulug'bek,41.359866,69.397011,30.6,4.4,49.6,222.9,0.9255,82.6,55.9,2.73,1,0.3704
2026-05-13,2026-05-11 17:17:10,S0490,Mirzo Ulug'bek,41.359866,69.397011,31.5,4.0,49.59,226.1,0.9479,80.1,63.1,2.4,1,0.3704
2026-05-14,2026-05-11 17:17:10,S0490,Mirzo Ulug'bek,41.359866,69.397011,31.7,4.5,49.73,226.8,0.7843,79.0,62.7,3.15,1,0.3704
2026-05-15,2026-05-11 17:17:10,S0490,Mirzo Ulug'bek,41.359866,69.397011,31.3,1.4,49.54,226.4,0.9466,77.7,60.1,2.25,1,0.3704
2026-05-16,2026-05-11 17:17:10,S0490,Mirzo Ulug'bek,41.359866,69.397011,34.8,1.3,49.62,229.2,1.0356,78.5,65.6,2.5,1,0.3704
2026-05-17,2026-05-11 17:17:10,S0490,Mirzo Ulug'bek,41.359866,69.397011,34.1,1.8,49.54,224.0,0.917,72.0,67.4,2.08,2,0.7204
2026-05-18,2026-05-11 17:17:10,S0490,Mirzo Ulug'bek,41.359866,69.397011,30.9,1.3,49.84,229.9,0.94,74.9,58.3,2.41,2,0.7204
2026-05-12,2026-05-11 17:17:10,S0491,Mirzo Ulug'bek,41.386713,69.358393,38.3,1.9,50.18,217.3,0.3289,83.3,69.1,2.44,1,0.3703
2026-05-13,2026-05-11 17:17:10,S0491,Mirzo Ulug'bek,41.386713,69.358393,36.9,1.6,50.17,212.4,0.1444,85.7,75.8,2.45,0,0.0203
2026-05-14,2026-05-11 17:17:10,S0491,Mirzo Ulug'bek,41.386713,69.358393,35.5,1.6,50.34,212.6,0.1083,87.4,75.0,2.55,0,0.0203
2026-05-15,2026-05-11 17:17:10,S0491,Mirzo Ulug'bek,41.386713,69.358393,36.9,1.3,50.26,214.9,0.1375,87.6,79.8,2.63,0,0.0203
2026-05-16,2026-05-11 17:17:10,S0491,Mirzo Ulug'bek,41.386713,69.358393,34.0,2.0,50.22,209.5,0.1474,84.0,72.2,2.75,1,0.3703
2026-05-17,2026-05-11 17:17:10,S0491,Mirzo Ulug'bek,41.386713,69.358393,38.5,0.0,50.21,210.1,0.1489,81.8,79.0,2.42,1,0.3703
2026-05-18,2026-05-11 17:17:10,S0491,Mirzo Ulug'bek,41.386713,69.358393,37.1,0.0,50.11,209.8,0.0665,84.3,71.0,2.15,1,0.3703
2026-05-12,2026-05-11 17:17:10,S0492,Mirzo Ulug'bek,41.389174,69.359203,42.9,4.5,49.94,236.7,0.7459,83.5,76.2,3.48,1,0.374
2026-05-13,2026-05-11 17:17:10,S0492,Mirzo Ulug'bek,41.389174,69.359203,45.3,2.6,49.94,236.2,0.8366,84.8,56.4,3.51,2,0.724
2026-05-14,2026-05-11 17:17:10,S0492,Mirzo Ulug'bek,41.389174,69.359203,46.0,6.1,49.72,235.0,0.9553,81.1,76.1,3.62,2,0.724
2026-05-15,2026-05-11 17:17:10,S0492,Mirzo Ulug'bek,41.389174,69.359203,47.4,5.2,49.99,236.0,1.0316,77.0,68.7,3.67,2,0.724
2026-05-16,2026-05-11 17:17:10,S0492,Mirzo Ulug'bek,41.389174,69.359203,41.5,2.1,50.11,239.0,0.9682,82.1,78.0,3.28,1,0.374
2026-05-17,2026-05-11 17:17:10,S0492,Mirzo Ulug'bek,41.389174,69.359203,46.9,4.0,50.07,236.2,1.0036,79.3,72.4,3.31,2,0.724
2026-05-18,2026-05-11 17:17:10,S0492,Mirzo Ulug'bek,41.389174,69.359203,47.8,4.5,49.9,240.2,1.1068,80.8,72.0,3.27,2,0.724
2026-05-12,2026-05-11 17:17:10,S0493,Mirzo Ulug'bek,41.316331,69.336886,39.5,13.2,49.8,225.2,0.649,94.5,76.5,3.13,0,0.033
2026-05-13,2026-05-11 17:17:10,S0493,Mirzo Ulug'bek,41.316331,69.336886,37.2,13.8,49.89,218.7,0.79,92.5,69.8,3.17,0,0.033
2026-05-14,2026-05-11 17:17:10,S0493,Mirzo Ulug'bek,41.316331,69.336886,41.5,13.4,49.91,219.7,0.6026,93.9,67.5,2.92,1,0.383
2026-05-15,2026-05-11 17:17:10,S0493,Mirzo Ulug'bek,41.316331,69.336886,40.1,14.0,49.91,225.9,0.717,95.4,78.2,3.17,1,0.383
2026-05-16,2026-05-11 17:17:10,S0493,Mirzo Ulug'bek,41.316331,69.336886,42.0,14.6,50.02,219.7,0.9462,94.2,83.4,3.5,1,0.383
2026-05-17,2026-05-11 17:17:10,S0493,Mirzo Ulug'bek,41.316331,69.336886,41.9,14.4,49.87,223.3,0.8489,93.5,69.1,3.27,1,0.383
2026-05-18,2026-05-11 17:17:10,S0493,Mirzo Ulug'bek,41.316331,69.336886,43.1,14.6,49.92,220.9,0.653,96.4,84.6,3.08,1,0.383
2026-05-12,2026-05-11 17:17:10,S0494,Mirzo Ulug'bek,41.367829,69.366288,45.5,19.7,49.37,223.0,0.2915,92.0,54.5,4.73,2,0.7302
2026-05-13,2026-05-11 17:17:10,S0494,Mirzo Ulug'bek,41.367829,69.366288,44.8,19.6,49.29,219.7,0.3752,89.9,56.9,4.0,1,0.3802
2026-05-14,2026-05-11 17:17:10,S0494,Mirzo Ulug'bek,41.367829,69.366288,41.4,19.1,49.43,219.0,0.3705,86.6,56.7,4.27,1,0.3802
2026-05-15,2026-05-11 17:17:10,S0494,Mirzo Ulug'bek,41.367829,69.366288,41.2,23.2,49.47,224.0,0.313,86.9,65.3,4.66,1,0.3802
2026-05-16,2026-05-11 17:17:10,S0494,Mirzo Ulug'bek,41.367829,69.366288,42.7,21.2,49.09,223.9,0.4276,89.8,59.1,4.38,1,0.3802
2026-05-17,2026-05-11 17:17:10,S0494,Mirzo Ulug'bek,41.367829,69.366288,42.4,23.2,49.24,220.3,0.168,89.2,52.7,4.53,1,0.3802
2026-05-18,2026-05-11 17:17:10,S0494,Mirzo Ulug'bek,41.367829,69.366288,42.8,23.5,49.14,223.2,0.135,88.1,50.5,4.56,1,0.3802
2026-05-12,2026-05-11 17:17:10,S0495,Mirzo Ulug'bek,41.386303,69.367312,37.5,9.1,49.77,204.2,0.8165,85.8,70.2,3.51,1,0.3768
2026-05-13,2026-05-11 17:17:10,S0495,Mirzo Ulug'bek,41.386303,69.367312,35.2,11.4,49.64,204.1,0.6609,85.8,69.1,3.82,1,0.3768
2026-05-14,2026-05-11 17:17:10,S0495,Mirzo Ulug'bek,41.386303,69.367312,34.3,11.3,49.63,202.3,0.7686,83.8,62.1,3.83,1,0.3768
2026-05-15,2026-05-11 17:17:10,S0495,Mirzo Ulug'bek,41.386303,69.367312,35.1,11.4,49.68,198.9,0.7792,89.2,62.3,3.65,2,0.7268
2026-05-16,2026-05-11 17:17:10,S0495,Mirzo Ulug'bek,41.386303,69.367312,34.7,13.0,49.76,199.0,0.9369,88.0,62.6,3.76,2,0.7268
2026-05-17,2026-05-11 17:17:10,S0495,Mirzo Ulug'bek,41.386303,69.367312,38.1,16.1,49.81,196.7,0.819,90.1,64.9,3.52,2,0.7268
2026-05-18,2026-05-11 17:17:10,S0495,Mirzo Ulug'bek,41.386303,69.367312,36.6,13.3,49.97,195.0,0.8355,89.3,61.4,3.66,2,0.7268
2026-05-12,2026-05-11 17:17:10,S0496,Mirzo Ulug'bek,41.376172,69.397486,23.0,9.6,50.12,213.9,0.0313,87.7,69.6,4.9,0,0.0266
2026-05-13,2026-05-11 17:17:10,S0496,Mirzo Ulug'bek,41.376172,69.397486,23.6,7.8,50.11,215.1,0.1108,86.3,59.5,4.26,0,0.0266
2026-05-14,2026-05-11 17:17:10,S0496,Mirzo Ulug'bek,41.376172,69.397486,21.5,10.6,50.16,206.8,0.0961,87.3,65.5,4.67,1,0.3766
2026-05-15,2026-05-11 17:17:10,S0496,Mirzo Ulug'bek,41.376172,69.397486,21.1,8.8,49.98,217.9,0.0435,89.0,70.4,4.73,0,0.0266
2026-05-16,2026-05-11 17:17:10,S0496,Mirzo Ulug'bek,41.376172,69.397486,21.4,6.8,50.21,207.3,0.205,89.5,59.9,4.74,1,0.3766
2026-05-17,2026-05-11 17:17:10,S0496,Mirzo Ulug'bek,41.376172,69.397486,21.2,7.7,50.02,216.2,0.1798,87.1,58.1,4.65,0,0.0266
2026-05-18,2026-05-11 17:17:10,S0496,Mirzo Ulug'bek,41.376172,69.397486,22.5,8.4,50.06,220.8,0.1019,90.4,74.7,4.61,0,0.0266
2026-05-12,2026-05-11 17:17:10,S0497,Mirzo Ulug'bek,41.394839,69.334985,34.6,3.8,50.8,216.7,0.5463,95.3,67.8,3.21,1,0.383
2026-05-13,2026-05-11 17:17:10,S0497,Mirzo Ulug'bek,41.394839,69.334985,32.4,3.3,50.71,220.9,0.647,96.9,66.8,3.63,1,0.383
2026-05-14,2026-05-11 17:17:10,S0497,Mirzo Ulug'bek,41.394839,69.334985,28.0,4.5,50.78,221.9,0.7617,95.9,62.1,3.46,1,0.383
2026-05-15,2026-05-11 17:17:10,S0497,Mirzo Ulug'bek,41.394839,69.334985,29.7,2.4,51.01,217.3,0.7115,93.3,65.0,4.18,2,0.733
2026-05-16,2026-05-11 17:17:10,S0497,Mirzo Ulug'bek,41.394839,69.334985,28.9,3.2,50.79,221.9,0.7472,94.6,66.2,3.69,1,0.383
2026-05-17,2026-05-11 17:17:10,S0497,Mirzo Ulug'bek,41.394839,69.334985,32.2,2.1,50.72,226.8,0.7004,97.3,68.3,3.17,1,0.383
2026-05-18,2026-05-11 17:17:10,S0497,Mirzo Ulug'bek,41.394839,69.334985,34.1,1.2,50.88,223.5,0.7537,95.6,65.9,3.26,1,0.383
2026-05-12,2026-05-11 17:17:10,S0498,Mirzo Ulug'bek,41.393315,69.36665,40.7,10.8,49.6,220.5,0.01,85.5,63.7,4.82,1,0.3796
2026-05-13,2026-05-11 17:17:10,S0498,Mirzo Ulug'bek,41.393315,69.36665,38.3,9.3,49.69,217.3,0.0447,90.3,62.8,4.57,0,0.0296
2026-05-14,2026-05-11 17:17:10,S0498,Mirzo Ulug'bek,41.393315,69.36665,32.2,10.8,49.55,220.7,0.01,88.7,70.3,4.79,0,0.0296
2026-05-15,2026-05-11 17:17:10,S0498,Mirzo Ulug'bek,41.393315,69.36665,36.6,9.9,49.58,219.8,0.097,85.9,61.5,5.13,1,0.3796
2026-05-16,2026-05-11 17:17:10,S0498,Mirzo Ulug'bek,41.393315,69.36665,36.0,9.6,49.38,218.8,0.01,86.6,57.5,4.98,1,0.3796
2026-05-17,2026-05-11 17:17:10,S0498,Mirzo Ulug'bek,41.393315,69.36665,33.8,8.1,49.51,219.3,0.01,88.3,57.9,5.04,1,0.3796
2026-05-18,2026-05-11 17:17:10,S0498,Mirzo Ulug'bek,41.393315,69.36665,32.6,10.3,49.29,217.7,0.036,89.9,55.1,5.0,1,0.3796
2026-05-12,2026-05-11 17:17:10,S0499,Mirzo Ulug'bek,41.342225,69.38788,40.0,4.5,49.77,209.7,0.5025,85.6,95.0,3.07,1,0.3761
2026-05-13,2026-05-11 17:17:10,S0499,Mirzo Ulug'bek,41.342225,69.38788,39.8,4.3,49.7,208.7,0.3441,87.2,94.9,3.02,1,0.3761
2026-05-14,2026-05-11 17:17:10,S0499,Mirzo Ulug'bek,41.342225,69.38788,39.0,5.2,49.61,211.5,0.4796,87.0,91.7,2.85,1,0.3761
2026-05-15,2026-05-11 17:17:10,S0499,Mirzo Ulug'bek,41.342225,69.38788,34.9,2.9,49.61,208.8,0.386,86.8,93.9,2.86,1,0.3761
2026-05-16,2026-05-11 17:17:10,S0499,Mirzo Ulug'bek,41.342225,69.38788,37.1,2.9,49.66,212.2,0.3114,85.7,95.0,2.41,1,0.3761
2026-05-17,2026-05-11 17:17:10,S0499,Mirzo Ulug'bek,41.342225,69.38788,33.3,2.9,49.67,211.0,0.3097,83.3,90.4,2.86,1,0.3761
2026-05-18,2026-05-11 17:17:10,S0499,Mirzo Ulug'bek,41.342225,69.38788,36.5,2.9,49.4,212.5,0.3575,84.1,88.1,2.62,1,0.3761
2026-05-12,2026-05-11 17:17:10,S0500,Mirzo Ulug'bek,41.375427,69.390107,42.5,0.0,49.68,212.4,0.291,94.8,84.5,2.36,1,0.3749
2026-05-13,2026-05-11 17:17:10,S0500,Mirzo Ulug'bek,41.375427,69.390107,40.8,1.8,49.6,214.6,0.3388,93.9,88.5,2.62,1,0.3749
2026-05-14,2026-05-11 17:17:10,S0500,Mirzo Ulug'bek,41.375427,69.390107,39.9,0.4,49.58,211.5,0.2794,100.0,89.3,2.33,0,0.0249
2026-05-15,2026-05-11 17:17:10,S0500,Mirzo Ulug'bek,41.375427,69.390107,40.8,1.0,49.85,212.6,0.2826,97.2,88.0,3.6,1,0.3749
2026-05-16,2026-05-11 17:17:10,S0500,Mirzo Ulug'bek,41.375427,69.390107,43.1,0.3,49.78,211.4,0.2103,100.0,79.3,2.85,1,0.3749
2026-05-17,2026-05-11 17:17:10,S0500,Mirzo Ulug'bek,41.375427,69.390107,43.6,0.5,49.68,210.2,0.3176,99.3,87.7,3.48,1,0.3749
2026-05-18,2026-05-11 17:17:10,S0500,Mirzo Ulug'bek,41.375427,69.390107,44.8,0.0,49.83,212.7,0.2591,100.0,84.1,2.76,1,0.3749
2026-05-12,2026-05-11 17:17:10,S0501,Olmazor,41.370161,69.266881,28.3,2.2,49.82,221.3,0.8685,86.8,78.7,2.67,0,0.0288
2026-05-13,2026-05-11 17:17:10,S0501,Olmazor,41.370161,69.266881,23.3,0.0,49.91,220.0,0.8209,86.3,76.6,3.06,0,0.0288
2026-05-14,2026-05-11 17:17:10,S0501,Olmazor,41.370161,69.266881,26.7,0.8,49.72,220.6,0.8862,89.2,71.0,3.09,0,0.0288
2026-05-15,2026-05-11 17:17:10,S0501,Olmazor,41.370161,69.266881,24.8,0.1,49.94,223.0,0.805,87.0,63.5,2.78,0,0.0288
2026-05-16,2026-05-11 17:17:10,S0501,Olmazor,41.370161,69.266881,24.4,0.3,49.85,216.5,0.7621,90.0,69.3,2.65,0,0.0288
2026-05-17,2026-05-11 17:17:10,S0501,Olmazor,41.370161,69.266881,25.1,0.0,49.9,217.9,0.8128,90.5,60.6,2.32,0,0.0288
2026-05-18,2026-05-11 17:17:10,S0501,Olmazor,41.370161,69.266881,23.5,0.0,49.91,217.0,0.6775,87.0,62.3,3.28,0,0.0288
2026-05-12,2026-05-11 17:17:10,S0502,Olmazor,41.370853,69.286267,30.8,11.8,50.25,218.1,0.0524,83.3,71.9,3.87,1,0.3731
2026-05-13,2026-05-11 17:17:10,S0502,Olmazor,41.370853,69.286267,38.1,12.5,50.2,222.8,0.01,84.5,78.2,3.74,1,0.3731
2026-05-14,2026-05-11 17:17:10,S0502,Olmazor,41.370853,69.286267,33.7,13.8,50.31,219.7,0.01,82.2,77.2,3.81,1,0.3731
2026-05-15,2026-05-11 17:17:10,S0502,Olmazor,41.370853,69.286267,33.2,15.1,50.23,219.9,0.01,84.3,90.1,3.66,1,0.3731
2026-05-16,2026-05-11 17:17:10,S0502,Olmazor,41.370853,69.286267,34.0,12.2,50.36,222.6,0.01,81.8,79.3,3.9,1,0.3731
2026-05-17,2026-05-11 17:17:10,S0502,Olmazor,41.370853,69.286267,31.5,14.3,50.45,225.2,0.01,79.5,73.4,3.79,1,0.3731
2026-05-18,2026-05-11 17:17:10,S0502,Olmazor,41.370853,69.286267,33.5,12.5,50.38,219.2,0.0621,79.9,77.7,3.69,1,0.3731
2026-05-12,2026-05-11 17:17:10,S0503,Olmazor,41.365223,69.216485,39.8,8.8,49.52,220.4,0.6873,89.8,50.3,3.3,0,0.0218
2026-05-13,2026-05-11 17:17:10,S0503,Olmazor,41.365223,69.216485,40.6,10.8,49.56,215.6,0.7359,92.6,45.4,3.06,1,0.3718
2026-05-14,2026-05-11 17:17:10,S0503,Olmazor,41.365223,69.216485,41.6,12.1,49.64,211.9,0.7145,92.0,44.9,3.56,1,0.3718
2026-05-15,2026-05-11 17:17:10,S0503,Olmazor,41.365223,69.216485,44.7,14.6,49.87,214.8,0.791,93.9,40.6,3.7,1,0.3718
2026-05-16,2026-05-11 17:17:10,S0503,Olmazor,41.365223,69.216485,39.6,13.9,49.65,209.2,0.8691,94.9,32.5,3.39,1,0.3718
2026-05-17,2026-05-11 17:17:10,S0503,Olmazor,41.365223,69.216485,40.2,15.5,49.83,211.5,0.9951,92.9,34.9,3.36,1,0.3718
2026-05-18,2026-05-11 17:17:10,S0503,Olmazor,41.365223,69.216485,44.9,16.1,49.65,210.1,0.9207,96.4,33.4,3.76,1,0.3718
2026-05-12,2026-05-11 17:17:10,S0504,Olmazor,41.331884,69.241861,15.6,9.6,50.06,229.8,0.4556,93.0,30.3,1.35,0,0.0316
2026-05-13,2026-05-11 17:17:10,S0504,Olmazor,41.331884,69.241861,18.3,10.4,50.11,228.5,0.3703,96.0,33.5,1.53,0,0.0316
2026-05-14,2026-05-11 17:17:10,S0504,Olmazor,41.331884,69.241861,20.3,10.9,50.0,230.8,0.3295,97.0,29.3,1.78,1,0.3816
2026-05-15,2026-05-11 17:17:10,S0504,Olmazor,41.331884,69.241861,21.1,8.0,49.97,236.6,0.4467,99.4,28.2,1.62,1,0.3816
2026-05-16,2026-05-11 17:17:10,S0504,Olmazor,41.331884,69.241861,16.9,9.4,50.16,235.6,0.3677,100.0,30.5,1.54,1,0.3816
2026-05-17,2026-05-11 17:17:10,S0504,Olmazor,41.331884,69.241861,17.0,8.5,50.12,230.1,0.3651,99.0,27.9,1.03,1,0.3816
2026-05-18,2026-05-11 17:17:10,S0504,Olmazor,41.331884,69.241861,18.4,8.4,49.88,234.2,0.3608,98.9,25.0,1.05,1,0.3816
2026-05-12,2026-05-11 17:17:10,S0505,Olmazor,41.330994,69.218655,33.5,12.5,49.78,196.4,0.5455,84.9,71.0,3.95,2,0.7198
2026-05-13,2026-05-11 17:17:10,S0505,Olmazor,41.330994,69.218655,35.4,12.4,49.61,195.0,0.5468,90.9,70.1,3.9,2,0.7198
2026-05-14,2026-05-11 17:17:10,S0505,Olmazor,41.330994,69.218655,33.2,12.2,49.75,197.3,0.6845,86.1,58.8,4.44,2,0.7198
2026-05-15,2026-05-11 17:17:10,S0505,Olmazor,41.330994,69.218655,34.5,10.6,49.76,199.4,0.6803,88.4,72.5,4.23,2,0.7198
2026-05-16,2026-05-11 17:17:10,S0505,Olmazor,41.330994,69.218655,36.8,10.2,49.59,195.0,0.5914,88.0,74.0,4.7,2,0.7198
2026-05-17,2026-05-11 17:17:10,S0505,Olmazor,41.330994,69.218655,37.6,13.5,49.72,195.0,0.7007,90.9,62.4,4.69,2,0.7198
2026-05-18,2026-05-11 17:17:10,S0505,Olmazor,41.330994,69.218655,39.1,13.4,49.72,195.0,0.8483,89.0,65.1,4.91,2,0.7198
2026-05-12,2026-05-11 17:17:10,S0506,Olmazor,41.342822,69.217245,24.8,18.3,49.71,233.1,0.4122,83.1,87.3,3.32,1,0.3886
2026-05-13,2026-05-11 17:17:10,S0506,Olmazor,41.342822,69.217245,26.7,17.4,49.59,236.8,0.6763,84.5,89.5,3.32,1,0.3886
2026-05-14,2026-05-11 17:17:10,S0506,Olmazor,41.342822,69.217245,21.8,17.5,49.74,229.9,0.6497,87.0,83.7,3.62,0,0.0386
2026-05-15,2026-05-11 17:17:10,S0506,Olmazor,41.342822,69.217245,24.8,18.7,49.41,233.2,0.5305,88.2,95.0,2.54,1,0.3886
2026-05-16,2026-05-11 17:17:10,S0506,Olmazor,41.342822,69.217245,27.5,15.7,49.51,235.6,0.6351,84.8,85.6,3.7,1,0.3886
2026-05-17,2026-05-11 17:17:10,S0506,Olmazor,41.342822,69.217245,26.5,20.0,49.64,234.2,0.5545,90.1,87.6,3.38,1,0.3886
2026-05-18,2026-05-11 17:17:10,S0506,Olmazor,41.342822,69.217245,24.8,18.2,49.39,234.8,0.7927,87.6,89.7,3.36,1,0.3886
2026-05-12,2026-05-11 17:17:10,S0507,Olmazor,41.364357,69.280999,37.3,12.0,49.75,220.6,0.1816,88.0,81.9,4.15,0,0.0231
2026-05-13,2026-05-11 17:17:10,S0507,Olmazor,41.364357,69.280999,38.0,11.4,49.72,223.9,0.0668,86.5,62.9,4.53,0,0.0231
2026-05-14,2026-05-11 17:17:10,S0507,Olmazor,41.364357,69.280999,37.2,11.7,49.81,218.9,0.01,88.0,71.8,4.83,0,0.0231
2026-05-15,2026-05-11 17:17:10,S0507,Olmazor,41.364357,69.280999,36.8,9.1,49.75,221.5,0.0959,89.6,71.5,5.04,1,0.3731
2026-05-16,2026-05-11 17:17:10,S0507,Olmazor,41.364357,69.280999,39.1,11.2,49.87,221.4,0.1266,89.4,61.0,5.13,1,0.3731
2026-05-17,2026-05-11 17:17:10,S0507,Olmazor,41.364357,69.280999,38.3,9.6,49.8,224.6,0.0596,89.7,74.1,4.85,0,0.0231
2026-05-18,2026-05-11 17:17:10,S0507,Olmazor,41.364357,69.280999,39.9,9.9,49.78,222.5,0.0859,94.1,80.1,5.16,1,0.3731
2026-05-12,2026-05-11 17:17:10,S0508,Olmazor,41.393711,69.274158,35.6,6.1,49.22,210.4,0.486,82.9,72.4,3.2,1,0.3757
2026-05-13,2026-05-11 17:17:10,S0508,Olmazor,41.393711,69.274158,35.1,4.1,49.51,207.1,0.4404,82.2,80.3,2.46,1,0.3757
2026-05-14,2026-05-11 17:17:10,S0508,Olmazor,41.393711,69.274158,33.0,6.3,49.25,204.0,0.4556,84.1,75.5,2.89,1,0.3757
2026-05-15,2026-05-11 17:17:10,S0508,Olmazor,41.393711,69.274158,32.1,3.6,49.22,210.4,0.4579,81.6,65.9,3.24,1,0.3757
2026-05-16,2026-05-11 17:17:10,S0508,Olmazor,41.393711,69.274158,35.3,3.3,49.03,211.0,0.4516,80.2,75.5,2.82,1,0.3757
2026-05-17,2026-05-11 17:17:10,S0508,Olmazor,41.393711,69.274158,32.6,5.3,49.08,209.7,0.4114,80.7,75.4,2.95,1,0.3757
2026-05-18,2026-05-11 17:17:10,S0508,Olmazor,41.393711,69.274158,31.7,1.4,48.81,208.6,0.2998,78.6,78.1,2.63,2,0.7257
2026-05-12,2026-05-11 17:17:10,S0509,Olmazor,41.366395,69.265929,29.4,6.5,50.52,211.2,0.6,82.8,59.7,3.76,1,0.3713
2026-05-13,2026-05-11 17:17:10,S0509,Olmazor,41.366395,69.265929,26.9,7.4,50.5,213.5,0.666,81.5,59.7,3.89,1,0.3713
2026-05-14,2026-05-11 17:17:10,S0509,Olmazor,41.366395,69.265929,26.6,9.0,50.46,211.4,0.6261,82.4,64.0,3.2,1,0.3713
2026-05-15,2026-05-11 17:17:10,S0509,Olmazor,41.366395,69.265929,23.0,10.0,50.39,213.3,0.5562,81.0,58.1,3.34,1,0.3713
2026-05-16,2026-05-11 17:17:10,S0509,Olmazor,41.366395,69.265929,23.2,8.8,50.59,217.1,0.5556,80.9,66.2,3.33,1,0.3713
2026-05-17,2026-05-11 17:17:10,S0509,Olmazor,41.366395,69.265929,19.6,8.8,50.57,213.5,0.5352,83.3,76.0,2.92,1,0.3713
2026-05-18,2026-05-11 17:17:10,S0509,Olmazor,41.366395,69.265929,19.5,8.2,50.65,214.0,0.5018,84.3,72.7,2.84,1,0.3713
2026-05-12,2026-05-11 17:17:10,S0510,Olmazor,41.363182,69.26244,30.4,13.4,50.61,216.0,0.0646,76.4,63.0,3.16,1,0.3904
2026-05-13,2026-05-11 17:17:10,S0510,Olmazor,41.363182,69.26244,32.7,12.4,50.87,215.8,0.0384,77.3,64.7,2.74,1,0.3904
2026-05-14,2026-05-11 17:17:10,S0510,Olmazor,41.363182,69.26244,30.3,14.8,50.71,215.7,0.0379,73.5,60.5,3.02,2,0.7404
2026-05-15,2026-05-11 17:17:10,S0510,Olmazor,41.363182,69.26244,33.0,11.2,50.88,217.2,0.0386,75.8,58.3,3.07,1,0.3904
2026-05-16,2026-05-11 17:17:10,S0510,Olmazor,41.363182,69.26244,28.8,16.6,50.64,207.2,0.01,77.7,52.3,2.88,1,0.3904
2026-05-17,2026-05-11 17:17:10,S0510,Olmazor,41.363182,69.26244,30.3,14.9,50.77,209.6,0.01,75.0,40.8,3.32,1,0.3904
2026-05-18,2026-05-11 17:17:10,S0510,Olmazor,41.363182,69.26244,32.0,15.6,50.72,208.5,0.01,71.8,54.3,2.66,2,0.7404
2026-05-12,2026-05-11 17:17:10,S0511,Olmazor,41.354349,69.219843,43.6,2.9,49.91,229.1,0.4035,96.5,50.2,2.46,1,0.3733
2026-05-13,2026-05-11 17:17:10,S0511,Olmazor,41.354349,69.219843,40.2,2.7,49.83,227.6,0.4957,96.2,45.2,2.84,1,0.3733
2026-05-14,2026-05-11 17:17:10,S0511,Olmazor,41.354349,69.219843,45.2,2.8,50.24,230.1,0.4733,100.0,52.6,3.01,2,0.7233
2026-05-15,2026-05-11 17:17:10,S0511,Olmazor,41.354349,69.219843,47.1,4.8,50.03,228.6,0.4874,99.4,42.8,3.14,2,0.7233
2026-05-16,2026-05-11 17:17:10,S0511,Olmazor,41.354349,69.219843,46.6,2.8,50.16,227.7,0.4415,98.5,48.2,2.85,2,0.7233
2026-05-17,2026-05-11 17:17:10,S0511,Olmazor,41.354349,69.219843,45.9,1.2,50.11,234.0,0.5693,96.7,57.5,2.42,2,0.7233
2026-05-18,2026-05-11 17:17:10,S0511,Olmazor,41.354349,69.219843,48.7,1.9,49.91,232.3,0.5389,100.0,58.6,3.31,2,0.7233
2026-05-12,2026-05-11 17:17:10,S0512,Olmazor,41.34847,69.226755,49.2,8.2,49.71,229.5,0.7476,94.2,72.5,3.05,2,0.7355
2026-05-13,2026-05-11 17:17:10,S0512,Olmazor,41.34847,69.226755,46.5,8.4,49.65,229.8,0.8929,91.8,77.1,2.5,2,0.7355
2026-05-14,2026-05-11 17:17:10,S0512,Olmazor,41.34847,69.226755,45.8,7.2,49.49,225.0,0.8058,95.5,81.2,2.12,2,0.7355
2026-05-15,2026-05-11 17:17:10,S0512,Olmazor,41.34847,69.226755,49.7,9.1,49.67,233.6,0.7191,93.3,86.5,2.83,2,0.7355
2026-05-16,2026-05-11 17:17:10,S0512,Olmazor,41.34847,69.226755,47.3,8.8,49.5,233.6,0.615,95.8,79.0,2.64,2,0.7355
2026-05-17,2026-05-11 17:17:10,S0512,Olmazor,41.34847,69.226755,49.5,10.4,49.58,232.8,0.8021,95.4,83.9,1.76,2,0.7355
2026-05-18,2026-05-11 17:17:10,S0512,Olmazor,41.34847,69.226755,52.9,9.3,49.61,241.5,0.8095,91.8,82.0,2.29,2,0.7355
2026-05-12,2026-05-11 17:17:10,S0513,Olmazor,41.349476,69.262804,33.6,19.6,50.15,217.6,0.3677,100.0,71.7,2.35,0,0.0224
2026-05-13,2026-05-11 17:17:10,S0513,Olmazor,41.349476,69.262804,31.0,17.7,50.54,215.9,0.4512,100.0,67.3,2.14,1,0.3724
2026-05-14,2026-05-11 17:17:10,S0513,Olmazor,41.349476,69.262804,33.8,18.8,50.44,214.4,0.4592,99.1,72.6,1.75,0,0.0224
2026-05-15,2026-05-11 17:17:10,S0513,Olmazor,41.349476,69.262804,30.7,16.6,50.23,215.1,0.512,100.0,70.4,1.36,0,0.0224
2026-05-16,2026-05-11 17:17:10,S0513,Olmazor,41.349476,69.262804,30.4,17.3,50.52,214.2,0.5969,100.0,70.8,1.57,1,0.3724
2026-05-17,2026-05-11 17:17:10,S0513,Olmazor,41.349476,69.262804,29.2,17.5,50.4,215.1,0.5477,100.0,69.1,2.07,0,0.0224
2026-05-18,2026-05-11 17:17:10,S0513,Olmazor,41.349476,69.262804,33.4,16.6,50.21,213.9,0.4303,100.0,74.5,1.37,0,0.0224
2026-05-12,2026-05-11 17:17:10,S0514,Olmazor,41.360194,69.276212,38.6,12.5,50.11,211.4,0.5648,86.1,86.4,3.54,0,0.0363
2026-05-13,2026-05-11 17:17:10,S0514,Olmazor,41.360194,69.276212,38.1,14.7,50.01,214.3,0.5228,86.9,88.0,3.34,0,0.0363
2026-05-14,2026-05-11 17:17:10,S0514,Olmazor,41.360194,69.276212,40.1,15.5,50.22,215.1,0.5084,88.2,86.3,3.47,1,0.3863
2026-05-15,2026-05-11 17:17:10,S0514,Olmazor,41.360194,69.276212,39.0,15.9,50.16,211.0,0.5554,89.3,81.3,3.23,0,0.0363
2026-05-16,2026-05-11 17:17:10,S0514,Olmazor,41.360194,69.276212,37.6,15.9,50.13,210.7,0.4571,85.5,84.7,3.46,0,0.0363
2026-05-17,2026-05-11 17:17:10,S0514,Olmazor,41.360194,69.276212,40.4,18.7,50.26,212.0,0.5494,89.6,86.7,3.35,1,0.3863
2026-05-18,2026-05-11 17:17:10,S0514,Olmazor,41.360194,69.276212,40.1,15.3,50.36,209.4,0.5336,86.7,86.0,3.29,1,0.3863
2026-05-12,2026-05-11 17:17:10,S0515,Olmazor,41.392428,69.238805,37.3,9.9,49.89,232.3,0.2965,97.2,73.2,3.46,1,0.3744
2026-05-13,2026-05-11 17:17:10,S0515,Olmazor,41.392428,69.238805,31.8,10.8,50.12,230.5,0.4067,94.3,66.3,3.86,1,0.3744
2026-05-14,2026-05-11 17:17:10,S0515,Olmazor,41.392428,69.238805,30.5,8.1,49.95,231.2,0.2735,98.6,76.0,3.67,1,0.3744
2026-05-15,2026-05-11 17:17:10,S0515,Olmazor,41.392428,69.238805,31.0,11.0,50.21,234.0,0.1758,100.0,70.6,3.67,1,0.3744
2026-05-16,2026-05-11 17:17:10,S0515,Olmazor,41.392428,69.238805,28.7,11.0,50.09,236.1,0.131,97.9,73.7,3.45,1,0.3744
2026-05-17,2026-05-11 17:17:10,S0515,Olmazor,41.392428,69.238805,31.4,10.3,50.13,240.2,0.1605,100.0,72.4,3.63,2,0.7244
2026-05-18,2026-05-11 17:17:10,S0515,Olmazor,41.392428,69.238805,33.8,12.4,50.22,236.6,0.01,100.0,81.5,3.44,1,0.3744
2026-05-12,2026-05-11 17:17:10,S0516,Olmazor,41.382767,69.272506,34.3,6.7,50.22,220.8,0.1626,93.6,63.0,3.09,0,0.0332
2026-05-13,2026-05-11 17:17:10,S0516,Olmazor,41.382767,69.272506,31.0,7.3,50.12,216.3,0.2469,95.1,64.0,3.6,0,0.0332
2026-05-14,2026-05-11 17:17:10,S0516,Olmazor,41.382767,69.272506,30.1,4.9,50.13,220.5,0.2808,95.1,68.5,3.09,0,0.0332
2026-05-15,2026-05-11 17:17:10,S0516,Olmazor,41.382767,69.272506,31.5,3.8,50.01,212.9,0.2728,96.6,73.1,3.76,0,0.0332
2026-05-16,2026-05-11 17:17:10,S0516,Olmazor,41.382767,69.272506,29.0,6.5,50.12,220.5,0.3432,94.3,70.3,3.56,0,0.0332
2026-05-17,2026-05-11 17:17:10,S0516,Olmazor,41.382767,69.272506,29.7,6.7,50.06,216.6,0.3663,96.9,75.6,3.77,0,0.0332
2026-05-18,2026-05-11 17:17:10,S0516,Olmazor,41.382767,69.272506,29.2,6.8,50.31,219.7,0.2886,94.3,68.8,3.7,0,0.0332
2026-05-12,2026-05-11 17:17:10,S0517,Olmazor,41.382038,69.284923,37.3,10.2,50.39,224.7,0.2431,86.5,95.0,4.41,1,0.3796
2026-05-13,2026-05-11 17:17:10,S0517,Olmazor,41.382038,69.284923,35.8,10.6,50.36,226.4,0.3176,81.9,95.0,4.79,1,0.3796
2026-05-14,2026-05-11 17:17:10,S0517,Olmazor,41.382038,69.284923,34.1,11.4,50.33,226.0,0.1554,84.5,91.5,5.04,1,0.3796
2026-05-15,2026-05-11 17:17:10,S0517,Olmazor,41.382038,69.284923,34.0,12.0,50.32,226.1,0.2202,82.1,95.0,4.92,1,0.3796
2026-05-16,2026-05-11 17:17:10,S0517,Olmazor,41.382038,69.284923,35.9,11.5,50.39,227.3,0.157,81.4,95.0,4.3,1,0.3796
2026-05-17,2026-05-11 17:17:10,S0517,Olmazor,41.382038,69.284923,32.1,12.1,50.56,229.1,0.1242,78.1,95.0,4.17,1,0.3796
2026-05-18,2026-05-11 17:17:10,S0517,Olmazor,41.382038,69.284923,32.5,14.5,50.43,225.5,0.1908,80.0,95.0,4.63,1,0.3796
2026-05-12,2026-05-11 17:17:10,S0518,Olmazor,41.37635,69.27452,38.3,15.6,50.3,221.0,0.5881,81.5,59.4,3.19,1,0.376
2026-05-13,2026-05-11 17:17:10,S0518,Olmazor,41.37635,69.27452,38.3,12.8,50.32,224.9,0.6496,79.5,52.3,2.74,1,0.376
2026-05-14,2026-05-11 17:17:10,S0518,Olmazor,41.37635,69.27452,37.6,14.1,50.32,220.5,0.6194,79.1,55.0,2.97,1,0.376
2026-05-15,2026-05-11 17:17:10,S0518,Olmazor,41.37635,69.27452,36.1,12.6,50.58,222.5,0.6134,76.4,58.4,3.05,1,0.376
2026-05-16,2026-05-11 17:17:10,S0518,Olmazor,41.37635,69.27452,38.0,15.7,50.54,222.1,0.503,77.6,52.9,2.82,1,0.376
2026-05-17,2026-05-11 17:17:10,S0518,Olmazor,41.37635,69.27452,34.4,14.3,50.58,218.8,0.622,74.4,55.9,2.95,2,0.726
2026-05-18,2026-05-11 17:17:10,S0518,Olmazor,41.37635,69.27452,40.9,15.6,50.71,222.9,0.5202,75.2,57.8,2.61,1,0.376
2026-05-12,2026-05-11 17:17:10,S0519,Olmazor,41.337625,69.258881,48.9,7.6,49.99,229.1,0.6378,93.3,93.5,2.06,2,0.7258
2026-05-13,2026-05-11 17:17:10,S0519,Olmazor,41.337625,69.258881,45.3,7.4,50.05,237.1,0.5344,99.2,95.0,2.4,2,0.7258
2026-05-14,2026-05-11 17:17:10,S0519,Olmazor,41.337625,69.258881,46.7,8.0,50.19,234.2,0.5906,93.3,93.4,2.32,2,0.7258
2026-05-15,2026-05-11 17:17:10,S0519,Olmazor,41.337625,69.258881,45.1,8.9,50.07,238.9,0.5616,99.8,93.8,1.97,2,0.7258
2026-05-16,2026-05-11 17:17:10,S0519,Olmazor,41.337625,69.258881,54.7,10.0,50.14,237.7,0.6454,96.6,95.0,1.7,2,0.7258
2026-05-17,2026-05-11 17:17:10,S0519,Olmazor,41.337625,69.258881,52.9,8.9,50.11,240.6,0.6197,99.2,95.0,1.85,2,0.7258
2026-05-18,2026-05-11 17:17:10,S0519,Olmazor,41.337625,69.258881,51.5,11.5,50.06,239.9,0.5206,97.5,93.9,1.31,2,0.7258
2026-05-12,2026-05-11 17:17:10,S0520,Olmazor,41.358946,69.218672,30.6,18.6,50.3,220.8,0.57,83.4,48.9,3.21,1,0.3788
2026-05-13,2026-05-11 17:17:10,S0520,Olmazor,41.358946,69.218672,29.7,17.1,50.41,222.9,0.5657,80.5,45.1,2.93,1,0.3788
2026-05-14,2026-05-11 17:17:10,S0520,Olmazor,41.358946,69.218672,34.2,18.5,50.46,219.4,0.5714,81.2,45.1,3.09,1,0.3788
2026-05-15,2026-05-11 17:17:10,S0520,Olmazor,41.358946,69.218672,37.2,16.8,50.57,215.5,0.5162,82.6,44.2,3.46,1,0.3788
2026-05-16,2026-05-11 17:17:10,S0520,Olmazor,41.358946,69.218672,36.8,17.2,50.78,214.7,0.4355,84.3,38.3,3.51,1,0.3788
2026-05-17,2026-05-11 17:17:10,S0520,Olmazor,41.358946,69.218672,38.8,17.6,50.54,215.9,0.4796,80.7,40.6,2.85,1,0.3788
2026-05-18,2026-05-11 17:17:10,S0520,Olmazor,41.358946,69.218672,38.9,20.1,50.68,216.8,0.4278,83.5,45.4,2.87,1,0.3788
2026-05-12,2026-05-11 17:17:10,S0521,Olmazor,41.360764,69.28619,33.2,7.3,50.08,232.6,0.4214,89.1,68.6,5.81,2,0.7322
2026-05-13,2026-05-11 17:17:10,S0521,Olmazor,41.360764,69.28619,34.9,8.6,50.16,234.7,0.5678,89.8,68.7,5.56,2,0.7322
2026-05-14,2026-05-11 17:17:10,S0521,Olmazor,41.360764,69.28619,34.9,6.7,50.13,234.7,0.5427,94.6,74.0,5.68,2,0.7322
2026-05-15,2026-05-11 17:17:10,S0521,Olmazor,41.360764,69.28619,32.5,7.7,50.18,239.7,0.5879,96.0,76.1,5.55,2,0.7322
2026-05-16,2026-05-11 17:17:10,S0521,Olmazor,41.360764,69.28619,32.6,5.5,49.98,233.5,0.5825,93.9,74.4,5.64,2,0.7322
2026-05-17,2026-05-11 17:17:10,S0521,Olmazor,41.360764,69.28619,33.0,6.2,50.24,236.0,0.5393,93.7,69.5,6.2,2,0.7322
2026-05-18,2026-05-11 17:17:10,S0521,Olmazor,41.360764,69.28619,33.3,6.0,50.04,240.1,0.5469,94.8,73.6,6.34,2,0.7322
2026-05-12,2026-05-11 17:17:10,S0522,Olmazor,41.372921,69.227407,27.2,10.1,49.99,220.3,0.1448,85.3,95.0,3.34,1,0.3652
2026-05-13,2026-05-11 17:17:10,S0522,Olmazor,41.372921,69.227407,30.2,11.0,49.93,216.1,0.1927,83.7,95.0,2.97,1,0.3652
2026-05-14,2026-05-11 17:17:10,S0522,Olmazor,41.372921,69.227407,30.0,12.0,49.9,218.0,0.1123,89.1,95.0,3.0,1,0.3652
2026-05-15,2026-05-11 17:17:10,S0522,Olmazor,41.372921,69.227407,31.4,10.9,49.97,222.1,0.3361,86.7,95.0,2.99,1,0.3652
2026-05-16,2026-05-11 17:17:10,S0522,Olmazor,41.372921,69.227407,26.6,10.9,49.99,220.9,0.1592,84.4,95.0,3.1,1,0.3652
2026-05-17,2026-05-11 17:17:10,S0522,Olmazor,41.372921,69.227407,27.0,10.6,50.06,222.1,0.049,86.7,95.0,3.12,1,0.3652
2026-05-18,2026-05-11 17:17:10,S0522,Olmazor,41.372921,69.227407,26.8,9.4,49.9,221.6,0.1151,86.7,95.0,3.38,1,0.3652
2026-05-12,2026-05-11 17:17:10,S0523,Olmazor,41.375261,69.256183,36.0,10.9,49.97,208.3,0.6766,88.3,68.3,3.26,1,0.3787
2026-05-13,2026-05-11 17:17:10,S0523,Olmazor,41.375261,69.256183,33.7,12.0,50.18,213.3,0.6844,90.2,61.8,3.68,0,0.0287
2026-05-14,2026-05-11 17:17:10,S0523,Olmazor,41.375261,69.256183,35.0,11.3,50.07,210.5,0.7193,88.8,62.0,3.7,0,0.0287
2026-05-15,2026-05-11 17:17:10,S0523,Olmazor,41.375261,69.256183,30.1,15.0,49.98,211.1,0.7167,86.8,60.0,3.87,0,0.0287
2026-05-16,2026-05-11 17:17:10,S0523,Olmazor,41.375261,69.256183,30.0,13.8,49.99,209.1,0.6646,89.0,61.9,4.68,1,0.3787
2026-05-17,2026-05-11 17:17:10,S0523,Olmazor,41.375261,69.256183,27.9,15.2,49.99,205.7,0.8364,86.3,58.8,3.81,1,0.3787
2026-05-18,2026-05-11 17:17:10,S0523,Olmazor,41.375261,69.256183,30.5,13.0,49.98,201.9,0.7019,90.9,59.1,4.42,1,0.3787
2026-05-12,2026-05-11 17:17:10,S0524,Olmazor,41.333914,69.215091,46.5,7.5,50.08,224.5,0.6937,74.8,75.5,4.48,2,0.7308
2026-05-13,2026-05-11 17:17:10,S0524,Olmazor,41.333914,69.215091,50.1,6.2,49.99,222.7,0.6285,77.9,73.6,4.11,2,0.7308
2026-05-14,2026-05-11 17:17:10,S0524,Olmazor,41.333914,69.215091,48.4,7.6,50.11,219.1,0.6546,76.8,77.4,4.59,2,0.7308
2026-05-15,2026-05-11 17:17:10,S0524,Olmazor,41.333914,69.215091,50.7,7.5,50.18,226.8,0.5429,78.3,78.1,4.15,2,0.7308
2026-05-16,2026-05-11 17:17:10,S0524,Olmazor,41.333914,69.215091,47.9,8.4,50.05,222.3,0.548,75.8,69.0,4.37,2,0.7308
2026-05-17,2026-05-11 17:17:10,S0524,Olmazor,41.333914,69.215091,53.3,8.2,49.98,225.0,0.4774,74.5,68.3,4.48,2,0.7308
2026-05-18,2026-05-11 17:17:10,S0524,Olmazor,41.333914,69.215091,53.6,7.0,50.09,229.8,0.6898,71.8,58.3,4.49,2,0.7308
2026-05-12,2026-05-11 17:17:10,S0525,Olmazor,41.357513,69.264585,41.9,17.6,50.08,229.0,0.7178,78.1,59.6,3.88,1,0.3794
2026-05-13,2026-05-11 17:17:10,S0525,Olmazor,41.357513,69.264585,44.6,20.0,50.26,223.4,0.6379,75.4,65.2,3.77,1,0.3794
2026-05-14,2026-05-11 17:17:10,S0525,Olmazor,41.357513,69.264585,44.2,20.0,50.23,224.4,0.5263,71.9,57.6,3.55,2,0.7294
2026-05-15,2026-05-11 17:17:10,S0525,Olmazor,41.357513,69.264585,42.3,17.7,50.21,221.7,0.5794,73.4,64.4,3.93,2,0.7294
2026-05-16,2026-05-11 17:17:10,S0525,Olmazor,41.357513,69.264585,45.7,20.1,50.13,223.1,0.4915,75.5,65.5,3.53,2,0.7294
2026-05-17,2026-05-11 17:17:10,S0525,Olmazor,41.357513,69.264585,47.1,21.3,50.16,221.3,0.5274,71.3,62.7,4.01,2,0.7294
2026-05-18,2026-05-11 17:17:10,S0525,Olmazor,41.357513,69.264585,42.9,20.7,50.16,224.7,0.4622,74.8,59.9,3.61,2,0.7294
2026-05-12,2026-05-11 17:17:10,S0526,Olmazor,41.386437,69.225338,30.0,6.0,50.11,239.1,0.0679,93.9,73.9,3.61,1,0.3832
2026-05-13,2026-05-11 17:17:10,S0526,Olmazor,41.386437,69.225338,29.2,6.5,50.07,239.1,0.01,98.3,70.8,4.36,1,0.3832
2026-05-14,2026-05-11 17:17:10,S0526,Olmazor,41.386437,69.225338,27.1,6.8,49.95,241.4,0.01,98.4,65.4,4.43,2,0.7332
2026-05-15,2026-05-11 17:17:10,S0526,Olmazor,41.386437,69.225338,27.8,7.0,49.97,242.0,0.01,97.3,68.4,4.17,2,0.7332
2026-05-16,2026-05-11 17:17:10,S0526,Olmazor,41.386437,69.225338,26.8,8.8,49.88,245.0,0.01,96.0,66.4,4.22,2,0.7332
2026-05-17,2026-05-11 17:17:10,S0526,Olmazor,41.386437,69.225338,27.7,5.1,49.89,245.0,0.01,99.2,58.3,3.89,2,0.7332
2026-05-18,2026-05-11 17:17:10,S0526,Olmazor,41.386437,69.225338,25.8,6.9,50.04,245.0,0.01,100.0,55.0,4.1,2,0.7332
2026-05-12,2026-05-11 17:17:10,S0527,Olmazor,41.383762,69.231159,37.7,6.5,50.45,225.4,0.3498,86.9,88.9,2.77,0,0.0377
2026-05-13,2026-05-11 17:17:10,S0527,Olmazor,41.383762,69.231159,37.3,7.3,50.55,223.6,0.2985,89.6,95.0,2.05,1,0.3877
2026-05-14,2026-05-11 17:17:10,S0527,Olmazor,41.383762,69.231159,37.1,8.2,50.61,227.7,0.394,88.2,93.7,2.85,1,0.3877
2026-05-15,2026-05-11 17:17:10,S0527,Olmazor,41.383762,69.231159,39.7,8.2,50.64,227.8,0.3655,85.8,95.0,2.85,1,0.3877
2026-05-16,2026-05-11 17:17:10,S0527,Olmazor,41.383762,69.231159,35.9,7.6,50.72,228.2,0.3527,88.4,93.6,2.89,1,0.3877
2026-05-17,2026-05-11 17:17:10,S0527,Olmazor,41.383762,69.231159,38.7,8.4,50.82,230.3,0.3704,86.0,95.0,2.35,1,0.3877
2026-05-18,2026-05-11 17:17:10,S0527,Olmazor,41.383762,69.231159,38.5,8.8,50.83,230.9,0.3811,84.8,95.0,2.65,1,0.3877
2026-05-12,2026-05-11 17:17:10,S0528,Olmazor,41.352242,69.22326,10.8,7.1,49.74,222.9,0.3489,88.0,53.2,4.75,0,0.0224
2026-05-13,2026-05-11 17:17:10,S0528,Olmazor,41.352242,69.22326,14.4,9.1,49.85,218.4,0.4743,89.0,56.1,5.06,1,0.3724
2026-05-14,2026-05-11 17:17:10,S0528,Olmazor,41.352242,69.22326,14.6,6.8,49.63,219.4,0.3894,87.5,61.7,5.0,0,0.0224
2026-05-15,2026-05-11 17:17:10,S0528,Olmazor,41.352242,69.22326,11.7,6.0,49.55,217.8,0.4248,90.4,60.4,5.16,1,0.3724
2026-05-16,2026-05-11 17:17:10,S0528,Olmazor,41.352242,69.22326,13.0,7.7,49.56,218.2,0.3361,87.9,59.1,5.06,1,0.3724
2026-05-17,2026-05-11 17:17:10,S0528,Olmazor,41.352242,69.22326,14.1,9.1,49.44,217.0,0.3777,87.2,51.3,5.29,1,0.3724
2026-05-18,2026-05-11 17:17:10,S0528,Olmazor,41.352242,69.22326,12.7,6.2,49.57,213.2,0.2702,88.8,41.8,5.67,2,0.7224
2026-05-12,2026-05-11 17:17:10,S0529,Olmazor,41.356909,69.230719,43.6,5.2,50.18,221.6,0.5182,91.5,71.8,3.67,1,0.3709
2026-05-13,2026-05-11 17:17:10,S0529,Olmazor,41.356909,69.230719,42.7,6.7,50.27,225.6,0.7213,88.5,64.2,3.21,1,0.3709
2026-05-14,2026-05-11 17:17:10,S0529,Olmazor,41.356909,69.230719,41.0,5.7,50.35,225.0,0.6759,92.7,71.4,3.31,1,0.3709
2026-05-15,2026-05-11 17:17:10,S0529,Olmazor,41.356909,69.230719,44.6,4.8,50.29,224.0,0.7582,92.9,69.8,3.28,1,0.3709
2026-05-16,2026-05-11 17:17:10,S0529,Olmazor,41.356909,69.230719,42.1,4.3,50.37,226.1,0.5741,93.2,63.8,3.37,1,0.3709
2026-05-17,2026-05-11 17:17:10,S0529,Olmazor,41.356909,69.230719,44.5,7.4,50.39,228.2,0.5454,91.6,61.5,3.32,1,0.3709
2026-05-18,2026-05-11 17:17:10,S0529,Olmazor,41.356909,69.230719,42.3,5.7,50.27,227.0,0.6467,91.4,59.6,3.36,1,0.3709
2026-05-12,2026-05-11 17:17:10,S0530,Olmazor,41.377395,69.277386,22.5,7.3,50.13,218.2,0.6029,85.0,51.2,2.49,0,0.0316
2026-05-13,2026-05-11 17:17:10,S0530,Olmazor,41.377395,69.277386,19.6,7.2,50.07,225.2,0.6715,86.3,48.4,3.18,0,0.0316
2026-05-14,2026-05-11 17:17:10,S0530,Olmazor,41.377395,69.277386,21.4,9.3,49.99,221.4,0.6886,84.5,52.2,2.55,1,0.3816
2026-05-15,2026-05-11 17:17:10,S0530,Olmazor,41.377395,69.277386,19.0,6.2,50.06,223.1,0.7223,86.6,41.9,2.74,0,0.0316
2026-05-16,2026-05-11 17:17:10,S0530,Olmazor,41.377395,69.277386,22.4,8.4,49.96,222.4,0.6259,82.5,47.1,2.96,1,0.3816
2026-05-17,2026-05-11 17:17:10,S0530,Olmazor,41.377395,69.277386,21.2,5.6,50.1,228.3,0.7658,85.2,46.7,2.44,0,0.0316
2026-05-18,2026-05-11 17:17:10,S0530,Olmazor,41.377395,69.277386,22.2,4.3,50.25,224.4,0.764,85.4,39.8,2.56,0,0.0316
2026-05-12,2026-05-11 17:17:10,S0531,Olmazor,41.368656,69.259874,37.7,14.0,50.12,205.7,0.5499,98.4,95.0,3.68,1,0.3679
2026-05-13,2026-05-11 17:17:10,S0531,Olmazor,41.368656,69.259874,39.0,11.5,50.12,204.0,0.49,95.8,95.0,3.89,1,0.3679
2026-05-14,2026-05-11 17:17:10,S0531,Olmazor,41.368656,69.259874,39.9,9.2,50.32,202.9,0.7961,99.2,95.0,3.99,1,0.3679
2026-05-15,2026-05-11 17:17:10,S0531,Olmazor,41.368656,69.259874,40.7,11.1,50.09,207.6,0.7334,100.0,95.0,3.51,1,0.3679
2026-05-16,2026-05-11 17:17:10,S0531,Olmazor,41.368656,69.259874,41.0,13.0,50.17,207.0,0.6906,97.6,95.0,3.97,1,0.3679
2026-05-17,2026-05-11 17:17:10,S0531,Olmazor,41.368656,69.259874,43.1,12.1,50.2,204.7,0.5897,96.0,95.0,3.89,1,0.3679
2026-05-18,2026-05-11 17:17:10,S0531,Olmazor,41.368656,69.259874,44.8,10.4,50.32,198.1,0.7224,97.2,95.0,3.96,2,0.7179
2026-05-12,2026-05-11 17:17:10,S0532,Olmazor,41.340403,69.289031,33.8,9.1,49.77,222.2,1.0478,87.0,80.9,4.27,1,0.3822
2026-05-13,2026-05-11 17:17:10,S0532,Olmazor,41.340403,69.289031,36.7,8.9,49.76,222.1,1.2076,90.2,78.6,3.97,1,0.3822
2026-05-14,2026-05-11 17:17:10,S0532,Olmazor,41.340403,69.289031,34.4,11.2,49.93,220.5,1.1562,85.5,80.3,4.29,1,0.3822
2026-05-15,2026-05-11 17:17:10,S0532,Olmazor,41.340403,69.289031,33.4,11.3,49.78,221.9,1.0663,85.8,80.8,4.08,1,0.3822
2026-05-16,2026-05-11 17:17:10,S0532,Olmazor,41.340403,69.289031,32.0,10.1,49.76,218.6,1.0943,89.4,75.4,4.62,1,0.3822
2026-05-17,2026-05-11 17:17:10,S0532,Olmazor,41.340403,69.289031,34.5,9.2,49.78,220.8,1.0268,86.2,74.1,4.69,1,0.3822
2026-05-18,2026-05-11 17:17:10,S0532,Olmazor,41.340403,69.289031,35.0,9.7,49.78,222.1,0.9851,89.0,70.9,4.08,0,0.0322
2026-05-12,2026-05-11 17:17:10,S0533,Olmazor,41.394653,69.253656,42.1,7.2,50.02,217.8,0.5012,91.4,53.8,4.87,1,0.3806
2026-05-13,2026-05-11 17:17:10,S0533,Olmazor,41.394653,69.253656,41.5,7.7,49.85,217.8,0.5552,90.0,53.3,4.3,1,0.3806
2026-05-14,2026-05-11 17:17:10,S0533,Olmazor,41.394653,69.253656,42.7,7.7,49.87,219.2,0.708,91.5,51.9,4.26,1,0.3806
2026-05-15,2026-05-11 17:17:10,S0533,Olmazor,41.394653,69.253656,43.7,6.1,49.68,218.3,0.5468,89.8,54.5,4.83,1,0.3806
2026-05-16,2026-05-11 17:17:10,S0533,Olmazor,41.394653,69.253656,41.1,5.0,49.78,222.1,0.6134,92.6,47.8,4.12,1,0.3806
2026-05-17,2026-05-11 17:17:10,S0533,Olmazor,41.394653,69.253656,43.6,8.0,49.75,220.3,0.7269,92.4,59.1,4.76,1,0.3806
2026-05-18,2026-05-11 17:17:10,S0533,Olmazor,41.394653,69.253656,42.2,4.7,49.79,222.8,0.5685,91.7,63.2,5.14,1,0.3806
2026-05-12,2026-05-11 17:17:10,S0534,Olmazor,41.392705,69.233328,39.7,10.4,49.64,228.0,0.7613,93.8,65.1,2.9,0,0.02
2026-05-13,2026-05-11 17:17:10,S0534,Olmazor,41.392705,69.233328,39.2,12.0,49.84,221.6,0.5525,90.7,64.9,3.4,0,0.02
2026-05-14,2026-05-11 17:17:10,S0534,Olmazor,41.392705,69.233328,42.1,8.2,49.9,224.2,0.6824,91.9,64.9,3.07,1,0.37
2026-05-15,2026-05-11 17:17:10,S0534,Olmazor,41.392705,69.233328,36.4,9.9,49.84,224.0,0.7648,90.5,70.2,2.86,0,0.02
2026-05-16,2026-05-11 17:17:10,S0534,Olmazor,41.392705,69.233328,40.9,8.1,49.75,226.9,0.695,94.7,69.8,2.96,1,0.37
2026-05-17,2026-05-11 17:17:10,S0534,Olmazor,41.392705,69.233328,39.1,9.5,49.9,225.0,0.6649,90.9,72.0,3.14,0,0.02
2026-05-18,2026-05-11 17:17:10,S0534,Olmazor,41.392705,69.233328,39.3,7.9,49.79,225.2,0.6726,94.3,67.9,3.39,0,0.02
2026-05-12,2026-05-11 17:17:10,S0535,Olmazor,41.332032,69.289928,33.5,9.5,49.84,225.5,0.3425,84.1,78.9,3.01,1,0.382
2026-05-13,2026-05-11 17:17:10,S0535,Olmazor,41.332032,69.289928,39.5,8.7,49.65,220.5,0.3767,78.9,69.7,2.85,1,0.382
2026-05-14,2026-05-11 17:17:10,S0535,Olmazor,41.332032,69.289928,35.5,10.2,49.71,220.0,0.337,84.9,63.9,2.49,1,0.382
2026-05-15,2026-05-11 17:17:10,S0535,Olmazor,41.332032,69.289928,39.7,10.2,49.61,225.9,0.3315,87.2,66.5,2.7,0,0.032
2026-05-16,2026-05-11 17:17:10,S0535,Olmazor,41.332032,69.289928,38.0,9.9,49.67,226.0,0.3539,78.0,75.1,3.04,1,0.382
2026-05-17,2026-05-11 17:17:10,S0535,Olmazor,41.332032,69.289928,44.6,10.8,49.68,226.3,0.5149,76.1,73.1,2.66,1,0.382
2026-05-18,2026-05-11 17:17:10,S0535,Olmazor,41.332032,69.289928,43.5,8.6,49.62,222.1,0.4007,79.2,72.3,2.49,1,0.382
2026-05-12,2026-05-11 17:17:10,S0536,Olmazor,41.333569,69.228495,37.4,8.4,49.74,203.1,0.4529,89.0,76.6,2.84,1,0.3757
2026-05-13,2026-05-11 17:17:10,S0536,Olmazor,41.333569,69.228495,38.4,9.6,49.96,203.6,0.2512,89.6,86.4,2.89,1,0.3757
2026-05-14,2026-05-11 17:17:10,S0536,Olmazor,41.333569,69.228495,41.9,7.0,50.02,201.1,0.2949,88.6,73.2,2.83,1,0.3757
2026-05-15,2026-05-11 17:17:10,S0536,Olmazor,41.333569,69.228495,45.2,8.3,49.89,199.2,0.2387,84.3,81.2,3.13,2,0.7257
2026-05-16,2026-05-11 17:17:10,S0536,Olmazor,41.333569,69.228495,42.9,10.5,49.9,204.7,0.0646,86.6,83.3,2.82,1,0.3757
2026-05-17,2026-05-11 17:17:10,S0536,Olmazor,41.333569,69.228495,43.4,8.4,49.79,203.6,0.2648,85.5,80.0,2.9,1,0.3757
2026-05-18,2026-05-11 17:17:10,S0536,Olmazor,41.333569,69.228495,46.3,9.0,49.98,205.0,0.1365,83.2,80.7,3.05,2,0.7257
2026-05-12,2026-05-11 17:17:10,S0537,Olmazor,41.330978,69.275513,33.1,10.3,50.24,224.3,0.7956,84.0,67.5,3.61,1,0.3782
2026-05-13,2026-05-11 17:17:10,S0537,Olmazor,41.330978,69.275513,36.3,11.4,50.27,225.9,0.8518,86.3,72.0,3.43,0,0.0282
2026-05-14,2026-05-11 17:17:10,S0537,Olmazor,41.330978,69.275513,32.3,12.1,50.48,227.2,0.9672,82.5,67.9,3.36,1,0.3782
2026-05-15,2026-05-11 17:17:10,S0537,Olmazor,41.330978,69.275513,30.5,11.2,50.26,225.3,0.9059,83.1,66.4,4.09,1,0.3782
2026-05-16,2026-05-11 17:17:10,S0537,Olmazor,41.330978,69.275513,33.2,13.6,50.4,228.8,0.8978,82.7,68.0,3.97,1,0.3782
2026-05-17,2026-05-11 17:17:10,S0537,Olmazor,41.330978,69.275513,32.3,14.5,50.49,225.5,1.0001,77.5,68.1,3.97,1,0.3782
2026-05-18,2026-05-11 17:17:10,S0537,Olmazor,41.330978,69.275513,30.7,15.7,50.49,230.3,1.0006,83.4,69.1,3.81,1,0.3782
2026-05-12,2026-05-11 17:17:10,S0538,Olmazor,41.345245,69.235064,34.3,12.9,49.61,221.6,0.6056,82.9,51.9,4.87,1,0.3771
2026-05-13,2026-05-11 17:17:10,S0538,Olmazor,41.345245,69.235064,35.3,13.5,49.73,225.5,0.6194,80.1,50.5,4.49,1,0.3771
2026-05-14,2026-05-11 17:17:10,S0538,Olmazor,41.345245,69.235064,32.9,12.9,49.69,223.8,0.8294,80.9,47.6,4.47,1,0.3771
2026-05-15,2026-05-11 17:17:10,S0538,Olmazor,41.345245,69.235064,35.9,11.1,49.95,220.9,0.7609,80.9,48.1,4.77,1,0.3771
2026-05-16,2026-05-11 17:17:10,S0538,Olmazor,41.345245,69.235064,36.1,10.5,50.0,219.0,0.8633,81.6,52.4,5.17,1,0.3771
2026-05-17,2026-05-11 17:17:10,S0538,Olmazor,41.345245,69.235064,35.0,9.8,49.83,221.6,1.0115,82.0,47.5,4.97,1,0.3771
2026-05-18,2026-05-11 17:17:10,S0538,Olmazor,41.345245,69.235064,35.0,9.5,50.08,219.0,0.9063,80.9,52.9,4.45,1,0.3771
2026-05-12,2026-05-11 17:17:10,S0539,Olmazor,41.341791,69.218585,27.0,13.7,49.44,209.8,1.0665,100.0,74.9,4.42,1,0.3866
2026-05-13,2026-05-11 17:17:10,S0539,Olmazor,41.341791,69.218585,27.1,14.2,49.34,208.9,1.1633,98.0,79.6,4.01,1,0.3866
2026-05-14,2026-05-11 17:17:10,S0539,Olmazor,41.341791,69.218585,26.9,15.2,49.37,208.3,1.2526,97.4,75.8,4.39,1,0.3866
2026-05-15,2026-05-11 17:17:10,S0539,Olmazor,41.341791,69.218585,25.3,15.2,49.46,206.0,1.2222,100.0,79.3,4.15,1,0.3866
2026-05-16,2026-05-11 17:17:10,S0539,Olmazor,41.341791,69.218585,25.8,14.8,49.3,209.7,1.4015,99.3,78.2,4.37,1,0.3866
2026-05-17,2026-05-11 17:17:10,S0539,Olmazor,41.341791,69.218585,21.4,14.3,49.25,210.4,1.2357,95.8,79.2,4.89,1,0.3866
2026-05-18,2026-05-11 17:17:10,S0539,Olmazor,41.341791,69.218585,24.3,12.1,49.16,207.0,1.4182,93.9,72.8,4.64,1,0.3866
2026-05-12,2026-05-11 17:17:10,S0540,Olmazor,41.38769,69.261734,32.3,9.5,49.59,218.5,0.2525,91.4,95.0,3.38,1,0.3818
2026-05-13,2026-05-11 17:17:10,S0540,Olmazor,41.38769,69.261734,35.2,9.3,49.65,220.0,0.4762,93.2,95.0,3.7,1,0.3818
2026-05-14,2026-05-11 17:17:10,S0540,Olmazor,41.38769,69.261734,34.7,8.1,49.74,224.8,0.4216,94.1,95.0,2.9,1,0.3818
2026-05-15,2026-05-11 17:17:10,S0540,Olmazor,41.38769,69.261734,32.1,8.1,49.76,223.3,0.2128,94.4,95.0,3.4,1,0.3818
2026-05-16,2026-05-11 17:17:10,S0540,Olmazor,41.38769,69.261734,28.0,8.5,49.82,220.6,0.2643,98.6,95.0,3.21,1,0.3818
2026-05-17,2026-05-11 17:17:10,S0540,Olmazor,41.38769,69.261734,32.8,4.9,49.7,221.7,0.1958,97.5,95.0,3.25,1,0.3818
2026-05-18,2026-05-11 17:17:10,S0540,Olmazor,41.38769,69.261734,31.6,4.9,49.64,224.0,0.2538,96.4,95.0,2.54,1,0.3818
2026-05-12,2026-05-11 17:17:10,S0541,Olmazor,41.364159,69.251488,33.2,7.1,50.12,227.2,0.9727,85.0,41.5,3.05,0,0.0309
2026-05-13,2026-05-11 17:17:10,S0541,Olmazor,41.364159,69.251488,34.5,7.4,49.91,232.5,0.9446,82.9,51.5,2.46,1,0.3809
2026-05-14,2026-05-11 17:17:10,S0541,Olmazor,41.364159,69.251488,34.6,8.6,49.9,231.9,1.0002,81.8,46.6,2.94,1,0.3809
2026-05-15,2026-05-11 17:17:10,S0541,Olmazor,41.364159,69.251488,31.0,8.6,49.93,229.4,1.102,82.7,39.6,2.81,1,0.3809
2026-05-16,2026-05-11 17:17:10,S0541,Olmazor,41.364159,69.251488,34.4,6.6,49.82,230.3,1.0555,79.9,41.5,2.7,1,0.3809
2026-05-17,2026-05-11 17:17:10,S0541,Olmazor,41.364159,69.251488,34.8,7.3,49.75,226.6,1.1649,79.4,39.6,2.66,1,0.3809
2026-05-18,2026-05-11 17:17:10,S0541,Olmazor,41.364159,69.251488,36.1,8.2,49.87,229.0,1.3053,77.6,35.8,2.67,1,0.3809
2026-05-12,2026-05-11 17:17:10,S0542,Olmazor,41.393486,69.230245,21.9,5.5,49.88,203.8,0.4973,83.1,74.3,3.48,1,0.3824
2026-05-13,2026-05-11 17:17:10,S0542,Olmazor,41.393486,69.230245,19.9,5.3,49.83,206.8,0.2676,84.3,83.0,3.09,1,0.3824
2026-05-14,2026-05-11 17:17:10,S0542,Olmazor,41.393486,69.230245,18.2,4.7,49.89,211.8,0.2754,82.7,80.2,3.03,1,0.3824
2026-05-15,2026-05-11 17:17:10,S0542,Olmazor,41.393486,69.230245,18.9,5.0,50.01,201.8,0.4322,81.0,80.7,3.17,1,0.3824
2026-05-16,2026-05-11 17:17:10,S0542,Olmazor,41.393486,69.230245,20.2,2.9,49.78,210.1,0.3509,83.0,84.8,2.29,1,0.3824
2026-05-17,2026-05-11 17:17:10,S0542,Olmazor,41.393486,69.230245,17.3,3.1,49.69,206.5,0.3231,83.3,91.1,2.37,1,0.3824
2026-05-18,2026-05-11 17:17:10,S0542,Olmazor,41.393486,69.230245,15.5,6.3,49.89,206.7,0.3521,80.7,95.0,1.67,1,0.3824
2026-05-12,2026-05-11 17:17:10,S0543,Olmazor,41.338699,69.267727,19.9,8.1,49.59,223.3,0.3461,87.8,93.4,4.59,1,0.3822
2026-05-13,2026-05-11 17:17:10,S0543,Olmazor,41.338699,69.267727,18.2,6.8,49.97,223.3,0.1968,85.1,82.7,3.9,0,0.0322
2026-05-14,2026-05-11 17:17:10,S0543,Olmazor,41.338699,69.267727,23.8,6.4,49.71,225.4,0.2284,87.0,86.7,4.2,0,0.0322
2026-05-15,2026-05-11 17:17:10,S0543,Olmazor,41.338699,69.267727,24.3,7.5,49.82,225.2,0.2541,87.0,87.9,4.2,0,0.0322
2026-05-16,2026-05-11 17:17:10,S0543,Olmazor,41.338699,69.267727,25.0,7.2,49.53,225.0,0.3247,87.7,89.1,4.52,0,0.0322
2026-05-17,2026-05-11 17:17:10,S0543,Olmazor,41.338699,69.267727,25.4,7.5,49.62,225.3,0.2308,87.1,90.7,4.12,1,0.3822
2026-05-18,2026-05-11 17:17:10,S0543,Olmazor,41.338699,69.267727,26.5,7.6,49.43,226.7,0.1424,90.5,95.0,4.19,1,0.3822
2026-05-12,2026-05-11 17:17:10,S0544,Olmazor,41.338842,69.234655,33.0,11.3,49.94,225.7,0.2756,95.2,61.3,3.75,0,0.021
2026-05-13,2026-05-11 17:17:10,S0544,Olmazor,41.338842,69.234655,30.4,9.5,50.11,226.2,0.3368,97.0,62.7,3.63,0,0.021
2026-05-14,2026-05-11 17:17:10,S0544,Olmazor,41.338842,69.234655,31.6,12.0,50.14,223.6,0.2989,100.0,56.4,3.94,0,0.021
2026-05-15,2026-05-11 17:17:10,S0544,Olmazor,41.338842,69.234655,31.7,12.9,50.08,228.0,0.2669,97.5,56.5,3.86,0,0.021
2026-05-16,2026-05-11 17:17:10,S0544,Olmazor,41.338842,69.234655,28.6,11.2,50.09,228.9,0.2314,99.4,58.6,4.19,0,0.021
2026-05-17,2026-05-11 17:17:10,S0544,Olmazor,41.338842,69.234655,32.2,14.4,50.26,224.8,0.072,95.7,61.0,3.49,0,0.021
2026-05-18,2026-05-11 17:17:10,S0544,Olmazor,41.338842,69.234655,29.4,11.4,50.1,226.7,0.2987,96.8,50.0,4.16,0,0.021
2026-05-12,2026-05-11 17:17:10,S0545,Olmazor,41.364719,69.246629,46.4,7.1,50.11,232.7,0.3079,92.8,84.3,3.67,2,0.7229
2026-05-13,2026-05-11 17:17:10,S0545,Olmazor,41.364719,69.246629,44.2,7.3,50.2,231.1,0.4026,94.8,78.6,3.23,1,0.3729
2026-05-14,2026-05-11 17:17:10,S0545,Olmazor,41.364719,69.246629,43.2,4.9,49.98,236.3,0.4562,96.2,86.6,3.04,1,0.3729
2026-05-15,2026-05-11 17:17:10,S0545,Olmazor,41.364719,69.246629,44.9,4.8,50.18,235.6,0.3258,95.2,78.1,3.42,1,0.3729
2026-05-16,2026-05-11 17:17:10,S0545,Olmazor,41.364719,69.246629,44.1,4.5,50.11,233.9,0.3019,93.6,76.0,2.9,1,0.3729
2026-05-17,2026-05-11 17:17:10,S0545,Olmazor,41.364719,69.246629,41.6,6.1,50.05,227.7,0.2166,97.8,84.7,3.32,1,0.3729
2026-05-18,2026-05-11 17:17:10,S0545,Olmazor,41.364719,69.246629,43.2,5.0,50.02,231.2,0.1543,97.1,83.3,3.16,1,0.3729
2026-05-12,2026-05-11 17:17:10,S0546,Olmazor,41.366424,69.24456,36.7,14.9,50.0,233.4,0.3922,94.1,63.6,3.99,1,0.3748
2026-05-13,2026-05-11 17:17:10,S0546,Olmazor,41.366424,69.24456,37.1,14.8,50.11,236.1,0.336,93.6,67.3,3.25,1,0.3748
2026-05-14,2026-05-11 17:17:10,S0546,Olmazor,41.366424,69.24456,36.1,13.9,50.0,235.2,0.412,88.2,68.7,4.25,1,0.3748
2026-05-15,2026-05-11 17:17:10,S0546,Olmazor,41.366424,69.24456,38.0,13.8,49.89,235.4,0.3532,86.1,63.5,3.58,1,0.3748
2026-05-16,2026-05-11 17:17:10,S0546,Olmazor,41.366424,69.24456,36.3,14.9,50.05,234.5,0.1901,87.9,62.3,3.97,1,0.3748
2026-05-17,2026-05-11 17:17:10,S0546,Olmazor,41.366424,69.24456,40.1,15.6,49.91,235.4,0.3243,89.4,62.6,4.15,1,0.3748
2026-05-18,2026-05-11 17:17:10,S0546,Olmazor,41.366424,69.24456,36.7,14.4,49.93,238.7,0.369,90.6,61.3,4.06,1,0.3748
2026-05-12,2026-05-11 17:17:10,S0547,Olmazor,41.358416,69.257114,30.5,12.2,50.12,211.9,0.9284,92.4,57.5,2.5,0,0.0291
2026-05-13,2026-05-11 17:17:10,S0547,Olmazor,41.358416,69.257114,31.3,13.7,50.09,208.0,0.9216,91.3,61.8,2.23,1,0.3791
2026-05-14,2026-05-11 17:17:10,S0547,Olmazor,41.358416,69.257114,28.6,9.0,50.03,209.9,0.8624,90.2,68.8,1.99,1,0.3791
2026-05-15,2026-05-11 17:17:10,S0547,Olmazor,41.358416,69.257114,25.7,12.3,50.12,207.1,0.8763,88.5,58.1,1.56,1,0.3791
2026-05-16,2026-05-11 17:17:10,S0547,Olmazor,41.358416,69.257114,31.5,10.8,49.93,204.1,0.9427,91.2,62.3,2.09,1,0.3791
2026-05-17,2026-05-11 17:17:10,S0547,Olmazor,41.358416,69.257114,28.5,12.0,50.01,207.1,0.9969,89.5,54.3,2.21,1,0.3791
2026-05-18,2026-05-11 17:17:10,S0547,Olmazor,41.358416,69.257114,31.1,11.0,49.96,210.0,0.9452,89.8,72.1,1.74,0,0.0291
2026-05-12,2026-05-11 17:17:10,S0548,Olmazor,41.358744,69.254898,36.5,8.3,50.85,222.6,0.6145,84.9,57.3,3.95,1,0.3844
2026-05-13,2026-05-11 17:17:10,S0548,Olmazor,41.358744,69.254898,37.7,5.9,50.68,221.9,0.6006,83.2,52.8,3.86,1,0.3844
2026-05-14,2026-05-11 17:17:10,S0548,Olmazor,41.358744,69.254898,36.4,5.5,50.73,219.8,0.4561,80.3,53.2,4.0,1,0.3844
2026-05-15,2026-05-11 17:17:10,S0548,Olmazor,41.358744,69.254898,35.1,7.2,50.97,222.5,0.6082,85.0,41.2,3.42,1,0.3844
2026-05-16,2026-05-11 17:17:10,S0548,Olmazor,41.358744,69.254898,32.9,6.0,50.87,222.1,0.3675,81.8,59.9,4.01,1,0.3844
2026-05-17,2026-05-11 17:17:10,S0548,Olmazor,41.358744,69.254898,36.1,6.7,51.02,216.4,0.4823,82.0,44.9,3.89,2,0.7344
2026-05-18,2026-05-11 17:17:10,S0548,Olmazor,41.358744,69.254898,35.6,5.7,50.99,222.0,0.3173,80.4,56.6,3.61,1,0.3844
2026-05-12,2026-05-11 17:17:10,S0549,Olmazor,41.351513,69.235168,37.7,10.6,49.59,211.0,0.3303,92.0,72.9,2.24,0,0.019
2026-05-13,2026-05-11 17:17:10,S0549,Olmazor,41.351513,69.235168,36.4,12.8,49.88,214.3,0.4547,88.7,81.2,2.88,0,0.019
2026-05-14,2026-05-11 17:17:10,S0549,Olmazor,41.351513,69.235168,32.9,13.3,49.93,210.3,0.274,94.0,83.0,1.99,0,0.019
2026-05-15,2026-05-11 17:17:10,S0549,Olmazor,41.351513,69.235168,30.7,13.2,49.72,207.6,0.1183,94.1,85.1,2.75,1,0.369
2026-05-16,2026-05-11 17:17:10,S0549,Olmazor,41.351513,69.235168,35.7,12.6,49.77,208.9,0.3019,94.8,80.0,2.6,1,0.369
2026-05-17,2026-05-11 17:17:10,S0549,Olmazor,41.351513,69.235168,34.8,15.3,49.88,202.2,0.4167,94.6,82.0,2.25,1,0.369
2026-05-18,2026-05-11 17:17:10,S0549,Olmazor,41.351513,69.235168,33.7,12.0,49.9,209.4,0.3001,93.1,92.5,2.46,1,0.369
2026-05-12,2026-05-11 17:17:10,S0550,Olmazor,41.365252,69.216335,28.4,9.2,50.39,227.8,0.2371,80.5,95.0,3.82,1,0.3858
2026-05-13,2026-05-11 17:17:10,S0550,Olmazor,41.365252,69.216335,26.8,9.3,50.4,231.6,0.3385,84.9,88.2,4.62,1,0.3858
2026-05-14,2026-05-11 17:17:10,S0550,Olmazor,41.365252,69.216335,28.4,9.2,50.72,233.6,0.2833,84.6,95.0,4.41,1,0.3858
2026-05-15,2026-05-11 17:17:10,S0550,Olmazor,41.365252,69.216335,22.2,10.4,50.66,226.3,0.4536,85.4,95.0,4.51,1,0.3858
2026-05-16,2026-05-11 17:17:10,S0550,Olmazor,41.365252,69.216335,24.4,10.3,50.63,226.9,0.2156,84.6,95.0,4.55,1,0.3858
2026-05-17,2026-05-11 17:17:10,S0550,Olmazor,41.365252,69.216335,24.0,10.2,50.84,226.9,0.2266,85.2,95.0,4.89,1,0.3858
2026-05-18,2026-05-11 17:17:10,S0550,Olmazor,41.365252,69.216335,22.3,10.8,50.5,227.5,0.1858,84.8,95.0,4.75,1,0.3858
2026-05-12,2026-05-11 17:17:10,S0551,Olmazor,41.339569,69.270254,38.7,6.6,50.36,213.8,0.7098,88.8,55.9,3.58,0,0.0327
2026-05-13,2026-05-11 17:17:10,S0551,Olmazor,41.339569,69.270254,36.0,6.0,50.49,212.6,0.7337,86.3,58.2,3.19,0,0.0327
2026-05-14,2026-05-11 17:17:10,S0551,Olmazor,41.339569,69.270254,36.2,5.7,50.27,216.3,0.6116,84.8,60.4,3.27,1,0.3827
2026-05-15,2026-05-11 17:17:10,S0551,Olmazor,41.339569,69.270254,40.2,7.2,50.41,214.9,0.548,87.3,59.9,3.02,1,0.3827
2026-05-16,2026-05-11 17:17:10,S0551,Olmazor,41.339569,69.270254,40.1,8.1,50.45,214.2,0.4302,86.6,60.2,3.22,1,0.3827
2026-05-17,2026-05-11 17:17:10,S0551,Olmazor,41.339569,69.270254,37.0,8.4,50.31,216.3,0.5015,90.8,55.7,3.08,0,0.0327
2026-05-18,2026-05-11 17:17:10,S0551,Olmazor,41.339569,69.270254,41.3,8.5,50.48,215.5,0.3675,86.5,62.9,3.37,1,0.3827
2026-05-12,2026-05-11 17:17:10,S0552,Olmazor,41.333515,69.268723,35.5,13.2,49.58,221.5,0.5732,91.5,79.1,2.21,0,0.0316
2026-05-13,2026-05-11 17:17:10,S0552,Olmazor,41.333515,69.268723,31.8,11.3,49.56,238.2,0.6629,93.9,78.3,1.66,1,0.3816
2026-05-14,2026-05-11 17:17:10,S0552,Olmazor,41.333515,69.268723,32.7,10.5,49.49,229.9,0.6285,93.8,80.3,1.6,1,0.3816
2026-05-15,2026-05-11 17:17:10,S0552,Olmazor,41.333515,69.268723,32.9,12.9,49.5,238.2,0.6243,93.5,81.0,1.45,1,0.3816
2026-05-16,2026-05-11 17:17:10,S0552,Olmazor,41.333515,69.268723,34.9,11.8,49.48,237.1,0.5825,89.5,72.4,1.24,1,0.3816
2026-05-17,2026-05-11 17:17:10,S0552,Olmazor,41.333515,69.268723,33.4,11.1,49.65,236.4,0.6574,89.9,81.1,1.55,1,0.3816
2026-05-18,2026-05-11 17:17:10,S0552,Olmazor,41.333515,69.268723,33.8,10.8,49.6,234.8,0.6884,93.0,80.4,1.71,1,0.3816
2026-05-12,2026-05-11 17:17:10,S0553,Olmazor,41.392116,69.231619,33.6,8.1,49.62,197.7,0.9241,87.7,51.8,3.61,2,0.7302
2026-05-13,2026-05-11 17:17:10,S0553,Olmazor,41.392116,69.231619,30.3,8.6,49.59,196.7,0.8593,91.5,51.5,3.17,2,0.7302
2026-05-14,2026-05-11 17:17:10,S0553,Olmazor,41.392116,69.231619,31.6,7.9,49.49,195.0,0.9312,90.3,52.2,3.39,2,0.7302
2026-05-15,2026-05-11 17:17:10,S0553,Olmazor,41.392116,69.231619,30.8,7.5,49.54,195.0,1.0031,92.4,52.5,3.33,2,0.7302
2026-05-16,2026-05-11 17:17:10,S0553,Olmazor,41.392116,69.231619,28.5,7.6,49.63,195.0,0.8767,86.3,44.4,3.57,2,0.7302
2026-05-17,2026-05-11 17:17:10,S0553,Olmazor,41.392116,69.231619,26.6,9.0,49.48,195.0,0.9494,88.4,42.8,3.58,2,0.7302
2026-05-18,2026-05-11 17:17:10,S0553,Olmazor,41.392116,69.231619,27.5,7.7,49.43,195.0,0.9384,85.4,41.8,3.32,2,0.7302
2026-05-12,2026-05-11 17:17:10,S0554,Olmazor,41.352932,69.266405,29.2,5.7,49.8,218.7,0.4813,84.9,60.9,3.85,1,0.3776
2026-05-13,2026-05-11 17:17:10,S0554,Olmazor,41.352932,69.266405,29.6,5.0,49.84,220.9,0.6595,84.1,69.2,3.55,1,0.3776
2026-05-14,2026-05-11 17:17:10,S0554,Olmazor,41.352932,69.266405,30.8,2.8,49.75,218.9,0.6927,82.3,70.5,3.53,1,0.3776
2026-05-15,2026-05-11 17:17:10,S0554,Olmazor,41.352932,69.266405,24.5,3.6,49.92,222.3,0.577,82.5,63.2,3.54,1,0.3776
2026-05-16,2026-05-11 17:17:10,S0554,Olmazor,41.352932,69.266405,26.5,5.1,49.75,222.4,0.6478,87.1,67.8,3.71,0,0.0276
2026-05-17,2026-05-11 17:17:10,S0554,Olmazor,41.352932,69.266405,25.6,5.8,49.72,222.6,0.6265,86.2,67.8,3.59,0,0.0276
2026-05-18,2026-05-11 17:17:10,S0554,Olmazor,41.352932,69.266405,22.7,3.9,49.84,221.4,0.822,85.7,55.0,3.86,0,0.0276
2026-05-12,2026-05-11 17:17:10,S0555,Olmazor,41.368627,69.231021,36.2,9.6,50.38,213.7,0.0695,89.5,66.0,4.12,0,0.0251
2026-05-13,2026-05-11 17:17:10,S0555,Olmazor,41.368627,69.231021,36.4,7.9,50.31,213.8,0.097,85.8,70.8,3.43,0,0.0251
2026-05-14,2026-05-11 17:17:10,S0555,Olmazor,41.368627,69.231021,36.6,6.8,50.44,213.7,0.1433,87.2,64.8,3.54,0,0.0251
2026-05-15,2026-05-11 17:17:10,S0555,Olmazor,41.368627,69.231021,38.1,10.1,50.32,214.4,0.021,87.5,67.2,3.38,0,0.0251
2026-05-16,2026-05-11 17:17:10,S0555,Olmazor,41.368627,69.231021,34.2,10.7,50.36,214.9,0.0121,87.8,57.8,3.58,0,0.0251
2026-05-17,2026-05-11 17:17:10,S0555,Olmazor,41.368627,69.231021,36.8,8.3,50.45,212.8,0.0482,86.3,63.2,3.98,0,0.0251
2026-05-18,2026-05-11 17:17:10,S0555,Olmazor,41.368627,69.231021,39.0,9.0,50.44,214.5,0.0295,89.3,61.6,3.43,0,0.0251
2026-05-12,2026-05-11 17:17:10,S0556,Olmazor,41.367058,69.240524,37.6,2.9,50.51,217.1,0.4512,86.9,69.4,2.87,1,0.3735
2026-05-13,2026-05-11 17:17:10,S0556,Olmazor,41.367058,69.240524,39.2,2.6,50.47,222.0,0.3434,87.2,63.2,2.64,0,0.0235
2026-05-14,2026-05-11 17:17:10,S0556,Olmazor,41.367058,69.240524,40.6,5.3,50.38,220.3,0.2615,87.0,52.5,2.91,1,0.3735
2026-05-15,2026-05-11 17:17:10,S0556,Olmazor,41.367058,69.240524,37.1,5.9,50.6,224.5,0.4388,87.6,56.8,2.22,1,0.3735
2026-05-16,2026-05-11 17:17:10,S0556,Olmazor,41.367058,69.240524,41.0,3.5,50.57,222.9,0.3278,86.7,53.3,2.52,1,0.3735
2026-05-17,2026-05-11 17:17:10,S0556,Olmazor,41.367058,69.240524,38.2,5.9,50.68,219.4,0.4061,86.3,57.1,2.06,1,0.3735
2026-05-18,2026-05-11 17:17:10,S0556,Olmazor,41.367058,69.240524,39.9,4.1,50.62,214.6,0.3896,88.0,55.2,1.18,1,0.3735
2026-05-12,2026-05-11 17:17:10,S0557,Olmazor,41.356306,69.266215,33.4,7.3,50.72,208.3,0.5785,85.8,55.5,3.89,1,0.3816
2026-05-13,2026-05-11 17:17:10,S0557,Olmazor,41.356306,69.266215,30.5,7.5,50.71,203.3,0.6928,85.1,50.1,4.03,1,0.3816
2026-05-14,2026-05-11 17:17:10,S0557,Olmazor,41.356306,69.266215,32.4,8.1,50.6,206.5,0.5917,87.9,47.4,4.11,1,0.3816
2026-05-15,2026-05-11 17:17:10,S0557,Olmazor,41.356306,69.266215,32.1,7.0,50.77,209.9,0.5128,85.3,44.7,4.15,1,0.3816
2026-05-16,2026-05-11 17:17:10,S0557,Olmazor,41.356306,69.266215,30.9,6.2,50.87,207.4,0.7625,88.0,36.0,4.2,1,0.3816
2026-05-17,2026-05-11 17:17:10,S0557,Olmazor,41.356306,69.266215,28.1,6.4,50.85,210.4,0.6675,83.2,37.4,3.96,1,0.3816
2026-05-18,2026-05-11 17:17:10,S0557,Olmazor,41.356306,69.266215,25.2,7.0,50.68,205.8,0.7144,88.8,36.1,4.18,1,0.3816
2026-05-12,2026-05-11 17:17:10,S0558,Olmazor,41.333162,69.265856,27.8,2.4,49.45,229.7,0.7035,95.1,73.1,5.85,2,0.7285
2026-05-13,2026-05-11 17:17:10,S0558,Olmazor,41.333162,69.265856,30.5,2.7,49.32,230.3,0.7554,88.8,71.3,5.86,2,0.7285
2026-05-14,2026-05-11 17:17:10,S0558,Olmazor,41.333162,69.265856,28.4,1.2,49.26,228.6,0.6354,94.1,67.2,5.94,2,0.7285
2026-05-15,2026-05-11 17:17:10,S0558,Olmazor,41.333162,69.265856,26.1,3.4,49.07,227.4,0.823,89.7,66.9,6.0,2,0.7285
2026-05-16,2026-05-11 17:17:10,S0558,Olmazor,41.333162,69.265856,27.8,1.9,49.19,230.9,0.7117,90.1,55.6,6.4,2,0.7285
2026-05-17,2026-05-11 17:17:10,S0558,Olmazor,41.333162,69.265856,24.0,3.8,49.27,232.7,0.5441,85.0,59.0,5.81,2,0.7285
2026-05-18,2026-05-11 17:17:10,S0558,Olmazor,41.333162,69.265856,22.7,1.6,49.49,232.2,0.8219,86.3,54.8,6.28,2,0.7285
2026-05-12,2026-05-11 17:17:10,S0559,Olmazor,41.392979,69.21643,30.2,9.0,49.74,231.4,0.4283,90.7,95.0,3.04,1,0.3853
2026-05-13,2026-05-11 17:17:10,S0559,Olmazor,41.392979,69.21643,35.1,6.8,49.69,225.2,0.479,89.2,94.0,2.65,1,0.3853
2026-05-14,2026-05-11 17:17:10,S0559,Olmazor,41.392979,69.21643,30.8,8.4,49.64,226.2,0.4007,89.0,95.0,3.15,1,0.3853
2026-05-15,2026-05-11 17:17:10,S0559,Olmazor,41.392979,69.21643,28.1,8.3,49.64,226.9,0.4097,88.9,95.0,3.01,1,0.3853
2026-05-16,2026-05-11 17:17:10,S0559,Olmazor,41.392979,69.21643,28.2,11.2,49.56,226.2,0.588,88.0,95.0,2.88,1,0.3853
2026-05-17,2026-05-11 17:17:10,S0559,Olmazor,41.392979,69.21643,33.4,9.7,49.6,225.7,0.4854,85.7,95.0,3.33,1,0.3853
2026-05-18,2026-05-11 17:17:10,S0559,Olmazor,41.392979,69.21643,27.9,6.5,49.35,229.5,0.4942,88.8,91.5,3.2,1,0.3853
2026-05-12,2026-05-11 17:17:10,S0560,Olmazor,41.341101,69.27022,11.7,6.6,49.74,218.2,0.1376,86.8,55.8,3.15,0,0.0315
2026-05-13,2026-05-11 17:17:10,S0560,Olmazor,41.341101,69.27022,12.9,5.6,49.85,223.9,0.01,82.4,58.2,3.88,1,0.3815
2026-05-14,2026-05-11 17:17:10,S0560,Olmazor,41.341101,69.27022,15.4,6.8,49.62,227.9,0.0444,84.9,52.8,3.73,1,0.3815
2026-05-15,2026-05-11 17:17:10,S0560,Olmazor,41.341101,69.27022,9.6,4.9,49.64,223.4,0.0138,82.1,51.7,3.38,1,0.3815
2026-05-16,2026-05-11 17:17:10,S0560,Olmazor,41.341101,69.27022,10.6,8.0,49.71,230.0,0.01,82.7,50.9,3.52,1,0.3815
2026-05-17,2026-05-11 17:17:10,S0560,Olmazor,41.341101,69.27022,11.6,6.8,49.58,231.1,0.0445,85.9,51.7,3.59,1,0.3815
2026-05-18,2026-05-11 17:17:10,S0560,Olmazor,41.341101,69.27022,10.3,5.2,49.8,238.1,0.01,85.7,45.8,3.67,1,0.3815
2026-05-12,2026-05-11 17:17:10,S0561,Olmazor,41.336364,69.257812,30.0,7.3,50.55,215.6,0.4932,87.4,60.8,3.94,1,0.3699
2026-05-13,2026-05-11 17:17:10,S0561,Olmazor,41.336364,69.257812,34.3,7.1,50.38,217.7,0.3918,85.0,67.0,4.35,0,0.0199
2026-05-14,2026-05-11 17:17:10,S0561,Olmazor,41.336364,69.257812,34.6,6.8,50.53,220.3,0.5155,84.4,73.3,3.52,1,0.3699
2026-05-15,2026-05-11 17:17:10,S0561,Olmazor,41.336364,69.257812,37.4,5.7,50.44,221.1,0.3821,87.2,65.8,3.87,0,0.0199
2026-05-16,2026-05-11 17:17:10,S0561,Olmazor,41.336364,69.257812,32.5,6.6,50.37,220.1,0.4288,83.4,71.1,3.87,1,0.3699
2026-05-17,2026-05-11 17:17:10,S0561,Olmazor,41.336364,69.257812,33.7,5.5,50.35,217.1,0.4802,82.0,68.2,4.43,1,0.3699
2026-05-18,2026-05-11 17:17:10,S0561,Olmazor,41.336364,69.257812,41.2,7.6,50.37,222.8,0.4556,81.0,84.7,4.15,1,0.3699
2026-05-12,2026-05-11 17:17:10,S0562,Olmazor,41.36142,69.257626,23.0,4.1,49.53,223.8,0.3722,98.9,62.1,3.78,0,0.0277
2026-05-13,2026-05-11 17:17:10,S0562,Olmazor,41.36142,69.257626,20.8,4.9,49.62,228.2,0.4354,99.2,56.8,4.94,0,0.0277
2026-05-14,2026-05-11 17:17:10,S0562,Olmazor,41.36142,69.257626,21.9,5.8,49.54,221.6,0.4631,99.1,52.3,3.79,0,0.0277
2026-05-15,2026-05-11 17:17:10,S0562,Olmazor,41.36142,69.257626,21.8,3.9,49.67,229.3,0.374,100.0,60.1,3.84,0,0.0277
2026-05-16,2026-05-11 17:17:10,S0562,Olmazor,41.36142,69.257626,20.1,4.8,49.67,226.1,0.4611,100.0,51.5,3.97,0,0.0277
2026-05-17,2026-05-11 17:17:10,S0562,Olmazor,41.36142,69.257626,20.8,3.2,49.54,228.4,0.3703,100.0,51.1,3.46,0,0.0277
2026-05-18,2026-05-11 17:17:10,S0562,Olmazor,41.36142,69.257626,18.6,6.3,49.58,222.8,0.4874,100.0,41.5,3.97,0,0.0277
2026-05-12,2026-05-11 17:17:10,S0563,Olmazor,41.392077,69.262715,33.5,2.4,50.25,210.9,0.5313,98.3,51.1,4.18,0,0.0182
2026-05-13,2026-05-11 17:17:10,S0563,Olmazor,41.392077,69.262715,37.8,2.1,50.37,212.6,0.4072,98.7,47.2,3.58,0,0.0182
2026-05-14,2026-05-11 17:17:10,S0563,Olmazor,41.392077,69.262715,34.4,2.6,50.46,209.3,0.4229,98.0,49.6,3.68,1,0.3682
2026-05-15,2026-05-11 17:17:10,S0563,Olmazor,41.392077,69.262715,34.3,1.3,50.34,211.3,0.538,99.8,44.6,3.92,0,0.0182
2026-05-16,2026-05-11 17:17:10,S0563,Olmazor,41.392077,69.262715,38.5,1.8,50.4,211.5,0.4703,98.9,51.5,4.17,0,0.0182
2026-05-17,2026-05-11 17:17:10,S0563,Olmazor,41.392077,69.262715,37.5,0.9,50.41,210.2,0.6311,100.0,42.5,3.91,0,0.0182
2026-05-18,2026-05-11 17:17:10,S0563,Olmazor,41.392077,69.262715,37.0,2.2,50.44,210.1,0.5068,100.0,41.5,3.94,0,0.0182
2026-05-12,2026-05-11 17:17:10,S0564,Olmazor,41.346008,69.218112,28.9,7.7,49.65,213.5,0.2519,83.6,85.1,2.14,1,0.3757
2026-05-13,2026-05-11 17:17:10,S0564,Olmazor,41.346008,69.218112,33.5,6.8,49.55,219.2,0.1259,84.5,83.0,1.86,1,0.3757
2026-05-14,2026-05-11 17:17:10,S0564,Olmazor,41.346008,69.218112,30.6,8.8,49.48,216.0,0.2757,85.0,88.9,1.64,1,0.3757
2026-05-15,2026-05-11 17:17:10,S0564,Olmazor,41.346008,69.218112,31.2,9.2,49.59,211.0,0.1769,80.1,91.6,1.51,1,0.3757
2026-05-16,2026-05-11 17:17:10,S0564,Olmazor,41.346008,69.218112,30.0,7.8,49.57,212.2,0.1117,83.5,95.0,1.69,1,0.3757
2026-05-17,2026-05-11 17:17:10,S0564,Olmazor,41.346008,69.218112,29.3,7.5,49.56,209.8,0.076,81.8,93.6,1.63,1,0.3757
2026-05-18,2026-05-11 17:17:10,S0564,Olmazor,41.346008,69.218112,29.9,9.0,49.41,213.2,0.0425,77.5,95.0,2.07,1,0.3757
2026-05-12,2026-05-11 17:17:10,S0565,Olmazor,41.339396,69.268089,20.4,17.1,49.73,231.8,0.4867,83.4,48.3,2.51,1,0.3791
2026-05-13,2026-05-11 17:17:10,S0565,Olmazor,41.339396,69.268089,18.6,16.4,49.37,236.5,0.6338,85.3,62.3,2.63,1,0.3791
2026-05-14,2026-05-11 17:17:10,S0565,Olmazor,41.339396,69.268089,18.7,17.2,49.61,241.5,0.609,84.0,50.6,2.23,2,0.7291
2026-05-15,2026-05-11 17:17:10,S0565,Olmazor,41.339396,69.268089,16.4,15.5,49.46,238.2,0.6703,79.9,58.1,2.31,1,0.3791
2026-05-16,2026-05-11 17:17:10,S0565,Olmazor,41.339396,69.268089,17.4,15.9,49.56,240.9,0.6655,81.0,46.1,2.49,2,0.7291
2026-05-17,2026-05-11 17:17:10,S0565,Olmazor,41.339396,69.268089,16.6,13.1,49.32,241.0,0.6902,81.2,50.0,2.31,2,0.7291
2026-05-18,2026-05-11 17:17:10,S0565,Olmazor,41.339396,69.268089,13.5,14.2,49.37,245.0,0.5685,82.0,56.1,2.41,2,0.7291
2026-05-12,2026-05-11 17:17:10,S0566,Olmazor,41.357157,69.267358,29.3,11.6,50.11,223.6,0.9386,93.1,72.2,5.29,1,0.3822
2026-05-13,2026-05-11 17:17:10,S0566,Olmazor,41.357157,69.267358,28.9,11.4,50.06,226.6,0.5298,94.4,72.3,5.46,1,0.3822
2026-05-14,2026-05-11 17:17:10,S0566,Olmazor,41.357157,69.267358,28.7,13.8,50.11,229.8,0.5792,93.2,60.0,5.54,2,0.7322
2026-05-15,2026-05-11 17:17:10,S0566,Olmazor,41.357157,69.267358,31.4,12.0,49.95,228.8,0.7382,94.8,55.6,5.25,1,0.3822
2026-05-16,2026-05-11 17:17:10,S0566,Olmazor,41.357157,69.267358,29.0,13.4,50.0,226.4,0.7139,94.8,57.4,5.62,2,0.7322
2026-05-17,2026-05-11 17:17:10,S0566,Olmazor,41.357157,69.267358,29.5,14.1,49.98,232.0,0.7156,90.6,58.9,5.65,2,0.7322
2026-05-18,2026-05-11 17:17:10,S0566,Olmazor,41.357157,69.267358,31.5,14.5,49.87,228.3,0.6531,93.1,59.2,5.1,1,0.3822
2026-05-12,2026-05-11 17:17:10,S0567,Olmazor,41.377035,69.287002,42.1,10.2,50.28,210.9,0.8032,93.0,67.3,3.56,1,0.3894
2026-05-13,2026-05-11 17:17:10,S0567,Olmazor,41.377035,69.287002,43.5,10.1,50.15,212.4,0.7566,91.0,72.0,4.0,1,0.3894
2026-05-14,2026-05-11 17:17:10,S0567,Olmazor,41.377035,69.287002,41.7,9.9,50.13,211.6,0.677,88.8,61.0,3.84,1,0.3894
2026-05-15,2026-05-11 17:17:10,S0567,Olmazor,41.377035,69.287002,46.2,8.9,50.13,216.2,0.7807,90.3,64.8,3.85,2,0.7394
2026-05-16,2026-05-11 17:17:10,S0567,Olmazor,41.377035,69.287002,49.1,11.8,50.16,214.5,0.7736,88.2,74.9,3.94,2,0.7394
2026-05-17,2026-05-11 17:17:10,S0567,Olmazor,41.377035,69.287002,49.3,10.6,50.11,212.4,0.773,92.4,75.0,4.07,2,0.7394
2026-05-18,2026-05-11 17:17:10,S0567,Olmazor,41.377035,69.287002,50.8,11.2,50.16,211.4,0.7558,91.1,76.2,4.1,2,0.7394
2026-05-12,2026-05-11 17:17:10,S0568,Olmazor,41.373251,69.24367,38.6,13.3,50.74,224.9,1.0407,86.6,57.6,4.16,1,0.3852
2026-05-13,2026-05-11 17:17:10,S0568,Olmazor,41.373251,69.24367,35.6,14.8,50.67,226.8,1.0919,85.3,60.7,4.35,1,0.3852
2026-05-14,2026-05-11 17:17:10,S0568,Olmazor,41.373251,69.24367,37.2,8.9,50.42,222.2,1.0118,80.8,70.5,4.3,1,0.3852
2026-05-15,2026-05-11 17:17:10,S0568,Olmazor,41.373251,69.24367,41.1,12.4,50.54,225.1,1.1129,86.9,68.3,4.69,1,0.3852
2026-05-16,2026-05-11 17:17:10,S0568,Olmazor,41.373251,69.24367,41.4,11.4,50.59,222.8,1.0597,83.4,64.5,4.5,1,0.3852
2026-05-17,2026-05-11 17:17:10,S0568,Olmazor,41.373251,69.24367,40.4,12.5,50.55,225.9,1.2401,83.0,59.2,4.82,1,0.3852
2026-05-18,2026-05-11 17:17:10,S0568,Olmazor,41.373251,69.24367,33.8,10.0,50.54,222.2,1.0466,81.7,66.0,5.39,1,0.3852
2026-05-12,2026-05-11 17:17:10,S0569,Olmazor,41.358819,69.273707,29.5,13.1,50.26,210.9,0.2124,86.4,72.3,2.43,0,0.0232
2026-05-13,2026-05-11 17:17:10,S0569,Olmazor,41.358819,69.273707,27.4,11.6,49.95,212.5,0.2229,83.2,74.6,2.89,1,0.3732
2026-05-14,2026-05-11 17:17:10,S0569,Olmazor,41.358819,69.273707,26.5,12.0,50.05,208.6,0.3106,84.2,73.9,3.06,1,0.3732
2026-05-15,2026-05-11 17:17:10,S0569,Olmazor,41.358819,69.273707,28.0,13.7,50.05,207.7,0.1954,82.5,73.4,3.04,1,0.3732
2026-05-16,2026-05-11 17:17:10,S0569,Olmazor,41.358819,69.273707,25.6,13.7,50.09,204.6,0.01,82.5,64.6,3.14,1,0.3732
2026-05-17,2026-05-11 17:17:10,S0569,Olmazor,41.358819,69.273707,27.2,13.3,50.05,208.3,0.01,82.4,63.5,3.24,1,0.3732
2026-05-18,2026-05-11 17:17:10,S0569,Olmazor,41.358819,69.273707,28.3,10.4,50.11,210.7,0.1201,80.9,69.5,3.51,1,0.3732
2026-05-12,2026-05-11 17:17:10,S0570,Olmazor,41.334457,69.282983,39.4,8.3,50.11,226.1,0.5331,99.0,76.9,2.15,0,0.0317
2026-05-13,2026-05-11 17:17:10,S0570,Olmazor,41.334457,69.282983,36.2,7.2,50.16,224.4,0.3505,97.5,76.4,2.47,0,0.0317
2026-05-14,2026-05-11 17:17:10,S0570,Olmazor,41.334457,69.282983,38.9,7.2,50.12,220.9,0.5535,97.9,64.4,2.18,0,0.0317
2026-05-15,2026-05-11 17:17:10,S0570,Olmazor,41.334457,69.282983,39.8,8.1,50.09,219.9,0.3431,97.2,68.6,1.9,0,0.0317
2026-05-16,2026-05-11 17:17:10,S0570,Olmazor,41.334457,69.282983,35.7,8.0,50.14,220.4,0.4248,96.2,62.5,2.01,0,0.0317
2026-05-17,2026-05-11 17:17:10,S0570,Olmazor,41.334457,69.282983,36.2,5.3,50.11,219.0,0.5065,98.9,64.4,2.53,0,0.0317
2026-05-18,2026-05-11 17:17:10,S0570,Olmazor,41.334457,69.282983,39.8,5.8,50.2,218.1,0.4759,100.0,58.2,2.12,0,0.0317
2026-05-12,2026-05-11 17:17:10,S0571,Olmazor,41.356683,69.265754,30.6,6.2,50.24,222.6,0.5832,92.1,49.7,3.87,0,0.0352
2026-05-13,2026-05-11 17:17:10,S0571,Olmazor,41.356683,69.265754,32.6,8.0,50.31,225.0,0.6822,90.6,54.2,3.9,0,0.0352
2026-05-14,2026-05-11 17:17:10,S0571,Olmazor,41.356683,69.265754,29.5,9.7,50.28,219.4,0.6998,90.6,53.1,3.84,0,0.0352
2026-05-15,2026-05-11 17:17:10,S0571,Olmazor,41.356683,69.265754,30.8,6.1,50.02,219.5,0.5331,89.4,56.2,4.01,0,0.0352
2026-05-16,2026-05-11 17:17:10,S0571,Olmazor,41.356683,69.265754,33.1,7.0,50.13,218.7,0.6185,89.2,59.5,4.05,0,0.0352
2026-05-17,2026-05-11 17:17:10,S0571,Olmazor,41.356683,69.265754,31.6,6.4,50.21,218.4,0.6561,86.5,56.8,3.78,0,0.0352
2026-05-18,2026-05-11 17:17:10,S0571,Olmazor,41.356683,69.265754,31.9,7.6,50.17,220.3,0.644,88.9,58.9,3.61,0,0.0352
2026-05-12,2026-05-11 17:17:10,S0572,Olmazor,41.361161,69.266864,22.7,15.9,49.79,208.6,0.0925,95.9,40.8,3.68,1,0.3687
2026-05-13,2026-05-11 17:17:10,S0572,Olmazor,41.361161,69.266864,20.7,15.8,49.87,207.5,0.2254,100.0,42.3,3.56,1,0.3687
2026-05-14,2026-05-11 17:17:10,S0572,Olmazor,41.361161,69.266864,18.7,17.4,49.93,206.2,0.0711,98.3,44.9,3.89,1,0.3687
2026-05-15,2026-05-11 17:17:10,S0572,Olmazor,41.361161,69.266864,19.9,17.2,49.99,206.9,0.0661,97.8,41.0,3.83,1,0.3687
2026-05-16,2026-05-11 17:17:10,S0572,Olmazor,41.361161,69.266864,19.7,15.7,49.98,204.3,0.1316,99.1,34.7,3.62,1,0.3687
2026-05-17,2026-05-11 17:17:10,S0572,Olmazor,41.361161,69.266864,16.8,15.5,49.87,201.4,0.159,100.0,39.9,3.83,1,0.3687
2026-05-18,2026-05-11 17:17:10,S0572,Olmazor,41.361161,69.266864,18.9,16.3,50.07,207.0,0.1271,100.0,39.6,3.74,1,0.3687
2026-05-12,2026-05-11 17:17:10,S0573,Olmazor,41.331714,69.253724,36.5,6.9,49.87,217.0,0.8845,89.1,95.0,3.82,1,0.3844
2026-05-13,2026-05-11 17:17:10,S0573,Olmazor,41.331714,69.253724,35.8,8.3,49.8,219.6,0.733,92.7,95.0,3.75,1,0.3844
2026-05-14,2026-05-11 17:17:10,S0573,Olmazor,41.331714,69.253724,34.2,9.1,49.7,214.1,0.7839,90.4,84.9,3.69,0,0.0344
2026-05-15,2026-05-11 17:17:10,S0573,Olmazor,41.331714,69.253724,27.4,7.8,49.93,222.5,0.7397,88.8,76.1,4.02,0,0.0344
2026-05-16,2026-05-11 17:17:10,S0573,Olmazor,41.331714,69.253724,32.0,8.5,49.96,216.3,0.7452,88.8,90.8,3.68,1,0.3844
2026-05-17,2026-05-11 17:17:10,S0573,Olmazor,41.331714,69.253724,30.1,7.3,49.88,220.1,0.6048,87.8,91.0,3.73,1,0.3844
2026-05-18,2026-05-11 17:17:10,S0573,Olmazor,41.331714,69.253724,30.8,11.1,49.88,221.1,0.7238,85.7,82.2,3.73,0,0.0344
2026-05-12,2026-05-11 17:17:10,S0574,Olmazor,41.392929,69.222111,31.8,6.3,50.05,212.4,0.473,90.1,55.8,2.2,0,0.0372
2026-05-13,2026-05-11 17:17:10,S0574,Olmazor,41.392929,69.222111,32.7,9.4,49.98,211.4,0.5118,96.9,54.4,3.04,0,0.0372
2026-05-14,2026-05-11 17:17:10,S0574,Olmazor,41.392929,69.222111,30.8,7.1,50.01,217.6,0.5643,98.3,55.9,3.05,0,0.0372
2026-05-15,2026-05-11 17:17:10,S0574,Olmazor,41.392929,69.222111,29.9,6.1,49.73,213.3,0.533,97.5,55.1,3.56,0,0.0372
2026-05-16,2026-05-11 17:17:10,S0574,Olmazor,41.392929,69.222111,31.7,7.2,49.76,218.2,0.6546,92.7,49.1,3.29,0,0.0372
2026-05-17,2026-05-11 17:17:10,S0574,Olmazor,41.392929,69.222111,31.9,6.5,49.7,217.3,0.5974,93.4,50.6,3.19,0,0.0372
2026-05-18,2026-05-11 17:17:10,S0574,Olmazor,41.392929,69.222111,29.5,5.7,49.73,213.5,0.5812,94.4,45.3,3.37,0,0.0372
2026-05-12,2026-05-11 17:17:10,S0575,Olmazor,41.388435,69.279169,33.6,7.2,50.11,206.8,0.4876,78.6,43.9,2.91,1,0.3861
2026-05-13,2026-05-11 17:17:10,S0575,Olmazor,41.388435,69.279169,26.6,6.5,49.98,205.0,0.5423,77.4,53.9,2.96,1,0.3861
2026-05-14,2026-05-11 17:17:10,S0575,Olmazor,41.388435,69.279169,25.6,5.6,49.93,206.2,0.5593,76.5,43.1,2.67,1,0.3861
2026-05-15,2026-05-11 17:17:10,S0575,Olmazor,41.388435,69.279169,34.8,4.2,49.97,203.1,0.5946,76.7,40.2,2.8,1,0.3861
2026-05-16,2026-05-11 17:17:10,S0575,Olmazor,41.388435,69.279169,27.7,4.2,49.89,202.1,0.463,77.1,35.8,2.2,1,0.3861
2026-05-17,2026-05-11 17:17:10,S0575,Olmazor,41.388435,69.279169,26.5,4.7,50.08,202.6,0.6233,78.5,41.6,2.79,1,0.3861
2026-05-18,2026-05-11 17:17:10,S0575,Olmazor,41.388435,69.279169,21.3,0.8,49.91,198.6,0.6614,76.7,33.2,2.36,2,0.7361
2026-05-12,2026-05-11 17:17:10,S0576,Olmazor,41.331872,69.267708,39.6,9.3,50.15,226.3,0.6895,85.8,55.4,2.93,0,0.0208
2026-05-13,2026-05-11 17:17:10,S0576,Olmazor,41.331872,69.267708,38.3,7.9,50.26,224.7,0.708,81.8,56.2,2.15,1,0.3708
2026-05-14,2026-05-11 17:17:10,S0576,Olmazor,41.331872,69.267708,38.9,7.6,50.55,225.1,0.6996,82.3,58.6,2.89,1,0.3708
2026-05-15,2026-05-11 17:17:10,S0576,Olmazor,41.331872,69.267708,40.1,7.4,50.25,226.0,0.792,86.8,51.8,3.03,1,0.3708
2026-05-16,2026-05-11 17:17:10,S0576,Olmazor,41.331872,69.267708,41.7,7.6,50.38,228.8,0.8649,82.1,56.0,2.58,1,0.3708
2026-05-17,2026-05-11 17:17:10,S0576,Olmazor,41.331872,69.267708,42.5,5.9,49.97,230.9,0.9501,82.7,43.1,2.83,1,0.3708
2026-05-18,2026-05-11 17:17:10,S0576,Olmazor,41.331872,69.267708,40.8,7.1,50.2,234.9,0.9573,82.9,49.2,2.55,1,0.3708
2026-05-12,2026-05-11 17:17:10,S0577,Olmazor,41.366281,69.278034,33.4,16.6,50.02,221.1,0.6469,89.8,66.3,4.21,0,0.0193
2026-05-13,2026-05-11 17:17:10,S0577,Olmazor,41.366281,69.278034,38.1,18.7,50.05,210.1,0.5571,87.9,68.2,4.37,0,0.0193
2026-05-14,2026-05-11 17:17:10,S0577,Olmazor,41.366281,69.278034,34.5,16.1,50.05,209.2,0.6585,87.7,66.4,4.43,1,0.3693
2026-05-15,2026-05-11 17:17:10,S0577,Olmazor,41.366281,69.278034,30.7,17.4,49.94,209.1,0.6622,91.6,65.2,4.65,1,0.3693
2026-05-16,2026-05-11 17:17:10,S0577,Olmazor,41.366281,69.278034,31.8,18.1,50.03,208.0,0.6524,90.7,65.9,4.8,1,0.3693
2026-05-17,2026-05-11 17:17:10,S0577,Olmazor,41.366281,69.278034,33.6,20.2,49.91,208.9,0.6221,90.0,68.0,4.84,1,0.3693
2026-05-18,2026-05-11 17:17:10,S0577,Olmazor,41.366281,69.278034,33.5,19.4,49.91,210.2,0.6414,90.0,69.9,4.68,0,0.0193
2026-05-12,2026-05-11 17:17:10,S0578,Olmazor,41.362343,69.221774,24.3,11.9,50.52,218.4,0.1837,77.6,77.3,2.01,1,0.3759
2026-05-13,2026-05-11 17:17:10,S0578,Olmazor,41.362343,69.221774,18.2,12.0,50.33,214.8,0.1449,80.5,69.6,2.07,1,0.3759
2026-05-14,2026-05-11 17:17:10,S0578,Olmazor,41.362343,69.221774,17.0,12.7,50.44,215.4,0.1928,76.8,78.5,2.57,1,0.3759
2026-05-15,2026-05-11 17:17:10,S0578,Olmazor,41.362343,69.221774,15.8,12.7,50.6,214.7,0.1471,77.8,66.0,2.08,1,0.3759
2026-05-16,2026-05-11 17:17:10,S0578,Olmazor,41.362343,69.221774,18.9,13.0,50.24,212.1,0.1221,81.8,69.2,2.75,1,0.3759
2026-05-17,2026-05-11 17:17:10,S0578,Olmazor,41.362343,69.221774,16.1,15.4,50.43,205.8,0.01,77.0,64.2,3.0,1,0.3759
2026-05-18,2026-05-11 17:17:10,S0578,Olmazor,41.362343,69.221774,14.4,14.0,50.51,211.4,0.0776,79.1,73.3,3.1,1,0.3759
2026-05-12,2026-05-11 17:17:10,S0579,Olmazor,41.337039,69.250217,34.3,8.9,49.96,202.0,0.7123,82.7,56.2,4.14,1,0.3807
2026-05-13,2026-05-11 17:17:10,S0579,Olmazor,41.337039,69.250217,31.3,8.9,49.85,206.2,0.6927,82.1,42.9,4.32,1,0.3807
2026-05-14,2026-05-11 17:17:10,S0579,Olmazor,41.337039,69.250217,33.4,10.1,50.13,204.7,0.7071,84.9,54.8,4.36,1,0.3807
2026-05-15,2026-05-11 17:17:10,S0579,Olmazor,41.337039,69.250217,31.5,8.7,49.84,204.5,0.7517,81.6,51.1,4.42,1,0.3807
2026-05-16,2026-05-11 17:17:10,S0579,Olmazor,41.337039,69.250217,31.1,8.3,49.92,200.9,0.7263,83.1,49.5,4.14,1,0.3807
2026-05-17,2026-05-11 17:17:10,S0579,Olmazor,41.337039,69.250217,31.1,8.3,50.0,201.6,0.7487,83.5,47.3,4.5,1,0.3807
2026-05-18,2026-05-11 17:17:10,S0579,Olmazor,41.337039,69.250217,30.4,8.7,49.83,204.7,0.6804,84.8,50.6,4.38,1,0.3807
2026-05-12,2026-05-11 17:17:10,S0580,Olmazor,41.351675,69.282425,24.5,8.9,50.02,238.3,0.3805,81.2,71.6,4.41,1,0.3832
2026-05-13,2026-05-11 17:17:10,S0580,Olmazor,41.351675,69.282425,23.6,9.0,50.01,232.3,0.261,80.5,81.0,4.31,1,0.3832
2026-05-14,2026-05-11 17:17:10,S0580,Olmazor,41.351675,69.282425,22.9,8.3,50.06,232.3,0.365,78.5,76.3,4.45,1,0.3832
2026-05-15,2026-05-11 17:17:10,S0580,Olmazor,41.351675,69.282425,24.9,6.5,50.22,233.5,0.3839,77.1,70.4,4.1,1,0.3832
2026-05-16,2026-05-11 17:17:10,S0580,Olmazor,41.351675,69.282425,21.0,8.4,50.16,233.4,0.3869,75.2,67.7,4.39,1,0.3832
2026-05-17,2026-05-11 17:17:10,S0580,Olmazor,41.351675,69.282425,20.4,6.3,50.32,232.2,0.3201,74.0,60.0,4.31,2,0.7332
2026-05-18,2026-05-11 17:17:10,S0580,Olmazor,41.351675,69.282425,21.5,7.2,50.26,232.0,0.2865,75.9,66.9,4.57,1,0.3832
2026-05-12,2026-05-11 17:17:10,S0581,Olmazor,41.365165,69.270991,46.3,5.9,50.1,220.9,0.5829,100.0,73.5,4.2,2,0.7336
2026-05-13,2026-05-11 17:17:10,S0581,Olmazor,41.365165,69.270991,49.2,5.5,50.2,227.2,0.5367,96.5,77.0,4.51,2,0.7336
2026-05-14,2026-05-11 17:17:10,S0581,Olmazor,41.365165,69.270991,50.0,6.7,50.16,225.2,0.7025,90.8,76.9,4.36,2,0.7336
2026-05-15,2026-05-11 17:17:10,S0581,Olmazor,41.365165,69.270991,44.8,1.4,50.11,227.4,0.5501,95.2,73.6,4.19,1,0.3836
2026-05-16,2026-05-11 17:17:10,S0581,Olmazor,41.365165,69.270991,49.4,1.2,50.15,226.3,0.546,92.1,73.4,4.37,2,0.7336
2026-05-17,2026-05-11 17:17:10,S0581,Olmazor,41.365165,69.270991,45.3,2.5,50.27,231.1,0.5652,93.9,81.8,4.43,2,0.7336
2026-05-18,2026-05-11 17:17:10,S0581,Olmazor,41.365165,69.270991,49.9,3.9,50.22,232.6,0.5422,93.2,85.7,4.68,2,0.7336
2026-05-12,2026-05-11 17:17:10,S0582,Olmazor,41.33662,69.256148,35.4,13.3,50.03,213.1,0.799,93.9,60.4,3.64,0,0.0277
2026-05-13,2026-05-11 17:17:10,S0582,Olmazor,41.33662,69.256148,33.8,13.8,50.18,219.5,0.8703,94.7,60.2,3.43,0,0.0277
2026-05-14,2026-05-11 17:17:10,S0582,Olmazor,41.33662,69.256148,34.7,12.3,50.11,216.4,0.9887,96.0,61.8,3.58,0,0.0277
2026-05-15,2026-05-11 17:17:10,S0582,Olmazor,41.33662,69.256148,36.0,13.3,50.14,220.6,0.9317,94.3,64.8,3.42,0,0.0277
2026-05-16,2026-05-11 17:17:10,S0582,Olmazor,41.33662,69.256148,37.2,13.3,50.16,214.5,0.8654,96.3,74.1,3.48,0,0.0277
2026-05-17,2026-05-11 17:17:10,S0582,Olmazor,41.33662,69.256148,36.8,14.4,50.14,211.0,0.9881,96.6,81.8,3.76,0,0.0277
2026-05-18,2026-05-11 17:17:10,S0582,Olmazor,41.33662,69.256148,40.3,12.4,50.2,212.3,0.8521,96.7,80.1,3.94,1,0.3777
2026-05-12,2026-05-11 17:17:10,S0583,Olmazor,41.367631,69.266877,33.4,7.3,50.57,226.9,0.5819,85.8,59.5,3.42,1,0.3863
2026-05-13,2026-05-11 17:17:10,S0583,Olmazor,41.367631,69.266877,34.1,6.9,50.63,225.2,0.6039,89.1,70.8,2.73,1,0.3863
2026-05-14,2026-05-11 17:17:10,S0583,Olmazor,41.367631,69.266877,34.4,4.8,50.57,226.3,0.5131,88.6,63.6,3.33,1,0.3863
2026-05-15,2026-05-11 17:17:10,S0583,Olmazor,41.367631,69.266877,32.9,4.1,50.81,225.8,0.4845,88.4,63.9,3.25,1,0.3863
2026-05-16,2026-05-11 17:17:10,S0583,Olmazor,41.367631,69.266877,33.6,5.2,50.79,227.4,0.5629,87.2,73.7,3.26,1,0.3863
2026-05-17,2026-05-11 17:17:10,S0583,Olmazor,41.367631,69.266877,33.2,3.6,50.89,224.5,0.557,85.6,71.1,3.43,1,0.3863
2026-05-18,2026-05-11 17:17:10,S0583,Olmazor,41.367631,69.266877,29.0,4.0,51.01,226.3,0.5578,88.6,61.6,3.64,2,0.7363
2026-05-12,2026-05-11 17:17:10,S0584,Olmazor,41.331073,69.219665,48.0,2.3,49.81,233.5,0.6596,86.3,51.5,4.91,2,0.743
2026-05-13,2026-05-11 17:17:10,S0584,Olmazor,41.331073,69.219665,46.8,2.7,49.75,236.6,0.5282,82.2,49.8,4.59,2,0.743
2026-05-14,2026-05-11 17:17:10,S0584,Olmazor,41.331073,69.219665,43.8,1.8,49.91,234.2,0.7285,80.1,50.4,4.69,1,0.393
2026-05-15,2026-05-11 17:17:10,S0584,Olmazor,41.331073,69.219665,53.1,3.9,49.83,235.7,0.6694,81.3,50.1,5.2,2,0.743
2026-05-16,2026-05-11 17:17:10,S0584,Olmazor,41.331073,69.219665,45.8,0.4,49.92,238.3,0.5952,85.1,53.5,5.39,2,0.743
2026-05-17,2026-05-11 17:17:10,S0584,Olmazor,41.331073,69.219665,46.6,1.1,49.92,234.4,0.6702,82.3,41.4,5.22,2,0.743
2026-05-18,2026-05-11 17:17:10,S0584,Olmazor,41.331073,69.219665,50.3,0.0,49.84,234.6,0.7618,83.0,37.8,4.75,2,0.743
2026-05-12,2026-05-11 17:17:10,S0585,Olmazor,41.379684,69.223032,38.0,20.4,49.79,222.4,0.5253,88.6,68.5,3.78,0,0.0246
2026-05-13,2026-05-11 17:17:10,S0585,Olmazor,41.379684,69.223032,39.6,22.6,49.88,226.4,0.4435,88.0,64.9,3.2,0,0.0246
2026-05-14,2026-05-11 17:17:10,S0585,Olmazor,41.379684,69.223032,38.1,24.1,49.91,228.1,0.4445,87.6,67.1,3.47,0,0.0246
2026-05-15,2026-05-11 17:17:10,S0585,Olmazor,41.379684,69.223032,38.5,23.9,49.87,225.7,0.5293,89.2,68.9,3.62,0,0.0246
2026-05-16,2026-05-11 17:17:10,S0585,Olmazor,41.379684,69.223032,40.3,25.3,49.81,228.6,0.4786,85.8,68.7,3.93,1,0.3746
2026-05-17,2026-05-11 17:17:10,S0585,Olmazor,41.379684,69.223032,34.9,25.1,49.68,225.9,0.4781,89.2,70.3,4.02,0,0.0246
2026-05-18,2026-05-11 17:17:10,S0585,Olmazor,41.379684,69.223032,37.1,23.5,49.78,229.9,0.4124,87.0,65.1,4.1,0,0.0246
2026-05-12,2026-05-11 17:17:10,S0586,Olmazor,41.369652,69.284259,30.3,16.3,49.77,215.4,0.8877,87.6,58.1,5.75,2,0.7195
2026-05-13,2026-05-11 17:17:10,S0586,Olmazor,41.369652,69.284259,29.3,16.7,49.77,220.3,0.9252,87.9,70.5,6.1,2,0.7195
2026-05-14,2026-05-11 17:17:10,S0586,Olmazor,41.369652,69.284259,30.7,15.3,49.51,215.9,0.7678,88.4,62.0,6.12,2,0.7195
2026-05-15,2026-05-11 17:17:10,S0586,Olmazor,41.369652,69.284259,30.2,17.0,49.44,216.2,0.9076,85.9,65.8,6.6,2,0.7195
2026-05-16,2026-05-11 17:17:10,S0586,Olmazor,41.369652,69.284259,29.4,17.1,49.4,214.5,0.7787,86.8,60.0,6.74,2,0.7195
2026-05-17,2026-05-11 17:17:10,S0586,Olmazor,41.369652,69.284259,30.5,16.5,49.22,217.1,0.8124,91.6,62.3,6.82,2,0.7195
2026-05-18,2026-05-11 17:17:10,S0586,Olmazor,41.369652,69.284259,29.3,17.9,49.19,212.5,0.8667,88.6,61.0,6.91,2,0.7195
2026-05-12,2026-05-11 17:17:10,S0587,Olmazor,41.39452,69.273799,32.4,11.4,50.01,210.2,0.1292,92.8,73.0,3.7,0,0.0268
2026-05-13,2026-05-11 17:17:10,S0587,Olmazor,41.39452,69.273799,31.9,11.8,49.66,208.0,0.1009,94.7,74.2,3.39,1,0.3768
2026-05-14,2026-05-11 17:17:10,S0587,Olmazor,41.39452,69.273799,31.9,11.7,49.81,209.6,0.0951,94.3,80.7,3.78,1,0.3768
2026-05-15,2026-05-11 17:17:10,S0587,Olmazor,41.39452,69.273799,33.1,11.9,49.86,211.8,0.0778,96.0,81.6,3.81,0,0.0268
2026-05-16,2026-05-11 17:17:10,S0587,Olmazor,41.39452,69.273799,33.9,11.3,49.77,210.6,0.0593,99.1,76.9,3.57,0,0.0268
2026-05-17,2026-05-11 17:17:10,S0587,Olmazor,41.39452,69.273799,31.7,9.8,49.93,210.0,0.1207,98.1,74.6,3.6,0,0.0268
2026-05-18,2026-05-11 17:17:10,S0587,Olmazor,41.39452,69.273799,33.0,9.9,49.65,209.2,0.01,96.4,76.3,3.79,1,0.3768
2026-05-12,2026-05-11 17:17:10,S0588,Olmazor,41.358296,69.241822,34.3,10.3,50.1,209.8,0.9363,83.3,44.2,2.12,1,0.3721
2026-05-13,2026-05-11 17:17:10,S0588,Olmazor,41.358296,69.241822,34.9,8.8,50.02,207.6,0.9814,84.9,34.5,2.28,1,0.3721
2026-05-14,2026-05-11 17:17:10,S0588,Olmazor,41.358296,69.241822,34.8,10.0,50.25,207.5,0.8578,84.2,28.5,1.83,1,0.3721
2026-05-15,2026-05-11 17:17:10,S0588,Olmazor,41.358296,69.241822,37.5,9.3,50.36,210.1,0.9792,86.2,40.3,1.85,0,0.0221
2026-05-16,2026-05-11 17:17:10,S0588,Olmazor,41.358296,69.241822,39.1,10.3,50.12,205.7,1.023,87.4,29.3,2.58,1,0.3721
2026-05-17,2026-05-11 17:17:10,S0588,Olmazor,41.358296,69.241822,40.0,8.2,50.35,207.6,0.9791,84.4,32.2,2.26,1,0.3721
2026-05-18,2026-05-11 17:17:10,S0588,Olmazor,41.358296,69.241822,43.7,8.2,50.28,207.7,0.9824,83.3,35.4,2.46,1,0.3721
2026-05-12,2026-05-11 17:17:10,S0589,Olmazor,41.362444,69.222849,31.6,3.5,49.65,226.5,0.7986,80.3,78.1,2.84,1,0.3726
2026-05-13,2026-05-11 17:17:10,S0589,Olmazor,41.362444,69.222849,27.6,2.0,49.46,230.7,0.4715,79.8,75.6,3.21,1,0.3726
2026-05-14,2026-05-11 17:17:10,S0589,Olmazor,41.362444,69.222849,30.9,6.1,49.63,228.0,0.6184,78.3,79.0,3.59,1,0.3726
2026-05-15,2026-05-11 17:17:10,S0589,Olmazor,41.362444,69.222849,29.4,3.9,49.44,227.6,0.6501,76.8,73.0,2.83,1,0.3726
2026-05-16,2026-05-11 17:17:10,S0589,Olmazor,41.362444,69.222849,29.0,3.8,49.27,224.6,0.7325,77.3,73.1,3.5,1,0.3726
2026-05-17,2026-05-11 17:17:10,S0589,Olmazor,41.362444,69.222849,31.0,1.9,49.46,226.4,0.6203,75.0,72.0,3.5,1,0.3726
2026-05-18,2026-05-11 17:17:10,S0589,Olmazor,41.362444,69.222849,32.1,5.1,49.38,223.1,0.734,74.6,78.7,3.26,2,0.7226
2026-05-12,2026-05-11 17:17:10,S0590,Olmazor,41.385574,69.291022,41.8,10.5,50.07,221.5,0.3802,87.8,74.0,3.42,1,0.3807
2026-05-13,2026-05-11 17:17:10,S0590,Olmazor,41.385574,69.291022,46.1,12.3,49.96,213.4,0.4055,84.7,57.2,4.11,2,0.7307
2026-05-14,2026-05-11 17:17:10,S0590,Olmazor,41.385574,69.291022,43.5,11.8,49.78,216.1,0.4099,85.8,64.0,3.61,1,0.3807
2026-05-15,2026-05-11 17:17:10,S0590,Olmazor,41.385574,69.291022,46.9,9.4,49.85,214.4,0.3431,89.1,59.8,3.56,2,0.7307
2026-05-16,2026-05-11 17:17:10,S0590,Olmazor,41.385574,69.291022,42.6,11.1,49.76,212.3,0.6266,86.3,65.7,4.14,1,0.3807
2026-05-17,2026-05-11 17:17:10,S0590,Olmazor,41.385574,69.291022,44.7,10.0,50.01,216.1,0.5051,80.5,56.2,4.06,1,0.3807
2026-05-18,2026-05-11 17:17:10,S0590,Olmazor,41.385574,69.291022,44.8,10.9,49.73,217.0,0.4597,83.3,53.5,3.73,1,0.3807
2026-05-12,2026-05-11 17:17:10,S0591,Olmazor,41.360659,69.267077,33.2,6.1,49.53,216.3,0.01,100.0,47.7,2.31,0,0.0282
2026-05-13,2026-05-11 17:17:10,S0591,Olmazor,41.360659,69.267077,34.6,6.4,49.53,212.9,0.0925,99.8,44.2,2.27,0,0.0282
2026-05-14,2026-05-11 17:17:10,S0591,Olmazor,41.360659,69.267077,33.9,8.5,49.5,212.2,0.01,100.0,52.9,2.08,0,0.0282
2026-05-15,2026-05-11 17:17:10,S0591,Olmazor,41.360659,69.267077,30.0,9.1,49.52,221.5,0.01,100.0,55.0,1.65,0,0.0282
2026-05-16,2026-05-11 17:17:10,S0591,Olmazor,41.360659,69.267077,35.1,7.5,49.43,217.2,0.01,100.0,47.8,1.68,1,0.3782
2026-05-17,2026-05-11 17:17:10,S0591,Olmazor,41.360659,69.267077,29.8,8.1,49.46,215.4,0.01,100.0,57.4,1.03,1,0.3782
2026-05-18,2026-05-11 17:17:10,S0591,Olmazor,41.360659,69.267077,29.4,7.1,49.37,218.1,0.01,100.0,52.1,1.66,1,0.3782
2026-05-12,2026-05-11 17:17:10,S0592,Olmazor,41.357661,69.225588,33.2,17.1,49.94,213.4,0.5696,98.9,34.9,3.81,0,0.0253
2026-05-13,2026-05-11 17:17:10,S0592,Olmazor,41.357661,69.225588,29.7,18.4,50.2,218.5,0.5313,100.0,41.8,3.9,0,0.0253
2026-05-14,2026-05-11 17:17:10,S0592,Olmazor,41.357661,69.225588,31.0,18.0,50.12,212.4,0.6361,100.0,39.8,4.33,0,0.0253
2026-05-15,2026-05-11 17:17:10,S0592,Olmazor,41.357661,69.225588,34.2,17.3,50.1,219.8,0.2577,96.7,38.5,3.79,0,0.0253
2026-05-16,2026-05-11 17:17:10,S0592,Olmazor,41.357661,69.225588,32.4,18.1,49.98,214.3,0.4012,94.3,33.5,3.87,0,0.0253
2026-05-17,2026-05-11 17:17:10,S0592,Olmazor,41.357661,69.225588,33.5,16.5,50.16,217.2,0.4854,99.9,34.1,4.15,0,0.0253
2026-05-18,2026-05-11 17:17:10,S0592,Olmazor,41.357661,69.225588,33.0,18.3,49.99,218.7,0.1583,97.7,32.6,4.47,0,0.0253
2026-05-12,2026-05-11 17:17:10,S0593,Olmazor,41.374221,69.294373,21.6,18.5,50.13,208.0,0.5544,85.5,67.7,4.06,1,0.383
2026-05-13,2026-05-11 17:17:10,S0593,Olmazor,41.374221,69.294373,26.9,19.0,50.09,207.4,0.3075,85.1,67.1,3.89,1,0.383
2026-05-14,2026-05-11 17:17:10,S0593,Olmazor,41.374221,69.294373,24.7,16.9,50.25,211.0,0.4069,86.9,67.6,3.97,0,0.033
2026-05-15,2026-05-11 17:17:10,S0593,Olmazor,41.374221,69.294373,24.5,18.0,50.2,211.2,0.3427,87.1,66.1,4.09,0,0.033
2026-05-16,2026-05-11 17:17:10,S0593,Olmazor,41.374221,69.294373,23.5,18.2,50.08,207.0,0.3002,82.6,68.7,3.89,1,0.383
2026-05-17,2026-05-11 17:17:10,S0593,Olmazor,41.374221,69.294373,21.7,18.1,49.8,203.6,0.3768,84.5,62.4,4.19,1,0.383
2026-05-18,2026-05-11 17:17:10,S0593,Olmazor,41.374221,69.294373,18.2,17.3,50.02,203.5,0.442,84.0,71.5,3.73,1,0.383
2026-05-12,2026-05-11 17:17:10,S0594,Olmazor,41.340487,69.275868,25.9,3.0,50.63,224.0,0.4943,91.7,85.1,3.62,1,0.372
2026-05-13,2026-05-11 17:17:10,S0594,Olmazor,41.340487,69.275868,27.6,5.3,50.56,227.1,0.4778,90.1,87.9,3.53,1,0.372
2026-05-14,2026-05-11 17:17:10,S0594,Olmazor,41.340487,69.275868,29.6,2.7,50.68,226.7,0.7194,95.3,88.4,3.55,1,0.372
2026-05-15,2026-05-11 17:17:10,S0594,Olmazor,41.340487,69.275868,29.4,1.5,50.84,223.6,0.7663,95.6,89.9,3.23,1,0.372
2026-05-16,2026-05-11 17:17:10,S0594,Olmazor,41.340487,69.275868,25.1,4.5,50.71,224.2,0.6035,92.5,92.9,3.54,1,0.372
2026-05-17,2026-05-11 17:17:10,S0594,Olmazor,41.340487,69.275868,24.4,5.4,50.91,227.5,0.7125,94.1,91.9,3.01,1,0.372
2026-05-18,2026-05-11 17:17:10,S0594,Olmazor,41.340487,69.275868,24.2,3.7,50.99,223.1,0.7688,93.7,93.2,3.23,1,0.372
2026-05-12,2026-05-11 17:17:10,S0595,Olmazor,41.355361,69.234848,39.8,5.0,49.86,226.4,0.0178,93.5,59.1,2.74,0,0.0229
2026-05-13,2026-05-11 17:17:10,S0595,Olmazor,41.355361,69.234848,37.8,6.2,49.87,225.5,0.1818,93.9,56.6,2.97,0,0.0229
2026-05-14,2026-05-11 17:17:10,S0595,Olmazor,41.355361,69.234848,35.9,5.9,49.8,226.2,0.0247,96.4,64.2,3.18,0,0.0229
2026-05-15,2026-05-11 17:17:10,S0595,Olmazor,41.355361,69.234848,34.6,3.0,49.7,223.6,0.0388,98.7,63.0,3.33,0,0.0229
2026-05-16,2026-05-11 17:17:10,S0595,Olmazor,41.355361,69.234848,33.4,4.8,49.82,223.8,0.0473,97.9,64.7,3.34,0,0.0229
2026-05-17,2026-05-11 17:17:10,S0595,Olmazor,41.355361,69.234848,34.4,5.6,49.65,225.4,0.052,95.5,59.1,3.52,0,0.0229
2026-05-18,2026-05-11 17:17:10,S0595,Olmazor,41.355361,69.234848,32.5,6.2,49.66,225.1,0.0537,96.9,63.1,3.35,0,0.0229
2026-05-12,2026-05-11 17:17:10,S0596,Olmazor,41.344315,69.251665,35.8,8.9,50.17,222.8,0.316,80.2,70.9,2.87,1,0.3879
2026-05-13,2026-05-11 17:17:10,S0596,Olmazor,41.344315,69.251665,39.1,6.7,50.09,223.1,0.3393,81.9,73.9,2.67,1,0.3879
2026-05-14,2026-05-11 17:17:10,S0596,Olmazor,41.344315,69.251665,38.4,6.0,50.25,220.5,0.4337,82.7,75.4,3.09,1,0.3879
2026-05-15,2026-05-11 17:17:10,S0596,Olmazor,41.344315,69.251665,39.3,8.4,50.29,223.2,0.3965,82.9,66.2,3.24,1,0.3879
2026-05-16,2026-05-11 17:17:10,S0596,Olmazor,41.344315,69.251665,36.2,6.2,50.27,221.1,0.3622,82.6,68.1,3.28,1,0.3879
2026-05-17,2026-05-11 17:17:10,S0596,Olmazor,41.344315,69.251665,39.1,6.4,50.22,223.6,0.4772,80.7,68.6,3.38,1,0.3879
2026-05-18,2026-05-11 17:17:10,S0596,Olmazor,41.344315,69.251665,37.4,4.9,50.42,228.7,0.4695,82.0,67.3,3.67,1,0.3879
2026-05-12,2026-05-11 17:17:10,S0597,Olmazor,41.371536,69.289191,26.1,3.1,50.18,212.4,0.5933,92.9,71.2,4.13,0,0.0277
2026-05-13,2026-05-11 17:17:10,S0597,Olmazor,41.371536,69.289191,28.1,1.2,50.08,213.3,0.7373,95.0,72.3,4.79,0,0.0277
2026-05-14,2026-05-11 17:17:10,S0597,Olmazor,41.371536,69.289191,24.3,3.0,50.04,213.1,0.6217,92.9,76.9,3.66,0,0.0277
2026-05-15,2026-05-11 17:17:10,S0597,Olmazor,41.371536,69.289191,22.9,0.0,50.18,212.2,0.7014,93.7,82.4,4.36,0,0.0277
2026-05-16,2026-05-11 17:17:10,S0597,Olmazor,41.371536,69.289191,23.6,1.3,50.03,214.2,0.5278,92.4,85.8,4.1,0,0.0277
2026-05-17,2026-05-11 17:17:10,S0597,Olmazor,41.371536,69.289191,22.0,2.0,50.22,212.6,0.6494,93.5,85.1,4.48,0,0.0277
2026-05-18,2026-05-11 17:17:10,S0597,Olmazor,41.371536,69.289191,21.9,1.4,50.16,212.4,0.6657,93.2,84.1,4.29,0,0.0277
2026-05-12,2026-05-11 17:17:10,S0598,Olmazor,41.388347,69.271569,45.8,0.0,49.91,236.7,0.4979,81.2,66.0,3.78,2,0.735
2026-05-13,2026-05-11 17:17:10,S0598,Olmazor,41.388347,69.271569,47.6,2.1,50.15,238.4,0.2782,78.7,59.6,3.9,2,0.735
2026-05-14,2026-05-11 17:17:10,S0598,Olmazor,41.388347,69.271569,46.1,0.6,49.94,239.0,0.5996,81.4,64.2,3.5,2,0.735
2026-05-15,2026-05-11 17:17:10,S0598,Olmazor,41.388347,69.271569,46.8,0.6,50.08,241.3,0.6123,79.3,72.7,3.46,2,0.735
2026-05-16,2026-05-11 17:17:10,S0598,Olmazor,41.388347,69.271569,49.1,0.1,50.16,239.8,0.3744,79.6,56.6,3.46,2,0.735
2026-05-17,2026-05-11 17:17:10,S0598,Olmazor,41.388347,69.271569,51.6,0.0,50.15,241.0,0.4996,79.8,60.4,3.62,2,0.735
2026-05-18,2026-05-11 17:17:10,S0598,Olmazor,41.388347,69.271569,50.1,0.0,50.02,240.2,0.3127,80.0,55.6,3.32,2,0.735
2026-05-12,2026-05-11 17:17:10,S0599,Olmazor,41.349652,69.221988,28.7,7.8,50.35,215.6,0.743,91.1,59.9,3.33,0,0.029
2026-05-13,2026-05-11 17:17:10,S0599,Olmazor,41.349652,69.221988,27.8,9.4,50.38,213.8,0.7871,90.8,61.5,3.82,0,0.029
2026-05-14,2026-05-11 17:17:10,S0599,Olmazor,41.349652,69.221988,27.4,8.4,50.42,212.7,0.8333,91.3,64.1,3.39,0,0.029
2026-05-15,2026-05-11 17:17:10,S0599,Olmazor,41.349652,69.221988,29.0,5.8,50.14,217.0,0.81,89.6,62.7,4.12,0,0.029
2026-05-16,2026-05-11 17:17:10,S0599,Olmazor,41.349652,69.221988,26.9,6.0,50.26,216.6,0.9054,88.9,71.0,3.85,0,0.029
2026-05-17,2026-05-11 17:17:10,S0599,Olmazor,41.349652,69.221988,26.0,4.9,50.07,214.1,0.8381,88.4,67.2,3.68,0,0.029
2026-05-18,2026-05-11 17:17:10,S0599,Olmazor,41.349652,69.221988,26.1,6.3,50.2,217.8,0.7512,86.7,64.7,3.5,0,0.029
2026-05-12,2026-05-11 17:17:10,S0600,Olmazor,41.38615,69.218009,34.3,5.0,49.52,209.5,0.6187,84.2,74.5,3.67,1,0.3833
2026-05-13,2026-05-11 17:17:10,S0600,Olmazor,41.38615,69.218009,33.0,4.8,49.64,206.0,0.7304,84.5,80.2,3.41,1,0.3833
2026-05-14,2026-05-11 17:17:10,S0600,Olmazor,41.38615,69.218009,29.8,10.0,49.61,205.6,0.7233,85.4,83.0,3.4,1,0.3833
2026-05-15,2026-05-11 17:17:10,S0600,Olmazor,41.38615,69.218009,31.5,6.3,49.64,205.7,0.7555,86.2,74.8,3.47,1,0.3833
2026-05-16,2026-05-11 17:17:10,S0600,Olmazor,41.38615,69.218009,26.2,6.4,49.64,211.6,0.8027,83.9,76.4,3.41,1,0.3833
2026-05-17,2026-05-11 17:17:10,S0600,Olmazor,41.38615,69.218009,26.5,6.2,49.57,210.4,0.6484,88.5,73.3,2.96,0,0.0333
2026-05-18,2026-05-11 17:17:10,S0600,Olmazor,41.38615,69.218009,27.3,6.7,49.68,205.6,0.8479,86.6,78.1,3.49,1,0.3833
2026-05-12,2026-05-11 17:17:10,S0601,Sergeli,41.190366,69.305774,36.7,7.8,50.47,212.5,0.4324,95.5,60.1,3.7,0,0.0244
2026-05-13,2026-05-11 17:17:10,S0601,Sergeli,41.190366,69.305774,39.9,8.2,50.64,209.3,0.5577,98.3,55.0,3.5,1,0.3744
2026-05-14,2026-05-11 17:17:10,S0601,Sergeli,41.190366,69.305774,36.7,7.6,50.87,210.0,0.4761,94.7,59.0,3.27,1,0.3744
2026-05-15,2026-05-11 17:17:10,S0601,Sergeli,41.190366,69.305774,38.0,9.7,50.91,206.9,0.4414,100.0,53.5,3.77,1,0.3744
2026-05-16,2026-05-11 17:17:10,S0601,Sergeli,41.190366,69.305774,37.8,8.6,51.0,208.4,0.3985,97.0,52.0,3.32,1,0.3744
2026-05-17,2026-05-11 17:17:10,S0601,Sergeli,41.190366,69.305774,39.8,9.1,50.98,201.2,0.5265,91.2,46.2,3.24,1,0.3744
2026-05-18,2026-05-11 17:17:10,S0601,Sergeli,41.190366,69.305774,35.1,7.4,51.0,205.9,0.5052,94.1,45.8,3.58,1,0.3744
2026-05-12,2026-05-11 17:17:10,S0602,Sergeli,41.189621,69.334747,36.8,6.8,49.84,220.6,0.2939,93.3,83.9,3.7,0,0.0241
2026-05-13,2026-05-11 17:17:10,S0602,Sergeli,41.189621,69.334747,32.9,8.2,49.81,217.2,0.3944,91.9,88.4,3.56,0,0.0241
2026-05-14,2026-05-11 17:17:10,S0602,Sergeli,41.189621,69.334747,35.8,7.7,49.7,210.6,0.5403,92.2,85.2,3.12,0,0.0241
2026-05-15,2026-05-11 17:17:10,S0602,Sergeli,41.189621,69.334747,36.4,6.2,49.73,215.9,0.4962,88.0,90.1,3.12,1,0.3741
2026-05-16,2026-05-11 17:17:10,S0602,Sergeli,41.189621,69.334747,34.5,3.8,49.76,207.4,0.367,95.0,84.5,2.73,1,0.3741
2026-05-17,2026-05-11 17:17:10,S0602,Sergeli,41.189621,69.334747,36.0,5.8,49.66,211.3,0.516,91.5,88.8,2.44,0,0.0241
2026-05-18,2026-05-11 17:17:10,S0602,Sergeli,41.189621,69.334747,33.0,5.6,49.64,209.7,0.3649,94.4,87.9,2.73,1,0.3741
2026-05-12,2026-05-11 17:17:10,S0603,Sergeli,41.207756,69.300024,42.5,5.2,50.23,223.6,0.2603,92.5,73.6,5.67,2,0.7375
2026-05-13,2026-05-11 17:17:10,S0603,Sergeli,41.207756,69.300024,44.6,4.2,50.34,222.6,0.2556,93.6,56.8,5.0,1,0.3875
2026-05-14,2026-05-11 17:17:10,S0603,Sergeli,41.207756,69.300024,45.0,2.7,50.34,221.7,0.0383,96.5,65.2,5.11,1,0.3875
2026-05-15,2026-05-11 17:17:10,S0603,Sergeli,41.207756,69.300024,45.4,5.1,50.36,219.6,0.2204,96.5,61.2,5.33,2,0.7375
2026-05-16,2026-05-11 17:17:10,S0603,Sergeli,41.207756,69.300024,46.7,6.1,50.21,221.6,0.0899,98.3,68.0,4.82,2,0.7375
2026-05-17,2026-05-11 17:17:10,S0603,Sergeli,41.207756,69.300024,45.9,5.9,50.43,223.2,0.1651,97.2,71.4,4.54,2,0.7375
2026-05-18,2026-05-11 17:17:10,S0603,Sergeli,41.207756,69.300024,49.7,5.7,50.35,225.6,0.0394,100.0,64.7,4.57,2,0.7375
2026-05-12,2026-05-11 17:17:10,S0604,Sergeli,41.185349,69.322226,35.5,9.8,50.22,211.6,0.947,89.8,81.2,3.69,0,0.0299
2026-05-13,2026-05-11 17:17:10,S0604,Sergeli,41.185349,69.322226,30.0,7.2,50.24,211.1,0.9241,90.1,85.5,4.16,0,0.0299
2026-05-14,2026-05-11 17:17:10,S0604,Sergeli,41.185349,69.322226,32.5,7.4,50.24,214.7,1.0172,89.0,90.1,3.91,1,0.3799
2026-05-15,2026-05-11 17:17:10,S0604,Sergeli,41.185349,69.322226,33.4,8.9,50.15,211.7,1.1393,88.4,94.5,3.93,1,0.3799
2026-05-16,2026-05-11 17:17:10,S0604,Sergeli,41.185349,69.322226,36.4,7.6,50.16,212.0,1.0185,87.2,84.7,3.82,1,0.3799
2026-05-17,2026-05-11 17:17:10,S0604,Sergeli,41.185349,69.322226,33.9,12.0,50.13,208.0,1.0125,82.8,86.9,3.9,1,0.3799
2026-05-18,2026-05-11 17:17:10,S0604,Sergeli,41.185349,69.322226,34.4,10.2,50.05,212.1,0.9456,88.0,94.6,3.47,1,0.3799
2026-05-12,2026-05-11 17:17:10,S0605,Sergeli,41.241944,69.307319,34.7,11.8,49.97,232.8,0.3496,83.9,83.4,2.27,1,0.3807
2026-05-13,2026-05-11 17:17:10,S0605,Sergeli,41.241944,69.307319,32.7,10.3,50.01,230.2,0.1788,87.9,84.4,2.96,1,0.3807
2026-05-14,2026-05-11 17:17:10,S0605,Sergeli,41.241944,69.307319,31.0,9.9,49.99,226.9,0.3007,82.5,90.6,2.52,1,0.3807
2026-05-15,2026-05-11 17:17:10,S0605,Sergeli,41.241944,69.307319,30.2,10.1,50.23,231.5,0.211,82.6,80.6,2.42,1,0.3807
2026-05-16,2026-05-11 17:17:10,S0605,Sergeli,41.241944,69.307319,33.6,10.4,50.06,238.7,0.2383,84.7,90.1,2.75,1,0.3807
2026-05-17,2026-05-11 17:17:10,S0605,Sergeli,41.241944,69.307319,31.7,9.4,50.13,235.5,0.3007,84.3,89.3,2.14,1,0.3807
2026-05-18,2026-05-11 17:17:10,S0605,Sergeli,41.241944,69.307319,27.3,7.9,50.14,241.3,0.2176,81.8,86.6,2.03,2,0.7307
2026-05-12,2026-05-11 17:17:10,S0606,Sergeli,41.221433,69.255207,30.9,5.3,49.8,220.5,0.618,92.0,58.8,1.65,0,0.0302
2026-05-13,2026-05-11 17:17:10,S0606,Sergeli,41.221433,69.255207,33.0,4.4,49.88,220.5,0.7453,92.1,64.7,1.39,0,0.0302
2026-05-14,2026-05-11 17:17:10,S0606,Sergeli,41.221433,69.255207,30.5,5.8,49.92,221.8,0.8219,91.2,64.5,1.07,0,0.0302
2026-05-15,2026-05-11 17:17:10,S0606,Sergeli,41.221433,69.255207,31.6,5.0,49.77,222.9,0.8249,92.2,63.1,1.06,0,0.0302
2026-05-16,2026-05-11 17:17:10,S0606,Sergeli,41.221433,69.255207,29.3,2.6,49.93,219.9,0.7629,92.0,68.9,1.28,0,0.0302
2026-05-17,2026-05-11 17:17:10,S0606,Sergeli,41.221433,69.255207,32.4,3.8,49.92,220.9,0.7266,96.1,60.8,1.18,0,0.0302
2026-05-18,2026-05-11 17:17:10,S0606,Sergeli,41.221433,69.255207,30.5,5.5,49.8,222.5,0.858,91.9,75.5,1.53,0,0.0302
2026-05-12,2026-05-11 17:17:10,S0607,Sergeli,41.23494,69.322146,28.0,3.9,50.63,219.0,0.4349,85.2,74.1,3.69,1,0.372
2026-05-13,2026-05-11 17:17:10,S0607,Sergeli,41.23494,69.322146,30.2,8.4,50.58,215.3,0.3352,86.1,66.5,3.83,1,0.372
2026-05-14,2026-05-11 17:17:10,S0607,Sergeli,41.23494,69.322146,26.0,5.2,50.51,216.8,0.3679,82.2,87.4,3.68,1,0.372
2026-05-15,2026-05-11 17:17:10,S0607,Sergeli,41.23494,69.322146,26.6,7.1,50.44,212.5,0.2998,86.6,85.6,4.24,0,0.022
2026-05-16,2026-05-11 17:17:10,S0607,Sergeli,41.23494,69.322146,24.5,5.3,50.42,212.5,0.3353,86.9,81.1,4.34,0,0.022
2026-05-17,2026-05-11 17:17:10,S0607,Sergeli,41.23494,69.322146,24.3,4.2,50.46,211.2,0.2222,84.9,77.6,3.96,1,0.372
2026-05-18,2026-05-11 17:17:10,S0607,Sergeli,41.23494,69.322146,29.1,6.6,50.53,210.2,0.3097,88.4,76.4,4.6,1,0.372
2026-05-12,2026-05-11 17:17:10,S0608,Sergeli,41.194929,69.302572,27.6,12.4,50.05,212.5,0.1298,86.7,49.8,1.88,0,0.0282
2026-05-13,2026-05-11 17:17:10,S0608,Sergeli,41.194929,69.302572,30.3,11.6,49.99,211.4,0.0873,88.4,49.1,1.53,0,0.0282
2026-05-14,2026-05-11 17:17:10,S0608,Sergeli,41.194929,69.302572,28.6,12.1,50.15,214.4,0.01,91.5,47.3,2.12,0,0.0282
2026-05-15,2026-05-11 17:17:10,S0608,Sergeli,41.194929,69.302572,24.6,10.5,50.05,213.5,0.0211,89.8,45.3,1.75,0,0.0282
2026-05-16,2026-05-11 17:17:10,S0608,Sergeli,41.194929,69.302572,30.7,12.0,49.89,216.8,0.01,90.0,48.1,2.21,0,0.0282
2026-05-17,2026-05-11 17:17:10,S0608,Sergeli,41.194929,69.302572,28.9,11.4,49.98,216.7,0.01,91.1,41.1,1.92,0,0.0282
2026-05-18,2026-05-11 17:17:10,S0608,Sergeli,41.194929,69.302572,27.8,12.3,49.95,218.7,0.01,91.8,37.3,1.79,0,0.0282
2026-05-12,2026-05-11 17:17:10,S0609,Sergeli,41.186043,69.242439,29.5,7.5,50.35,215.5,0.4118,92.1,50.9,4.24,0,0.0209
2026-05-13,2026-05-11 17:17:10,S0609,Sergeli,41.186043,69.242439,32.6,7.7,50.34,211.2,0.2731,94.5,55.8,4.5,0,0.0209
2026-05-14,2026-05-11 17:17:10,S0609,Sergeli,41.186043,69.242439,32.5,5.4,50.22,210.9,0.5818,94.2,42.4,4.21,0,0.0209
2026-05-15,2026-05-11 17:17:10,S0609,Sergeli,41.186043,69.242439,35.7,6.7,50.18,209.0,0.3584,95.7,47.8,4.21,1,0.3709
2026-05-16,2026-05-11 17:17:10,S0609,Sergeli,41.186043,69.242439,35.1,4.6,50.34,204.4,0.3415,97.2,34.7,3.68,1,0.3709
2026-05-17,2026-05-11 17:17:10,S0609,Sergeli,41.186043,69.242439,32.4,5.5,50.36,208.7,0.483,95.9,33.8,4.49,1,0.3709
2026-05-18,2026-05-11 17:17:10,S0609,Sergeli,41.186043,69.242439,35.7,3.1,50.33,208.2,0.3606,96.0,27.5,4.43,1,0.3709
2026-05-12,2026-05-11 17:17:10,S0610,Sergeli,41.211947,69.32536,29.7,4.1,50.01,236.5,0.7275,77.0,34.7,3.15,1,0.3813
2026-05-13,2026-05-11 17:17:10,S0610,Sergeli,41.211947,69.32536,30.3,1.6,50.02,232.1,0.6083,75.2,34.9,2.81,1,0.3813
2026-05-14,2026-05-11 17:17:10,S0610,Sergeli,41.211947,69.32536,31.8,2.6,49.92,237.5,0.6428,77.1,41.6,3.08,1,0.3813
2026-05-15,2026-05-11 17:17:10,S0610,Sergeli,41.211947,69.32536,29.6,4.3,50.09,236.1,0.6963,80.3,36.1,3.16,1,0.3813
2026-05-16,2026-05-11 17:17:10,S0610,Sergeli,41.211947,69.32536,29.6,5.1,50.12,233.0,0.6884,77.2,36.3,3.09,1,0.3813
2026-05-17,2026-05-11 17:17:10,S0610,Sergeli,41.211947,69.32536,30.9,5.0,50.07,238.4,0.6701,79.1,34.9,3.43,1,0.3813
2026-05-18,2026-05-11 17:17:10,S0610,Sergeli,41.211947,69.32536,33.8,4.7,49.99,235.4,0.6059,78.0,28.8,3.01,1,0.3813
2026-05-12,2026-05-11 17:17:10,S0611,Sergeli,41.17478,69.329345,33.7,10.3,49.9,208.8,0.3016,76.9,74.6,3.21,1,0.371
2026-05-13,2026-05-11 17:17:10,S0611,Sergeli,41.17478,69.329345,33.2,10.5,49.77,213.8,0.4036,78.4,81.9,3.23,1,0.371
2026-05-14,2026-05-11 17:17:10,S0611,Sergeli,41.17478,69.329345,33.4,9.8,49.84,211.6,0.3222,78.0,84.5,3.21,1,0.371
2026-05-15,2026-05-11 17:17:10,S0611,Sergeli,41.17478,69.329345,31.2,9.8,49.97,206.0,0.5212,73.0,87.3,3.49,2,0.721
2026-05-16,2026-05-11 17:17:10,S0611,Sergeli,41.17478,69.329345,35.6,12.4,49.92,211.6,0.3215,72.1,83.5,3.39,2,0.721
2026-05-17,2026-05-11 17:17:10,S0611,Sergeli,41.17478,69.329345,36.5,10.4,49.86,214.9,0.4326,73.6,86.4,3.01,2,0.721
2026-05-18,2026-05-11 17:17:10,S0611,Sergeli,41.17478,69.329345,34.5,11.5,49.9,207.2,0.3357,73.8,79.8,3.4,2,0.721
2026-05-12,2026-05-11 17:17:10,S0612,Sergeli,41.186057,69.336645,38.6,8.6,49.7,225.6,0.6493,94.8,56.4,2.88,0,0.0202
2026-05-13,2026-05-11 17:17:10,S0612,Sergeli,41.186057,69.336645,36.5,7.9,49.82,228.4,0.6671,97.8,46.0,3.32,0,0.0202
2026-05-14,2026-05-11 17:17:10,S0612,Sergeli,41.186057,69.336645,38.1,8.1,49.73,232.9,0.868,94.8,43.5,3.41,1,0.3702
2026-05-15,2026-05-11 17:17:10,S0612,Sergeli,41.186057,69.336645,38.3,8.9,49.84,224.5,0.797,100.0,47.3,3.07,0,0.0202
2026-05-16,2026-05-11 17:17:10,S0612,Sergeli,41.186057,69.336645,37.3,6.4,49.82,224.5,0.8399,98.8,49.2,3.08,0,0.0202
2026-05-17,2026-05-11 17:17:10,S0612,Sergeli,41.186057,69.336645,39.3,8.9,49.75,227.1,0.7854,95.6,48.1,3.37,0,0.0202
2026-05-18,2026-05-11 17:17:10,S0612,Sergeli,41.186057,69.336645,39.8,4.5,49.76,223.9,0.8922,94.7,36.6,3.08,0,0.0202
2026-05-12,2026-05-11 17:17:10,S0613,Sergeli,41.190422,69.2768,31.7,4.2,49.43,226.5,0.605,81.2,79.0,4.39,1,0.3774
2026-05-13,2026-05-11 17:17:10,S0613,Sergeli,41.190422,69.2768,30.2,3.9,49.17,225.6,0.656,85.2,72.6,4.33,1,0.3774
2026-05-14,2026-05-11 17:17:10,S0613,Sergeli,41.190422,69.2768,27.5,4.4,49.14,226.6,0.6331,86.1,76.2,4.27,1,0.3774
2026-05-15,2026-05-11 17:17:10,S0613,Sergeli,41.190422,69.2768,27.2,3.7,48.99,229.8,0.7005,89.4,69.2,4.4,2,0.7274
2026-05-16,2026-05-11 17:17:10,S0613,Sergeli,41.190422,69.2768,28.1,2.6,48.95,225.8,0.6205,86.0,77.3,4.45,2,0.7274
2026-05-17,2026-05-11 17:17:10,S0613,Sergeli,41.190422,69.2768,28.6,3.0,48.99,228.2,0.643,85.6,75.0,4.24,2,0.7274
2026-05-18,2026-05-11 17:17:10,S0613,Sergeli,41.190422,69.2768,24.7,5.0,48.92,226.3,0.6419,81.9,68.9,4.4,2,0.7274
2026-05-12,2026-05-11 17:17:10,S0614,Sergeli,41.191237,69.313554,32.8,12.4,50.24,223.3,0.1438,87.4,52.4,2.73,0,0.0322
2026-05-13,2026-05-11 17:17:10,S0614,Sergeli,41.191237,69.313554,38.7,14.0,50.27,219.9,0.0528,88.0,54.1,2.79,0,0.0322
2026-05-14,2026-05-11 17:17:10,S0614,Sergeli,41.191237,69.313554,35.3,11.1,50.09,222.6,0.3275,83.8,54.0,2.73,1,0.3822
2026-05-15,2026-05-11 17:17:10,S0614,Sergeli,41.191237,69.313554,36.5,8.8,50.04,222.1,0.2615,84.2,57.3,3.08,1,0.3822
2026-05-16,2026-05-11 17:17:10,S0614,Sergeli,41.191237,69.313554,39.3,8.8,50.15,216.8,0.1081,80.8,52.0,2.4,1,0.3822
2026-05-17,2026-05-11 17:17:10,S0614,Sergeli,41.191237,69.313554,37.6,10.5,50.11,217.9,0.0181,86.3,54.4,3.15,0,0.0322
2026-05-18,2026-05-11 17:17:10,S0614,Sergeli,41.191237,69.313554,37.9,8.1,50.08,221.4,0.0988,84.3,54.6,2.87,1,0.3822
2026-05-12,2026-05-11 17:17:10,S0615,Sergeli,41.184645,69.332862,38.6,6.8,50.06,224.1,0.5195,90.7,64.5,2.96,0,0.0221
2026-05-13,2026-05-11 17:17:10,S0615,Sergeli,41.184645,69.332862,37.6,5.6,49.8,225.4,0.2628,89.4,70.6,2.82,0,0.0221
2026-05-14,2026-05-11 17:17:10,S0615,Sergeli,41.184645,69.332862,41.4,6.1,49.84,219.1,0.1307,91.9,72.4,2.54,1,0.3721
2026-05-15,2026-05-11 17:17:10,S0615,Sergeli,41.184645,69.332862,40.9,5.4,49.85,224.7,0.1908,94.3,68.7,2.86,1,0.3721
2026-05-16,2026-05-11 17:17:10,S0615,Sergeli,41.184645,69.332862,42.3,5.2,49.86,216.7,0.0974,93.1,67.5,2.65,1,0.3721
2026-05-17,2026-05-11 17:17:10,S0615,Sergeli,41.184645,69.332862,39.3,6.5,49.84,220.5,0.25,93.5,69.2,2.49,0,0.0221
2026-05-18,2026-05-11 17:17:10,S0615,Sergeli,41.184645,69.332862,41.8,7.1,49.82,219.8,0.2442,90.5,75.9,2.93,1,0.3721
2026-05-12,2026-05-11 17:17:10,S0616,Sergeli,41.185316,69.24166,29.3,6.2,50.02,221.4,0.3125,87.2,83.1,3.85,0,0.029
2026-05-13,2026-05-11 17:17:10,S0616,Sergeli,41.185316,69.24166,29.4,7.2,50.07,223.3,0.1782,85.9,77.7,3.69,0,0.029
2026-05-14,2026-05-11 17:17:10,S0616,Sergeli,41.185316,69.24166,28.8,6.4,49.99,220.4,0.3552,89.2,74.6,3.43,0,0.029
2026-05-15,2026-05-11 17:17:10,S0616,Sergeli,41.185316,69.24166,28.4,7.9,49.79,223.4,0.2603,88.2,76.9,3.9,0,0.029
2026-05-16,2026-05-11 17:17:10,S0616,Sergeli,41.185316,69.24166,28.9,4.4,49.81,220.6,0.2256,87.3,74.6,3.99,0,0.029
2026-05-17,2026-05-11 17:17:10,S0616,Sergeli,41.185316,69.24166,28.2,2.7,49.63,224.1,0.0178,84.7,77.5,3.93,1,0.379
2026-05-18,2026-05-11 17:17:10,S0616,Sergeli,41.185316,69.24166,31.5,3.5,49.64,220.4,0.2349,88.5,83.7,3.88,0,0.029
2026-05-12,2026-05-11 17:17:10,S0617,Sergeli,41.254425,69.313237,33.0,8.3,49.65,234.6,0.8546,86.9,52.9,3.29,1,0.3831
2026-05-13,2026-05-11 17:17:10,S0617,Sergeli,41.254425,69.313237,31.0,8.8,49.61,227.8,0.8473,89.1,50.3,3.29,0,0.0331
2026-05-14,2026-05-11 17:17:10,S0617,Sergeli,41.254425,69.313237,33.0,10.8,49.68,230.9,0.7431,84.8,52.3,2.58,1,0.3831
2026-05-15,2026-05-11 17:17:10,S0617,Sergeli,41.254425,69.313237,31.5,9.5,49.88,233.0,0.7823,83.2,54.8,2.9,1,0.3831
2026-05-16,2026-05-11 17:17:10,S0617,Sergeli,41.254425,69.313237,31.3,7.6,49.81,225.4,0.7771,82.4,60.9,2.59,1,0.3831
2026-05-17,2026-05-11 17:17:10,S0617,Sergeli,41.254425,69.313237,30.3,6.2,49.75,229.5,0.7532,81.3,56.8,2.44,1,0.3831
2026-05-18,2026-05-11 17:17:10,S0617,Sergeli,41.254425,69.313237,30.7,6.6,49.97,228.7,0.7956,81.8,66.2,2.06,1,0.3831
2026-05-12,2026-05-11 17:17:10,S0618,Sergeli,41.197772,69.285835,41.1,12.1,49.57,221.0,0.2058,84.7,74.7,3.34,1,0.3693
2026-05-13,2026-05-11 17:17:10,S0618,Sergeli,41.197772,69.285835,42.2,9.7,49.44,215.8,0.1591,82.1,76.6,2.93,1,0.3693
2026-05-14,2026-05-11 17:17:10,S0618,Sergeli,41.197772,69.285835,42.7,11.6,49.62,218.4,0.208,87.2,78.0,2.93,1,0.3693
2026-05-15,2026-05-11 17:17:10,S0618,Sergeli,41.197772,69.285835,41.8,9.0,49.46,211.6,0.1452,84.3,68.2,3.02,1,0.3693
2026-05-16,2026-05-11 17:17:10,S0618,Sergeli,41.197772,69.285835,43.0,10.6,49.57,212.4,0.0509,89.5,74.1,2.78,1,0.3693
2026-05-17,2026-05-11 17:17:10,S0618,Sergeli,41.197772,69.285835,45.0,8.0,49.56,213.6,0.074,87.3,79.1,2.78,1,0.3693
2026-05-18,2026-05-11 17:17:10,S0618,Sergeli,41.197772,69.285835,42.6,9.1,49.66,209.6,0.0566,88.6,86.3,2.7,1,0.3693
2026-05-12,2026-05-11 17:17:10,S0619,Sergeli,41.211666,69.33007,37.4,7.0,49.74,214.5,0.8492,92.9,38.4,3.9,0,0.0303
2026-05-13,2026-05-11 17:17:10,S0619,Sergeli,41.211666,69.33007,38.4,9.6,49.8,216.1,0.7492,90.6,50.9,3.76,0,0.0303
2026-05-14,2026-05-11 17:17:10,S0619,Sergeli,41.211666,69.33007,37.4,10.6,49.79,216.3,0.7361,89.1,54.5,3.79,0,0.0303
2026-05-15,2026-05-11 17:17:10,S0619,Sergeli,41.211666,69.33007,36.1,8.8,49.75,214.6,0.7043,92.2,55.2,3.77,0,0.0303
2026-05-16,2026-05-11 17:17:10,S0619,Sergeli,41.211666,69.33007,34.9,7.8,49.86,214.6,0.8414,90.5,54.5,4.29,0,0.0303
2026-05-17,2026-05-11 17:17:10,S0619,Sergeli,41.211666,69.33007,32.6,8.4,49.78,214.4,0.7003,87.5,54.8,3.98,0,0.0303
2026-05-18,2026-05-11 17:17:10,S0619,Sergeli,41.211666,69.33007,32.1,9.4,49.86,217.2,0.6613,88.6,55.9,3.87,0,0.0303
2026-05-12,2026-05-11 17:17:10,S0620,Sergeli,41.220436,69.253209,30.3,11.1,50.3,209.9,0.6279,82.5,90.5,3.71,1,0.3777
2026-05-13,2026-05-11 17:17:10,S0620,Sergeli,41.220436,69.253209,24.5,13.3,50.22,207.5,0.8262,86.0,82.9,3.73,1,0.3777
2026-05-14,2026-05-11 17:17:10,S0620,Sergeli,41.220436,69.253209,26.6,10.5,50.24,209.6,0.8988,81.5,87.8,3.87,1,0.3777
2026-05-15,2026-05-11 17:17:10,S0620,Sergeli,41.220436,69.253209,25.9,12.5,50.14,207.4,0.8101,86.7,90.5,4.13,1,0.3777
2026-05-16,2026-05-11 17:17:10,S0620,Sergeli,41.220436,69.253209,25.4,9.7,50.24,205.7,0.7546,87.7,95.0,3.9,1,0.3777
2026-05-17,2026-05-11 17:17:10,S0620,Sergeli,41.220436,69.253209,22.8,14.8,50.25,205.4,0.9271,85.7,95.0,4.26,1,0.3777
2026-05-18,2026-05-11 17:17:10,S0620,Sergeli,41.220436,69.253209,21.2,12.5,50.15,207.5,0.9883,89.5,95.0,4.52,1,0.3777
2026-05-12,2026-05-11 17:17:10,S0621,Sergeli,41.231147,69.273882,31.7,6.0,49.49,229.5,0.22,81.3,73.5,2.94,1,0.3732
2026-05-13,2026-05-11 17:17:10,S0621,Sergeli,41.231147,69.273882,29.1,3.6,49.51,231.7,0.1419,83.9,84.0,2.83,1,0.3732
2026-05-14,2026-05-11 17:17:10,S0621,Sergeli,41.231147,69.273882,37.1,6.1,49.18,229.0,0.2452,81.6,86.6,2.9,1,0.3732
2026-05-15,2026-05-11 17:17:10,S0621,Sergeli,41.231147,69.273882,29.3,5.1,49.13,232.4,0.1634,79.8,91.2,2.87,1,0.3732
2026-05-16,2026-05-11 17:17:10,S0621,Sergeli,41.231147,69.273882,32.3,4.4,49.22,232.9,0.1921,81.6,83.4,2.14,1,0.3732
2026-05-17,2026-05-11 17:17:10,S0621,Sergeli,41.231147,69.273882,31.1,3.8,49.14,235.1,0.308,82.2,80.4,2.85,1,0.3732
2026-05-18,2026-05-11 17:17:10,S0621,Sergeli,41.231147,69.273882,29.2,5.4,49.25,233.3,0.2055,81.9,76.6,2.93,1,0.3732
2026-05-12,2026-05-11 17:17:10,S0622,Sergeli,41.232112,69.273841,45.7,1.2,49.96,207.8,0.7851,81.4,49.7,2.63,2,0.7203
2026-05-13,2026-05-11 17:17:10,S0622,Sergeli,41.232112,69.273841,43.0,3.3,50.22,199.5,0.7692,82.4,47.0,2.42,2,0.7203
2026-05-14,2026-05-11 17:17:10,S0622,Sergeli,41.232112,69.273841,44.6,1.2,50.24,202.4,0.6924,82.8,47.5,2.44,1,0.3703
2026-05-15,2026-05-11 17:17:10,S0622,Sergeli,41.232112,69.273841,43.6,1.1,50.09,204.1,0.8005,84.4,54.3,2.16,1,0.3703
2026-05-16,2026-05-11 17:17:10,S0622,Sergeli,41.232112,69.273841,42.2,2.1,50.08,202.7,0.7821,85.3,50.3,1.74,1,0.3703
2026-05-17,2026-05-11 17:17:10,S0622,Sergeli,41.232112,69.273841,39.9,1.8,50.03,205.5,0.7866,84.7,54.2,2.15,1,0.3703
2026-05-18,2026-05-11 17:17:10,S0622,Sergeli,41.232112,69.273841,41.7,2.1,50.09,200.1,0.6987,82.7,45.8,1.96,1,0.3703
2026-05-12,2026-05-11 17:17:10,S0623,Sergeli,41.212516,69.259662,26.3,5.4,50.11,222.7,0.3784,90.4,66.2,2.86,0,0.036
2026-05-13,2026-05-11 17:17:10,S0623,Sergeli,41.212516,69.259662,29.3,7.2,50.08,220.6,0.3734,93.1,70.2,3.39,0,0.036
2026-05-14,2026-05-11 17:17:10,S0623,Sergeli,41.212516,69.259662,30.7,6.8,50.11,217.5,0.5716,91.5,64.6,3.15,0,0.036
2026-05-15,2026-05-11 17:17:10,S0623,Sergeli,41.212516,69.259662,28.4,5.9,50.19,218.3,0.4542,92.0,72.8,2.89,0,0.036
2026-05-16,2026-05-11 17:17:10,S0623,Sergeli,41.212516,69.259662,27.7,7.7,49.97,221.8,0.4811,89.0,67.4,3.02,0,0.036
2026-05-17,2026-05-11 17:17:10,S0623,Sergeli,41.212516,69.259662,28.2,7.9,50.25,216.5,0.4995,90.5,53.7,2.42,0,0.036
2026-05-18,2026-05-11 17:17:10,S0623,Sergeli,41.212516,69.259662,29.4,8.8,50.14,216.5,0.4746,90.1,50.4,2.94,0,0.036
2026-05-12,2026-05-11 17:17:10,S0624,Sergeli,41.179578,69.274922,38.4,5.7,49.73,212.1,0.6941,92.7,67.3,4.19,0,0.0351
2026-05-13,2026-05-11 17:17:10,S0624,Sergeli,41.179578,69.274922,40.8,8.4,49.63,205.5,0.6238,94.5,77.9,3.87,1,0.3851
2026-05-14,2026-05-11 17:17:10,S0624,Sergeli,41.179578,69.274922,39.9,6.4,49.63,208.6,0.576,91.4,71.3,3.9,1,0.3851
2026-05-15,2026-05-11 17:17:10,S0624,Sergeli,41.179578,69.274922,40.3,5.5,49.51,204.2,0.5845,95.3,75.9,3.69,1,0.3851
2026-05-16,2026-05-11 17:17:10,S0624,Sergeli,41.179578,69.274922,39.6,7.9,49.55,200.7,0.4313,93.0,78.2,3.17,1,0.3851
2026-05-17,2026-05-11 17:17:10,S0624,Sergeli,41.179578,69.274922,41.8,8.3,49.53,200.3,0.4939,91.1,80.7,3.23,1,0.3851
2026-05-18,2026-05-11 17:17:10,S0624,Sergeli,41.179578,69.274922,43.8,7.5,49.3,199.5,0.4872,91.9,81.6,2.97,2,0.7351
2026-05-12,2026-05-11 17:17:10,S0625,Sergeli,41.225967,69.271852,39.5,11.8,49.55,217.3,1.1013,100.0,53.9,2.42,1,0.3704
2026-05-13,2026-05-11 17:17:10,S0625,Sergeli,41.225967,69.271852,40.1,12.1,49.61,211.7,1.162,100.0,50.8,2.29,1,0.3704
2026-05-14,2026-05-11 17:17:10,S0625,Sergeli,41.225967,69.271852,38.7,11.9,49.75,211.0,1.2825,100.0,63.0,2.56,1,0.3704
2026-05-15,2026-05-11 17:17:10,S0625,Sergeli,41.225967,69.271852,40.2,11.1,49.65,211.0,1.3478,98.6,69.6,2.35,1,0.3704
2026-05-16,2026-05-11 17:17:10,S0625,Sergeli,41.225967,69.271852,39.3,10.7,49.51,207.2,1.2417,99.7,54.3,2.39,1,0.3704
2026-05-17,2026-05-11 17:17:10,S0625,Sergeli,41.225967,69.271852,38.9,10.3,49.58,207.2,1.3356,100.0,67.8,2.39,1,0.3704
2026-05-18,2026-05-11 17:17:10,S0625,Sergeli,41.225967,69.271852,39.0,10.1,49.71,210.2,1.381,100.0,58.9,2.32,1,0.3704
2026-05-12,2026-05-11 17:17:10,S0626,Sergeli,41.192271,69.319779,34.5,12.6,50.29,236.9,0.01,86.4,41.8,1.94,1,0.3857
2026-05-13,2026-05-11 17:17:10,S0626,Sergeli,41.192271,69.319779,35.8,15.9,50.36,237.8,0.01,87.7,35.0,2.66,1,0.3857
2026-05-14,2026-05-11 17:17:10,S0626,Sergeli,41.192271,69.319779,34.7,12.2,50.26,237.4,0.01,86.8,39.9,2.57,1,0.3857
2026-05-15,2026-05-11 17:17:10,S0626,Sergeli,41.192271,69.319779,33.1,14.0,50.21,237.4,0.01,87.8,34.7,2.42,1,0.3857
2026-05-16,2026-05-11 17:17:10,S0626,Sergeli,41.192271,69.319779,34.8,11.2,50.35,234.5,0.01,82.9,43.7,2.44,1,0.3857
2026-05-17,2026-05-11 17:17:10,S0626,Sergeli,41.192271,69.319779,34.2,14.5,50.38,236.1,0.01,84.8,29.6,2.69,1,0.3857
2026-05-18,2026-05-11 17:17:10,S0626,Sergeli,41.192271,69.319779,35.1,13.3,50.51,235.4,0.01,85.3,29.0,2.3,1,0.3857
2026-05-12,2026-05-11 17:17:10,S0627,Sergeli,41.192594,69.33683,46.4,2.5,49.77,218.2,0.8245,93.9,76.2,2.65,2,0.721
2026-05-13,2026-05-11 17:17:10,S0627,Sergeli,41.192594,69.33683,48.2,0.0,49.74,222.2,0.8317,91.1,74.3,2.35,2,0.721
2026-05-14,2026-05-11 17:17:10,S0627,Sergeli,41.192594,69.33683,45.3,0.0,49.97,223.0,0.8579,93.1,79.1,2.53,2,0.721
2026-05-15,2026-05-11 17:17:10,S0627,Sergeli,41.192594,69.33683,46.7,0.0,49.95,220.6,0.8592,92.5,76.5,3.04,2,0.721
2026-05-16,2026-05-11 17:17:10,S0627,Sergeli,41.192594,69.33683,45.9,0.0,49.73,218.8,1.0125,93.3,87.9,2.63,2,0.721
2026-05-17,2026-05-11 17:17:10,S0627,Sergeli,41.192594,69.33683,46.4,0.0,49.91,222.6,0.9523,92.3,82.1,2.56,2,0.721
2026-05-18,2026-05-11 17:17:10,S0627,Sergeli,41.192594,69.33683,45.1,0.0,50.01,218.2,1.0691,91.6,90.4,2.95,2,0.721
2026-05-12,2026-05-11 17:17:10,S0628,Sergeli,41.221448,69.311192,28.8,6.9,49.7,216.1,0.1837,89.4,50.7,4.53,0,0.0194
2026-05-13,2026-05-11 17:17:10,S0628,Sergeli,41.221448,69.311192,27.8,8.5,49.42,216.9,0.1277,91.0,55.4,4.7,1,0.3694
2026-05-14,2026-05-11 17:17:10,S0628,Sergeli,41.221448,69.311192,32.0,9.5,49.68,217.2,0.1063,88.9,63.9,4.36,0,0.0194
2026-05-15,2026-05-11 17:17:10,S0628,Sergeli,41.221448,69.311192,31.5,7.4,49.72,219.7,0.2094,84.2,61.3,4.54,1,0.3694
2026-05-16,2026-05-11 17:17:10,S0628,Sergeli,41.221448,69.311192,30.8,6.6,49.43,217.9,0.1308,86.5,64.7,4.6,1,0.3694
2026-05-17,2026-05-11 17:17:10,S0628,Sergeli,41.221448,69.311192,32.4,6.2,49.61,213.5,0.1657,83.1,58.2,4.46,1,0.3694
2026-05-18,2026-05-11 17:17:10,S0628,Sergeli,41.221448,69.311192,33.4,8.0,49.57,213.2,0.1471,86.5,64.1,4.02,0,0.0194
2026-05-12,2026-05-11 17:17:10,S0629,Sergeli,41.245153,69.284252,32.6,3.4,50.11,220.2,0.2204,95.8,64.7,2.56,0,0.0228
2026-05-13,2026-05-11 17:17:10,S0629,Sergeli,41.245153,69.284252,34.7,2.8,50.13,214.3,0.4085,93.4,61.2,2.7,0,0.0228
2026-05-14,2026-05-11 17:17:10,S0629,Sergeli,41.245153,69.284252,34.1,4.5,50.11,217.5,0.2706,93.9,62.4,2.5,0,0.0228
2026-05-15,2026-05-11 17:17:10,S0629,Sergeli,41.245153,69.284252,34.1,2.2,50.13,222.1,0.2861,93.8,68.2,2.86,0,0.0228
2026-05-16,2026-05-11 17:17:10,S0629,Sergeli,41.245153,69.284252,33.7,5.2,50.09,225.0,0.358,95.4,73.0,2.33,0,0.0228
2026-05-17,2026-05-11 17:17:10,S0629,Sergeli,41.245153,69.284252,32.8,4.7,50.1,225.3,0.2827,93.3,60.0,2.27,0,0.0228
2026-05-18,2026-05-11 17:17:10,S0629,Sergeli,41.245153,69.284252,35.0,2.6,49.98,226.4,0.4564,92.3,54.0,2.19,0,0.0228
2026-05-12,2026-05-11 17:17:10,S0630,Sergeli,41.238214,69.278645,31.6,4.2,49.94,213.5,0.7183,84.8,54.0,4.63,1,0.379
2026-05-13,2026-05-11 17:17:10,S0630,Sergeli,41.238214,69.278645,29.7,2.6,49.97,215.2,0.6261,82.5,49.2,4.5,1,0.379
2026-05-14,2026-05-11 17:17:10,S0630,Sergeli,41.238214,69.278645,32.4,3.2,50.13,214.4,0.7049,83.7,49.6,4.49,1,0.379
2026-05-15,2026-05-11 17:17:10,S0630,Sergeli,41.238214,69.278645,31.6,2.7,49.97,211.8,0.7112,86.5,45.0,4.06,0,0.029
2026-05-16,2026-05-11 17:17:10,S0630,Sergeli,41.238214,69.278645,29.9,3.1,50.0,209.3,0.6591,84.4,47.7,4.28,1,0.379
2026-05-17,2026-05-11 17:17:10,S0630,Sergeli,41.238214,69.278645,33.6,5.9,50.02,215.2,0.7452,83.2,53.5,4.47,1,0.379
2026-05-18,2026-05-11 17:17:10,S0630,Sergeli,41.238214,69.278645,32.2,4.9,49.87,215.2,0.6209,84.2,50.9,4.16,1,0.379
2026-05-12,2026-05-11 17:17:10,S0631,Sergeli,41.250477,69.339261,37.1,6.3,49.91,216.4,0.5556,95.0,25.7,2.85,1,0.381
2026-05-13,2026-05-11 17:17:10,S0631,Sergeli,41.250477,69.339261,37.4,9.5,49.89,214.0,0.5431,95.9,50.5,3.15,0,0.031
2026-05-14,2026-05-11 17:17:10,S0631,Sergeli,41.250477,69.339261,36.6,8.3,49.77,214.0,0.629,98.9,30.4,3.07,0,0.031
2026-05-15,2026-05-11 17:17:10,S0631,Sergeli,41.250477,69.339261,39.3,8.4,49.82,214.0,0.5176,95.9,40.4,2.97,0,0.031
2026-05-16,2026-05-11 17:17:10,S0631,Sergeli,41.250477,69.339261,36.5,9.1,49.73,210.3,0.4443,97.9,48.0,3.04,0,0.031
2026-05-17,2026-05-11 17:17:10,S0631,Sergeli,41.250477,69.339261,38.7,8.6,49.71,212.2,0.5547,100.0,49.0,3.06,0,0.031
2026-05-18,2026-05-11 17:17:10,S0631,Sergeli,41.250477,69.339261,36.9,6.9,49.75,213.2,0.6152,99.6,38.0,3.39,0,0.031
2026-05-12,2026-05-11 17:17:10,S0632,Sergeli,41.222569,69.251451,28.9,7.1,50.42,219.2,0.4203,82.0,84.2,4.43,1,0.3779
2026-05-13,2026-05-11 17:17:10,S0632,Sergeli,41.222569,69.251451,26.0,4.8,50.24,218.2,0.574,85.6,81.2,4.01,0,0.0279
2026-05-14,2026-05-11 17:17:10,S0632,Sergeli,41.222569,69.251451,28.9,6.9,50.05,220.7,0.4684,85.1,81.7,4.19,0,0.0279
2026-05-15,2026-05-11 17:17:10,S0632,Sergeli,41.222569,69.251451,25.0,5.5,50.22,215.2,0.6021,87.2,88.9,4.23,0,0.0279
2026-05-16,2026-05-11 17:17:10,S0632,Sergeli,41.222569,69.251451,29.5,5.4,50.21,223.5,0.5929,88.9,88.1,4.04,0,0.0279
2026-05-17,2026-05-11 17:17:10,S0632,Sergeli,41.222569,69.251451,29.2,2.9,50.11,223.4,0.7422,87.2,82.8,3.77,0,0.0279
2026-05-18,2026-05-11 17:17:10,S0632,Sergeli,41.222569,69.251451,28.8,5.0,50.11,218.6,0.5481,90.9,86.8,3.87,0,0.0279
2026-05-12,2026-05-11 17:17:10,S0633,Sergeli,41.238759,69.312451,49.2,19.9,50.3,220.1,0.4655,89.8,54.9,4.23,2,0.7305
2026-05-13,2026-05-11 17:17:10,S0633,Sergeli,41.238759,69.312451,46.1,23.2,50.13,223.8,0.4382,87.2,47.3,4.37,2,0.7305
2026-05-14,2026-05-11 17:17:10,S0633,Sergeli,41.238759,69.312451,43.4,23.1,50.19,220.8,0.5105,86.7,50.3,4.14,1,0.3805
2026-05-15,2026-05-11 17:17:10,S0633,Sergeli,41.238759,69.312451,43.7,22.7,50.32,219.5,0.2681,84.2,49.4,3.69,1,0.3805
2026-05-16,2026-05-11 17:17:10,S0633,Sergeli,41.238759,69.312451,49.1,24.7,50.11,219.4,0.4762,83.8,46.0,4.62,2,0.7305
2026-05-17,2026-05-11 17:17:10,S0633,Sergeli,41.238759,69.312451,45.8,25.9,50.21,217.6,0.335,86.1,48.4,4.16,2,0.7305
2026-05-18,2026-05-11 17:17:10,S0633,Sergeli,41.238759,69.312451,42.4,22.6,50.12,219.1,0.3656,83.8,44.6,4.39,1,0.3805
2026-05-12,2026-05-11 17:17:10,S0634,Sergeli,41.198325,69.268739,39.1,7.7,50.2,224.4,0.5851,88.4,87.4,3.42,0,0.0378
2026-05-13,2026-05-11 17:17:10,S0634,Sergeli,41.198325,69.268739,39.2,6.9,50.26,228.0,0.5407,88.1,83.3,2.66,0,0.0378
2026-05-14,2026-05-11 17:17:10,S0634,Sergeli,41.198325,69.268739,38.7,7.1,50.39,226.3,0.5725,88.3,80.8,2.46,0,0.0378
2026-05-15,2026-05-11 17:17:10,S0634,Sergeli,41.198325,69.268739,36.5,9.0,50.24,228.9,0.6918,94.4,80.4,2.2,0,0.0378
2026-05-16,2026-05-11 17:17:10,S0634,Sergeli,41.198325,69.268739,36.6,8.0,50.19,226.5,0.5349,89.4,84.2,2.24,0,0.0378
2026-05-17,2026-05-11 17:17:10,S0634,Sergeli,41.198325,69.268739,34.9,8.0,50.18,225.8,0.6087,92.9,71.6,2.33,0,0.0378
2026-05-18,2026-05-11 17:17:10,S0634,Sergeli,41.198325,69.268739,32.9,8.6,50.42,230.1,0.5014,93.0,89.4,1.81,1,0.3878
2026-05-12,2026-05-11 17:17:10,S0635,Sergeli,41.249067,69.253201,37.0,10.0,49.51,202.5,0.9075,96.1,50.1,3.82,1,0.3824
2026-05-13,2026-05-11 17:17:10,S0635,Sergeli,41.249067,69.253201,35.3,6.3,49.71,202.7,0.998,96.3,40.6,3.7,1,0.3824
2026-05-14,2026-05-11 17:17:10,S0635,Sergeli,41.249067,69.253201,34.1,5.2,49.57,204.2,0.9031,94.7,40.5,3.93,1,0.3824
2026-05-15,2026-05-11 17:17:10,S0635,Sergeli,41.249067,69.253201,36.9,7.2,49.49,199.7,0.9617,98.9,39.6,3.56,2,0.7324
2026-05-16,2026-05-11 17:17:10,S0635,Sergeli,41.249067,69.253201,33.5,5.6,49.47,198.3,1.1011,97.5,50.4,3.63,2,0.7324
2026-05-17,2026-05-11 17:17:10,S0635,Sergeli,41.249067,69.253201,39.3,5.6,49.49,198.2,0.9401,96.3,44.6,4.04,2,0.7324
2026-05-18,2026-05-11 17:17:10,S0635,Sergeli,41.249067,69.253201,39.1,4.4,49.19,197.3,0.9683,97.8,38.7,3.19,2,0.7324
2026-05-12,2026-05-11 17:17:10,S0636,Sergeli,41.257022,69.332234,33.5,5.2,49.44,221.3,0.5423,91.2,66.6,3.22,1,0.3802
2026-05-13,2026-05-11 17:17:10,S0636,Sergeli,41.257022,69.332234,30.2,6.7,49.42,219.9,0.6773,87.7,75.3,2.6,1,0.3802
2026-05-14,2026-05-11 17:17:10,S0636,Sergeli,41.257022,69.332234,29.3,5.9,49.38,225.9,0.6228,90.2,70.0,3.47,1,0.3802
2026-05-15,2026-05-11 17:17:10,S0636,Sergeli,41.257022,69.332234,30.0,7.5,49.38,225.0,0.6162,91.4,70.5,3.29,1,0.3802
2026-05-16,2026-05-11 17:17:10,S0636,Sergeli,41.257022,69.332234,30.2,6.5,49.51,220.7,0.5135,88.9,67.0,2.9,0,0.0302
2026-05-17,2026-05-11 17:17:10,S0636,Sergeli,41.257022,69.332234,30.6,5.4,49.29,228.6,0.5268,88.8,69.3,3.14,1,0.3802
2026-05-18,2026-05-11 17:17:10,S0636,Sergeli,41.257022,69.332234,26.2,8.2,49.24,226.7,0.5044,91.6,65.6,3.08,1,0.3802
2026-05-12,2026-05-11 17:17:10,S0637,Sergeli,41.219732,69.244206,36.6,8.5,50.27,215.1,0.7224,75.8,81.5,4.87,1,0.3752
2026-05-13,2026-05-11 17:17:10,S0637,Sergeli,41.219732,69.244206,39.5,5.0,50.51,214.5,0.7225,79.6,81.3,4.96,1,0.3752
2026-05-14,2026-05-11 17:17:10,S0637,Sergeli,41.219732,69.244206,37.4,5.8,50.42,215.4,0.8357,73.8,84.9,4.91,2,0.7252
2026-05-15,2026-05-11 17:17:10,S0637,Sergeli,41.219732,69.244206,39.7,5.3,50.5,210.6,0.9202,77.8,86.6,4.67,1,0.3752
2026-05-16,2026-05-11 17:17:10,S0637,Sergeli,41.219732,69.244206,40.1,4.0,50.73,216.9,0.6336,79.5,90.4,4.34,1,0.3752
2026-05-17,2026-05-11 17:17:10,S0637,Sergeli,41.219732,69.244206,37.6,3.7,50.67,216.6,0.8492,80.2,93.6,4.81,1,0.3752
2026-05-18,2026-05-11 17:17:10,S0637,Sergeli,41.219732,69.244206,36.7,5.0,50.6,212.5,0.7719,80.0,91.4,5.13,1,0.3752
2026-05-12,2026-05-11 17:17:10,S0638,Sergeli,41.173176,69.26735,39.3,13.3,50.19,204.0,0.2367,82.6,78.8,2.68,1,0.3805
2026-05-13,2026-05-11 17:17:10,S0638,Sergeli,41.173176,69.26735,43.6,13.6,50.18,204.3,0.1609,80.5,80.1,2.62,1,0.3805
2026-05-14,2026-05-11 17:17:10,S0638,Sergeli,41.173176,69.26735,38.3,16.3,50.28,199.0,0.3057,76.9,83.8,2.72,2,0.7305
2026-05-15,2026-05-11 17:17:10,S0638,Sergeli,41.173176,69.26735,40.1,16.1,50.17,201.5,0.278,81.7,79.4,3.36,1,0.3805
2026-05-16,2026-05-11 17:17:10,S0638,Sergeli,41.173176,69.26735,38.1,17.7,50.21,200.0,0.4069,82.4,77.2,3.46,1,0.3805
2026-05-17,2026-05-11 17:17:10,S0638,Sergeli,41.173176,69.26735,37.5,18.0,50.21,197.8,0.2031,83.5,85.3,3.15,2,0.7305
2026-05-18,2026-05-11 17:17:10,S0638,Sergeli,41.173176,69.26735,40.5,20.3,50.4,195.0,0.0445,80.5,83.4,3.58,2,0.7305
2026-05-12,2026-05-11 17:17:10,S0639,Sergeli,41.199256,69.316885,39.7,0.7,50.47,226.9,0.305,82.0,71.0,2.22,1,0.3829
2026-05-13,2026-05-11 17:17:10,S0639,Sergeli,41.199256,69.316885,37.5,2.4,50.29,223.8,0.3408,77.7,66.9,2.38,1,0.3829
2026-05-14,2026-05-11 17:17:10,S0639,Sergeli,41.199256,69.316885,40.4,1.4,50.37,222.4,0.2616,80.4,59.4,1.69,1,0.3829
2026-05-15,2026-05-11 17:17:10,S0639,Sergeli,41.199256,69.316885,36.7,3.4,50.11,220.9,0.2305,81.4,68.5,1.99,1,0.3829
2026-05-16,2026-05-11 17:17:10,S0639,Sergeli,41.199256,69.316885,37.8,2.3,50.19,224.1,0.0846,78.7,64.4,2.39,1,0.3829
2026-05-17,2026-05-11 17:17:10,S0639,Sergeli,41.199256,69.316885,41.2,1.3,50.22,220.0,0.01,81.5,59.3,2.31,1,0.3829
2026-05-18,2026-05-11 17:17:10,S0639,Sergeli,41.199256,69.316885,40.9,2.5,50.05,217.1,0.01,84.3,55.0,1.77,1,0.3829
2026-05-12,2026-05-11 17:17:10,S0640,Sergeli,41.257353,69.303046,37.0,11.0,49.77,217.1,0.489,90.4,90.6,2.42,1,0.3906
2026-05-13,2026-05-11 17:17:10,S0640,Sergeli,41.257353,69.303046,35.5,10.3,49.77,219.4,0.5594,87.7,93.3,2.55,1,0.3906
2026-05-14,2026-05-11 17:17:10,S0640,Sergeli,41.257353,69.303046,35.0,11.6,49.86,217.2,0.5516,90.0,85.4,2.42,0,0.0406
2026-05-15,2026-05-11 17:17:10,S0640,Sergeli,41.257353,69.303046,34.0,10.3,49.86,218.8,0.6241,88.3,87.9,2.04,0,0.0406
2026-05-16,2026-05-11 17:17:10,S0640,Sergeli,41.257353,69.303046,35.7,10.7,49.86,219.5,0.6021,85.8,87.4,2.48,0,0.0406
2026-05-17,2026-05-11 17:17:10,S0640,Sergeli,41.257353,69.303046,36.0,9.3,49.79,218.5,0.6153,90.9,95.0,2.93,1,0.3906
2026-05-18,2026-05-11 17:17:10,S0640,Sergeli,41.257353,69.303046,34.9,9.5,49.82,214.7,0.7257,86.0,95.0,2.06,1,0.3906
2026-05-12,2026-05-11 17:17:10,S0641,Sergeli,41.234884,69.333301,21.7,10.3,50.02,226.4,0.1478,95.0,89.6,2.12,0,0.026
2026-05-13,2026-05-11 17:17:10,S0641,Sergeli,41.234884,69.333301,20.5,10.8,50.04,224.8,0.259,94.4,71.9,2.46,0,0.026
2026-05-14,2026-05-11 17:17:10,S0641,Sergeli,41.234884,69.333301,20.9,10.5,50.18,224.4,0.3669,95.1,81.5,1.97,0,0.026
2026-05-15,2026-05-11 17:17:10,S0641,Sergeli,41.234884,69.333301,17.6,12.2,50.07,230.6,0.2294,93.5,78.6,2.17,1,0.376
2026-05-16,2026-05-11 17:17:10,S0641,Sergeli,41.234884,69.333301,16.8,11.8,50.21,227.1,0.2228,91.2,74.1,1.66,0,0.026
2026-05-17,2026-05-11 17:17:10,S0641,Sergeli,41.234884,69.333301,13.6,9.5,50.0,226.5,0.0745,93.1,78.0,2.1,0,0.026
2026-05-18,2026-05-11 17:17:10,S0641,Sergeli,41.234884,69.333301,15.4,10.1,50.02,226.8,0.2363,86.1,74.8,2.21,0,0.026
2026-05-12,2026-05-11 17:17:10,S0642,Sergeli,41.21285,69.31586,42.5,12.5,49.57,208.7,0.2845,92.2,54.5,4.88,1,0.3715
2026-05-13,2026-05-11 17:17:10,S0642,Sergeli,41.21285,69.31586,41.6,13.9,49.41,203.2,0.3804,98.0,59.2,4.64,1,0.3715
2026-05-14,2026-05-11 17:17:10,S0642,Sergeli,41.21285,69.31586,41.4,15.0,49.48,206.6,0.4336,93.7,55.3,4.92,1,0.3715
2026-05-15,2026-05-11 17:17:10,S0642,Sergeli,41.21285,69.31586,41.7,14.3,49.54,204.6,0.2352,93.0,59.4,4.4,1,0.3715
2026-05-16,2026-05-11 17:17:10,S0642,Sergeli,41.21285,69.31586,40.5,14.4,49.5,207.9,0.4872,94.2,48.3,4.86,1,0.3715
2026-05-17,2026-05-11 17:17:10,S0642,Sergeli,41.21285,69.31586,47.0,18.8,49.33,207.4,0.4165,91.7,57.4,4.4,2,0.7215
2026-05-18,2026-05-11 17:17:10,S0642,Sergeli,41.21285,69.31586,43.2,18.2,49.35,207.0,0.4439,95.1,49.9,4.15,1,0.3715
2026-05-12,2026-05-11 17:17:10,S0643,Sergeli,41.192723,69.259799,37.3,4.9,50.32,208.7,0.57,94.3,70.5,2.28,1,0.3731
2026-05-13,2026-05-11 17:17:10,S0643,Sergeli,41.192723,69.259799,37.4,6.7,50.42,205.8,0.7113,96.8,70.4,2.23,1,0.3731
2026-05-14,2026-05-11 17:17:10,S0643,Sergeli,41.192723,69.259799,38.8,6.1,50.41,206.7,0.6601,92.9,74.9,1.88,1,0.3731
2026-05-15,2026-05-11 17:17:10,S0643,Sergeli,41.192723,69.259799,35.9,8.4,50.54,206.9,0.8355,93.0,66.6,2.31,1,0.3731
2026-05-16,2026-05-11 17:17:10,S0643,Sergeli,41.192723,69.259799,35.0,4.7,50.53,205.7,0.5638,96.8,70.8,2.26,1,0.3731
2026-05-17,2026-05-11 17:17:10,S0643,Sergeli,41.192723,69.259799,34.7,6.2,50.6,206.1,0.7231,95.7,67.8,2.48,1,0.3731
2026-05-18,2026-05-11 17:17:10,S0643,Sergeli,41.192723,69.259799,35.8,8.0,50.53,205.0,0.7946,96.1,62.0,2.56,1,0.3731
2026-05-12,2026-05-11 17:17:10,S0644,Sergeli,41.218947,69.310294,29.7,1.5,49.89,224.8,0.9134,84.0,64.8,2.66,1,0.3799
2026-05-13,2026-05-11 17:17:10,S0644,Sergeli,41.218947,69.310294,31.1,0.0,49.89,227.1,0.9237,82.0,57.6,2.93,1,0.3799
2026-05-14,2026-05-11 17:17:10,S0644,Sergeli,41.218947,69.310294,29.6,1.8,50.0,228.2,0.7878,81.3,55.9,3.32,1,0.3799
2026-05-15,2026-05-11 17:17:10,S0644,Sergeli,41.218947,69.310294,29.0,0.1,49.78,234.3,1.0452,78.9,64.2,2.86,1,0.3799
2026-05-16,2026-05-11 17:17:10,S0644,Sergeli,41.218947,69.310294,26.8,0.4,49.72,233.8,1.0045,81.0,54.4,2.58,1,0.3799
2026-05-17,2026-05-11 17:17:10,S0644,Sergeli,41.218947,69.310294,26.9,0.0,49.59,230.1,1.0637,81.9,61.6,2.92,1,0.3799
2026-05-18,2026-05-11 17:17:10,S0644,Sergeli,41.218947,69.310294,27.2,0.0,49.51,233.0,1.1038,81.3,55.0,2.51,1,0.3799
2026-05-12,2026-05-11 17:17:10,S0645,Sergeli,41.249064,69.314292,25.0,4.7,49.79,215.1,0.127,88.9,81.9,3.03,0,0.0309
2026-05-13,2026-05-11 17:17:10,S0645,Sergeli,41.249064,69.314292,23.8,4.3,49.76,219.0,0.071,92.6,83.1,3.41,0,0.0309
2026-05-14,2026-05-11 17:17:10,S0645,Sergeli,41.249064,69.314292,25.1,4.5,49.57,218.6,0.2146,93.0,87.7,3.87,0,0.0309
2026-05-15,2026-05-11 17:17:10,S0645,Sergeli,41.249064,69.314292,26.5,6.5,49.73,222.4,0.0125,93.8,77.2,3.5,0,0.0309
2026-05-16,2026-05-11 17:17:10,S0645,Sergeli,41.249064,69.314292,26.6,7.1,49.49,219.7,0.239,95.0,81.1,3.47,1,0.3809
2026-05-17,2026-05-11 17:17:10,S0645,Sergeli,41.249064,69.314292,24.7,7.7,49.54,216.2,0.0855,97.0,76.6,3.48,0,0.0309
2026-05-18,2026-05-11 17:17:10,S0645,Sergeli,41.249064,69.314292,27.1,8.0,49.48,216.4,0.2016,95.2,82.7,3.61,1,0.3809
2026-05-12,2026-05-11 17:17:10,S0646,Sergeli,41.230784,69.25666,32.1,4.7,50.21,227.3,0.7926,83.9,78.1,4.3,1,0.3849
2026-05-13,2026-05-11 17:17:10,S0646,Sergeli,41.230784,69.25666,27.3,7.5,50.26,227.7,0.7388,82.9,71.8,4.41,1,0.3849
2026-05-14,2026-05-11 17:17:10,S0646,Sergeli,41.230784,69.25666,30.2,7.8,50.25,230.5,0.8276,83.3,81.0,4.4,1,0.3849
2026-05-15,2026-05-11 17:17:10,S0646,Sergeli,41.230784,69.25666,29.2,7.6,50.26,228.8,0.8451,79.8,76.1,4.68,1,0.3849
2026-05-16,2026-05-11 17:17:10,S0646,Sergeli,41.230784,69.25666,26.5,6.9,50.32,232.0,0.8394,82.8,74.9,4.19,1,0.3849
2026-05-17,2026-05-11 17:17:10,S0646,Sergeli,41.230784,69.25666,28.0,6.2,50.57,231.1,0.8119,83.7,76.4,4.29,1,0.3849
2026-05-18,2026-05-11 17:17:10,S0646,Sergeli,41.230784,69.25666,31.9,5.4,50.16,229.3,0.9668,83.1,76.2,4.58,1,0.3849
2026-05-12,2026-05-11 17:17:10,S0647,Sergeli,41.178861,69.249865,33.0,6.6,50.09,218.6,0.7629,86.6,50.3,4.36,0,0.0223
2026-05-13,2026-05-11 17:17:10,S0647,Sergeli,41.178861,69.249865,35.0,8.1,50.16,221.3,0.6094,83.7,54.9,4.37,1,0.3723
2026-05-14,2026-05-11 17:17:10,S0647,Sergeli,41.178861,69.249865,34.0,5.9,50.26,222.2,0.4505,84.8,47.7,4.5,1,0.3723
2026-05-15,2026-05-11 17:17:10,S0647,Sergeli,41.178861,69.249865,35.0,7.6,50.26,224.3,0.4628,84.9,44.7,4.91,1,0.3723
2026-05-16,2026-05-11 17:17:10,S0647,Sergeli,41.178861,69.249865,32.9,4.7,50.35,220.6,0.5402,87.3,55.9,5.05,1,0.3723
2026-05-17,2026-05-11 17:17:10,S0647,Sergeli,41.178861,69.249865,33.2,6.1,50.35,220.6,0.3558,87.3,44.9,4.56,0,0.0223
2026-05-18,2026-05-11 17:17:10,S0647,Sergeli,41.178861,69.249865,32.9,5.7,50.16,222.2,0.2432,89.1,37.1,4.71,0,0.0223
2026-05-12,2026-05-11 17:17:10,S0648,Sergeli,41.236554,69.292005,27.9,2.3,50.16,209.7,0.4139,79.2,39.8,2.5,1,0.3811
2026-05-13,2026-05-11 17:17:10,S0648,Sergeli,41.236554,69.292005,30.5,4.3,50.19,213.8,0.4968,77.6,49.2,2.57,1,0.3811
2026-05-14,2026-05-11 17:17:10,S0648,Sergeli,41.236554,69.292005,27.9,5.0,50.0,212.0,0.5205,77.9,41.9,2.67,1,0.3811
2026-05-15,2026-05-11 17:17:10,S0648,Sergeli,41.236554,69.292005,29.8,5.8,50.1,210.8,0.5206,80.4,48.7,2.72,1,0.3811
2026-05-16,2026-05-11 17:17:10,S0648,Sergeli,41.236554,69.292005,28.3,6.4,50.22,206.1,0.5881,77.7,54.8,2.35,1,0.3811
2026-05-17,2026-05-11 17:17:10,S0648,Sergeli,41.236554,69.292005,30.5,7.0,50.12,210.4,0.5895,77.2,46.2,2.26,1,0.3811
2026-05-18,2026-05-11 17:17:10,S0648,Sergeli,41.236554,69.292005,29.0,6.4,50.24,205.9,0.4945,79.3,50.7,2.15,1,0.3811
2026-05-12,2026-05-11 17:17:10,S0649,Sergeli,41.22112,69.335883,12.9,9.5,49.54,206.2,0.6032,78.1,59.8,3.0,1,0.3816
2026-05-13,2026-05-11 17:17:10,S0649,Sergeli,41.22112,69.335883,17.6,10.0,49.47,207.5,0.5164,83.7,51.7,3.35,1,0.3816
2026-05-14,2026-05-11 17:17:10,S0649,Sergeli,41.22112,69.335883,14.6,10.2,49.47,208.2,0.59,83.6,51.0,3.44,1,0.3816
2026-05-15,2026-05-11 17:17:10,S0649,Sergeli,41.22112,69.335883,12.4,10.8,49.41,204.3,0.4467,85.3,42.4,3.09,1,0.3816
2026-05-16,2026-05-11 17:17:10,S0649,Sergeli,41.22112,69.335883,11.3,10.3,49.42,209.2,0.4676,81.5,43.5,2.81,1,0.3816
2026-05-17,2026-05-11 17:17:10,S0649,Sergeli,41.22112,69.335883,14.0,13.5,49.6,208.0,0.4533,84.9,49.5,3.06,1,0.3816
2026-05-18,2026-05-11 17:17:10,S0649,Sergeli,41.22112,69.335883,10.9,11.7,49.45,210.9,0.4452,87.5,48.8,2.82,1,0.3816
2026-05-12,2026-05-11 17:17:10,S0650,Sergeli,41.180774,69.243623,32.9,11.0,50.08,203.9,0.5613,90.4,52.1,3.59,1,0.3801
2026-05-13,2026-05-11 17:17:10,S0650,Sergeli,41.180774,69.243623,37.6,9.7,49.96,205.4,0.6396,90.5,45.8,2.96,1,0.3801
2026-05-14,2026-05-11 17:17:10,S0650,Sergeli,41.180774,69.243623,34.3,8.9,49.86,201.3,0.414,92.2,55.8,2.79,1,0.3801
2026-05-15,2026-05-11 17:17:10,S0650,Sergeli,41.180774,69.243623,35.1,11.1,49.97,209.5,0.4726,90.4,48.8,2.62,1,0.3801
2026-05-16,2026-05-11 17:17:10,S0650,Sergeli,41.180774,69.243623,38.0,11.9,50.05,206.3,0.44,94.5,48.5,2.25,1,0.3801
2026-05-17,2026-05-11 17:17:10,S0650,Sergeli,41.180774,69.243623,33.3,10.9,50.06,209.7,0.564,93.6,53.2,2.8,1,0.3801
2026-05-18,2026-05-11 17:17:10,S0650,Sergeli,41.180774,69.243623,33.6,8.7,50.17,203.0,0.4768,91.0,57.2,2.45,1,0.3801
2026-05-12,2026-05-11 17:17:10,S0651,Sergeli,41.230775,69.335253,32.1,11.0,50.11,221.6,0.6776,82.0,75.3,3.04,1,0.377
2026-05-13,2026-05-11 17:17:10,S0651,Sergeli,41.230775,69.335253,28.1,7.2,49.97,220.6,0.4906,86.9,71.1,2.46,0,0.027
2026-05-14,2026-05-11 17:17:10,S0651,Sergeli,41.230775,69.335253,29.3,8.9,49.99,219.4,0.5947,87.8,72.0,2.35,0,0.027
2026-05-15,2026-05-11 17:17:10,S0651,Sergeli,41.230775,69.335253,28.8,10.2,50.02,220.2,0.5939,84.6,72.5,2.95,1,0.377
2026-05-16,2026-05-11 17:17:10,S0651,Sergeli,41.230775,69.335253,24.7,9.7,50.09,219.6,0.4854,86.3,80.6,2.04,0,0.027
2026-05-17,2026-05-11 17:17:10,S0651,Sergeli,41.230775,69.335253,28.4,7.9,49.99,219.4,0.4834,88.5,71.8,2.63,0,0.027
2026-05-18,2026-05-11 17:17:10,S0651,Sergeli,41.230775,69.335253,24.7,7.3,50.12,223.4,0.3937,88.5,58.3,2.45,0,0.027
2026-05-12,2026-05-11 17:17:10,S0652,Sergeli,41.204407,69.315911,24.8,16.2,49.88,216.1,0.566,91.0,80.6,2.31,0,0.0364
2026-05-13,2026-05-11 17:17:10,S0652,Sergeli,41.204407,69.315911,26.6,14.7,49.93,214.8,0.3911,91.7,84.3,2.01,0,0.0364
2026-05-14,2026-05-11 17:17:10,S0652,Sergeli,41.204407,69.315911,28.5,17.4,49.93,218.5,0.5811,91.0,73.9,2.21,0,0.0364
2026-05-15,2026-05-11 17:17:10,S0652,Sergeli,41.204407,69.315911,29.7,19.3,50.13,217.2,0.5007,91.9,77.5,2.34,0,0.0364
2026-05-16,2026-05-11 17:17:10,S0652,Sergeli,41.204407,69.315911,29.7,17.9,50.07,216.9,0.4476,90.3,78.5,1.87,0,0.0364
2026-05-17,2026-05-11 17:17:10,S0652,Sergeli,41.204407,69.315911,28.8,20.0,50.08,218.3,0.5473,91.2,71.6,1.62,0,0.0364
2026-05-18,2026-05-11 17:17:10,S0652,Sergeli,41.204407,69.315911,24.9,17.7,50.15,223.4,0.4954,93.5,90.2,1.75,1,0.3864
2026-05-12,2026-05-11 17:17:10,S0653,Sergeli,41.251049,69.277277,28.4,9.5,50.44,220.0,0.2327,82.0,82.5,6.4,2,0.7366
2026-05-13,2026-05-11 17:17:10,S0653,Sergeli,41.251049,69.277277,26.4,8.3,50.58,220.4,0.5279,79.7,78.6,6.67,2,0.7366
2026-05-14,2026-05-11 17:17:10,S0653,Sergeli,41.251049,69.277277,30.2,5.4,50.54,221.6,0.4935,81.2,81.6,6.5,2,0.7366
2026-05-15,2026-05-11 17:17:10,S0653,Sergeli,41.251049,69.277277,30.2,4.1,50.46,224.0,0.4814,77.5,82.4,7.0,2,0.7366
2026-05-16,2026-05-11 17:17:10,S0653,Sergeli,41.251049,69.277277,28.2,6.6,50.64,219.1,0.3425,79.3,87.2,7.0,2,0.7366
2026-05-17,2026-05-11 17:17:10,S0653,Sergeli,41.251049,69.277277,28.7,4.1,50.54,222.0,0.5601,78.1,79.1,7.0,2,0.7366
2026-05-18,2026-05-11 17:17:10,S0653,Sergeli,41.251049,69.277277,27.5,4.5,50.55,221.7,0.4241,76.9,79.7,7.0,2,0.7366
2026-05-12,2026-05-11 17:17:10,S0654,Sergeli,41.171501,69.285291,24.9,13.3,49.97,215.1,0.7115,81.4,52.1,2.74,1,0.3875
2026-05-13,2026-05-11 17:17:10,S0654,Sergeli,41.171501,69.285291,26.2,15.7,49.85,217.5,0.6358,81.4,66.2,3.04,1,0.3875
2026-05-14,2026-05-11 17:17:10,S0654,Sergeli,41.171501,69.285291,27.6,15.8,49.89,219.1,0.7887,78.9,58.3,3.0,1,0.3875
2026-05-15,2026-05-11 17:17:10,S0654,Sergeli,41.171501,69.285291,24.4,15.0,49.96,215.8,0.7236,81.2,65.3,3.16,1,0.3875
2026-05-16,2026-05-11 17:17:10,S0654,Sergeli,41.171501,69.285291,28.9,15.7,49.88,220.3,0.6647,80.2,62.2,2.92,1,0.3875
2026-05-17,2026-05-11 17:17:10,S0654,Sergeli,41.171501,69.285291,25.6,17.7,49.97,218.4,0.8059,78.7,61.0,2.46,1,0.3875
2026-05-18,2026-05-11 17:17:10,S0654,Sergeli,41.171501,69.285291,27.9,17.7,49.78,218.7,0.7914,76.8,61.2,2.6,1,0.3875
2026-05-12,2026-05-11 17:17:10,S0655,Sergeli,41.186984,69.269605,29.0,5.5,50.17,207.8,0.5821,91.0,72.2,3.54,1,0.3703
2026-05-13,2026-05-11 17:17:10,S0655,Sergeli,41.186984,69.269605,27.6,6.8,50.32,208.2,0.5194,89.9,71.4,3.74,1,0.3703
2026-05-14,2026-05-11 17:17:10,S0655,Sergeli,41.186984,69.269605,29.7,8.3,50.07,212.3,0.57,92.4,63.9,3.72,0,0.0203
2026-05-15,2026-05-11 17:17:10,S0655,Sergeli,41.186984,69.269605,30.0,4.4,50.22,207.9,0.436,93.0,62.9,3.92,1,0.3703
2026-05-16,2026-05-11 17:17:10,S0655,Sergeli,41.186984,69.269605,29.9,7.5,50.0,206.5,0.3958,91.0,58.5,3.64,1,0.3703
2026-05-17,2026-05-11 17:17:10,S0655,Sergeli,41.186984,69.269605,27.2,5.0,50.21,210.1,0.3377,89.0,61.8,2.99,0,0.0203
2026-05-18,2026-05-11 17:17:10,S0655,Sergeli,41.186984,69.269605,27.7,6.6,50.06,203.4,0.478,94.5,58.2,3.27,1,0.3703
2026-05-12,2026-05-11 17:17:10,S0656,Sergeli,41.24937,69.309748,45.3,15.4,49.68,211.6,0.6953,83.9,82.2,3.43,2,0.7229
2026-05-13,2026-05-11 17:17:10,S0656,Sergeli,41.24937,69.309748,44.9,16.8,49.7,210.1,0.4936,84.2,73.5,3.43,1,0.3729
2026-05-14,2026-05-11 17:17:10,S0656,Sergeli,41.24937,69.309748,45.3,15.1,49.67,207.8,0.5309,85.6,76.8,3.92,2,0.7229
2026-05-15,2026-05-11 17:17:10,S0656,Sergeli,41.24937,69.309748,41.9,16.2,49.69,211.0,0.4074,87.1,76.3,3.41,1,0.3729
2026-05-16,2026-05-11 17:17:10,S0656,Sergeli,41.24937,69.309748,42.3,19.5,49.6,205.5,0.4571,85.0,76.7,3.51,1,0.3729
2026-05-17,2026-05-11 17:17:10,S0656,Sergeli,41.24937,69.309748,40.8,17.8,49.61,207.4,0.5067,86.9,74.0,3.13,1,0.3729
2026-05-18,2026-05-11 17:17:10,S0656,Sergeli,41.24937,69.309748,43.8,17.9,49.54,205.2,0.3093,89.3,73.4,3.85,1,0.3729
2026-05-12,2026-05-11 17:17:10,S0657,Sergeli,41.175619,69.269243,27.1,8.1,49.93,217.0,0.28,82.5,65.0,4.05,1,0.3827
2026-05-13,2026-05-11 17:17:10,S0657,Sergeli,41.175619,69.269243,26.4,5.8,50.17,219.7,0.2688,82.6,61.5,3.96,1,0.3827
2026-05-14,2026-05-11 17:17:10,S0657,Sergeli,41.175619,69.269243,24.1,8.5,50.1,218.0,0.1363,81.8,66.0,3.92,1,0.3827
2026-05-15,2026-05-11 17:17:10,S0657,Sergeli,41.175619,69.269243,26.0,7.5,50.04,222.3,0.2264,81.4,66.0,3.71,1,0.3827
2026-05-16,2026-05-11 17:17:10,S0657,Sergeli,41.175619,69.269243,26.3,7.7,50.13,217.0,0.0699,81.3,59.4,3.85,1,0.3827
2026-05-17,2026-05-11 17:17:10,S0657,Sergeli,41.175619,69.269243,24.2,9.2,50.28,215.6,0.0689,85.7,56.1,3.93,0,0.0327
2026-05-18,2026-05-11 17:17:10,S0657,Sergeli,41.175619,69.269243,25.2,8.7,50.27,217.7,0.1095,85.1,55.3,3.65,0,0.0327
2026-05-12,2026-05-11 17:17:10,S0658,Sergeli,41.185186,69.307414,27.1,6.7,49.85,225.7,0.3113,81.6,52.0,3.45,1,0.3698
2026-05-13,2026-05-11 17:17:10,S0658,Sergeli,41.185186,69.307414,28.2,5.6,49.95,228.9,0.3441,81.7,51.5,3.66,1,0.3698
2026-05-14,2026-05-11 17:17:10,S0658,Sergeli,41.185186,69.307414,25.5,5.6,50.19,230.1,0.2857,79.8,53.4,3.34,1,0.3698
2026-05-15,2026-05-11 17:17:10,S0658,Sergeli,41.185186,69.307414,27.5,3.8,50.22,229.7,0.239,81.2,56.5,3.62,1,0.3698
2026-05-16,2026-05-11 17:17:10,S0658,Sergeli,41.185186,69.307414,26.2,4.1,50.16,232.8,0.2821,83.1,48.2,3.9,1,0.3698
2026-05-17,2026-05-11 17:17:10,S0658,Sergeli,41.185186,69.307414,25.5,5.0,50.05,227.4,0.1543,79.0,48.2,3.89,1,0.3698
2026-05-18,2026-05-11 17:17:10,S0658,Sergeli,41.185186,69.307414,24.2,4.2,50.12,230.1,0.3194,82.8,53.4,3.69,1,0.3698
2026-05-12,2026-05-11 17:17:10,S0659,Sergeli,41.214338,69.29446,39.8,7.4,50.28,211.1,0.466,78.6,61.4,3.26,1,0.3774
2026-05-13,2026-05-11 17:17:10,S0659,Sergeli,41.214338,69.29446,40.1,7.9,50.14,207.4,0.5326,76.2,48.6,4.1,1,0.3774
2026-05-14,2026-05-11 17:17:10,S0659,Sergeli,41.214338,69.29446,40.9,5.6,50.33,215.3,0.6457,79.9,54.0,3.96,1,0.3774
2026-05-15,2026-05-11 17:17:10,S0659,Sergeli,41.214338,69.29446,38.0,4.1,50.28,207.8,0.5856,74.9,61.5,3.98,2,0.7274
2026-05-16,2026-05-11 17:17:10,S0659,Sergeli,41.214338,69.29446,39.7,7.0,50.35,209.4,0.5946,74.9,51.6,4.57,2,0.7274
2026-05-17,2026-05-11 17:17:10,S0659,Sergeli,41.214338,69.29446,37.2,6.6,50.47,212.6,0.7014,74.0,49.5,4.62,2,0.7274
2026-05-18,2026-05-11 17:17:10,S0659,Sergeli,41.214338,69.29446,39.8,4.9,50.31,216.0,0.8083,73.1,46.3,4.42,2,0.7274
2026-05-12,2026-05-11 17:17:10,S0660,Sergeli,41.191783,69.276259,30.9,2.2,50.24,218.0,0.3838,84.4,40.8,4.57,1,0.3765
2026-05-13,2026-05-11 17:17:10,S0660,Sergeli,41.191783,69.276259,26.3,1.7,49.96,218.8,0.4993,87.9,45.4,4.88,0,0.0265
2026-05-14,2026-05-11 17:17:10,S0660,Sergeli,41.191783,69.276259,26.0,4.0,50.15,220.5,0.4901,86.9,34.5,5.07,1,0.3765
2026-05-15,2026-05-11 17:17:10,S0660,Sergeli,41.191783,69.276259,29.9,3.4,50.01,221.2,0.4079,83.9,47.2,4.95,1,0.3765
2026-05-16,2026-05-11 17:17:10,S0660,Sergeli,41.191783,69.276259,28.5,1.1,50.25,219.2,0.4914,86.4,41.6,5.33,1,0.3765
2026-05-17,2026-05-11 17:17:10,S0660,Sergeli,41.191783,69.276259,30.0,1.8,50.13,222.1,0.5938,86.7,35.8,4.92,0,0.0265
2026-05-18,2026-05-11 17:17:10,S0660,Sergeli,41.191783,69.276259,29.2,3.0,50.15,220.3,0.4936,87.9,36.4,4.99,0,0.0265
2026-05-12,2026-05-11 17:17:10,S0661,Sergeli,41.180983,69.266204,41.7,5.3,50.23,210.5,0.4882,81.4,82.6,3.17,1,0.3843
2026-05-13,2026-05-11 17:17:10,S0661,Sergeli,41.180983,69.266204,43.7,5.1,49.99,214.3,0.5351,76.5,85.6,3.12,1,0.3843
2026-05-14,2026-05-11 17:17:10,S0661,Sergeli,41.180983,69.266204,41.1,5.0,49.98,212.1,0.3634,80.0,85.9,3.72,1,0.3843
2026-05-15,2026-05-11 17:17:10,S0661,Sergeli,41.180983,69.266204,40.2,4.8,50.05,212.5,0.5818,80.5,85.0,3.28,1,0.3843
2026-05-16,2026-05-11 17:17:10,S0661,Sergeli,41.180983,69.266204,39.1,4.7,50.11,209.9,0.3916,80.5,75.3,3.39,1,0.3843
2026-05-17,2026-05-11 17:17:10,S0661,Sergeli,41.180983,69.266204,39.0,2.3,50.08,211.1,0.4767,78.7,85.3,3.28,1,0.3843
2026-05-18,2026-05-11 17:17:10,S0661,Sergeli,41.180983,69.266204,45.1,4.2,50.24,217.2,0.3918,82.6,79.1,3.08,2,0.7343
2026-05-12,2026-05-11 17:17:10,S0662,Sergeli,41.20291,69.248709,26.9,8.6,50.1,206.9,0.3054,81.6,72.8,3.58,1,0.3698
2026-05-13,2026-05-11 17:17:10,S0662,Sergeli,41.20291,69.248709,28.8,10.0,50.19,204.5,0.4174,83.8,64.0,3.91,1,0.3698
2026-05-14,2026-05-11 17:17:10,S0662,Sergeli,41.20291,69.248709,27.2,11.6,49.93,205.8,0.3731,83.1,78.5,3.78,1,0.3698
2026-05-15,2026-05-11 17:17:10,S0662,Sergeli,41.20291,69.248709,27.8,9.2,50.19,202.9,0.3644,86.3,66.8,3.85,1,0.3698
2026-05-16,2026-05-11 17:17:10,S0662,Sergeli,41.20291,69.248709,28.7,11.0,49.94,206.6,0.4212,81.6,88.4,3.74,1,0.3698
2026-05-17,2026-05-11 17:17:10,S0662,Sergeli,41.20291,69.248709,29.0,11.0,49.9,203.9,0.2741,85.9,78.3,3.9,1,0.3698
2026-05-18,2026-05-11 17:17:10,S0662,Sergeli,41.20291,69.248709,30.7,11.6,49.92,204.6,0.3621,87.2,72.9,4.16,1,0.3698
2026-05-12,2026-05-11 17:17:10,S0663,Sergeli,41.238942,69.315242,27.9,7.1,50.13,207.5,0.5753,92.8,87.0,2.93,1,0.388
2026-05-13,2026-05-11 17:17:10,S0663,Sergeli,41.238942,69.315242,27.0,6.6,50.16,205.0,0.5573,91.7,83.5,3.14,1,0.388
2026-05-14,2026-05-11 17:17:10,S0663,Sergeli,41.238942,69.315242,25.6,8.6,50.18,204.0,0.5227,93.9,87.6,2.79,1,0.388
2026-05-15,2026-05-11 17:17:10,S0663,Sergeli,41.238942,69.315242,24.2,7.5,50.23,202.3,0.2921,93.7,89.0,2.7,1,0.388
2026-05-16,2026-05-11 17:17:10,S0663,Sergeli,41.238942,69.315242,22.6,8.5,50.27,204.5,0.4951,93.8,93.6,2.5,1,0.388
2026-05-17,2026-05-11 17:17:10,S0663,Sergeli,41.238942,69.315242,24.0,6.5,50.35,202.5,0.4715,95.5,94.0,2.58,1,0.388
2026-05-18,2026-05-11 17:17:10,S0663,Sergeli,41.238942,69.315242,23.2,10.5,50.16,196.4,0.5612,95.2,91.8,2.69,2,0.738
2026-05-12,2026-05-11 17:17:10,S0664,Sergeli,41.211403,69.329802,40.8,10.6,50.14,227.2,0.5671,86.6,63.2,4.3,1,0.3793
2026-05-13,2026-05-11 17:17:10,S0664,Sergeli,41.211403,69.329802,43.1,10.6,50.27,230.2,0.5023,82.8,60.8,4.36,1,0.3793
2026-05-14,2026-05-11 17:17:10,S0664,Sergeli,41.211403,69.329802,38.1,11.7,50.33,230.4,0.5486,84.7,59.7,4.39,1,0.3793
2026-05-15,2026-05-11 17:17:10,S0664,Sergeli,41.211403,69.329802,38.0,11.1,50.42,233.6,0.6528,80.3,53.3,4.23,1,0.3793
2026-05-16,2026-05-11 17:17:10,S0664,Sergeli,41.211403,69.329802,43.7,12.3,50.32,231.6,0.5932,80.1,64.4,4.34,1,0.3793
2026-05-17,2026-05-11 17:17:10,S0664,Sergeli,41.211403,69.329802,43.3,11.9,50.46,234.2,0.6844,80.6,59.4,3.73,1,0.3793
2026-05-18,2026-05-11 17:17:10,S0664,Sergeli,41.211403,69.329802,39.0,15.0,50.38,236.5,0.6962,75.5,67.1,4.03,1,0.3793
2026-05-12,2026-05-11 17:17:10,S0665,Sergeli,41.25279,69.291072,38.9,9.9,49.44,211.8,0.6815,100.0,43.3,3.25,1,0.3849
2026-05-13,2026-05-11 17:17:10,S0665,Sergeli,41.25279,69.291072,39.4,11.1,49.57,219.8,0.704,100.0,48.6,3.78,0,0.0349
2026-05-14,2026-05-11 17:17:10,S0665,Sergeli,41.25279,69.291072,36.5,13.3,49.66,221.7,0.6838,100.0,55.9,3.41,0,0.0349
2026-05-15,2026-05-11 17:17:10,S0665,Sergeli,41.25279,69.291072,36.0,13.1,49.51,218.2,0.7798,100.0,48.6,3.64,0,0.0349
2026-05-16,2026-05-11 17:17:10,S0665,Sergeli,41.25279,69.291072,37.1,14.2,49.54,223.3,0.7446,100.0,52.6,3.36,0,0.0349
2026-05-17,2026-05-11 17:17:10,S0665,Sergeli,41.25279,69.291072,32.0,13.3,49.44,219.8,0.8354,100.0,49.8,3.4,1,0.3849
2026-05-18,2026-05-11 17:17:10,S0665,Sergeli,41.25279,69.291072,32.6,13.5,49.61,225.0,0.8361,100.0,47.7,3.47,0,0.0349
2026-05-12,2026-05-11 17:17:10,S0666,Sergeli,41.172047,69.324781,44.8,9.7,50.04,217.0,0.4227,87.8,84.7,2.75,1,0.3826
2026-05-13,2026-05-11 17:17:10,S0666,Sergeli,41.172047,69.324781,45.1,6.0,49.97,218.1,0.4285,87.0,87.5,2.96,2,0.7326
2026-05-14,2026-05-11 17:17:10,S0666,Sergeli,41.172047,69.324781,46.7,12.6,50.15,212.4,0.3881,84.9,94.2,3.0,2,0.7326
2026-05-15,2026-05-11 17:17:10,S0666,Sergeli,41.172047,69.324781,42.5,11.9,50.02,216.4,0.2024,86.1,91.1,2.9,1,0.3826
2026-05-16,2026-05-11 17:17:10,S0666,Sergeli,41.172047,69.324781,46.8,11.2,49.87,219.3,0.3473,84.2,70.7,2.74,2,0.7326
2026-05-17,2026-05-11 17:17:10,S0666,Sergeli,41.172047,69.324781,45.1,11.9,49.9,219.9,0.4458,82.1,85.9,2.84,2,0.7326
2026-05-18,2026-05-11 17:17:10,S0666,Sergeli,41.172047,69.324781,42.8,12.4,49.99,222.1,0.2924,82.6,83.2,2.72,1,0.3826
2026-05-12,2026-05-11 17:17:10,S0667,Sergeli,41.217926,69.277309,27.9,12.4,49.99,221.5,0.9917,99.6,35.6,3.65,0,0.0294
2026-05-13,2026-05-11 17:17:10,S0667,Sergeli,41.217926,69.277309,29.9,15.5,50.0,218.5,0.8427,96.7,39.3,3.65,0,0.0294
2026-05-14,2026-05-11 17:17:10,S0667,Sergeli,41.217926,69.277309,24.5,15.0,50.2,217.5,0.9708,98.9,34.7,3.63,0,0.0294
2026-05-15,2026-05-11 17:17:10,S0667,Sergeli,41.217926,69.277309,26.3,12.8,50.04,217.2,0.8386,100.0,37.3,3.48,0,0.0294
2026-05-16,2026-05-11 17:17:10,S0667,Sergeli,41.217926,69.277309,24.1,11.9,50.21,217.6,0.9112,99.0,34.8,3.28,0,0.0294
2026-05-17,2026-05-11 17:17:10,S0667,Sergeli,41.217926,69.277309,23.5,12.5,50.25,219.0,0.8725,96.2,34.5,3.72,0,0.0294
2026-05-18,2026-05-11 17:17:10,S0667,Sergeli,41.217926,69.277309,21.8,14.2,50.27,217.7,1.0353,97.2,37.5,3.54,1,0.3794
2026-05-12,2026-05-11 17:17:10,S0668,Sergeli,41.180286,69.31974,39.6,14.4,49.79,227.0,0.7263,89.1,49.2,3.81,0,0.026
2026-05-13,2026-05-11 17:17:10,S0668,Sergeli,41.180286,69.31974,43.6,16.4,49.59,220.7,0.7238,89.5,65.6,4.59,1,0.376
2026-05-14,2026-05-11 17:17:10,S0668,Sergeli,41.180286,69.31974,42.1,14.0,49.92,225.1,0.9621,88.5,70.0,3.99,1,0.376
2026-05-15,2026-05-11 17:17:10,S0668,Sergeli,41.180286,69.31974,40.9,13.1,49.85,225.2,0.879,89.5,55.8,4.76,1,0.376
2026-05-16,2026-05-11 17:17:10,S0668,Sergeli,41.180286,69.31974,39.5,14.8,49.73,222.9,0.9164,90.3,59.6,4.07,0,0.026
2026-05-17,2026-05-11 17:17:10,S0668,Sergeli,41.180286,69.31974,42.7,12.7,49.76,224.0,0.8219,90.2,56.8,4.37,1,0.376
2026-05-18,2026-05-11 17:17:10,S0668,Sergeli,41.180286,69.31974,43.6,14.0,49.84,223.9,0.8861,90.7,65.2,4.6,1,0.376
2026-05-12,2026-05-11 17:17:10,S0669,Sergeli,41.217831,69.333096,37.4,3.3,50.0,223.4,0.4566,86.7,67.1,3.08,0,0.0238
2026-05-13,2026-05-11 17:17:10,S0669,Sergeli,41.217831,69.333096,40.1,3.7,49.75,229.3,0.3722,83.8,65.1,2.91,1,0.3738
2026-05-14,2026-05-11 17:17:10,S0669,Sergeli,41.217831,69.333096,38.8,2.0,50.01,227.1,0.3403,84.3,65.3,3.09,1,0.3738
2026-05-15,2026-05-11 17:17:10,S0669,Sergeli,41.217831,69.333096,38.3,1.8,49.76,229.3,0.4199,83.9,66.3,3.58,1,0.3738
2026-05-16,2026-05-11 17:17:10,S0669,Sergeli,41.217831,69.333096,40.1,0.3,49.58,224.4,0.4327,85.3,55.4,2.9,1,0.3738
2026-05-17,2026-05-11 17:17:10,S0669,Sergeli,41.217831,69.333096,40.8,2.5,49.68,226.4,0.3508,83.8,59.5,2.81,1,0.3738
2026-05-18,2026-05-11 17:17:10,S0669,Sergeli,41.217831,69.333096,42.2,0.9,49.68,227.0,0.2753,86.9,61.5,3.24,1,0.3738
2026-05-12,2026-05-11 17:17:10,S0670,Sergeli,41.197514,69.277256,25.1,12.2,50.01,218.0,0.0462,89.1,81.3,2.52,0,0.0257
2026-05-13,2026-05-11 17:17:10,S0670,Sergeli,41.197514,69.277256,22.7,12.8,50.04,222.9,0.1255,90.6,85.0,3.5,0,0.0257
2026-05-14,2026-05-11 17:17:10,S0670,Sergeli,41.197514,69.277256,21.3,15.8,49.82,219.0,0.0947,91.9,89.4,3.56,0,0.0257
2026-05-15,2026-05-11 17:17:10,S0670,Sergeli,41.197514,69.277256,25.2,15.3,49.91,221.3,0.1319,88.0,86.0,2.91,0,0.0257
2026-05-16,2026-05-11 17:17:10,S0670,Sergeli,41.197514,69.277256,25.4,14.2,50.02,221.8,0.179,90.0,93.9,3.05,1,0.3757
2026-05-17,2026-05-11 17:17:10,S0670,Sergeli,41.197514,69.277256,22.0,16.3,49.97,225.3,0.2316,91.0,94.6,3.17,1,0.3757
2026-05-18,2026-05-11 17:17:10,S0670,Sergeli,41.197514,69.277256,19.2,16.0,49.8,228.2,0.1384,93.8,88.7,3.22,0,0.0257
2026-05-12,2026-05-11 17:17:10,S0671,Sergeli,41.223419,69.265848,41.8,3.0,49.44,230.6,0.3926,90.9,63.5,3.83,1,0.3707
2026-05-13,2026-05-11 17:17:10,S0671,Sergeli,41.223419,69.265848,37.5,3.1,49.38,227.8,0.4444,88.4,61.4,3.99,1,0.3707
2026-05-14,2026-05-11 17:17:10,S0671,Sergeli,41.223419,69.265848,40.9,4.0,49.37,228.0,0.2232,88.6,66.5,4.56,1,0.3707
2026-05-15,2026-05-11 17:17:10,S0671,Sergeli,41.223419,69.265848,38.9,2.8,49.39,227.2,0.394,89.3,65.4,4.56,1,0.3707
2026-05-16,2026-05-11 17:17:10,S0671,Sergeli,41.223419,69.265848,36.5,0.9,49.2,229.7,0.5225,87.0,63.0,4.56,1,0.3707
2026-05-17,2026-05-11 17:17:10,S0671,Sergeli,41.223419,69.265848,42.0,3.7,49.06,229.2,0.4219,86.1,66.1,4.64,1,0.3707
2026-05-18,2026-05-11 17:17:10,S0671,Sergeli,41.223419,69.265848,37.5,5.3,48.96,226.2,0.5823,84.5,67.4,4.93,2,0.7207
2026-05-12,2026-05-11 17:17:10,S0672,Sergeli,41.182065,69.319179,32.8,3.8,49.54,221.7,0.5735,92.7,54.5,3.14,0,0.0215
2026-05-13,2026-05-11 17:17:10,S0672,Sergeli,41.182065,69.319179,30.2,5.5,49.55,217.8,0.6072,91.3,52.4,2.94,0,0.0215
2026-05-14,2026-05-11 17:17:10,S0672,Sergeli,41.182065,69.319179,31.1,7.0,49.45,222.1,0.5656,91.9,61.6,3.3,1,0.3715
2026-05-15,2026-05-11 17:17:10,S0672,Sergeli,41.182065,69.319179,31.3,6.2,49.35,222.5,0.4681,88.6,48.0,3.34,1,0.3715
2026-05-16,2026-05-11 17:17:10,S0672,Sergeli,41.182065,69.319179,30.3,4.9,49.31,219.2,0.4373,88.8,62.5,3.72,1,0.3715
2026-05-17,2026-05-11 17:17:10,S0672,Sergeli,41.182065,69.319179,28.4,3.9,49.34,220.0,0.4673,90.5,60.2,3.26,1,0.3715
2026-05-18,2026-05-11 17:17:10,S0672,Sergeli,41.182065,69.319179,31.9,6.6,49.32,222.3,0.5475,88.8,57.5,3.8,1,0.3715
2026-05-12,2026-05-11 17:17:10,S0673,Sergeli,41.224772,69.28939,34.0,7.0,50.24,222.1,0.3263,87.6,39.7,3.18,0,0.0247
2026-05-13,2026-05-11 17:17:10,S0673,Sergeli,41.224772,69.28939,34.4,7.6,50.21,223.3,0.411,91.5,47.1,3.55,0,0.0247
2026-05-14,2026-05-11 17:17:10,S0673,Sergeli,41.224772,69.28939,36.4,8.7,50.15,222.6,0.2605,90.8,39.8,3.41,0,0.0247
2026-05-15,2026-05-11 17:17:10,S0673,Sergeli,41.224772,69.28939,37.1,7.8,50.04,214.4,0.4232,93.5,43.5,3.43,0,0.0247
2026-05-16,2026-05-11 17:17:10,S0673,Sergeli,41.224772,69.28939,33.0,7.4,49.94,215.1,0.3974,92.9,47.6,3.39,0,0.0247
2026-05-17,2026-05-11 17:17:10,S0673,Sergeli,41.224772,69.28939,36.8,9.1,50.05,213.3,0.4941,92.2,38.6,4.22,0,0.0247
2026-05-18,2026-05-11 17:17:10,S0673,Sergeli,41.224772,69.28939,36.9,6.4,49.97,214.1,0.5041,92.5,39.1,3.73,0,0.0247
2026-05-12,2026-05-11 17:17:10,S0674,Sergeli,41.174104,69.277858,32.3,6.6,49.99,216.8,0.4298,96.3,79.9,4.0,0,0.0341
2026-05-13,2026-05-11 17:17:10,S0674,Sergeli,41.174104,69.277858,32.4,8.2,49.84,217.7,0.4882,94.1,79.6,3.59,0,0.0341
2026-05-14,2026-05-11 17:17:10,S0674,Sergeli,41.174104,69.277858,31.6,7.8,49.81,220.0,0.6479,93.1,82.5,4.32,0,0.0341
2026-05-15,2026-05-11 17:17:10,S0674,Sergeli,41.174104,69.277858,32.3,5.8,49.97,220.8,0.5118,93.7,89.9,4.12,0,0.0341
2026-05-16,2026-05-11 17:17:10,S0674,Sergeli,41.174104,69.277858,36.4,6.2,49.85,222.1,0.5703,90.5,86.4,3.89,0,0.0341
2026-05-17,2026-05-11 17:17:10,S0674,Sergeli,41.174104,69.277858,33.6,4.0,49.8,222.3,0.5248,89.0,80.4,4.1,0,0.0341
2026-05-18,2026-05-11 17:17:10,S0674,Sergeli,41.174104,69.277858,34.9,5.6,49.96,223.5,0.52,95.3,74.7,4.4,0,0.0341
2026-05-12,2026-05-11 17:17:10,S0675,Sergeli,41.253311,69.335284,40.2,2.3,49.36,231.4,0.3469,84.2,77.1,3.82,1,0.3768
2026-05-13,2026-05-11 17:17:10,S0675,Sergeli,41.253311,69.335284,43.7,2.4,49.6,225.9,0.1547,83.4,76.8,3.47,1,0.3768
2026-05-14,2026-05-11 17:17:10,S0675,Sergeli,41.253311,69.335284,38.2,1.5,49.55,219.0,0.1029,85.0,88.6,3.8,0,0.0268
2026-05-15,2026-05-11 17:17:10,S0675,Sergeli,41.253311,69.335284,40.5,2.6,49.62,223.2,0.1924,80.7,84.1,3.29,1,0.3768
2026-05-16,2026-05-11 17:17:10,S0675,Sergeli,41.253311,69.335284,41.6,2.0,49.61,221.9,0.1116,87.1,91.3,3.82,1,0.3768
2026-05-17,2026-05-11 17:17:10,S0675,Sergeli,41.253311,69.335284,45.8,3.4,49.49,217.0,0.0249,81.6,95.0,3.05,2,0.7268
2026-05-18,2026-05-11 17:17:10,S0675,Sergeli,41.253311,69.335284,43.6,2.4,49.61,215.1,0.0337,84.5,95.0,3.51,1,0.3768
2026-05-12,2026-05-11 17:17:10,S0676,Sergeli,41.185421,69.249051,22.7,2.4,49.84,228.5,0.2472,89.7,37.3,2.87,0,0.0245
2026-05-13,2026-05-11 17:17:10,S0676,Sergeli,41.185421,69.249051,22.3,0.0,49.93,223.7,0.01,85.1,44.3,2.95,0,0.0245
2026-05-14,2026-05-11 17:17:10,S0676,Sergeli,41.185421,69.249051,22.4,0.0,49.75,227.0,0.01,87.7,32.4,2.89,0,0.0245
2026-05-15,2026-05-11 17:17:10,S0676,Sergeli,41.185421,69.249051,19.2,1.1,49.97,224.7,0.01,87.0,30.9,2.68,0,0.0245
2026-05-16,2026-05-11 17:17:10,S0676,Sergeli,41.185421,69.249051,20.3,0.0,49.9,227.2,0.01,90.2,35.2,2.85,0,0.0245
2026-05-17,2026-05-11 17:17:10,S0676,Sergeli,41.185421,69.249051,18.6,0.0,49.82,221.8,0.01,87.3,26.3,2.48,1,0.3745
2026-05-18,2026-05-11 17:17:10,S0676,Sergeli,41.185421,69.249051,18.8,0.0,49.96,222.7,0.01,88.9,28.8,2.63,1,0.3745
2026-05-12,2026-05-11 17:17:10,S0677,Sergeli,41.238793,69.327803,40.6,10.0,49.57,218.7,0.7392,86.2,66.2,3.31,1,0.3804
2026-05-13,2026-05-11 17:17:10,S0677,Sergeli,41.238793,69.327803,41.8,9.7,49.56,215.3,0.8524,84.3,65.4,3.0,1,0.3804
2026-05-14,2026-05-11 17:17:10,S0677,Sergeli,41.238793,69.327803,36.4,9.9,49.43,221.2,0.8511,90.2,63.2,2.58,1,0.3804
2026-05-15,2026-05-11 17:17:10,S0677,Sergeli,41.238793,69.327803,39.2,8.9,49.55,217.9,0.6465,86.9,61.5,2.69,0,0.0304
2026-05-16,2026-05-11 17:17:10,S0677,Sergeli,41.238793,69.327803,35.9,9.2,49.3,214.7,0.5958,89.4,59.4,2.77,1,0.3804
2026-05-17,2026-05-11 17:17:10,S0677,Sergeli,41.238793,69.327803,37.7,8.6,49.21,219.6,0.6225,86.5,53.0,2.92,1,0.3804
2026-05-18,2026-05-11 17:17:10,S0677,Sergeli,41.238793,69.327803,41.9,9.1,49.31,214.5,0.6825,88.1,64.5,2.93,1,0.3804
2026-05-12,2026-05-11 17:17:10,S0678,Sergeli,41.213584,69.269032,32.8,0.2,50.26,210.6,0.3991,92.0,60.7,3.39,0,0.0309
2026-05-13,2026-05-11 17:17:10,S0678,Sergeli,41.213584,69.269032,33.2,0.5,50.41,212.5,0.2776,93.5,58.5,3.44,0,0.0309
2026-05-14,2026-05-11 17:17:10,S0678,Sergeli,41.213584,69.269032,35.1,0.0,50.51,215.2,0.3438,92.9,63.6,3.76,1,0.3809
2026-05-15,2026-05-11 17:17:10,S0678,Sergeli,41.213584,69.269032,37.2,0.0,50.26,214.3,0.2212,91.1,53.1,3.13,0,0.0309
2026-05-16,2026-05-11 17:17:10,S0678,Sergeli,41.213584,69.269032,35.3,0.0,50.58,211.5,0.365,92.8,53.4,3.34,1,0.3809
2026-05-17,2026-05-11 17:17:10,S0678,Sergeli,41.213584,69.269032,34.9,0.0,50.4,217.1,0.2296,88.4,56.8,3.39,0,0.0309
2026-05-18,2026-05-11 17:17:10,S0678,Sergeli,41.213584,69.269032,37.0,0.0,50.56,217.4,0.359,90.9,50.3,3.4,1,0.3809
2026-05-12,2026-05-11 17:17:10,S0679,Sergeli,41.211579,69.250063,44.8,7.8,50.13,214.0,0.5782,79.0,60.1,2.83,1,0.3835
2026-05-13,2026-05-11 17:17:10,S0679,Sergeli,41.211579,69.250063,42.8,6.2,50.12,217.8,0.37,79.9,61.7,2.7,1,0.3835
2026-05-14,2026-05-11 17:17:10,S0679,Sergeli,41.211579,69.250063,47.2,6.1,50.18,222.3,0.6531,80.0,53.4,2.94,2,0.7335
2026-05-15,2026-05-11 17:17:10,S0679,Sergeli,41.211579,69.250063,47.0,8.0,50.19,218.8,0.6368,80.6,60.9,2.85,2,0.7335
2026-05-16,2026-05-11 17:17:10,S0679,Sergeli,41.211579,69.250063,44.0,7.9,50.29,219.5,0.6891,79.1,65.2,3.02,1,0.3835
2026-05-17,2026-05-11 17:17:10,S0679,Sergeli,41.211579,69.250063,51.0,5.4,50.2,216.7,0.5292,78.9,51.1,2.98,2,0.7335
2026-05-18,2026-05-11 17:17:10,S0679,Sergeli,41.211579,69.250063,49.1,6.1,50.38,222.3,0.6567,75.3,55.5,2.95,2,0.7335
2026-05-12,2026-05-11 17:17:10,S0680,Sergeli,41.23163,69.24041,39.9,7.6,50.23,211.5,0.7547,88.4,82.0,2.58,0,0.0296
2026-05-13,2026-05-11 17:17:10,S0680,Sergeli,41.23163,69.24041,41.1,6.8,50.31,212.5,0.6818,81.5,82.0,2.19,1,0.3796
2026-05-14,2026-05-11 17:17:10,S0680,Sergeli,41.23163,69.24041,43.6,9.5,50.22,210.8,0.6664,87.1,81.2,2.09,1,0.3796
2026-05-15,2026-05-11 17:17:10,S0680,Sergeli,41.23163,69.24041,45.6,9.0,50.36,210.0,0.5597,83.8,86.0,2.44,2,0.7296
2026-05-16,2026-05-11 17:17:10,S0680,Sergeli,41.23163,69.24041,43.9,10.2,50.28,211.8,0.5865,80.8,86.5,2.15,1,0.3796
2026-05-17,2026-05-11 17:17:10,S0680,Sergeli,41.23163,69.24041,46.8,9.2,50.24,214.7,0.5654,82.2,86.5,1.93,2,0.7296
2026-05-18,2026-05-11 17:17:10,S0680,Sergeli,41.23163,69.24041,45.1,9.3,50.14,213.3,0.4358,80.8,80.8,2.34,2,0.7296
2026-05-12,2026-05-11 17:17:10,S0681,Sergeli,41.241518,69.338154,40.8,8.4,49.8,224.2,0.0972,81.2,33.9,3.06,1,0.3827
2026-05-13,2026-05-11 17:17:10,S0681,Sergeli,41.241518,69.338154,42.8,8.2,49.97,223.8,0.225,83.0,39.6,2.92,1,0.3827
2026-05-14,2026-05-11 17:17:10,S0681,Sergeli,41.241518,69.338154,42.8,7.8,49.67,225.2,0.1431,82.9,28.2,2.62,1,0.3827
2026-05-15,2026-05-11 17:17:10,S0681,Sergeli,41.241518,69.338154,41.9,4.9,49.67,224.8,0.01,82.0,41.6,3.0,1,0.3827
2026-05-16,2026-05-11 17:17:10,S0681,Sergeli,41.241518,69.338154,42.5,6.8,49.69,224.3,0.01,84.3,34.4,2.81,1,0.3827
2026-05-17,2026-05-11 17:17:10,S0681,Sergeli,41.241518,69.338154,40.5,6.5,49.58,226.1,0.01,85.4,40.2,2.53,1,0.3827
2026-05-18,2026-05-11 17:17:10,S0681,Sergeli,41.241518,69.338154,42.6,2.6,49.71,222.1,0.01,86.0,31.6,2.57,1,0.3827
2026-05-12,2026-05-11 17:17:10,S0682,Sergeli,41.17171,69.262438,34.2,1.1,50.34,236.7,0.2211,77.9,48.1,0.93,1,0.3917
2026-05-13,2026-05-11 17:17:10,S0682,Sergeli,41.17171,69.262438,36.3,0.4,50.24,240.3,0.3402,80.4,53.2,0.91,2,0.7417
2026-05-14,2026-05-11 17:17:10,S0682,Sergeli,41.17171,69.262438,29.5,0.0,50.22,232.1,0.2618,77.9,50.5,1.62,1,0.3917
2026-05-15,2026-05-11 17:17:10,S0682,Sergeli,41.17171,69.262438,31.0,1.5,50.21,235.6,0.4114,80.3,43.0,1.15,1,0.3917
2026-05-16,2026-05-11 17:17:10,S0682,Sergeli,41.17171,69.262438,34.0,2.5,50.22,235.6,0.194,77.2,48.3,1.37,1,0.3917
2026-05-17,2026-05-11 17:17:10,S0682,Sergeli,41.17171,69.262438,30.7,0.0,50.38,234.6,0.2869,79.5,50.1,0.83,1,0.3917
2026-05-18,2026-05-11 17:17:10,S0682,Sergeli,41.17171,69.262438,30.4,0.0,50.29,238.4,0.2372,79.5,58.9,0.59,1,0.3917
2026-05-12,2026-05-11 17:17:10,S0683,Sergeli,41.176567,69.268136,30.9,8.2,50.21,220.1,0.8188,83.9,62.0,3.68,1,0.371
2026-05-13,2026-05-11 17:17:10,S0683,Sergeli,41.176567,69.268136,29.0,10.6,50.11,220.3,0.7726,83.3,65.3,3.7,1,0.371
2026-05-14,2026-05-11 17:17:10,S0683,Sergeli,41.176567,69.268136,33.4,8.4,50.05,220.0,0.7987,82.2,62.5,3.97,1,0.371
2026-05-15,2026-05-11 17:17:10,S0683,Sergeli,41.176567,69.268136,29.7,8.4,50.15,227.7,0.8997,83.6,63.1,4.08,1,0.371
2026-05-16,2026-05-11 17:17:10,S0683,Sergeli,41.176567,69.268136,32.0,8.3,50.21,226.9,0.8523,83.6,55.9,4.68,1,0.371
2026-05-17,2026-05-11 17:17:10,S0683,Sergeli,41.176567,69.268136,31.1,8.9,50.05,226.5,0.9405,79.7,52.4,4.55,1,0.371
2026-05-18,2026-05-11 17:17:10,S0683,Sergeli,41.176567,69.268136,30.3,8.5,50.13,230.7,0.9457,86.7,58.6,4.9,1,0.371
2026-05-12,2026-05-11 17:17:10,S0684,Sergeli,41.246397,69.252297,44.6,13.3,49.36,230.5,0.5247,86.5,68.5,4.11,1,0.3734
2026-05-13,2026-05-11 17:17:10,S0684,Sergeli,41.246397,69.252297,45.3,13.2,49.37,227.7,0.4994,87.8,65.9,5.03,2,0.7234
2026-05-14,2026-05-11 17:17:10,S0684,Sergeli,41.246397,69.252297,48.1,14.5,49.46,229.6,0.4371,92.1,73.5,4.48,2,0.7234
2026-05-15,2026-05-11 17:17:10,S0684,Sergeli,41.246397,69.252297,48.2,14.7,49.41,231.5,0.5604,90.7,68.0,4.89,2,0.7234
2026-05-16,2026-05-11 17:17:10,S0684,Sergeli,41.246397,69.252297,50.9,15.7,49.47,227.5,0.5067,90.5,69.2,4.04,2,0.7234
2026-05-17,2026-05-11 17:17:10,S0684,Sergeli,41.246397,69.252297,52.1,14.4,49.4,232.6,0.4791,94.2,67.7,4.9,2,0.7234
2026-05-18,2026-05-11 17:17:10,S0684,Sergeli,41.246397,69.252297,54.5,16.8,49.41,230.2,0.4571,93.0,78.4,4.5,2,0.7234
2026-05-12,2026-05-11 17:17:10,S0685,Sergeli,41.223719,69.319891,29.5,8.3,49.67,226.1,0.0717,97.5,52.3,1.45,0,0.0299
2026-05-13,2026-05-11 17:17:10,S0685,Sergeli,41.223719,69.319891,28.9,9.9,49.79,224.2,0.0898,100.0,54.6,1.38,0,0.0299
2026-05-14,2026-05-11 17:17:10,S0685,Sergeli,41.223719,69.319891,32.0,10.6,49.69,226.6,0.0488,100.0,51.9,1.6,0,0.0299
2026-05-15,2026-05-11 17:17:10,S0685,Sergeli,41.223719,69.319891,28.8,9.6,49.86,222.9,0.01,97.1,48.9,1.74,0,0.0299
2026-05-16,2026-05-11 17:17:10,S0685,Sergeli,41.223719,69.319891,31.0,10.1,49.73,224.3,0.0571,98.2,54.1,1.72,0,0.0299
2026-05-17,2026-05-11 17:17:10,S0685,Sergeli,41.223719,69.319891,29.7,10.2,49.94,224.3,0.01,97.2,47.6,1.84,0,0.0299
2026-05-18,2026-05-11 17:17:10,S0685,Sergeli,41.223719,69.319891,26.9,12.8,49.88,223.8,0.01,99.2,46.0,2.14,0,0.0299
2026-05-12,2026-05-11 17:17:10,S0686,Sergeli,41.195351,69.245819,34.7,6.1,50.28,219.4,0.3811,84.9,82.9,4.02,1,0.383
2026-05-13,2026-05-11 17:17:10,S0686,Sergeli,41.195351,69.245819,38.5,4.2,50.33,225.3,0.3202,84.4,79.7,3.95,1,0.383
2026-05-14,2026-05-11 17:17:10,S0686,Sergeli,41.195351,69.245819,36.0,3.6,50.45,222.0,0.3441,84.9,77.4,4.28,1,0.383
2026-05-15,2026-05-11 17:17:10,S0686,Sergeli,41.195351,69.245819,37.2,4.4,50.5,222.6,0.4396,86.3,68.8,3.81,0,0.033
2026-05-16,2026-05-11 17:17:10,S0686,Sergeli,41.195351,69.245819,41.1,3.8,50.51,220.1,0.193,87.1,68.3,3.9,1,0.383
2026-05-17,2026-05-11 17:17:10,S0686,Sergeli,41.195351,69.245819,39.3,1.1,50.64,219.5,0.4021,86.9,69.0,4.04,1,0.383
2026-05-18,2026-05-11 17:17:10,S0686,Sergeli,41.195351,69.245819,38.7,1.1,50.67,220.8,0.2337,87.4,64.2,4.45,1,0.383
2026-05-12,2026-05-11 17:17:10,S0687,Sergeli,41.241186,69.302592,27.9,8.9,50.16,223.7,0.4679,83.5,62.9,1.82,1,0.3771
2026-05-13,2026-05-11 17:17:10,S0687,Sergeli,41.241186,69.302592,27.7,11.5,50.15,225.2,0.4621,82.8,65.2,1.77,1,0.3771
2026-05-14,2026-05-11 17:17:10,S0687,Sergeli,41.241186,69.302592,28.8,10.4,50.01,222.3,0.5263,80.3,62.4,1.65,1,0.3771
2026-05-15,2026-05-11 17:17:10,S0687,Sergeli,41.241186,69.302592,26.5,13.4,50.11,226.1,0.4592,85.3,72.6,1.57,0,0.0271
2026-05-16,2026-05-11 17:17:10,S0687,Sergeli,41.241186,69.302592,28.8,13.2,49.97,226.9,0.4842,88.9,59.6,1.97,0,0.0271
2026-05-17,2026-05-11 17:17:10,S0687,Sergeli,41.241186,69.302592,23.8,16.2,49.91,229.8,0.3794,85.1,50.6,1.97,0,0.0271
2026-05-18,2026-05-11 17:17:10,S0687,Sergeli,41.241186,69.302592,24.2,15.4,50.08,222.8,0.4064,89.4,60.6,1.65,0,0.0271
2026-05-12,2026-05-11 17:17:10,S0688,Sergeli,41.179705,69.273724,41.0,10.2,50.07,212.2,0.9803,83.3,47.6,3.9,1,0.3712
2026-05-13,2026-05-11 17:17:10,S0688,Sergeli,41.179705,69.273724,40.4,12.0,50.17,209.1,0.8759,81.8,40.5,3.09,1,0.3712
2026-05-14,2026-05-11 17:17:10,S0688,Sergeli,41.179705,69.273724,41.5,12.8,50.16,211.6,0.7406,84.5,36.5,3.43,1,0.3712
2026-05-15,2026-05-11 17:17:10,S0688,Sergeli,41.179705,69.273724,45.1,9.2,50.15,209.0,0.8707,83.9,34.7,3.09,2,0.7212
2026-05-16,2026-05-11 17:17:10,S0688,Sergeli,41.179705,69.273724,42.9,8.3,50.05,205.9,0.8894,84.1,35.4,3.29,1,0.3712
2026-05-17,2026-05-11 17:17:10,S0688,Sergeli,41.179705,69.273724,45.0,9.0,50.2,204.6,0.9008,80.1,42.1,3.06,1,0.3712
2026-05-18,2026-05-11 17:17:10,S0688,Sergeli,41.179705,69.273724,45.4,9.3,50.12,207.2,0.7468,79.1,28.3,3.05,2,0.7212
2026-05-12,2026-05-11 17:17:10,S0689,Sergeli,41.236539,69.299538,30.5,9.3,49.91,219.7,0.4916,87.8,89.4,4.05,0,0.0303
2026-05-13,2026-05-11 17:17:10,S0689,Sergeli,41.236539,69.299538,32.0,11.2,49.87,220.2,0.3971,86.2,95.0,3.91,1,0.3803
2026-05-14,2026-05-11 17:17:10,S0689,Sergeli,41.236539,69.299538,34.0,11.6,49.77,225.3,0.2682,88.9,91.4,4.08,1,0.3803
2026-05-15,2026-05-11 17:17:10,S0689,Sergeli,41.236539,69.299538,36.7,12.7,49.96,223.0,0.4248,83.4,91.8,3.45,1,0.3803
2026-05-16,2026-05-11 17:17:10,S0689,Sergeli,41.236539,69.299538,35.7,11.2,49.91,227.2,0.3217,89.2,89.1,4.46,0,0.0303
2026-05-17,2026-05-11 17:17:10,S0689,Sergeli,41.236539,69.299538,38.6,13.2,49.8,228.1,0.305,87.0,95.0,4.43,1,0.3803
2026-05-18,2026-05-11 17:17:10,S0689,Sergeli,41.236539,69.299538,38.3,12.3,49.71,231.8,0.3685,86.3,95.0,4.8,1,0.3803
2026-05-12,2026-05-11 17:17:10,S0690,Sergeli,41.254133,69.259078,34.5,12.7,49.9,229.3,0.393,83.1,50.9,3.43,1,0.3841
2026-05-13,2026-05-11 17:17:10,S0690,Sergeli,41.254133,69.259078,33.5,12.7,49.76,233.6,0.4279,83.1,60.8,3.02,1,0.3841
2026-05-14,2026-05-11 17:17:10,S0690,Sergeli,41.254133,69.259078,31.5,12.7,49.92,236.5,0.5364,85.6,63.8,2.97,1,0.3841
2026-05-15,2026-05-11 17:17:10,S0690,Sergeli,41.254133,69.259078,33.4,12.4,49.98,232.8,0.5247,84.8,50.1,3.13,1,0.3841
2026-05-16,2026-05-11 17:17:10,S0690,Sergeli,41.254133,69.259078,30.2,13.1,49.9,234.2,0.4864,86.3,62.2,3.25,1,0.3841
2026-05-17,2026-05-11 17:17:10,S0690,Sergeli,41.254133,69.259078,31.1,13.6,50.21,232.6,0.572,83.1,63.2,3.03,1,0.3841
2026-05-18,2026-05-11 17:17:10,S0690,Sergeli,41.254133,69.259078,30.1,12.0,49.81,241.3,0.4224,85.9,59.6,2.85,2,0.7341
2026-05-12,2026-05-11 17:17:10,S0691,Sergeli,41.189929,69.249154,32.2,10.4,50.05,204.8,0.6897,77.2,61.2,3.81,1,0.3808
2026-05-13,2026-05-11 17:17:10,S0691,Sergeli,41.189929,69.249154,31.5,9.5,49.86,202.2,0.6461,76.1,53.6,3.96,1,0.3808
2026-05-14,2026-05-11 17:17:10,S0691,Sergeli,41.189929,69.249154,28.9,9.5,50.16,203.1,0.6825,76.3,64.2,4.2,1,0.3808
2026-05-15,2026-05-11 17:17:10,S0691,Sergeli,41.189929,69.249154,31.3,9.2,50.02,205.7,0.7388,79.5,60.2,4.32,1,0.3808
2026-05-16,2026-05-11 17:17:10,S0691,Sergeli,41.189929,69.249154,26.9,7.8,49.99,209.3,0.734,77.0,63.5,3.81,1,0.3808
2026-05-17,2026-05-11 17:17:10,S0691,Sergeli,41.189929,69.249154,26.8,8.1,49.94,198.8,0.7758,77.7,66.5,3.89,2,0.7308
2026-05-18,2026-05-11 17:17:10,S0691,Sergeli,41.189929,69.249154,28.1,5.7,49.91,196.7,0.8492,78.5,57.6,3.79,2,0.7308
2026-05-12,2026-05-11 17:17:10,S0692,Sergeli,41.228668,69.310995,37.6,12.8,49.49,233.8,0.7728,80.0,69.5,3.63,1,0.3907
2026-05-13,2026-05-11 17:17:10,S0692,Sergeli,41.228668,69.310995,32.3,14.4,49.53,234.9,0.8365,79.9,69.4,3.11,1,0.3907
2026-05-14,2026-05-11 17:17:10,S0692,Sergeli,41.228668,69.310995,36.9,15.4,49.4,231.3,0.7942,80.7,75.7,3.25,1,0.3907
2026-05-15,2026-05-11 17:17:10,S0692,Sergeli,41.228668,69.310995,39.8,14.3,49.43,231.7,0.9368,75.6,80.7,3.93,1,0.3907
2026-05-16,2026-05-11 17:17:10,S0692,Sergeli,41.228668,69.310995,37.2,17.9,49.67,235.7,0.9516,77.7,73.3,3.41,1,0.3907
2026-05-17,2026-05-11 17:17:10,S0692,Sergeli,41.228668,69.310995,38.9,17.7,49.51,236.3,0.9363,77.6,80.3,3.27,1,0.3907
2026-05-18,2026-05-11 17:17:10,S0692,Sergeli,41.228668,69.310995,40.1,16.1,49.56,236.3,1.0182,79.7,75.4,3.9,1,0.3907
2026-05-12,2026-05-11 17:17:10,S0693,Sergeli,41.203997,69.32785,40.1,5.5,50.56,218.8,0.3813,87.3,71.6,2.82,1,0.3699
2026-05-13,2026-05-11 17:17:10,S0693,Sergeli,41.203997,69.32785,42.2,6.8,50.61,216.6,0.4207,87.3,58.5,2.87,1,0.3699
2026-05-14,2026-05-11 17:17:10,S0693,Sergeli,41.203997,69.32785,41.9,5.3,50.7,217.5,0.4078,86.7,61.4,2.64,1,0.3699
2026-05-15,2026-05-11 17:17:10,S0693,Sergeli,41.203997,69.32785,42.8,6.3,50.52,213.2,0.391,86.5,72.2,2.66,1,0.3699
2026-05-16,2026-05-11 17:17:10,S0693,Sergeli,41.203997,69.32785,40.6,5.1,50.51,220.1,0.2213,85.5,70.1,2.61,1,0.3699
2026-05-17,2026-05-11 17:17:10,S0693,Sergeli,41.203997,69.32785,43.5,4.9,50.5,214.6,0.345,86.9,70.4,2.9,1,0.3699
2026-05-18,2026-05-11 17:17:10,S0693,Sergeli,41.203997,69.32785,43.5,6.0,50.49,213.9,0.2824,89.8,68.9,2.53,1,0.3699
2026-05-12,2026-05-11 17:17:10,S0694,Sergeli,41.238197,69.290765,37.1,3.7,50.51,218.8,0.4034,88.7,56.0,4.4,1,0.3807
2026-05-13,2026-05-11 17:17:10,S0694,Sergeli,41.238197,69.290765,37.0,3.5,50.34,216.9,0.4788,89.3,62.5,4.51,0,0.0307
2026-05-14,2026-05-11 17:17:10,S0694,Sergeli,41.238197,69.290765,38.5,5.8,50.45,221.1,0.6277,89.5,66.9,4.18,0,0.0307
2026-05-15,2026-05-11 17:17:10,S0694,Sergeli,41.238197,69.290765,37.1,4.4,50.4,220.9,0.4845,92.0,63.7,4.45,0,0.0307
2026-05-16,2026-05-11 17:17:10,S0694,Sergeli,41.238197,69.290765,33.6,4.2,50.38,220.1,0.5252,94.7,74.9,4.3,0,0.0307
2026-05-17,2026-05-11 17:17:10,S0694,Sergeli,41.238197,69.290765,33.7,3.9,50.58,221.5,0.5561,92.4,64.3,4.85,1,0.3807
2026-05-18,2026-05-11 17:17:10,S0694,Sergeli,41.238197,69.290765,34.6,1.8,50.54,215.9,0.603,94.8,67.9,4.85,1,0.3807
2026-05-12,2026-05-11 17:17:10,S0695,Sergeli,41.229505,69.273959,35.4,3.4,49.63,229.6,0.2956,94.2,60.9,1.94,0,0.031
2026-05-13,2026-05-11 17:17:10,S0695,Sergeli,41.229505,69.273959,37.5,5.2,49.91,232.4,0.3246,93.2,67.1,1.88,1,0.381
2026-05-14,2026-05-11 17:17:10,S0695,Sergeli,41.229505,69.273959,35.7,3.6,49.63,231.8,0.2339,93.0,76.5,1.75,1,0.381
2026-05-15,2026-05-11 17:17:10,S0695,Sergeli,41.229505,69.273959,32.1,2.7,49.67,234.8,0.3505,92.8,59.6,1.28,1,0.381
2026-05-16,2026-05-11 17:17:10,S0695,Sergeli,41.229505,69.273959,33.2,4.2,49.68,235.2,0.3718,92.8,60.8,1.96,1,0.381
2026-05-17,2026-05-11 17:17:10,S0695,Sergeli,41.229505,69.273959,34.1,2.9,49.81,237.4,0.3993,89.4,64.0,1.8,1,0.381
2026-05-18,2026-05-11 17:17:10,S0695,Sergeli,41.229505,69.273959,27.4,1.7,49.69,238.2,0.3415,83.9,54.5,2.14,1,0.381
2026-05-12,2026-05-11 17:17:10,S0696,Sergeli,41.241026,69.252987,37.7,6.1,50.51,219.0,0.6019,88.1,47.7,4.18,1,0.3799
2026-05-13,2026-05-11 17:17:10,S0696,Sergeli,41.241026,69.252987,36.2,6.2,50.44,221.3,0.7416,87.9,44.3,4.68,0,0.0299
2026-05-14,2026-05-11 17:17:10,S0696,Sergeli,41.241026,69.252987,38.1,6.2,50.39,226.8,0.6176,89.9,52.2,4.37,0,0.0299
2026-05-15,2026-05-11 17:17:10,S0696,Sergeli,41.241026,69.252987,36.5,5.2,50.5,223.0,0.7934,88.9,46.4,4.18,0,0.0299
2026-05-16,2026-05-11 17:17:10,S0696,Sergeli,41.241026,69.252987,37.5,7.6,50.57,222.9,0.9361,95.6,52.2,4.41,1,0.3799
2026-05-17,2026-05-11 17:17:10,S0696,Sergeli,41.241026,69.252987,39.7,3.3,50.54,220.9,0.643,91.6,54.7,4.72,1,0.3799
2026-05-18,2026-05-11 17:17:10,S0696,Sergeli,41.241026,69.252987,36.2,6.6,50.4,221.8,0.9378,96.3,43.6,4.45,0,0.0299
2026-05-12,2026-05-11 17:17:10,S0697,Sergeli,41.189295,69.327093,30.1,10.5,49.77,206.2,0.961,77.4,74.0,3.6,1,0.376
2026-05-13,2026-05-11 17:17:10,S0697,Sergeli,41.189295,69.327093,31.8,10.8,49.81,207.2,0.8813,78.3,75.6,3.09,1,0.376
2026-05-14,2026-05-11 17:17:10,S0697,Sergeli,41.189295,69.327093,29.4,11.8,49.64,206.9,0.9932,78.7,77.6,3.21,1,0.376
2026-05-15,2026-05-11 17:17:10,S0697,Sergeli,41.189295,69.327093,29.8,12.9,49.66,207.3,1.0735,80.7,75.2,3.16,1,0.376
2026-05-16,2026-05-11 17:17:10,S0697,Sergeli,41.189295,69.327093,26.5,13.3,49.72,209.2,1.066,78.6,83.7,3.0,1,0.376
2026-05-17,2026-05-11 17:17:10,S0697,Sergeli,41.189295,69.327093,25.4,13.1,49.73,210.7,1.0419,77.6,77.6,3.83,1,0.376
2026-05-18,2026-05-11 17:17:10,S0697,Sergeli,41.189295,69.327093,25.3,14.3,49.71,209.1,1.0666,80.7,80.5,3.4,1,0.376
2026-05-12,2026-05-11 17:17:10,S0698,Sergeli,41.247287,69.245667,37.0,10.2,50.2,219.9,0.6105,85.5,84.0,5.81,2,0.7277
2026-05-13,2026-05-11 17:17:10,S0698,Sergeli,41.247287,69.245667,36.5,11.3,50.21,220.5,0.4367,83.7,82.2,5.23,1,0.3777
2026-05-14,2026-05-11 17:17:10,S0698,Sergeli,41.247287,69.245667,34.8,9.9,50.15,225.8,0.421,87.1,73.6,5.19,1,0.3777
2026-05-15,2026-05-11 17:17:10,S0698,Sergeli,41.247287,69.245667,35.5,10.0,50.23,223.6,0.3564,81.7,75.9,5.77,2,0.7277
2026-05-16,2026-05-11 17:17:10,S0698,Sergeli,41.247287,69.245667,36.2,7.9,50.3,220.5,0.4124,83.7,73.6,5.71,2,0.7277
2026-05-17,2026-05-11 17:17:10,S0698,Sergeli,41.247287,69.245667,32.1,11.5,50.28,220.9,0.4565,84.5,69.1,5.41,1,0.3777
2026-05-18,2026-05-11 17:17:10,S0698,Sergeli,41.247287,69.245667,35.6,9.6,50.31,215.0,0.3078,90.5,67.2,5.91,2,0.7277
2026-05-12,2026-05-11 17:17:10,S0699,Sergeli,41.218187,69.302987,32.0,18.2,49.74,222.0,0.4946,84.6,34.2,2.92,1,0.3848
2026-05-13,2026-05-11 17:17:10,S0699,Sergeli,41.218187,69.302987,33.4,18.7,49.86,223.5,0.3561,79.7,32.8,3.26,1,0.3848
2026-05-14,2026-05-11 17:17:10,S0699,Sergeli,41.218187,69.302987,31.2,17.4,49.75,227.7,0.4513,82.8,25.9,3.08,1,0.3848
2026-05-15,2026-05-11 17:17:10,S0699,Sergeli,41.218187,69.302987,30.6,18.9,49.77,228.9,0.516,84.0,25.0,2.22,1,0.3848
2026-05-16,2026-05-11 17:17:10,S0699,Sergeli,41.218187,69.302987,35.5,17.5,49.7,226.6,0.3288,80.3,25.0,2.64,1,0.3848
2026-05-17,2026-05-11 17:17:10,S0699,Sergeli,41.218187,69.302987,32.4,19.3,49.49,236.3,0.2723,81.0,25.0,2.57,1,0.3848
2026-05-18,2026-05-11 17:17:10,S0699,Sergeli,41.218187,69.302987,33.4,19.3,49.53,233.9,0.1885,78.5,25.0,2.53,1,0.3848
2026-05-12,2026-05-11 17:17:10,S0700,Sergeli,41.20176,69.299862,35.1,4.0,50.4,206.0,0.5406,77.9,95.0,2.98,1,0.3701
2026-05-13,2026-05-11 17:17:10,S0700,Sergeli,41.20176,69.299862,39.6,6.6,50.28,202.9,0.8209,77.3,84.1,2.94,1,0.3701
2026-05-14,2026-05-11 17:17:10,S0700,Sergeli,41.20176,69.299862,34.4,6.4,50.33,205.6,0.7762,77.2,91.6,3.27,1,0.3701
2026-05-15,2026-05-11 17:17:10,S0700,Sergeli,41.20176,69.299862,36.8,5.7,50.21,203.1,0.7972,77.6,83.4,3.49,1,0.3701
2026-05-16,2026-05-11 17:17:10,S0700,Sergeli,41.20176,69.299862,36.0,2.4,50.4,200.9,0.6941,78.1,95.0,3.4,1,0.3701
2026-05-17,2026-05-11 17:17:10,S0700,Sergeli,41.20176,69.299862,37.1,4.8,50.35,198.9,0.8761,76.5,95.0,3.08,2,0.7201
2026-05-18,2026-05-11 17:17:10,S0700,Sergeli,41.20176,69.299862,36.4,2.1,50.33,203.4,0.7235,76.3,88.5,3.66,1,0.3701
2026-05-12,2026-05-11 17:17:10,S0701,Shayxontohur,41.326262,69.292751,34.5,7.4,50.16,212.8,0.4555,86.9,49.3,3.25,0,0.0249
2026-05-13,2026-05-11 17:17:10,S0701,Shayxontohur,41.326262,69.292751,32.9,8.1,50.28,214.6,0.4303,88.4,50.1,3.42,0,0.0249
2026-05-14,2026-05-11 17:17:10,S0701,Shayxontohur,41.326262,69.292751,34.6,7.9,50.04,214.6,0.5088,90.4,51.0,3.58,0,0.0249
2026-05-15,2026-05-11 17:17:10,S0701,Shayxontohur,41.326262,69.292751,33.7,9.8,50.13,215.4,0.5706,90.2,51.3,2.88,0,0.0249
2026-05-16,2026-05-11 17:17:10,S0701,Shayxontohur,41.326262,69.292751,30.7,8.5,50.21,210.5,0.5162,93.8,61.0,3.57,0,0.0249
2026-05-17,2026-05-11 17:17:10,S0701,Shayxontohur,41.326262,69.292751,31.0,9.4,50.27,209.2,0.5013,90.4,54.3,3.51,1,0.3749
2026-05-18,2026-05-11 17:17:10,S0701,Shayxontohur,41.326262,69.292751,33.6,7.9,50.25,211.5,0.5033,94.4,39.0,3.56,0,0.0249
2026-05-12,2026-05-11 17:17:10,S0702,Shayxontohur,41.319304,69.302458,42.4,6.0,49.82,230.1,0.1727,86.7,40.4,2.9,1,0.3819
2026-05-13,2026-05-11 17:17:10,S0702,Shayxontohur,41.319304,69.302458,40.1,7.2,49.76,237.6,0.2066,87.2,56.3,2.53,1,0.3819
2026-05-14,2026-05-11 17:17:10,S0702,Shayxontohur,41.319304,69.302458,37.8,6.0,49.76,240.3,0.2397,92.3,47.2,3.3,2,0.7319
2026-05-15,2026-05-11 17:17:10,S0702,Shayxontohur,41.319304,69.302458,41.9,5.1,49.77,242.5,0.2397,90.3,43.2,2.99,2,0.7319
2026-05-16,2026-05-11 17:17:10,S0702,Shayxontohur,41.319304,69.302458,43.3,4.0,49.84,245.0,0.1,91.9,45.1,2.59,2,0.7319
2026-05-17,2026-05-11 17:17:10,S0702,Shayxontohur,41.319304,69.302458,40.9,6.2,49.66,245.0,0.2866,91.9,43.8,3.12,2,0.7319
2026-05-18,2026-05-11 17:17:10,S0702,Shayxontohur,41.319304,69.302458,44.0,6.2,49.65,245.0,0.2443,90.8,43.4,3.08,2,0.7319
2026-05-12,2026-05-11 17:17:10,S0703,Shayxontohur,41.292899,69.285724,28.3,13.1,49.86,205.9,0.363,88.1,69.4,4.33,1,0.3749
2026-05-13,2026-05-11 17:17:10,S0703,Shayxontohur,41.292899,69.285724,29.8,15.9,49.74,209.3,0.5679,84.3,84.3,4.53,1,0.3749
2026-05-14,2026-05-11 17:17:10,S0703,Shayxontohur,41.292899,69.285724,34.5,15.7,49.74,208.1,0.5178,86.8,71.0,5.03,1,0.3749
2026-05-15,2026-05-11 17:17:10,S0703,Shayxontohur,41.292899,69.285724,35.4,14.1,49.64,204.1,0.495,83.4,74.3,4.38,1,0.3749
2026-05-16,2026-05-11 17:17:10,S0703,Shayxontohur,41.292899,69.285724,31.5,13.2,49.49,205.2,0.4018,86.4,70.5,5.18,1,0.3749
2026-05-17,2026-05-11 17:17:10,S0703,Shayxontohur,41.292899,69.285724,31.3,15.3,49.65,208.4,0.4437,80.2,76.3,4.32,1,0.3749
2026-05-18,2026-05-11 17:17:10,S0703,Shayxontohur,41.292899,69.285724,30.1,12.2,49.84,206.4,0.4366,84.6,73.8,5.26,1,0.3749
2026-05-12,2026-05-11 17:17:10,S0704,Shayxontohur,41.290176,69.255252,29.3,7.2,50.43,213.7,0.7538,87.8,66.2,4.59,0,0.0274
2026-05-13,2026-05-11 17:17:10,S0704,Shayxontohur,41.290176,69.255252,29.2,5.7,50.42,211.8,0.7371,90.9,69.4,4.77,0,0.0274
2026-05-14,2026-05-11 17:17:10,S0704,Shayxontohur,41.290176,69.255252,36.0,7.1,50.62,206.5,0.8468,86.3,67.4,4.55,1,0.3774
2026-05-15,2026-05-11 17:17:10,S0704,Shayxontohur,41.290176,69.255252,30.3,6.7,50.49,205.1,0.9076,88.7,65.9,4.68,1,0.3774
2026-05-16,2026-05-11 17:17:10,S0704,Shayxontohur,41.290176,69.255252,28.4,8.4,50.44,206.2,0.8235,88.4,75.1,5.03,1,0.3774
2026-05-17,2026-05-11 17:17:10,S0704,Shayxontohur,41.290176,69.255252,29.9,7.7,50.49,202.5,0.8451,87.4,67.9,5.07,1,0.3774
2026-05-18,2026-05-11 17:17:10,S0704,Shayxontohur,41.290176,69.255252,29.7,8.4,50.57,203.9,1.0123,89.1,70.9,4.85,1,0.3774
2026-05-12,2026-05-11 17:17:10,S0705,Shayxontohur,41.301588,69.260922,28.4,9.1,49.85,224.7,0.0696,80.7,48.2,3.39,1,0.3718
2026-05-13,2026-05-11 17:17:10,S0705,Shayxontohur,41.301588,69.260922,29.2,7.0,49.89,226.8,0.1341,89.4,47.9,3.61,0,0.0218
2026-05-14,2026-05-11 17:17:10,S0705,Shayxontohur,41.301588,69.260922,26.4,8.0,50.07,226.1,0.2019,83.7,41.6,3.41,1,0.3718
2026-05-15,2026-05-11 17:17:10,S0705,Shayxontohur,41.301588,69.260922,27.1,11.0,49.92,223.5,0.2573,79.9,45.6,3.63,1,0.3718
2026-05-16,2026-05-11 17:17:10,S0705,Shayxontohur,41.301588,69.260922,28.1,11.3,50.0,223.9,0.0997,85.4,43.9,3.55,0,0.0218
2026-05-17,2026-05-11 17:17:10,S0705,Shayxontohur,41.301588,69.260922,26.8,8.5,50.04,228.1,0.3103,82.8,45.1,3.46,1,0.3718
2026-05-18,2026-05-11 17:17:10,S0705,Shayxontohur,41.301588,69.260922,30.4,12.0,50.05,229.6,0.0914,88.7,38.6,3.11,0,0.0218
2026-05-12,2026-05-11 17:17:10,S0706,Shayxontohur,41.312794,69.275191,35.6,8.3,49.84,225.8,0.4067,86.2,91.9,2.56,1,0.3774
2026-05-13,2026-05-11 17:17:10,S0706,Shayxontohur,41.312794,69.275191,34.0,6.1,49.7,226.2,0.2774,87.8,90.3,2.66,1,0.3774
2026-05-14,2026-05-11 17:17:10,S0706,Shayxontohur,41.312794,69.275191,34.2,6.9,49.83,224.3,0.4765,85.0,94.4,2.3,1,0.3774
2026-05-15,2026-05-11 17:17:10,S0706,Shayxontohur,41.312794,69.275191,32.2,7.8,49.78,221.0,0.4863,86.7,92.3,2.66,1,0.3774
2026-05-16,2026-05-11 17:17:10,S0706,Shayxontohur,41.312794,69.275191,31.5,8.0,49.63,221.4,0.3604,84.0,95.0,2.9,1,0.3774
2026-05-17,2026-05-11 17:17:10,S0706,Shayxontohur,41.312794,69.275191,26.2,9.2,49.77,224.7,0.3242,84.7,91.9,2.44,1,0.3774
2026-05-18,2026-05-11 17:17:10,S0706,Shayxontohur,41.312794,69.275191,26.3,6.2,49.64,223.2,0.2411,86.7,91.4,2.69,1,0.3774
2026-05-12,2026-05-11 17:17:10,S0707,Shayxontohur,41.311667,69.292919,40.4,6.0,49.04,224.0,1.0192,87.7,71.8,1.89,1,0.369
2026-05-13,2026-05-11 17:17:10,S0707,Shayxontohur,41.311667,69.292919,40.1,9.2,48.91,222.6,0.977,87.8,69.3,1.5,2,0.719
2026-05-14,2026-05-11 17:17:10,S0707,Shayxontohur,41.311667,69.292919,38.5,8.8,49.06,219.6,1.0187,86.1,70.8,1.68,1,0.369
2026-05-15,2026-05-11 17:17:10,S0707,Shayxontohur,41.311667,69.292919,41.3,7.0,49.14,223.4,0.9037,88.7,68.2,2.36,1,0.369
2026-05-16,2026-05-11 17:17:10,S0707,Shayxontohur,41.311667,69.292919,39.8,7.5,49.04,217.9,1.0131,87.3,71.3,2.03,1,0.369
2026-05-17,2026-05-11 17:17:10,S0707,Shayxontohur,41.311667,69.292919,43.0,5.3,49.02,215.2,1.045,87.7,68.6,1.9,1,0.369
2026-05-18,2026-05-11 17:17:10,S0707,Shayxontohur,41.311667,69.292919,39.8,7.3,49.0,219.8,1.0765,86.4,68.5,1.53,1,0.369
2026-05-12,2026-05-11 17:17:10,S0708,Shayxontohur,41.297556,69.267755,43.0,9.2,49.86,212.8,0.9162,85.3,75.0,3.44,1,0.3698
2026-05-13,2026-05-11 17:17:10,S0708,Shayxontohur,41.297556,69.267755,36.9,5.5,49.95,214.2,0.8589,83.3,80.6,3.68,1,0.3698
2026-05-14,2026-05-11 17:17:10,S0708,Shayxontohur,41.297556,69.267755,43.3,7.2,49.83,214.5,0.7657,79.4,82.1,3.34,1,0.3698
2026-05-15,2026-05-11 17:17:10,S0708,Shayxontohur,41.297556,69.267755,39.3,8.2,49.9,214.4,0.7628,80.9,80.3,3.57,1,0.3698
2026-05-16,2026-05-11 17:17:10,S0708,Shayxontohur,41.297556,69.267755,41.7,6.5,50.02,214.3,0.8127,81.2,77.9,3.37,1,0.3698
2026-05-17,2026-05-11 17:17:10,S0708,Shayxontohur,41.297556,69.267755,44.6,8.5,49.94,214.9,0.8786,80.6,76.7,3.02,1,0.3698
2026-05-18,2026-05-11 17:17:10,S0708,Shayxontohur,41.297556,69.267755,44.9,7.1,50.01,216.0,0.9084,78.1,77.4,3.07,1,0.3698
2026-05-12,2026-05-11 17:17:10,S0709,Shayxontohur,41.316671,69.276725,37.2,2.9,49.93,231.4,0.8805,90.9,77.0,2.53,1,0.3791
2026-05-13,2026-05-11 17:17:10,S0709,Shayxontohur,41.316671,69.276725,38.0,6.3,50.02,234.7,0.8563,88.0,63.5,2.34,1,0.3791
2026-05-14,2026-05-11 17:17:10,S0709,Shayxontohur,41.316671,69.276725,37.7,6.9,50.04,232.1,0.8671,82.3,68.2,2.33,1,0.3791
2026-05-15,2026-05-11 17:17:10,S0709,Shayxontohur,41.316671,69.276725,36.8,3.7,49.99,232.9,0.9448,85.8,69.4,2.19,1,0.3791
2026-05-16,2026-05-11 17:17:10,S0709,Shayxontohur,41.316671,69.276725,37.7,9.4,50.25,238.5,0.9863,85.8,73.1,1.52,1,0.3791
2026-05-17,2026-05-11 17:17:10,S0709,Shayxontohur,41.316671,69.276725,37.6,8.4,50.24,240.2,0.9564,83.8,78.2,1.69,2,0.7291
2026-05-18,2026-05-11 17:17:10,S0709,Shayxontohur,41.316671,69.276725,38.5,7.4,50.4,241.1,0.8639,86.0,67.7,1.2,2,0.7291
2026-05-12,2026-05-11 17:17:10,S0710,Shayxontohur,41.285069,69.28118,37.8,3.5,49.58,215.4,0.1845,92.8,91.1,4.85,1,0.378
2026-05-13,2026-05-11 17:17:10,S0710,Shayxontohur,41.285069,69.28118,34.6,4.1,49.74,213.9,0.0969,91.2,95.0,4.6,1,0.378
2026-05-14,2026-05-11 17:17:10,S0710,Shayxontohur,41.285069,69.28118,37.1,0.6,49.67,216.4,0.01,93.9,95.0,4.62,1,0.378
2026-05-15,2026-05-11 17:17:10,S0710,Shayxontohur,41.285069,69.28118,35.3,0.7,49.55,213.5,0.01,93.4,95.0,4.32,1,0.378
2026-05-16,2026-05-11 17:17:10,S0710,Shayxontohur,41.285069,69.28118,34.7,0.0,49.56,213.9,0.01,96.6,95.0,4.24,1,0.378
2026-05-17,2026-05-11 17:17:10,S0710,Shayxontohur,41.285069,69.28118,33.6,0.0,49.48,214.4,0.01,94.7,95.0,4.95,1,0.378
2026-05-18,2026-05-11 17:17:10,S0710,Shayxontohur,41.285069,69.28118,35.9,0.0,49.6,213.1,0.01,97.7,95.0,4.94,1,0.378
2026-05-12,2026-05-11 17:17:10,S0711,Shayxontohur,41.32791,69.296811,30.5,9.0,49.98,218.5,0.8116,89.9,58.8,4.52,0,0.0302
2026-05-13,2026-05-11 17:17:10,S0711,Shayxontohur,41.32791,69.296811,32.0,8.4,50.11,213.9,0.8299,84.3,54.0,4.22,1,0.3802
2026-05-14,2026-05-11 17:17:10,S0711,Shayxontohur,41.32791,69.296811,30.3,7.2,50.08,218.2,0.8093,85.5,61.8,4.83,0,0.0302
2026-05-15,2026-05-11 17:17:10,S0711,Shayxontohur,41.32791,69.296811,37.4,8.4,50.1,213.7,0.7522,83.5,59.2,5.03,1,0.3802
2026-05-16,2026-05-11 17:17:10,S0711,Shayxontohur,41.32791,69.296811,33.4,6.7,49.93,210.8,0.7623,84.8,65.4,4.8,1,0.3802
2026-05-17,2026-05-11 17:17:10,S0711,Shayxontohur,41.32791,69.296811,36.7,7.3,49.86,211.7,0.6769,83.6,54.8,5.09,1,0.3802
2026-05-18,2026-05-11 17:17:10,S0711,Shayxontohur,41.32791,69.296811,34.8,5.8,50.13,212.9,0.7652,83.9,54.2,5.67,2,0.7302
2026-05-12,2026-05-11 17:17:10,S0712,Shayxontohur,41.332123,69.26727,43.9,1.2,49.76,220.1,0.5106,84.3,90.6,4.26,1,0.3732
2026-05-13,2026-05-11 17:17:10,S0712,Shayxontohur,41.332123,69.26727,40.0,0.0,49.88,222.0,0.4923,86.5,92.6,3.99,1,0.3732
2026-05-14,2026-05-11 17:17:10,S0712,Shayxontohur,41.332123,69.26727,38.7,0.0,49.94,222.1,0.5526,84.1,95.0,3.7,1,0.3732
2026-05-15,2026-05-11 17:17:10,S0712,Shayxontohur,41.332123,69.26727,41.7,0.0,49.9,220.3,0.5528,84.4,94.1,3.68,1,0.3732
2026-05-16,2026-05-11 17:17:10,S0712,Shayxontohur,41.332123,69.26727,43.3,0.0,49.89,219.6,0.4186,84.1,95.0,3.67,1,0.3732
2026-05-17,2026-05-11 17:17:10,S0712,Shayxontohur,41.332123,69.26727,40.9,0.0,49.93,219.6,0.4784,82.1,93.3,4.21,1,0.3732
2026-05-18,2026-05-11 17:17:10,S0712,Shayxontohur,41.332123,69.26727,41.6,0.0,49.94,213.1,0.5362,83.2,95.0,4.05,1,0.3732
2026-05-12,2026-05-11 17:17:10,S0713,Shayxontohur,41.331998,69.269973,28.9,13.4,49.78,202.4,0.3172,85.6,70.0,4.26,1,0.3791
2026-05-13,2026-05-11 17:17:10,S0713,Shayxontohur,41.331998,69.269973,24.6,13.5,49.9,205.1,0.5096,88.1,69.1,4.23,1,0.3791
2026-05-14,2026-05-11 17:17:10,S0713,Shayxontohur,41.331998,69.269973,23.3,14.3,49.87,204.7,0.4485,89.1,67.2,4.02,1,0.3791
2026-05-15,2026-05-11 17:17:10,S0713,Shayxontohur,41.331998,69.269973,23.5,13.5,49.82,204.9,0.5299,86.6,64.3,4.01,1,0.3791
2026-05-16,2026-05-11 17:17:10,S0713,Shayxontohur,41.331998,69.269973,20.6,13.3,49.81,208.9,0.4446,90.2,78.3,4.42,1,0.3791
2026-05-17,2026-05-11 17:17:10,S0713,Shayxontohur,41.331998,69.269973,21.7,14.8,49.78,216.1,0.3959,91.4,73.3,4.27,0,0.0291
2026-05-18,2026-05-11 17:17:10,S0713,Shayxontohur,41.331998,69.269973,20.7,12.2,49.66,210.9,0.3855,90.5,72.1,4.06,0,0.0291
2026-05-12,2026-05-11 17:17:10,S0714,Shayxontohur,41.289929,69.291664,30.5,15.1,50.19,208.4,0.8126,83.2,77.3,2.23,1,0.3806
2026-05-13,2026-05-11 17:17:10,S0714,Shayxontohur,41.289929,69.291664,28.6,12.4,50.3,207.6,0.8417,81.0,71.9,2.28,1,0.3806
2026-05-14,2026-05-11 17:17:10,S0714,Shayxontohur,41.289929,69.291664,28.6,12.9,50.23,204.8,0.8312,75.9,77.1,2.41,1,0.3806
2026-05-15,2026-05-11 17:17:10,S0714,Shayxontohur,41.289929,69.291664,27.9,13.6,50.26,208.5,0.8402,79.4,81.2,2.28,1,0.3806
2026-05-16,2026-05-11 17:17:10,S0714,Shayxontohur,41.289929,69.291664,30.8,12.8,50.24,207.1,0.875,77.0,87.9,2.69,1,0.3806
2026-05-17,2026-05-11 17:17:10,S0714,Shayxontohur,41.289929,69.291664,29.3,15.2,50.12,205.1,0.953,78.9,79.3,2.6,1,0.3806
2026-05-18,2026-05-11 17:17:10,S0714,Shayxontohur,41.289929,69.291664,31.8,13.6,50.15,204.7,1.0075,76.7,72.1,2.02,1,0.3806
2026-05-12,2026-05-11 17:17:10,S0715,Shayxontohur,41.329668,69.280969,55.0,10.6,50.12,223.0,1.2247,89.0,85.3,3.55,2,0.7351
2026-05-13,2026-05-11 17:17:10,S0715,Shayxontohur,41.329668,69.280969,52.3,9.7,50.13,223.2,1.0356,93.0,94.3,3.05,2,0.7351
2026-05-14,2026-05-11 17:17:10,S0715,Shayxontohur,41.329668,69.280969,51.1,10.4,50.16,222.9,1.098,86.7,88.1,2.88,2,0.7351
2026-05-15,2026-05-11 17:17:10,S0715,Shayxontohur,41.329668,69.280969,50.9,10.7,50.16,225.1,1.2327,91.2,86.0,3.05,2,0.7351
2026-05-16,2026-05-11 17:17:10,S0715,Shayxontohur,41.329668,69.280969,52.6,9.0,50.16,216.9,1.1694,84.6,95.0,2.97,2,0.7351
2026-05-17,2026-05-11 17:17:10,S0715,Shayxontohur,41.329668,69.280969,53.2,8.3,50.22,222.0,1.3114,86.6,95.0,3.41,2,0.7351
2026-05-18,2026-05-11 17:17:10,S0715,Shayxontohur,41.329668,69.280969,52.6,7.8,50.06,224.7,1.3391,90.7,88.2,3.66,2,0.7351
2026-05-12,2026-05-11 17:17:10,S0716,Shayxontohur,41.28705,69.247588,39.2,0.0,49.78,232.0,0.6689,79.4,75.8,3.54,1,0.3768
2026-05-13,2026-05-11 17:17:10,S0716,Shayxontohur,41.28705,69.247588,40.4,0.4,49.6,233.8,0.5636,80.8,73.6,3.28,1,0.3768
2026-05-14,2026-05-11 17:17:10,S0716,Shayxontohur,41.28705,69.247588,36.0,0.0,49.62,235.3,0.5288,79.4,73.1,3.72,1,0.3768
2026-05-15,2026-05-11 17:17:10,S0716,Shayxontohur,41.28705,69.247588,34.2,0.0,49.62,232.9,0.6265,80.5,73.8,3.49,1,0.3768
2026-05-16,2026-05-11 17:17:10,S0716,Shayxontohur,41.28705,69.247588,39.9,0.0,49.66,235.1,0.5926,81.4,73.2,3.43,1,0.3768
2026-05-17,2026-05-11 17:17:10,S0716,Shayxontohur,41.28705,69.247588,39.6,0.8,49.59,233.1,0.5977,77.7,76.5,3.34,1,0.3768
2026-05-18,2026-05-11 17:17:10,S0716,Shayxontohur,41.28705,69.247588,37.9,0.0,49.64,236.7,0.6657,76.9,83.1,3.39,1,0.3768
2026-05-12,2026-05-11 17:17:10,S0717,Shayxontohur,41.302269,69.275566,28.9,0.0,50.72,222.5,0.774,98.0,71.4,3.38,1,0.3741
2026-05-13,2026-05-11 17:17:10,S0717,Shayxontohur,41.302269,69.275566,31.1,0.0,50.62,218.7,0.7856,95.7,69.9,3.54,1,0.3741
2026-05-14,2026-05-11 17:17:10,S0717,Shayxontohur,41.302269,69.275566,25.9,0.0,50.81,216.2,0.8011,94.6,59.1,3.15,1,0.3741
2026-05-15,2026-05-11 17:17:10,S0717,Shayxontohur,41.302269,69.275566,28.9,0.0,50.8,216.3,0.829,94.4,63.8,3.38,1,0.3741
2026-05-16,2026-05-11 17:17:10,S0717,Shayxontohur,41.302269,69.275566,29.6,0.0,50.92,212.9,0.6326,95.5,53.3,2.91,1,0.3741
2026-05-17,2026-05-11 17:17:10,S0717,Shayxontohur,41.302269,69.275566,31.7,0.0,51.02,211.6,0.8791,95.9,52.0,3.13,2,0.7241
2026-05-18,2026-05-11 17:17:10,S0717,Shayxontohur,41.302269,69.275566,33.6,0.0,50.83,212.2,0.7072,100.0,56.7,3.18,1,0.3741
2026-05-12,2026-05-11 17:17:10,S0718,Shayxontohur,41.313998,69.297463,37.5,9.3,49.25,226.1,0.3698,93.5,83.7,3.45,1,0.3844
2026-05-13,2026-05-11 17:17:10,S0718,Shayxontohur,41.313998,69.297463,38.1,9.1,49.19,228.0,0.3575,92.0,81.8,3.26,1,0.3844
2026-05-14,2026-05-11 17:17:10,S0718,Shayxontohur,41.313998,69.297463,35.9,10.7,49.19,224.9,0.3427,95.1,82.5,3.31,1,0.3844
2026-05-15,2026-05-11 17:17:10,S0718,Shayxontohur,41.313998,69.297463,33.3,11.2,49.19,224.9,0.372,93.8,84.0,3.75,1,0.3844
2026-05-16,2026-05-11 17:17:10,S0718,Shayxontohur,41.313998,69.297463,32.9,11.4,49.37,231.0,0.4483,90.9,90.2,3.77,1,0.3844
2026-05-17,2026-05-11 17:17:10,S0718,Shayxontohur,41.313998,69.297463,34.2,12.4,49.25,227.2,0.4935,92.5,93.1,3.56,1,0.3844
2026-05-18,2026-05-11 17:17:10,S0718,Shayxontohur,41.313998,69.297463,34.3,11.6,49.17,229.3,0.533,95.7,93.5,3.74,1,0.3844
2026-05-12,2026-05-11 17:17:10,S0719,Shayxontohur,41.28824,69.290338,25.4,8.8,49.67,205.9,0.8087,81.7,51.1,4.2,1,0.3787
2026-05-13,2026-05-11 17:17:10,S0719,Shayxontohur,41.28824,69.290338,27.9,8.3,49.94,210.1,1.0867,80.6,63.5,3.84,1,0.3787
2026-05-14,2026-05-11 17:17:10,S0719,Shayxontohur,41.28824,69.290338,28.8,10.1,49.9,211.1,0.9097,78.8,61.2,4.7,1,0.3787
2026-05-15,2026-05-11 17:17:10,S0719,Shayxontohur,41.28824,69.290338,30.8,9.9,49.8,205.4,0.9677,80.6,61.2,4.02,1,0.3787
2026-05-16,2026-05-11 17:17:10,S0719,Shayxontohur,41.28824,69.290338,31.1,10.6,49.74,205.9,1.1452,79.8,51.9,4.67,1,0.3787
2026-05-17,2026-05-11 17:17:10,S0719,Shayxontohur,41.28824,69.290338,27.3,9.8,49.74,208.4,1.1222,80.5,53.3,4.27,1,0.3787
2026-05-18,2026-05-11 17:17:10,S0719,Shayxontohur,41.28824,69.290338,29.2,11.6,49.69,206.4,1.1945,78.2,61.9,4.63,1,0.3787
2026-05-12,2026-05-11 17:17:10,S0720,Shayxontohur,41.308527,69.278054,34.4,8.7,49.83,224.9,0.484,89.0,72.2,3.57,0,0.0344
2026-05-13,2026-05-11 17:17:10,S0720,Shayxontohur,41.308527,69.278054,34.8,7.7,50.04,221.5,0.4581,95.8,66.0,2.9,0,0.0344
2026-05-14,2026-05-11 17:17:10,S0720,Shayxontohur,41.308527,69.278054,34.8,9.5,50.22,226.9,0.4828,92.3,61.0,2.88,0,0.0344
2026-05-15,2026-05-11 17:17:10,S0720,Shayxontohur,41.308527,69.278054,35.0,8.9,49.96,229.6,0.4119,94.3,64.0,2.92,0,0.0344
2026-05-16,2026-05-11 17:17:10,S0720,Shayxontohur,41.308527,69.278054,36.4,10.1,50.1,232.3,0.3827,95.3,62.9,2.87,1,0.3844
2026-05-17,2026-05-11 17:17:10,S0720,Shayxontohur,41.308527,69.278054,39.4,8.2,50.21,231.6,0.517,97.9,61.6,3.36,1,0.3844
2026-05-18,2026-05-11 17:17:10,S0720,Shayxontohur,41.308527,69.278054,33.6,7.8,50.4,232.9,0.577,99.3,63.1,3.35,1,0.3844
2026-05-12,2026-05-11 17:17:10,S0721,Shayxontohur,41.29663,69.257147,25.2,10.4,49.78,209.9,0.2708,90.8,62.8,4.09,1,0.3788
2026-05-13,2026-05-11 17:17:10,S0721,Shayxontohur,41.29663,69.257147,24.3,7.7,49.64,207.2,0.2347,94.7,60.0,3.9,1,0.3788
2026-05-14,2026-05-11 17:17:10,S0721,Shayxontohur,41.29663,69.257147,25.8,8.0,49.57,207.9,0.4368,94.0,57.7,3.94,1,0.3788
2026-05-15,2026-05-11 17:17:10,S0721,Shayxontohur,41.29663,69.257147,23.1,9.9,49.55,206.5,0.2551,92.6,53.6,4.17,1,0.3788
2026-05-16,2026-05-11 17:17:10,S0721,Shayxontohur,41.29663,69.257147,23.0,10.1,49.39,208.0,0.305,90.3,51.5,4.08,1,0.3788
2026-05-17,2026-05-11 17:17:10,S0721,Shayxontohur,41.29663,69.257147,22.9,8.2,49.59,201.8,0.2457,91.3,58.1,3.57,1,0.3788
2026-05-18,2026-05-11 17:17:10,S0721,Shayxontohur,41.29663,69.257147,22.8,8.6,49.49,201.3,0.26,92.7,50.2,3.86,1,0.3788
2026-05-12,2026-05-11 17:17:10,S0722,Shayxontohur,41.305612,69.302605,36.1,2.9,49.84,221.2,0.2701,94.5,63.6,3.2,0,0.0386
2026-05-13,2026-05-11 17:17:10,S0722,Shayxontohur,41.305612,69.302605,37.4,1.9,49.83,218.1,0.3199,95.6,62.7,3.62,0,0.0386
2026-05-14,2026-05-11 17:17:10,S0722,Shayxontohur,41.305612,69.302605,37.9,0.0,49.92,217.2,0.3821,94.4,64.6,3.23,0,0.0386
2026-05-15,2026-05-11 17:17:10,S0722,Shayxontohur,41.305612,69.302605,35.9,0.0,49.77,221.7,0.2682,97.8,64.3,3.43,0,0.0386
2026-05-16,2026-05-11 17:17:10,S0722,Shayxontohur,41.305612,69.302605,37.8,0.0,50.03,222.5,0.1552,98.4,63.6,2.81,0,0.0386
2026-05-17,2026-05-11 17:17:10,S0722,Shayxontohur,41.305612,69.302605,37.6,0.0,49.93,223.6,0.2692,97.0,66.5,3.06,0,0.0386
2026-05-18,2026-05-11 17:17:10,S0722,Shayxontohur,41.305612,69.302605,39.9,0.0,49.91,214.9,0.1469,98.0,62.7,2.89,0,0.0386
2026-05-12,2026-05-11 17:17:10,S0723,Shayxontohur,41.317411,69.287172,24.1,5.0,50.53,206.9,0.6343,94.1,87.5,3.44,1,0.3811
2026-05-13,2026-05-11 17:17:10,S0723,Shayxontohur,41.317411,69.287172,23.1,4.1,50.79,211.2,0.5039,90.7,87.0,3.58,1,0.3811
2026-05-14,2026-05-11 17:17:10,S0723,Shayxontohur,41.317411,69.287172,23.1,4.5,50.54,207.8,0.6352,91.4,83.2,3.69,1,0.3811
2026-05-15,2026-05-11 17:17:10,S0723,Shayxontohur,41.317411,69.287172,23.1,7.5,50.6,206.3,0.6525,94.4,80.5,3.53,1,0.3811
2026-05-16,2026-05-11 17:17:10,S0723,Shayxontohur,41.317411,69.287172,21.7,5.0,50.88,205.0,0.6065,93.9,83.0,3.77,1,0.3811
2026-05-17,2026-05-11 17:17:10,S0723,Shayxontohur,41.317411,69.287172,25.7,3.4,50.84,202.3,0.5931,96.5,89.8,4.05,1,0.3811
2026-05-18,2026-05-11 17:17:10,S0723,Shayxontohur,41.317411,69.287172,23.3,5.7,50.6,197.2,0.634,91.1,86.2,4.65,2,0.7311
2026-05-12,2026-05-11 17:17:10,S0724,Shayxontohur,41.313947,69.250951,35.1,11.1,50.27,218.4,0.0871,96.4,77.8,3.58,0,0.0367
2026-05-13,2026-05-11 17:17:10,S0724,Shayxontohur,41.313947,69.250951,36.1,10.9,50.28,211.6,0.3225,93.7,84.1,3.59,0,0.0367
2026-05-14,2026-05-11 17:17:10,S0724,Shayxontohur,41.313947,69.250951,35.6,14.4,50.22,214.0,0.1393,96.7,85.6,4.1,0,0.0367
2026-05-15,2026-05-11 17:17:10,S0724,Shayxontohur,41.313947,69.250951,36.6,12.5,50.17,214.6,0.1688,95.0,87.0,3.98,0,0.0367
2026-05-16,2026-05-11 17:17:10,S0724,Shayxontohur,41.313947,69.250951,36.4,13.5,50.18,212.9,0.1872,93.6,85.3,3.62,0,0.0367
2026-05-17,2026-05-11 17:17:10,S0724,Shayxontohur,41.313947,69.250951,37.2,14.8,50.43,214.4,0.2943,98.9,88.8,3.74,0,0.0367
2026-05-18,2026-05-11 17:17:10,S0724,Shayxontohur,41.313947,69.250951,36.1,13.8,50.29,216.7,0.1845,99.9,87.5,3.93,0,0.0367
2026-05-12,2026-05-11 17:17:10,S0725,Shayxontohur,41.308857,69.268645,35.2,8.7,50.06,230.9,0.691,84.2,49.5,3.1,1,0.3726
2026-05-13,2026-05-11 17:17:10,S0725,Shayxontohur,41.308857,69.268645,32.4,9.3,50.07,224.4,0.8859,79.8,40.0,2.98,1,0.3726
2026-05-14,2026-05-11 17:17:10,S0725,Shayxontohur,41.308857,69.268645,32.3,7.7,50.06,233.0,0.7658,81.0,54.4,2.8,1,0.3726
2026-05-15,2026-05-11 17:17:10,S0725,Shayxontohur,41.308857,69.268645,31.3,6.8,50.1,220.1,0.9091,80.6,54.5,2.84,1,0.3726
2026-05-16,2026-05-11 17:17:10,S0725,Shayxontohur,41.308857,69.268645,32.5,7.2,49.99,222.5,0.8043,79.0,63.5,2.89,1,0.3726
2026-05-17,2026-05-11 17:17:10,S0725,Shayxontohur,41.308857,69.268645,30.0,8.5,50.05,221.1,0.8363,79.0,53.3,3.63,1,0.3726
2026-05-18,2026-05-11 17:17:10,S0725,Shayxontohur,41.308857,69.268645,28.0,6.2,50.08,216.5,0.8625,78.1,50.8,3.42,1,0.3726
2026-05-12,2026-05-11 17:17:10,S0726,Shayxontohur,41.327198,69.287323,40.8,14.4,50.27,234.9,0.4456,82.7,70.8,5.2,1,0.3808
2026-05-13,2026-05-11 17:17:10,S0726,Shayxontohur,41.327198,69.287323,37.5,15.9,50.35,232.4,0.7108,83.2,75.0,5.38,1,0.3808
2026-05-14,2026-05-11 17:17:10,S0726,Shayxontohur,41.327198,69.287323,42.4,16.5,50.25,231.8,0.5893,83.8,74.2,5.11,1,0.3808
2026-05-15,2026-05-11 17:17:10,S0726,Shayxontohur,41.327198,69.287323,38.7,16.5,50.23,240.0,0.6131,87.2,77.8,5.04,1,0.3808
2026-05-16,2026-05-11 17:17:10,S0726,Shayxontohur,41.327198,69.287323,41.5,18.9,50.16,235.2,0.5774,85.1,77.5,5.1,1,0.3808
2026-05-17,2026-05-11 17:17:10,S0726,Shayxontohur,41.327198,69.287323,41.1,18.3,49.97,238.2,0.7192,89.6,71.7,5.43,1,0.3808
2026-05-18,2026-05-11 17:17:10,S0726,Shayxontohur,41.327198,69.287323,38.5,19.9,50.05,237.8,0.8505,90.8,70.3,5.48,1,0.3808
2026-05-12,2026-05-11 17:17:10,S0727,Shayxontohur,41.313971,69.283739,32.4,9.8,49.96,222.4,0.0548,89.9,68.1,3.6,0,0.0199
2026-05-13,2026-05-11 17:17:10,S0727,Shayxontohur,41.313971,69.283739,30.7,11.0,49.79,223.9,0.01,87.5,68.3,3.45,0,0.0199
2026-05-14,2026-05-11 17:17:10,S0727,Shayxontohur,41.313971,69.283739,29.8,10.2,49.9,223.1,0.01,88.7,64.4,3.38,0,0.0199
2026-05-15,2026-05-11 17:17:10,S0727,Shayxontohur,41.313971,69.283739,32.9,12.5,49.9,223.6,0.01,87.6,82.0,3.38,0,0.0199
2026-05-16,2026-05-11 17:17:10,S0727,Shayxontohur,41.313971,69.283739,34.2,11.4,49.87,221.2,0.01,86.5,67.1,3.46,0,0.0199
2026-05-17,2026-05-11 17:17:10,S0727,Shayxontohur,41.313971,69.283739,32.6,15.4,50.12,225.1,0.01,89.2,67.7,3.33,0,0.0199
2026-05-18,2026-05-11 17:17:10,S0727,Shayxontohur,41.313971,69.283739,28.8,13.8,50.03,226.5,0.01,87.2,75.8,3.11,0,0.0199
2026-05-12,2026-05-11 17:17:10,S0728,Shayxontohur,41.293189,69.270623,43.2,1.8,49.95,221.4,0.4103,98.4,72.7,2.54,1,0.3718
2026-05-13,2026-05-11 17:17:10,S0728,Shayxontohur,41.293189,69.270623,42.7,0.7,49.97,219.3,0.4028,97.5,67.8,2.57,1,0.3718
2026-05-14,2026-05-11 17:17:10,S0728,Shayxontohur,41.293189,69.270623,45.1,2.5,49.98,221.3,0.2911,96.4,68.9,3.05,2,0.7218
2026-05-15,2026-05-11 17:17:10,S0728,Shayxontohur,41.293189,69.270623,44.6,3.7,49.87,222.5,0.4004,97.3,67.6,2.88,1,0.3718
2026-05-16,2026-05-11 17:17:10,S0728,Shayxontohur,41.293189,69.270623,44.5,3.5,49.96,223.5,0.4793,98.5,68.1,2.28,1,0.3718
2026-05-17,2026-05-11 17:17:10,S0728,Shayxontohur,41.293189,69.270623,43.5,2.4,49.89,224.5,0.2475,94.6,58.9,2.69,1,0.3718
2026-05-18,2026-05-11 17:17:10,S0728,Shayxontohur,41.293189,69.270623,45.2,0.6,49.92,222.7,0.306,93.8,63.2,2.23,2,0.7218
2026-05-12,2026-05-11 17:17:10,S0729,Shayxontohur,41.287251,69.298767,39.7,8.3,48.9,232.5,0.141,79.7,79.1,2.2,2,0.7441
2026-05-13,2026-05-11 17:17:10,S0729,Shayxontohur,41.287251,69.298767,34.8,10.2,48.85,228.2,0.0774,80.3,66.4,2.57,2,0.7441
2026-05-14,2026-05-11 17:17:10,S0729,Shayxontohur,41.287251,69.298767,36.5,12.0,49.06,228.8,0.1459,80.2,77.2,1.89,1,0.3941
2026-05-15,2026-05-11 17:17:10,S0729,Shayxontohur,41.287251,69.298767,36.3,10.6,48.89,229.6,0.1359,79.2,70.0,2.59,2,0.7441
2026-05-16,2026-05-11 17:17:10,S0729,Shayxontohur,41.287251,69.298767,34.8,12.3,49.0,229.4,0.1088,79.0,61.3,2.31,1,0.3941
2026-05-17,2026-05-11 17:17:10,S0729,Shayxontohur,41.287251,69.298767,35.7,12.5,49.02,231.2,0.028,84.6,68.8,2.58,1,0.3941
2026-05-18,2026-05-11 17:17:10,S0729,Shayxontohur,41.287251,69.298767,35.2,12.6,48.89,235.5,0.0314,80.5,62.5,2.4,2,0.7441
2026-05-12,2026-05-11 17:17:10,S0730,Shayxontohur,41.29422,69.282635,42.9,2.6,50.2,219.1,0.709,84.4,47.5,3.53,1,0.3757
2026-05-13,2026-05-11 17:17:10,S0730,Shayxontohur,41.29422,69.282635,42.9,0.7,50.12,219.7,0.5666,83.5,56.4,3.61,1,0.3757
2026-05-14,2026-05-11 17:17:10,S0730,Shayxontohur,41.29422,69.282635,43.5,1.6,50.36,223.7,0.6351,83.4,51.6,3.7,1,0.3757
2026-05-15,2026-05-11 17:17:10,S0730,Shayxontohur,41.29422,69.282635,47.1,1.2,50.25,219.4,0.4499,80.8,44.1,3.57,2,0.7257
2026-05-16,2026-05-11 17:17:10,S0730,Shayxontohur,41.29422,69.282635,43.9,1.5,50.33,218.6,0.549,79.5,40.9,3.48,1,0.3757
2026-05-17,2026-05-11 17:17:10,S0730,Shayxontohur,41.29422,69.282635,45.0,3.1,50.25,219.2,0.5748,78.3,39.0,3.75,1,0.3757
2026-05-18,2026-05-11 17:17:10,S0730,Shayxontohur,41.29422,69.282635,50.3,1.7,50.2,217.7,0.46,76.4,44.1,3.99,2,0.7257
2026-05-12,2026-05-11 17:17:10,S0731,Shayxontohur,41.318122,69.255648,29.8,6.5,49.7,215.2,0.563,97.9,55.3,3.84,0,0.0344
2026-05-13,2026-05-11 17:17:10,S0731,Shayxontohur,41.318122,69.255648,31.3,5.4,49.93,215.0,0.542,100.0,58.5,4.2,0,0.0344
2026-05-14,2026-05-11 17:17:10,S0731,Shayxontohur,41.318122,69.255648,33.5,5.4,49.58,220.0,0.5418,100.0,56.6,3.81,0,0.0344
2026-05-15,2026-05-11 17:17:10,S0731,Shayxontohur,41.318122,69.255648,31.1,3.0,49.53,215.4,0.4252,99.1,53.4,4.21,0,0.0344
2026-05-16,2026-05-11 17:17:10,S0731,Shayxontohur,41.318122,69.255648,30.4,5.4,49.58,213.8,0.4261,100.0,60.5,4.2,0,0.0344
2026-05-17,2026-05-11 17:17:10,S0731,Shayxontohur,41.318122,69.255648,28.0,4.5,49.57,214.3,0.4251,100.0,56.1,4.06,0,0.0344
2026-05-18,2026-05-11 17:17:10,S0731,Shayxontohur,41.318122,69.255648,29.6,3.5,49.44,213.0,0.4042,100.0,64.5,4.46,1,0.3844
2026-05-12,2026-05-11 17:17:10,S0732,Shayxontohur,41.313611,69.292329,41.7,0.0,49.95,228.7,0.3313,82.3,71.0,4.19,1,0.3895
2026-05-13,2026-05-11 17:17:10,S0732,Shayxontohur,41.313611,69.292329,44.9,1.9,50.09,230.2,0.4657,86.0,71.6,5.12,1,0.3895
2026-05-14,2026-05-11 17:17:10,S0732,Shayxontohur,41.313611,69.292329,42.5,0.0,49.96,225.4,0.4315,83.8,77.3,4.65,1,0.3895
2026-05-15,2026-05-11 17:17:10,S0732,Shayxontohur,41.313611,69.292329,42.9,0.2,50.24,232.8,0.293,81.1,74.9,5.15,1,0.3895
2026-05-16,2026-05-11 17:17:10,S0732,Shayxontohur,41.313611,69.292329,44.1,0.0,50.1,239.0,0.4663,83.1,76.8,5.22,1,0.3895
2026-05-17,2026-05-11 17:17:10,S0732,Shayxontohur,41.313611,69.292329,45.3,0.0,50.22,233.9,0.2351,79.7,75.4,5.75,2,0.7395
2026-05-18,2026-05-11 17:17:10,S0732,Shayxontohur,41.313611,69.292329,42.6,0.0,50.13,237.8,0.3472,81.0,80.3,6.18,2,0.7395
2026-05-12,2026-05-11 17:17:10,S0733,Shayxontohur,41.32964,69.289936,33.6,5.2,50.16,220.3,0.3835,85.4,67.7,2.85,0,0.0328
2026-05-13,2026-05-11 17:17:10,S0733,Shayxontohur,41.32964,69.289936,35.0,3.7,50.39,219.8,0.4633,87.1,76.0,3.72,0,0.0328
2026-05-14,2026-05-11 17:17:10,S0733,Shayxontohur,41.32964,69.289936,33.4,4.9,50.23,214.3,0.4882,84.6,72.1,3.59,1,0.3828
2026-05-15,2026-05-11 17:17:10,S0733,Shayxontohur,41.32964,69.289936,39.0,3.0,50.5,220.1,0.466,83.2,88.0,3.61,1,0.3828
2026-05-16,2026-05-11 17:17:10,S0733,Shayxontohur,41.32964,69.289936,34.1,4.5,50.67,222.5,0.451,80.5,72.0,3.48,1,0.3828
2026-05-17,2026-05-11 17:17:10,S0733,Shayxontohur,41.32964,69.289936,35.1,4.0,50.64,219.7,0.4637,79.9,81.8,3.69,1,0.3828
2026-05-18,2026-05-11 17:17:10,S0733,Shayxontohur,41.32964,69.289936,35.7,4.1,50.62,218.1,0.4346,82.6,81.7,3.85,1,0.3828
2026-05-12,2026-05-11 17:17:10,S0734,Shayxontohur,41.328294,69.296762,17.6,5.2,50.18,239.4,0.6112,91.3,71.1,4.64,1,0.3794
2026-05-13,2026-05-11 17:17:10,S0734,Shayxontohur,41.328294,69.296762,15.9,4.5,50.2,239.3,0.82,93.0,67.2,3.61,1,0.3794
2026-05-14,2026-05-11 17:17:10,S0734,Shayxontohur,41.328294,69.296762,17.0,6.3,50.0,241.8,0.8837,95.0,66.2,3.85,2,0.7294
2026-05-15,2026-05-11 17:17:10,S0734,Shayxontohur,41.328294,69.296762,16.2,7.1,50.18,242.9,0.7815,94.6,57.1,3.92,2,0.7294
2026-05-16,2026-05-11 17:17:10,S0734,Shayxontohur,41.328294,69.296762,18.3,5.8,50.29,244.7,0.9334,94.9,60.6,4.15,2,0.7294
2026-05-17,2026-05-11 17:17:10,S0734,Shayxontohur,41.328294,69.296762,22.2,6.3,50.25,245.0,0.8432,94.0,59.2,3.85,2,0.7294
2026-05-18,2026-05-11 17:17:10,S0734,Shayxontohur,41.328294,69.296762,17.0,5.6,50.12,245.0,1.0487,97.3,59.5,4.27,2,0.7294
2026-05-12,2026-05-11 17:17:10,S0735,Shayxontohur,41.310338,69.265537,36.8,11.1,49.67,225.5,0.5713,92.5,74.1,4.72,0,0.0273
2026-05-13,2026-05-11 17:17:10,S0735,Shayxontohur,41.310338,69.265537,34.4,11.7,49.92,224.3,0.6828,93.9,83.8,4.35,0,0.0273
2026-05-14,2026-05-11 17:17:10,S0735,Shayxontohur,41.310338,69.265537,36.1,8.6,49.73,225.4,0.6515,94.0,87.8,4.9,0,0.0273
2026-05-15,2026-05-11 17:17:10,S0735,Shayxontohur,41.310338,69.265537,35.3,12.0,49.61,225.3,0.5206,93.1,83.8,4.98,0,0.0273
2026-05-16,2026-05-11 17:17:10,S0735,Shayxontohur,41.310338,69.265537,38.3,9.9,49.6,226.1,0.519,93.2,84.7,5.0,0,0.0273
2026-05-17,2026-05-11 17:17:10,S0735,Shayxontohur,41.310338,69.265537,34.9,9.2,49.46,224.9,0.535,94.9,80.2,5.24,1,0.3773
2026-05-18,2026-05-11 17:17:10,S0735,Shayxontohur,41.310338,69.265537,38.6,8.8,49.41,224.3,0.5111,95.4,81.1,5.23,1,0.3773
2026-05-12,2026-05-11 17:17:10,S0736,Shayxontohur,41.323836,69.283809,19.9,7.1,49.8,208.0,0.9332,75.5,63.6,3.73,1,0.3692
2026-05-13,2026-05-11 17:17:10,S0736,Shayxontohur,41.323836,69.283809,24.3,7.4,49.64,208.0,0.8137,75.9,62.7,3.64,1,0.3692
2026-05-14,2026-05-11 17:17:10,S0736,Shayxontohur,41.323836,69.283809,23.0,6.6,49.79,207.4,0.85,71.7,66.8,3.69,2,0.7192
2026-05-15,2026-05-11 17:17:10,S0736,Shayxontohur,41.323836,69.283809,23.0,5.8,49.85,207.3,1.0268,71.9,61.5,3.9,2,0.7192
2026-05-16,2026-05-11 17:17:10,S0736,Shayxontohur,41.323836,69.283809,20.1,7.4,49.94,206.2,0.9425,68.9,58.5,3.72,2,0.7192
2026-05-17,2026-05-11 17:17:10,S0736,Shayxontohur,41.323836,69.283809,21.5,5.4,49.95,211.1,1.0015,70.1,62.7,3.76,2,0.7192
2026-05-18,2026-05-11 17:17:10,S0736,Shayxontohur,41.323836,69.283809,24.9,4.7,49.72,209.5,1.049,70.2,60.2,3.63,2,0.7192
2026-05-12,2026-05-11 17:17:10,S0737,Shayxontohur,41.32136,69.288221,32.6,7.6,50.05,214.7,0.464,93.8,71.9,4.2,0,0.0241
2026-05-13,2026-05-11 17:17:10,S0737,Shayxontohur,41.32136,69.288221,27.0,5.5,50.07,210.2,0.4661,94.8,63.0,3.72,0,0.0241
2026-05-14,2026-05-11 17:17:10,S0737,Shayxontohur,41.32136,69.288221,25.8,7.7,50.01,213.1,0.4509,96.7,65.8,3.64,0,0.0241
2026-05-15,2026-05-11 17:17:10,S0737,Shayxontohur,41.32136,69.288221,25.2,5.0,49.93,209.7,0.3609,100.0,62.6,3.89,1,0.3741
2026-05-16,2026-05-11 17:17:10,S0737,Shayxontohur,41.32136,69.288221,23.1,8.9,49.9,212.3,0.4725,98.6,58.1,3.72,0,0.0241
2026-05-17,2026-05-11 17:17:10,S0737,Shayxontohur,41.32136,69.288221,23.7,9.0,49.86,213.8,0.3644,100.0,62.2,3.78,0,0.0241
2026-05-18,2026-05-11 17:17:10,S0737,Shayxontohur,41.32136,69.288221,20.7,9.2,49.9,215.9,0.3468,99.7,59.7,3.93,0,0.0241
2026-05-12,2026-05-11 17:17:10,S0738,Shayxontohur,41.323509,69.288581,25.8,7.9,50.16,223.6,0.4301,91.2,72.5,3.6,0,0.0242
2026-05-13,2026-05-11 17:17:10,S0738,Shayxontohur,41.323509,69.288581,26.1,5.9,49.91,223.5,0.5359,90.4,73.2,3.39,0,0.0242
2026-05-14,2026-05-11 17:17:10,S0738,Shayxontohur,41.323509,69.288581,26.0,7.0,49.97,219.2,0.4943,91.4,78.3,3.42,0,0.0242
2026-05-15,2026-05-11 17:17:10,S0738,Shayxontohur,41.323509,69.288581,26.8,5.1,49.91,219.9,0.6733,89.9,72.2,3.24,0,0.0242
2026-05-16,2026-05-11 17:17:10,S0738,Shayxontohur,41.323509,69.288581,24.6,5.5,49.98,222.9,0.6552,93.3,71.5,3.45,0,0.0242
2026-05-17,2026-05-11 17:17:10,S0738,Shayxontohur,41.323509,69.288581,28.9,5.5,49.77,220.5,0.6286,91.8,86.3,3.82,0,0.0242
2026-05-18,2026-05-11 17:17:10,S0738,Shayxontohur,41.323509,69.288581,29.8,5.6,49.71,215.8,0.5735,92.0,75.8,4.0,0,0.0242
2026-05-12,2026-05-11 17:17:10,S0739,Shayxontohur,41.306296,69.292881,34.8,5.3,50.46,233.1,0.01,81.6,77.9,4.54,1,0.3887
2026-05-13,2026-05-11 17:17:10,S0739,Shayxontohur,41.306296,69.292881,32.1,7.5,50.47,228.7,0.01,78.3,76.9,4.22,1,0.3887
2026-05-14,2026-05-11 17:17:10,S0739,Shayxontohur,41.306296,69.292881,29.0,4.9,50.36,233.0,0.01,80.7,78.0,4.24,1,0.3887
2026-05-15,2026-05-11 17:17:10,S0739,Shayxontohur,41.306296,69.292881,26.9,5.4,50.4,230.4,0.01,82.5,80.2,4.1,1,0.3887
2026-05-16,2026-05-11 17:17:10,S0739,Shayxontohur,41.306296,69.292881,27.4,6.3,50.28,228.9,0.01,81.7,69.3,4.84,1,0.3887
2026-05-17,2026-05-11 17:17:10,S0739,Shayxontohur,41.306296,69.292881,24.4,3.9,50.19,230.7,0.01,80.4,76.0,4.15,1,0.3887
2026-05-18,2026-05-11 17:17:10,S0739,Shayxontohur,41.306296,69.292881,29.0,5.7,50.37,229.1,0.01,80.5,79.2,4.59,1,0.3887
2026-05-12,2026-05-11 17:17:10,S0740,Shayxontohur,41.302866,69.30151,40.2,4.0,49.92,219.4,1.0415,91.8,40.0,2.01,1,0.3787
2026-05-13,2026-05-11 17:17:10,S0740,Shayxontohur,41.302866,69.30151,42.1,2.0,50.02,215.6,1.0734,93.6,48.6,2.4,1,0.3787
2026-05-14,2026-05-11 17:17:10,S0740,Shayxontohur,41.302866,69.30151,43.1,0.0,49.9,219.1,0.9858,95.5,50.3,2.45,1,0.3787
2026-05-15,2026-05-11 17:17:10,S0740,Shayxontohur,41.302866,69.30151,41.5,0.0,50.02,219.1,0.8973,92.2,42.6,2.03,1,0.3787
2026-05-16,2026-05-11 17:17:10,S0740,Shayxontohur,41.302866,69.30151,42.5,0.0,50.2,224.4,0.9408,93.6,40.8,2.57,1,0.3787
2026-05-17,2026-05-11 17:17:10,S0740,Shayxontohur,41.302866,69.30151,42.6,0.0,50.13,223.8,0.922,95.9,39.0,1.9,1,0.3787
2026-05-18,2026-05-11 17:17:10,S0740,Shayxontohur,41.302866,69.30151,45.7,0.0,50.07,220.9,0.9564,91.2,45.3,1.27,2,0.7287
2026-05-12,2026-05-11 17:17:10,S0741,Shayxontohur,41.322099,69.252123,29.3,5.1,49.93,208.8,0.718,80.2,80.5,3.71,1,0.3709
2026-05-13,2026-05-11 17:17:10,S0741,Shayxontohur,41.322099,69.252123,29.4,4.2,50.12,217.1,0.9114,82.3,81.6,3.58,1,0.3709
2026-05-14,2026-05-11 17:17:10,S0741,Shayxontohur,41.322099,69.252123,32.1,3.3,50.12,215.9,0.7864,73.8,85.7,3.67,2,0.7209
2026-05-15,2026-05-11 17:17:10,S0741,Shayxontohur,41.322099,69.252123,32.9,2.6,50.14,214.9,0.8543,79.8,68.7,3.53,1,0.3709
2026-05-16,2026-05-11 17:17:10,S0741,Shayxontohur,41.322099,69.252123,36.1,0.9,50.15,221.7,0.9961,81.5,86.2,3.41,1,0.3709
2026-05-17,2026-05-11 17:17:10,S0741,Shayxontohur,41.322099,69.252123,31.9,1.3,50.06,219.5,0.9422,77.3,83.2,3.16,1,0.3709
2026-05-18,2026-05-11 17:17:10,S0741,Shayxontohur,41.322099,69.252123,33.5,1.6,50.16,217.4,1.0103,78.5,88.0,2.85,1,0.3709
2026-05-12,2026-05-11 17:17:10,S0742,Shayxontohur,41.311949,69.250869,35.4,11.5,49.83,212.0,1.019,86.3,58.1,3.51,1,0.3732
2026-05-13,2026-05-11 17:17:10,S0742,Shayxontohur,41.311949,69.250869,36.8,7.8,49.82,210.7,0.9803,85.2,58.1,3.28,0,0.0232
2026-05-14,2026-05-11 17:17:10,S0742,Shayxontohur,41.311949,69.250869,38.1,6.2,49.88,206.4,0.9356,89.9,63.7,3.76,1,0.3732
2026-05-15,2026-05-11 17:17:10,S0742,Shayxontohur,41.311949,69.250869,33.7,8.7,49.96,207.0,0.9826,84.8,62.7,3.27,1,0.3732
2026-05-16,2026-05-11 17:17:10,S0742,Shayxontohur,41.311949,69.250869,31.0,9.8,49.91,206.7,1.0509,85.6,59.1,3.84,1,0.3732
2026-05-17,2026-05-11 17:17:10,S0742,Shayxontohur,41.311949,69.250869,36.2,7.4,49.93,201.6,0.9381,87.6,55.7,3.73,1,0.3732
2026-05-18,2026-05-11 17:17:10,S0742,Shayxontohur,41.311949,69.250869,34.9,6.8,49.84,204.7,0.8521,91.7,57.4,3.56,1,0.3732
2026-05-12,2026-05-11 17:17:10,S0743,Shayxontohur,41.321678,69.268139,40.2,8.5,49.9,202.9,0.744,81.3,58.4,3.22,1,0.371
2026-05-13,2026-05-11 17:17:10,S0743,Shayxontohur,41.321678,69.268139,44.5,5.7,50.01,206.6,0.8043,81.3,58.3,2.25,1,0.371
2026-05-14,2026-05-11 17:17:10,S0743,Shayxontohur,41.321678,69.268139,44.8,6.0,50.03,200.1,0.8327,83.7,62.6,3.3,1,0.371
2026-05-15,2026-05-11 17:17:10,S0743,Shayxontohur,41.321678,69.268139,42.0,5.6,49.93,205.3,0.898,86.8,51.6,2.86,1,0.371
2026-05-16,2026-05-11 17:17:10,S0743,Shayxontohur,41.321678,69.268139,43.8,6.5,49.96,201.7,0.8968,87.1,42.1,3.18,1,0.371
2026-05-17,2026-05-11 17:17:10,S0743,Shayxontohur,41.321678,69.268139,46.1,5.1,50.02,201.1,0.9899,88.8,55.8,2.56,2,0.721
2026-05-18,2026-05-11 17:17:10,S0743,Shayxontohur,41.321678,69.268139,45.2,3.3,49.91,206.6,0.9905,87.0,52.2,3.01,2,0.721
2026-05-12,2026-05-11 17:17:10,S0744,Shayxontohur,41.330329,69.254925,33.0,8.6,49.39,219.7,0.5487,95.8,70.8,4.8,1,0.3719
2026-05-13,2026-05-11 17:17:10,S0744,Shayxontohur,41.330329,69.254925,36.0,13.2,49.33,217.2,0.6065,92.2,66.2,5.25,1,0.3719
2026-05-14,2026-05-11 17:17:10,S0744,Shayxontohur,41.330329,69.254925,37.6,11.7,49.44,212.9,0.6898,96.6,67.2,5.0,1,0.3719
2026-05-15,2026-05-11 17:17:10,S0744,Shayxontohur,41.330329,69.254925,36.5,12.1,49.69,220.5,0.5588,96.0,72.5,4.87,0,0.0219
2026-05-16,2026-05-11 17:17:10,S0744,Shayxontohur,41.330329,69.254925,37.2,11.0,49.36,215.2,0.8149,90.8,69.3,4.79,1,0.3719
2026-05-17,2026-05-11 17:17:10,S0744,Shayxontohur,41.330329,69.254925,37.0,12.3,49.42,219.8,0.6562,92.4,70.2,5.21,1,0.3719
2026-05-18,2026-05-11 17:17:10,S0744,Shayxontohur,41.330329,69.254925,39.3,12.6,49.49,218.6,0.6456,90.7,63.8,4.92,1,0.3719
2026-05-12,2026-05-11 17:17:10,S0745,Shayxontohur,41.287106,69.26849,34.3,9.4,50.05,221.5,0.3324,85.3,67.9,3.78,0,0.0394
2026-05-13,2026-05-11 17:17:10,S0745,Shayxontohur,41.287106,69.26849,34.3,8.0,50.21,222.2,0.4166,85.4,62.5,3.42,0,0.0394
2026-05-14,2026-05-11 17:17:10,S0745,Shayxontohur,41.287106,69.26849,37.2,6.2,50.15,221.2,0.3571,87.4,56.0,4.04,0,0.0394
2026-05-15,2026-05-11 17:17:10,S0745,Shayxontohur,41.287106,69.26849,33.4,8.6,50.06,219.4,0.2859,87.2,59.9,2.92,0,0.0394
2026-05-16,2026-05-11 17:17:10,S0745,Shayxontohur,41.287106,69.26849,39.0,5.7,50.07,220.1,0.3577,85.7,69.1,3.88,0,0.0394
2026-05-17,2026-05-11 17:17:10,S0745,Shayxontohur,41.287106,69.26849,36.9,9.1,49.96,222.2,0.3999,86.4,51.8,3.5,0,0.0394
2026-05-18,2026-05-11 17:17:10,S0745,Shayxontohur,41.287106,69.26849,39.7,8.9,50.02,220.2,0.3663,87.3,65.6,3.48,0,0.0394
2026-05-12,2026-05-11 17:17:10,S0746,Shayxontohur,41.298531,69.286972,28.2,9.8,49.93,214.8,0.3731,94.0,63.6,5.17,1,0.3729
2026-05-13,2026-05-11 17:17:10,S0746,Shayxontohur,41.298531,69.286972,28.1,12.0,49.72,212.4,0.4785,96.7,57.1,5.5,1,0.3729
2026-05-14,2026-05-11 17:17:10,S0746,Shayxontohur,41.298531,69.286972,29.0,13.2,49.98,218.9,0.4982,95.2,56.2,5.23,1,0.3729
2026-05-15,2026-05-11 17:17:10,S0746,Shayxontohur,41.298531,69.286972,30.8,13.2,50.18,217.6,0.3986,96.9,55.2,4.98,0,0.0229
2026-05-16,2026-05-11 17:17:10,S0746,Shayxontohur,41.298531,69.286972,31.9,11.7,49.94,215.2,0.5212,95.5,60.5,4.99,0,0.0229
2026-05-17,2026-05-11 17:17:10,S0746,Shayxontohur,41.298531,69.286972,30.1,13.0,49.95,215.1,0.4912,98.8,64.8,4.84,0,0.0229
2026-05-18,2026-05-11 17:17:10,S0746,Shayxontohur,41.298531,69.286972,29.1,10.7,49.99,209.7,0.4427,98.6,68.7,5.12,1,0.3729
2026-05-12,2026-05-11 17:17:10,S0747,Shayxontohur,41.33265,69.289001,27.3,11.5,49.87,223.3,0.6248,90.5,84.4,2.84,0,0.0179
2026-05-13,2026-05-11 17:17:10,S0747,Shayxontohur,41.33265,69.289001,27.3,14.2,49.82,221.6,0.2946,92.0,72.7,2.75,0,0.0179
2026-05-14,2026-05-11 17:17:10,S0747,Shayxontohur,41.33265,69.289001,29.4,12.7,49.75,225.6,0.4997,95.8,83.2,2.6,0,0.0179
2026-05-15,2026-05-11 17:17:10,S0747,Shayxontohur,41.33265,69.289001,27.9,12.7,49.66,221.7,0.377,96.5,79.5,2.65,0,0.0179
2026-05-16,2026-05-11 17:17:10,S0747,Shayxontohur,41.33265,69.289001,26.4,11.2,49.65,221.0,0.508,94.6,79.7,3.03,0,0.0179
2026-05-17,2026-05-11 17:17:10,S0747,Shayxontohur,41.33265,69.289001,26.9,9.8,49.66,223.7,0.4372,98.1,71.6,2.64,0,0.0179
2026-05-18,2026-05-11 17:17:10,S0747,Shayxontohur,41.33265,69.289001,24.4,11.6,49.48,224.7,0.3567,100.0,75.0,2.57,1,0.3679
2026-05-12,2026-05-11 17:17:10,S0748,Shayxontohur,41.313909,69.252655,41.8,8.6,50.35,228.3,0.4766,86.8,44.1,5.02,1,0.3813
2026-05-13,2026-05-11 17:17:10,S0748,Shayxontohur,41.313909,69.252655,40.7,8.1,50.31,229.6,0.4965,87.7,42.9,5.35,1,0.3813
2026-05-14,2026-05-11 17:17:10,S0748,Shayxontohur,41.313909,69.252655,38.6,7.5,50.45,230.9,0.521,87.5,44.1,5.61,2,0.7313
2026-05-15,2026-05-11 17:17:10,S0748,Shayxontohur,41.313909,69.252655,35.9,9.4,50.34,224.7,0.5106,88.2,35.7,6.28,2,0.7313
2026-05-16,2026-05-11 17:17:10,S0748,Shayxontohur,41.313909,69.252655,37.7,10.3,50.41,224.9,0.5763,91.7,52.9,5.99,2,0.7313
2026-05-17,2026-05-11 17:17:10,S0748,Shayxontohur,41.313909,69.252655,37.0,10.0,50.5,229.6,0.4413,84.2,45.7,6.39,2,0.7313
2026-05-18,2026-05-11 17:17:10,S0748,Shayxontohur,41.313909,69.252655,36.1,10.4,50.5,234.2,0.5646,91.6,44.2,6.13,2,0.7313
2026-05-12,2026-05-11 17:17:10,S0749,Shayxontohur,41.333729,69.271299,33.8,8.7,49.63,214.1,0.6458,73.0,75.9,3.13,2,0.7212
2026-05-13,2026-05-11 17:17:10,S0749,Shayxontohur,41.333729,69.271299,31.2,8.8,49.37,213.2,0.7489,77.7,82.3,2.55,1,0.3712
2026-05-14,2026-05-11 17:17:10,S0749,Shayxontohur,41.333729,69.271299,34.0,5.4,49.41,214.4,0.7916,78.9,87.5,2.95,1,0.3712
2026-05-15,2026-05-11 17:17:10,S0749,Shayxontohur,41.333729,69.271299,34.5,7.5,49.23,212.8,0.8361,75.2,85.8,2.53,1,0.3712
2026-05-16,2026-05-11 17:17:10,S0749,Shayxontohur,41.333729,69.271299,33.6,7.7,49.29,210.8,0.8527,74.2,75.9,2.42,2,0.7212
2026-05-17,2026-05-11 17:17:10,S0749,Shayxontohur,41.333729,69.271299,31.2,7.3,49.32,208.7,0.9668,79.0,80.7,3.07,1,0.3712
2026-05-18,2026-05-11 17:17:10,S0749,Shayxontohur,41.333729,69.271299,36.3,7.0,49.14,210.5,0.845,76.7,88.0,3.07,1,0.3712
2026-05-12,2026-05-11 17:17:10,S0750,Shayxontohur,41.32546,69.254796,36.2,3.4,49.83,240.4,0.259,88.7,66.7,2.88,2,0.7211
2026-05-13,2026-05-11 17:17:10,S0750,Shayxontohur,41.32546,69.254796,32.1,2.1,49.88,234.0,0.2877,84.0,61.8,2.9,1,0.3711
2026-05-14,2026-05-11 17:17:10,S0750,Shayxontohur,41.32546,69.254796,36.2,2.9,49.7,243.9,0.1664,86.4,58.9,2.69,2,0.7211
2026-05-15,2026-05-11 17:17:10,S0750,Shayxontohur,41.32546,69.254796,37.5,1.3,49.8,235.0,0.2862,88.2,64.8,2.75,1,0.3711
2026-05-16,2026-05-11 17:17:10,S0750,Shayxontohur,41.32546,69.254796,37.4,1.7,49.87,236.6,0.3401,85.5,59.2,3.0,1,0.3711
2026-05-17,2026-05-11 17:17:10,S0750,Shayxontohur,41.32546,69.254796,40.2,1.1,49.79,234.5,0.3477,88.3,52.7,3.45,1,0.3711
2026-05-18,2026-05-11 17:17:10,S0750,Shayxontohur,41.32546,69.254796,39.6,0.8,49.83,235.9,0.4129,86.2,70.6,2.99,1,0.3711
2026-05-12,2026-05-11 17:17:10,S0751,Shayxontohur,41.321538,69.303846,45.8,12.8,49.72,222.4,0.4731,83.3,50.0,4.44,2,0.7228
2026-05-13,2026-05-11 17:17:10,S0751,Shayxontohur,41.321538,69.303846,43.9,12.5,49.99,224.3,0.4723,83.8,52.9,4.2,1,0.3728
2026-05-14,2026-05-11 17:17:10,S0751,Shayxontohur,41.321538,69.303846,44.7,14.0,49.86,228.0,0.4247,84.7,53.6,4.6,1,0.3728
2026-05-15,2026-05-11 17:17:10,S0751,Shayxontohur,41.321538,69.303846,43.6,16.4,50.18,225.3,0.4474,80.5,59.4,4.43,1,0.3728
2026-05-16,2026-05-11 17:17:10,S0751,Shayxontohur,41.321538,69.303846,45.2,17.8,50.07,226.6,0.5326,84.8,70.5,4.39,2,0.7228
2026-05-17,2026-05-11 17:17:10,S0751,Shayxontohur,41.321538,69.303846,47.1,18.2,50.04,224.0,0.4873,82.9,72.9,4.45,2,0.7228
2026-05-18,2026-05-11 17:17:10,S0751,Shayxontohur,41.321538,69.303846,45.8,18.0,50.35,227.8,0.5725,78.9,63.4,4.71,2,0.7228
2026-05-12,2026-05-11 17:17:10,S0752,Shayxontohur,41.319459,69.291641,30.7,3.4,49.71,233.3,0.0762,90.8,52.3,3.91,1,0.3811
2026-05-13,2026-05-11 17:17:10,S0752,Shayxontohur,41.319459,69.291641,31.6,2.1,49.44,233.6,0.1456,85.4,59.3,3.57,1,0.3811
2026-05-14,2026-05-11 17:17:10,S0752,Shayxontohur,41.319459,69.291641,30.6,3.5,49.66,240.2,0.1289,88.2,61.5,4.33,2,0.7311
2026-05-15,2026-05-11 17:17:10,S0752,Shayxontohur,41.319459,69.291641,30.2,1.6,49.64,240.0,0.01,89.0,61.3,3.74,1,0.3811
2026-05-16,2026-05-11 17:17:10,S0752,Shayxontohur,41.319459,69.291641,34.1,2.8,49.89,242.0,0.0596,88.9,59.0,4.06,2,0.7311
2026-05-17,2026-05-11 17:17:10,S0752,Shayxontohur,41.319459,69.291641,35.9,0.4,49.76,241.9,0.01,91.1,55.0,3.67,2,0.7311
2026-05-18,2026-05-11 17:17:10,S0752,Shayxontohur,41.319459,69.291641,29.5,3.0,49.62,244.7,0.01,90.5,56.9,4.52,2,0.7311
2026-05-12,2026-05-11 17:17:10,S0753,Shayxontohur,41.298637,69.255768,31.2,3.0,50.24,214.7,0.6282,79.5,92.5,3.1,1,0.3799
2026-05-13,2026-05-11 17:17:10,S0753,Shayxontohur,41.298637,69.255768,32.3,4.5,50.24,216.1,0.5244,82.4,95.0,2.98,1,0.3799
2026-05-14,2026-05-11 17:17:10,S0753,Shayxontohur,41.298637,69.255768,31.5,3.6,50.36,215.3,0.6573,82.2,95.0,3.3,1,0.3799
2026-05-15,2026-05-11 17:17:10,S0753,Shayxontohur,41.298637,69.255768,30.0,3.6,50.43,217.9,0.7258,77.9,95.0,2.89,1,0.3799
2026-05-16,2026-05-11 17:17:10,S0753,Shayxontohur,41.298637,69.255768,31.9,4.1,50.38,214.9,0.6742,79.8,95.0,2.73,1,0.3799
2026-05-17,2026-05-11 17:17:10,S0753,Shayxontohur,41.298637,69.255768,34.1,2.7,50.3,211.1,0.7169,79.7,88.9,2.79,1,0.3799
2026-05-18,2026-05-11 17:17:10,S0753,Shayxontohur,41.298637,69.255768,32.0,3.4,50.45,209.4,0.8458,75.8,95.0,2.75,1,0.3799
2026-05-12,2026-05-11 17:17:10,S0754,Shayxontohur,41.319808,69.304499,38.0,13.8,49.93,205.0,0.0705,97.2,62.7,1.66,1,0.3822
2026-05-13,2026-05-11 17:17:10,S0754,Shayxontohur,41.319808,69.304499,38.9,17.1,49.96,203.6,0.1778,99.5,48.6,1.98,1,0.3822
2026-05-14,2026-05-11 17:17:10,S0754,Shayxontohur,41.319808,69.304499,38.3,17.2,50.21,201.0,0.01,99.2,61.6,2.13,1,0.3822
2026-05-15,2026-05-11 17:17:10,S0754,Shayxontohur,41.319808,69.304499,38.0,20.9,50.02,199.3,0.2159,100.0,50.0,1.45,2,0.7322
2026-05-16,2026-05-11 17:17:10,S0754,Shayxontohur,41.319808,69.304499,37.4,18.8,50.1,202.3,0.1555,100.0,56.1,1.62,1,0.3822
2026-05-17,2026-05-11 17:17:10,S0754,Shayxontohur,41.319808,69.304499,43.6,21.4,50.13,201.4,0.2221,100.0,53.9,1.89,1,0.3822
2026-05-18,2026-05-11 17:17:10,S0754,Shayxontohur,41.319808,69.304499,40.5,20.6,50.18,200.0,0.1058,100.0,49.3,1.58,1,0.3822
2026-05-12,2026-05-11 17:17:10,S0755,Shayxontohur,41.319373,69.258911,32.8,4.4,49.65,221.5,0.5228,88.0,65.0,4.11,0,0.0212
2026-05-13,2026-05-11 17:17:10,S0755,Shayxontohur,41.319373,69.258911,32.6,6.4,50.03,224.6,0.4609,82.0,62.1,4.02,1,0.3712
2026-05-14,2026-05-11 17:17:10,S0755,Shayxontohur,41.319373,69.258911,31.5,5.4,49.77,224.0,0.3764,85.3,64.7,4.04,0,0.0212
2026-05-15,2026-05-11 17:17:10,S0755,Shayxontohur,41.319373,69.258911,34.0,5.4,50.17,224.9,0.4785,83.6,73.4,4.19,1,0.3712
2026-05-16,2026-05-11 17:17:10,S0755,Shayxontohur,41.319373,69.258911,31.5,3.1,49.85,220.9,0.5151,85.7,61.8,4.06,0,0.0212
2026-05-17,2026-05-11 17:17:10,S0755,Shayxontohur,41.319373,69.258911,32.6,5.0,50.01,224.3,0.3656,82.3,62.5,4.2,1,0.3712
2026-05-18,2026-05-11 17:17:10,S0755,Shayxontohur,41.319373,69.258911,31.4,5.1,50.1,222.1,0.4148,82.2,61.9,4.14,1,0.3712
2026-05-12,2026-05-11 17:17:10,S0756,Shayxontohur,41.297988,69.269403,30.9,11.2,49.92,224.7,0.4644,81.8,47.7,5.33,1,0.3763
2026-05-13,2026-05-11 17:17:10,S0756,Shayxontohur,41.297988,69.269403,30.3,13.1,49.85,216.8,0.5637,75.9,58.9,4.79,1,0.3763
2026-05-14,2026-05-11 17:17:10,S0756,Shayxontohur,41.297988,69.269403,32.2,12.7,49.66,221.6,0.6005,80.2,51.2,4.78,1,0.3763
2026-05-15,2026-05-11 17:17:10,S0756,Shayxontohur,41.297988,69.269403,34.2,12.6,49.87,220.9,0.5449,79.7,52.3,5.13,1,0.3763
2026-05-16,2026-05-11 17:17:10,S0756,Shayxontohur,41.297988,69.269403,33.1,12.4,50.04,222.7,0.5045,76.9,59.8,5.13,1,0.3763
2026-05-17,2026-05-11 17:17:10,S0756,Shayxontohur,41.297988,69.269403,35.8,14.3,49.74,220.2,0.573,74.3,55.8,5.32,2,0.7263
2026-05-18,2026-05-11 17:17:10,S0756,Shayxontohur,41.297988,69.269403,33.9,12.3,49.71,219.9,0.5342,77.6,56.3,4.91,1,0.3763
2026-05-12,2026-05-11 17:17:10,S0757,Shayxontohur,41.315103,69.246672,33.1,5.9,50.04,213.9,0.4185,89.6,63.5,3.85,0,0.0176
2026-05-13,2026-05-11 17:17:10,S0757,Shayxontohur,41.315103,69.246672,32.7,6.8,50.17,207.5,0.5118,93.6,74.9,3.76,1,0.3676
2026-05-14,2026-05-11 17:17:10,S0757,Shayxontohur,41.315103,69.246672,28.8,6.4,50.22,208.3,0.5028,89.2,67.7,3.34,1,0.3676
2026-05-15,2026-05-11 17:17:10,S0757,Shayxontohur,41.315103,69.246672,27.2,5.1,50.35,211.9,0.3917,91.6,62.1,3.9,0,0.0176
2026-05-16,2026-05-11 17:17:10,S0757,Shayxontohur,41.315103,69.246672,28.1,6.2,50.36,217.3,0.4534,90.9,61.6,3.69,0,0.0176
2026-05-17,2026-05-11 17:17:10,S0757,Shayxontohur,41.315103,69.246672,24.7,6.7,50.26,216.5,0.4496,93.2,60.3,3.1,0,0.0176
2026-05-18,2026-05-11 17:17:10,S0757,Shayxontohur,41.315103,69.246672,22.2,7.5,50.25,211.1,0.3792,91.4,60.5,3.38,0,0.0176
2026-05-12,2026-05-11 17:17:10,S0758,Shayxontohur,41.313262,69.270385,30.3,10.3,49.65,211.7,0.6121,93.9,59.6,3.77,0,0.0298
2026-05-13,2026-05-11 17:17:10,S0758,Shayxontohur,41.313262,69.270385,27.5,8.5,49.75,212.0,0.7501,90.7,64.7,3.31,0,0.0298
2026-05-14,2026-05-11 17:17:10,S0758,Shayxontohur,41.313262,69.270385,26.5,9.7,49.53,221.6,0.7712,91.1,61.6,2.85,0,0.0298
2026-05-15,2026-05-11 17:17:10,S0758,Shayxontohur,41.313262,69.270385,29.3,7.3,49.7,221.5,0.5992,89.0,57.8,2.95,0,0.0298
2026-05-16,2026-05-11 17:17:10,S0758,Shayxontohur,41.313262,69.270385,23.1,5.4,49.46,225.7,0.6265,90.8,59.6,2.99,1,0.3798
2026-05-17,2026-05-11 17:17:10,S0758,Shayxontohur,41.313262,69.270385,26.7,8.2,49.61,228.6,0.5946,91.4,52.4,3.4,0,0.0298
2026-05-18,2026-05-11 17:17:10,S0758,Shayxontohur,41.313262,69.270385,22.2,6.8,49.29,229.3,0.5664,89.4,63.6,2.82,1,0.3798
2026-05-12,2026-05-11 17:17:10,S0759,Shayxontohur,41.292361,69.300123,23.3,9.6,50.07,231.4,1.2043,79.8,72.7,2.66,1,0.3752
2026-05-13,2026-05-11 17:17:10,S0759,Shayxontohur,41.292361,69.300123,28.0,9.7,49.99,232.7,0.8533,78.4,73.7,2.6,1,0.3752
2026-05-14,2026-05-11 17:17:10,S0759,Shayxontohur,41.292361,69.300123,26.0,10.0,50.04,234.0,0.9752,78.0,76.8,2.13,1,0.3752
2026-05-15,2026-05-11 17:17:10,S0759,Shayxontohur,41.292361,69.300123,26.9,9.9,49.84,231.9,0.7826,79.6,79.2,2.42,1,0.3752
2026-05-16,2026-05-11 17:17:10,S0759,Shayxontohur,41.292361,69.300123,22.4,9.9,50.04,235.7,0.7155,74.7,81.2,1.87,2,0.7252
2026-05-17,2026-05-11 17:17:10,S0759,Shayxontohur,41.292361,69.300123,21.3,10.3,49.89,238.9,0.8153,74.1,81.5,1.66,2,0.7252
2026-05-18,2026-05-11 17:17:10,S0759,Shayxontohur,41.292361,69.300123,24.2,9.6,49.9,236.7,0.7139,75.5,78.9,2.01,1,0.3752
2026-05-12,2026-05-11 17:17:10,S0760,Shayxontohur,41.299018,69.287334,31.8,8.2,49.43,209.5,0.2705,96.2,75.4,3.59,1,0.3749
2026-05-13,2026-05-11 17:17:10,S0760,Shayxontohur,41.299018,69.287334,31.0,9.5,49.46,206.8,0.0187,96.8,88.4,3.19,1,0.3749
2026-05-14,2026-05-11 17:17:10,S0760,Shayxontohur,41.299018,69.287334,29.6,9.5,49.55,205.4,0.2162,97.6,77.0,3.59,1,0.3749
2026-05-15,2026-05-11 17:17:10,S0760,Shayxontohur,41.299018,69.287334,30.7,7.3,49.51,204.3,0.1637,97.9,78.3,4.17,1,0.3749
2026-05-16,2026-05-11 17:17:10,S0760,Shayxontohur,41.299018,69.287334,29.6,8.9,49.42,206.7,0.0464,97.4,87.9,3.74,1,0.3749
2026-05-17,2026-05-11 17:17:10,S0760,Shayxontohur,41.299018,69.287334,30.6,8.5,49.23,200.1,0.01,100.0,89.5,3.49,1,0.3749
2026-05-18,2026-05-11 17:17:10,S0760,Shayxontohur,41.299018,69.287334,32.4,8.8,49.57,200.3,0.01,100.0,86.7,4.06,1,0.3749
2026-05-12,2026-05-11 17:17:10,S0761,Shayxontohur,41.308156,69.275467,35.8,8.4,49.74,213.1,0.3657,94.6,86.4,3.16,0,0.0308
2026-05-13,2026-05-11 17:17:10,S0761,Shayxontohur,41.308156,69.275467,38.2,9.0,49.55,210.1,0.3431,95.5,81.7,3.08,0,0.0308
2026-05-14,2026-05-11 17:17:10,S0761,Shayxontohur,41.308156,69.275467,35.2,9.7,49.66,211.1,0.4986,95.5,91.3,2.83,1,0.3808
2026-05-15,2026-05-11 17:17:10,S0761,Shayxontohur,41.308156,69.275467,33.3,9.8,49.62,209.3,0.3699,92.1,86.5,3.27,1,0.3808
2026-05-16,2026-05-11 17:17:10,S0761,Shayxontohur,41.308156,69.275467,35.5,9.9,49.84,213.1,0.2664,93.8,92.2,3.09,1,0.3808
2026-05-17,2026-05-11 17:17:10,S0761,Shayxontohur,41.308156,69.275467,35.3,10.2,49.51,205.7,0.2191,98.4,90.7,2.82,1,0.3808
2026-05-18,2026-05-11 17:17:10,S0761,Shayxontohur,41.308156,69.275467,33.1,7.4,49.66,204.5,0.3837,97.1,95.0,3.23,1,0.3808
2026-05-12,2026-05-11 17:17:10,S0762,Shayxontohur,41.33342,69.260759,37.1,8.0,50.0,220.6,0.5653,88.5,59.5,4.18,0,0.0249
2026-05-13,2026-05-11 17:17:10,S0762,Shayxontohur,41.33342,69.260759,38.7,6.4,49.78,222.3,0.5057,94.4,50.3,4.29,0,0.0249
2026-05-14,2026-05-11 17:17:10,S0762,Shayxontohur,41.33342,69.260759,38.5,7.9,49.82,223.7,0.5196,88.3,53.8,4.53,0,0.0249
2026-05-15,2026-05-11 17:17:10,S0762,Shayxontohur,41.33342,69.260759,32.5,6.1,49.91,215.4,0.5168,89.9,53.9,4.29,0,0.0249
2026-05-16,2026-05-11 17:17:10,S0762,Shayxontohur,41.33342,69.260759,35.3,6.9,49.67,220.4,0.4385,89.2,60.5,4.65,0,0.0249
2026-05-17,2026-05-11 17:17:10,S0762,Shayxontohur,41.33342,69.260759,31.5,3.4,49.82,217.9,0.5721,86.0,60.9,4.79,0,0.0249
2026-05-18,2026-05-11 17:17:10,S0762,Shayxontohur,41.33342,69.260759,30.0,5.7,49.78,211.8,0.6328,88.8,57.1,4.59,0,0.0249
2026-05-12,2026-05-11 17:17:10,S0763,Shayxontohur,41.324048,69.251148,33.6,4.1,49.97,224.8,0.0214,96.3,58.1,3.66,0,0.0232
2026-05-13,2026-05-11 17:17:10,S0763,Shayxontohur,41.324048,69.251148,31.4,3.6,50.25,226.8,0.0931,94.3,60.6,3.3,0,0.0232
2026-05-14,2026-05-11 17:17:10,S0763,Shayxontohur,41.324048,69.251148,32.0,3.5,49.99,227.9,0.0955,95.9,59.4,3.53,0,0.0232
2026-05-15,2026-05-11 17:17:10,S0763,Shayxontohur,41.324048,69.251148,31.4,5.1,50.04,226.2,0.01,98.5,58.7,3.08,0,0.0232
2026-05-16,2026-05-11 17:17:10,S0763,Shayxontohur,41.324048,69.251148,29.1,3.1,49.96,228.2,0.2001,95.9,57.1,3.21,0,0.0232
2026-05-17,2026-05-11 17:17:10,S0763,Shayxontohur,41.324048,69.251148,31.0,4.8,50.15,228.9,0.01,95.1,66.4,2.93,0,0.0232
2026-05-18,2026-05-11 17:17:10,S0763,Shayxontohur,41.324048,69.251148,30.8,2.7,49.98,227.5,0.01,94.4,56.2,3.29,0,0.0232
2026-05-12,2026-05-11 17:17:10,S0764,Shayxontohur,41.308566,69.271527,26.0,8.2,50.53,216.3,0.4049,92.1,58.6,2.24,1,0.3701
2026-05-13,2026-05-11 17:17:10,S0764,Shayxontohur,41.308566,69.271527,24.4,8.1,50.52,212.7,0.3968,91.6,66.4,1.8,1,0.3701
2026-05-14,2026-05-11 17:17:10,S0764,Shayxontohur,41.308566,69.271527,20.6,8.9,50.62,215.9,0.3345,91.3,62.5,1.7,1,0.3701
2026-05-15,2026-05-11 17:17:10,S0764,Shayxontohur,41.308566,69.271527,18.1,7.3,50.48,208.3,0.2712,91.4,63.1,1.51,1,0.3701
2026-05-16,2026-05-11 17:17:10,S0764,Shayxontohur,41.308566,69.271527,16.7,7.1,50.58,213.8,0.2367,92.3,59.1,1.56,1,0.3701
2026-05-17,2026-05-11 17:17:10,S0764,Shayxontohur,41.308566,69.271527,18.5,6.9,50.53,206.4,0.1759,95.9,52.9,1.8,1,0.3701
2026-05-18,2026-05-11 17:17:10,S0764,Shayxontohur,41.308566,69.271527,19.6,6.2,50.71,210.2,0.1107,94.0,57.8,1.36,1,0.3701
2026-05-12,2026-05-11 17:17:10,S0765,Shayxontohur,41.287462,69.28344,33.2,8.3,50.25,206.9,0.7613,89.2,69.3,3.04,1,0.3783
2026-05-13,2026-05-11 17:17:10,S0765,Shayxontohur,41.287462,69.28344,33.1,7.8,50.37,210.8,0.8472,89.1,65.0,3.49,0,0.0283
2026-05-14,2026-05-11 17:17:10,S0765,Shayxontohur,41.287462,69.28344,30.4,9.5,50.23,210.2,1.004,92.2,76.1,3.49,1,0.3783
2026-05-15,2026-05-11 17:17:10,S0765,Shayxontohur,41.287462,69.28344,29.5,9.1,50.37,207.7,1.1825,89.9,71.5,3.67,1,0.3783
2026-05-16,2026-05-11 17:17:10,S0765,Shayxontohur,41.287462,69.28344,31.0,10.0,50.3,207.2,1.0282,90.5,78.4,3.19,1,0.3783
2026-05-17,2026-05-11 17:17:10,S0765,Shayxontohur,41.287462,69.28344,31.6,8.7,50.31,206.3,1.1055,91.9,78.6,3.34,1,0.3783
2026-05-18,2026-05-11 17:17:10,S0765,Shayxontohur,41.287462,69.28344,33.1,10.2,50.47,209.3,0.9667,91.8,79.8,3.92,1,0.3783
2026-05-12,2026-05-11 17:17:10,S0766,Shayxontohur,41.311555,69.270348,33.0,2.5,49.69,220.9,0.01,96.2,93.0,3.26,1,0.3824
2026-05-13,2026-05-11 17:17:10,S0766,Shayxontohur,41.311555,69.270348,31.9,1.8,49.77,220.4,0.0798,98.4,93.3,3.91,1,0.3824
2026-05-14,2026-05-11 17:17:10,S0766,Shayxontohur,41.311555,69.270348,25.2,2.9,49.67,218.5,0.01,100.0,89.8,3.62,0,0.0324
2026-05-15,2026-05-11 17:17:10,S0766,Shayxontohur,41.311555,69.270348,27.6,1.4,49.79,217.3,0.01,98.7,94.1,3.63,1,0.3824
2026-05-16,2026-05-11 17:17:10,S0766,Shayxontohur,41.311555,69.270348,24.2,2.6,49.61,220.9,0.01,100.0,92.7,3.91,1,0.3824
2026-05-17,2026-05-11 17:17:10,S0766,Shayxontohur,41.311555,69.270348,25.6,2.4,49.42,217.4,0.0116,98.1,93.4,3.82,1,0.3824
2026-05-18,2026-05-11 17:17:10,S0766,Shayxontohur,41.311555,69.270348,25.5,1.1,49.69,223.0,0.01,100.0,95.0,3.56,1,0.3824
2026-05-12,2026-05-11 17:17:10,S0767,Shayxontohur,41.308431,69.283746,44.5,14.4,49.23,209.4,0.4566,90.5,52.7,3.48,1,0.3798
2026-05-13,2026-05-11 17:17:10,S0767,Shayxontohur,41.308431,69.283746,42.7,15.5,49.4,206.1,0.1859,88.5,57.8,2.96,1,0.3798
2026-05-14,2026-05-11 17:17:10,S0767,Shayxontohur,41.308431,69.283746,43.7,13.3,49.39,206.7,0.2,92.2,66.0,2.72,1,0.3798
2026-05-15,2026-05-11 17:17:10,S0767,Shayxontohur,41.308431,69.283746,46.9,13.7,49.3,203.2,0.2737,89.7,59.4,2.94,2,0.7298
2026-05-16,2026-05-11 17:17:10,S0767,Shayxontohur,41.308431,69.283746,44.7,12.9,49.52,200.3,0.3206,88.8,50.0,2.76,1,0.3798
2026-05-17,2026-05-11 17:17:10,S0767,Shayxontohur,41.308431,69.283746,48.2,12.6,49.22,195.0,0.1868,84.5,56.0,2.69,2,0.7298
2026-05-18,2026-05-11 17:17:10,S0767,Shayxontohur,41.308431,69.283746,48.2,9.9,49.24,200.2,0.2667,94.3,66.4,2.47,2,0.7298
2026-05-12,2026-05-11 17:17:10,S0768,Shayxontohur,41.325964,69.261038,32.0,12.8,50.66,212.5,0.546,88.2,69.1,4.35,1,0.3728
2026-05-13,2026-05-11 17:17:10,S0768,Shayxontohur,41.325964,69.261038,32.2,10.1,50.7,216.2,0.7107,89.0,82.4,4.01,1,0.3728
2026-05-14,2026-05-11 17:17:10,S0768,Shayxontohur,41.325964,69.261038,32.6,7.8,50.75,217.3,0.703,85.9,84.6,4.16,1,0.3728
2026-05-15,2026-05-11 17:17:10,S0768,Shayxontohur,41.325964,69.261038,31.8,8.6,50.82,218.1,0.7249,88.1,84.2,4.01,1,0.3728
2026-05-16,2026-05-11 17:17:10,S0768,Shayxontohur,41.325964,69.261038,31.2,9.0,50.77,212.5,0.6429,88.1,84.3,3.99,1,0.3728
2026-05-17,2026-05-11 17:17:10,S0768,Shayxontohur,41.325964,69.261038,26.2,6.3,50.87,217.3,0.7679,89.6,68.8,4.02,1,0.3728
2026-05-18,2026-05-11 17:17:10,S0768,Shayxontohur,41.325964,69.261038,26.8,8.6,51.02,216.2,0.7234,91.3,79.1,3.74,2,0.7228
2026-05-12,2026-05-11 17:17:10,S0769,Shayxontohur,41.294121,69.284642,47.5,8.8,49.56,217.6,0.2885,100.0,66.9,4.88,2,0.7357
2026-05-13,2026-05-11 17:17:10,S0769,Shayxontohur,41.294121,69.284642,48.1,9.1,49.46,221.1,0.2943,98.5,68.8,5.32,2,0.7357
2026-05-14,2026-05-11 17:17:10,S0769,Shayxontohur,41.294121,69.284642,48.1,8.3,49.54,218.3,0.2108,97.2,62.6,4.87,2,0.7357
2026-05-15,2026-05-11 17:17:10,S0769,Shayxontohur,41.294121,69.284642,50.2,7.6,49.65,222.7,0.2447,95.5,79.5,4.51,2,0.7357
2026-05-16,2026-05-11 17:17:10,S0769,Shayxontohur,41.294121,69.284642,48.8,7.5,49.77,221.2,0.306,92.3,73.1,5.86,2,0.7357
2026-05-17,2026-05-11 17:17:10,S0769,Shayxontohur,41.294121,69.284642,54.5,8.0,49.53,216.2,0.2863,96.3,69.4,5.2,2,0.7357
2026-05-18,2026-05-11 17:17:10,S0769,Shayxontohur,41.294121,69.284642,55.0,8.1,49.74,225.1,0.3016,95.9,69.9,5.84,2,0.7357
2026-05-12,2026-05-11 17:17:10,S0770,Shayxontohur,41.319622,69.255031,26.1,11.1,50.13,217.5,0.318,92.9,76.8,3.22,0,0.0292
2026-05-13,2026-05-11 17:17:10,S0770,Shayxontohur,41.319622,69.255031,26.9,12.1,50.14,213.3,0.2866,93.3,83.0,3.23,0,0.0292
2026-05-14,2026-05-11 17:17:10,S0770,Shayxontohur,41.319622,69.255031,21.5,11.6,50.15,214.8,0.2657,94.1,80.1,2.84,0,0.0292
2026-05-15,2026-05-11 17:17:10,S0770,Shayxontohur,41.319622,69.255031,25.5,11.5,50.18,219.2,0.0421,92.4,83.1,2.73,0,0.0292
2026-05-16,2026-05-11 17:17:10,S0770,Shayxontohur,41.319622,69.255031,26.9,9.6,50.03,220.9,0.2077,89.8,89.8,3.24,0,0.0292
2026-05-17,2026-05-11 17:17:10,S0770,Shayxontohur,41.319622,69.255031,24.5,10.0,50.07,221.9,0.0694,95.8,83.0,3.17,0,0.0292
2026-05-18,2026-05-11 17:17:10,S0770,Shayxontohur,41.319622,69.255031,24.2,10.3,50.29,221.5,0.01,96.4,86.0,2.4,0,0.0292
2026-05-12,2026-05-11 17:17:10,S0771,Shayxontohur,41.312239,69.301708,43.6,12.4,49.78,222.8,0.2197,100.0,49.3,2.68,1,0.3779
2026-05-13,2026-05-11 17:17:10,S0771,Shayxontohur,41.312239,69.301708,44.8,15.8,49.76,220.1,0.1843,100.0,57.4,2.94,1,0.3779
2026-05-14,2026-05-11 17:17:10,S0771,Shayxontohur,41.312239,69.301708,47.1,16.2,49.95,218.4,0.2638,98.2,41.6,2.74,2,0.7279
2026-05-15,2026-05-11 17:17:10,S0771,Shayxontohur,41.312239,69.301708,45.7,16.5,49.88,216.7,0.371,100.0,50.5,2.3,2,0.7279
2026-05-16,2026-05-11 17:17:10,S0771,Shayxontohur,41.312239,69.301708,49.4,15.7,49.88,218.4,0.2745,100.0,54.7,2.55,2,0.7279
2026-05-17,2026-05-11 17:17:10,S0771,Shayxontohur,41.312239,69.301708,44.8,14.0,49.8,215.6,0.3193,100.0,47.6,2.25,1,0.3779
2026-05-18,2026-05-11 17:17:10,S0771,Shayxontohur,41.312239,69.301708,48.6,17.0,49.72,216.2,0.3392,100.0,42.8,1.98,2,0.7279
2026-05-12,2026-05-11 17:17:10,S0772,Shayxontohur,41.333911,69.285529,36.9,14.0,50.07,220.2,0.4517,85.8,68.3,3.53,0,0.0275
2026-05-13,2026-05-11 17:17:10,S0772,Shayxontohur,41.333911,69.285529,34.1,12.1,50.13,224.9,0.3358,85.8,70.1,3.51,0,0.0275
2026-05-14,2026-05-11 17:17:10,S0772,Shayxontohur,41.333911,69.285529,38.2,14.0,49.97,220.9,0.5048,83.5,72.3,3.07,1,0.3775
2026-05-15,2026-05-11 17:17:10,S0772,Shayxontohur,41.333911,69.285529,36.9,12.1,50.07,221.7,0.4691,82.7,69.7,3.57,1,0.3775
2026-05-16,2026-05-11 17:17:10,S0772,Shayxontohur,41.333911,69.285529,39.2,14.1,50.25,224.8,0.3102,84.8,66.7,3.47,1,0.3775
2026-05-17,2026-05-11 17:17:10,S0772,Shayxontohur,41.333911,69.285529,37.9,11.9,50.29,216.6,0.3824,82.2,60.0,3.65,1,0.3775
2026-05-18,2026-05-11 17:17:10,S0772,Shayxontohur,41.333911,69.285529,39.6,17.0,50.42,218.2,0.47,79.6,42.6,3.7,1,0.3775
2026-05-12,2026-05-11 17:17:10,S0773,Shayxontohur,41.327939,69.274518,37.0,3.0,50.04,219.4,0.3961,90.4,52.0,3.55,0,0.0204
2026-05-13,2026-05-11 17:17:10,S0773,Shayxontohur,41.327939,69.274518,35.5,4.2,50.14,219.1,0.4849,90.3,42.1,4.03,0,0.0204
2026-05-14,2026-05-11 17:17:10,S0773,Shayxontohur,41.327939,69.274518,34.7,5.9,49.88,217.7,0.5462,83.8,43.8,4.31,1,0.3704
2026-05-15,2026-05-11 17:17:10,S0773,Shayxontohur,41.327939,69.274518,32.4,6.4,49.89,222.0,0.5037,85.8,45.3,4.22,0,0.0204
2026-05-16,2026-05-11 17:17:10,S0773,Shayxontohur,41.327939,69.274518,32.7,9.1,49.78,215.4,0.6026,82.9,39.2,4.56,1,0.3704
2026-05-17,2026-05-11 17:17:10,S0773,Shayxontohur,41.327939,69.274518,32.1,6.0,49.99,214.6,0.375,83.9,37.8,5.04,1,0.3704
2026-05-18,2026-05-11 17:17:10,S0773,Shayxontohur,41.327939,69.274518,34.2,7.3,49.87,215.2,0.4889,83.1,44.3,4.95,1,0.3704
2026-05-12,2026-05-11 17:17:10,S0774,Shayxontohur,41.306195,69.276509,38.8,6.1,49.86,216.7,0.4861,85.8,45.9,3.19,0,0.0299
2026-05-13,2026-05-11 17:17:10,S0774,Shayxontohur,41.306195,69.276509,37.9,7.5,50.0,215.3,0.4741,87.6,41.8,3.03,0,0.0299
2026-05-14,2026-05-11 17:17:10,S0774,Shayxontohur,41.306195,69.276509,36.9,6.9,49.87,218.9,0.3865,86.1,41.7,3.5,0,0.0299
2026-05-15,2026-05-11 17:17:10,S0774,Shayxontohur,41.306195,69.276509,38.3,4.4,49.85,219.5,0.3622,84.5,38.1,3.23,1,0.3799
2026-05-16,2026-05-11 17:17:10,S0774,Shayxontohur,41.306195,69.276509,40.1,6.1,49.83,216.0,0.4225,86.5,41.8,3.41,1,0.3799
2026-05-17,2026-05-11 17:17:10,S0774,Shayxontohur,41.306195,69.276509,39.4,6.7,49.8,222.2,0.2481,83.2,37.5,3.43,1,0.3799
2026-05-18,2026-05-11 17:17:10,S0774,Shayxontohur,41.306195,69.276509,42.9,8.4,49.7,216.9,0.2306,86.0,43.6,3.03,1,0.3799
2026-05-12,2026-05-11 17:17:10,S0775,Shayxontohur,41.288191,69.285755,25.2,11.6,49.55,227.3,0.3699,92.1,86.1,2.94,0,0.0274
2026-05-13,2026-05-11 17:17:10,S0775,Shayxontohur,41.288191,69.285755,23.5,11.4,49.53,225.5,0.2956,90.5,85.1,2.41,0,0.0274
2026-05-14,2026-05-11 17:17:10,S0775,Shayxontohur,41.288191,69.285755,26.5,13.2,49.53,229.1,0.3244,91.8,83.3,2.01,0,0.0274
2026-05-15,2026-05-11 17:17:10,S0775,Shayxontohur,41.288191,69.285755,23.1,9.4,49.63,228.5,0.4277,91.3,89.7,2.3,0,0.0274
2026-05-16,2026-05-11 17:17:10,S0775,Shayxontohur,41.288191,69.285755,25.0,10.5,49.58,224.9,0.3375,91.6,83.3,2.62,0,0.0274
2026-05-17,2026-05-11 17:17:10,S0775,Shayxontohur,41.288191,69.285755,25.1,9.0,49.68,228.1,0.4668,87.7,81.4,2.57,0,0.0274
2026-05-18,2026-05-11 17:17:10,S0775,Shayxontohur,41.288191,69.285755,24.9,10.0,49.63,229.4,0.3907,88.5,88.3,2.48,0,0.0274
2026-05-12,2026-05-11 17:17:10,S0776,Shayxontohur,41.322155,69.264019,34.1,2.0,49.61,214.1,0.0395,93.9,66.9,3.45,0,0.0416
2026-05-13,2026-05-11 17:17:10,S0776,Shayxontohur,41.322155,69.264019,32.8,1.6,49.63,217.4,0.0277,94.5,55.2,3.4,0,0.0416
2026-05-14,2026-05-11 17:17:10,S0776,Shayxontohur,41.322155,69.264019,27.7,3.1,49.78,220.0,0.01,94.3,61.7,3.41,0,0.0416
2026-05-15,2026-05-11 17:17:10,S0776,Shayxontohur,41.322155,69.264019,33.7,0.4,49.61,219.4,0.032,92.2,46.2,3.27,0,0.0416
2026-05-16,2026-05-11 17:17:10,S0776,Shayxontohur,41.322155,69.264019,32.6,2.4,49.51,223.8,0.0948,87.3,49.5,3.59,0,0.0416
2026-05-17,2026-05-11 17:17:10,S0776,Shayxontohur,41.322155,69.264019,31.5,4.1,49.4,219.7,0.0834,95.3,49.2,3.59,1,0.3916
2026-05-18,2026-05-11 17:17:10,S0776,Shayxontohur,41.322155,69.264019,30.7,4.1,49.37,219.9,0.2115,95.8,49.2,3.73,1,0.3916
2026-05-12,2026-05-11 17:17:10,S0777,Shayxontohur,41.309579,69.260619,36.4,10.0,50.34,213.7,0.2884,92.6,69.0,4.33,0,0.0285
2026-05-13,2026-05-11 17:17:10,S0777,Shayxontohur,41.309579,69.260619,39.1,9.7,50.59,214.6,0.2568,91.6,74.4,3.97,1,0.3785
2026-05-14,2026-05-11 17:17:10,S0777,Shayxontohur,41.309579,69.260619,35.8,10.5,50.38,217.6,0.1668,91.3,71.3,4.5,0,0.0285
2026-05-15,2026-05-11 17:17:10,S0777,Shayxontohur,41.309579,69.260619,37.2,10.5,50.7,218.5,0.2599,94.2,66.1,4.27,1,0.3785
2026-05-16,2026-05-11 17:17:10,S0777,Shayxontohur,41.309579,69.260619,36.1,12.0,50.5,217.5,0.108,92.2,69.7,4.45,0,0.0285
2026-05-17,2026-05-11 17:17:10,S0777,Shayxontohur,41.309579,69.260619,34.2,12.0,50.71,219.3,0.01,92.5,63.8,4.13,1,0.3785
2026-05-18,2026-05-11 17:17:10,S0777,Shayxontohur,41.309579,69.260619,35.1,10.8,50.73,219.5,0.0665,90.6,65.8,4.6,1,0.3785
2026-05-12,2026-05-11 17:17:10,S0778,Shayxontohur,41.29563,69.293039,31.4,8.6,50.0,221.3,0.2266,87.9,56.6,3.91,0,0.0137
2026-05-13,2026-05-11 17:17:10,S0778,Shayxontohur,41.29563,69.293039,33.6,11.4,49.85,221.3,0.2159,87.3,43.5,3.62,0,0.0137
2026-05-14,2026-05-11 17:17:10,S0778,Shayxontohur,41.29563,69.293039,34.8,13.2,49.94,226.2,0.2186,80.2,49.5,3.89,1,0.3637
2026-05-15,2026-05-11 17:17:10,S0778,Shayxontohur,41.29563,69.293039,34.1,14.5,50.01,219.8,0.1442,81.4,46.2,3.75,1,0.3637
2026-05-16,2026-05-11 17:17:10,S0778,Shayxontohur,41.29563,69.293039,34.5,11.6,50.03,224.8,0.01,78.6,48.1,3.87,1,0.3637
2026-05-17,2026-05-11 17:17:10,S0778,Shayxontohur,41.29563,69.293039,32.3,12.1,49.98,217.3,0.0535,81.0,48.5,4.16,1,0.3637
2026-05-18,2026-05-11 17:17:10,S0778,Shayxontohur,41.29563,69.293039,35.5,10.8,50.2,219.1,0.01,79.8,43.0,3.73,1,0.3637
2026-05-12,2026-05-11 17:17:10,S0779,Shayxontohur,41.293032,69.301573,39.5,12.6,50.25,224.0,0.4586,90.7,53.4,2.9,0,0.0273
2026-05-13,2026-05-11 17:17:10,S0779,Shayxontohur,41.293032,69.301573,39.7,13.5,50.34,216.9,0.4404,91.8,54.8,2.78,0,0.0273
2026-05-14,2026-05-11 17:17:10,S0779,Shayxontohur,41.293032,69.301573,42.0,11.8,50.47,222.8,0.473,92.8,50.1,2.5,1,0.3773
2026-05-15,2026-05-11 17:17:10,S0779,Shayxontohur,41.293032,69.301573,38.8,11.5,50.56,219.4,0.5537,91.1,53.1,2.76,1,0.3773
2026-05-16,2026-05-11 17:17:10,S0779,Shayxontohur,41.293032,69.301573,37.0,15.9,50.6,219.0,0.3693,91.3,49.3,2.17,1,0.3773
2026-05-17,2026-05-11 17:17:10,S0779,Shayxontohur,41.293032,69.301573,36.7,14.6,50.59,221.2,0.4669,91.6,44.9,2.73,1,0.3773
2026-05-18,2026-05-11 17:17:10,S0779,Shayxontohur,41.293032,69.301573,40.9,15.8,50.66,221.8,0.3873,89.7,50.3,2.45,1,0.3773
2026-05-12,2026-05-11 17:17:10,S0780,Shayxontohur,41.316894,69.258547,40.3,4.7,49.57,222.7,0.3724,92.6,58.5,4.6,1,0.3815
2026-05-13,2026-05-11 17:17:10,S0780,Shayxontohur,41.316894,69.258547,40.0,6.9,49.57,220.0,0.4885,91.4,65.8,4.54,0,0.0315
2026-05-14,2026-05-11 17:17:10,S0780,Shayxontohur,41.316894,69.258547,37.6,7.5,49.72,218.2,0.4499,94.7,66.1,4.34,0,0.0315
2026-05-15,2026-05-11 17:17:10,S0780,Shayxontohur,41.316894,69.258547,36.0,7.8,49.7,214.0,0.6928,93.5,70.1,4.3,0,0.0315
2026-05-16,2026-05-11 17:17:10,S0780,Shayxontohur,41.316894,69.258547,35.7,8.9,49.67,219.4,0.5373,97.0,64.4,3.75,0,0.0315
2026-05-17,2026-05-11 17:17:10,S0780,Shayxontohur,41.316894,69.258547,33.9,6.0,49.83,214.4,0.2619,95.5,59.1,4.25,0,0.0315
2026-05-18,2026-05-11 17:17:10,S0780,Shayxontohur,41.316894,69.258547,36.9,5.6,49.82,211.4,0.5291,99.1,67.0,5.07,1,0.3815
2026-05-12,2026-05-11 17:17:10,S0781,Shayxontohur,41.334831,69.293051,23.2,6.8,50.43,231.5,0.4277,85.0,64.2,3.1,1,0.3802
2026-05-13,2026-05-11 17:17:10,S0781,Shayxontohur,41.334831,69.293051,22.2,7.6,50.37,226.7,0.5444,85.0,65.5,3.84,0,0.0302
2026-05-14,2026-05-11 17:17:10,S0781,Shayxontohur,41.334831,69.293051,22.2,4.0,50.44,227.4,0.5601,84.7,57.4,4.16,1,0.3802
2026-05-15,2026-05-11 17:17:10,S0781,Shayxontohur,41.334831,69.293051,20.1,2.9,50.52,225.5,0.6941,82.9,60.7,3.61,1,0.3802
2026-05-16,2026-05-11 17:17:10,S0781,Shayxontohur,41.334831,69.293051,21.6,1.4,50.35,224.8,0.7647,81.3,58.7,3.39,1,0.3802
2026-05-17,2026-05-11 17:17:10,S0781,Shayxontohur,41.334831,69.293051,19.8,0.1,50.43,223.0,0.7534,80.5,59.7,3.79,1,0.3802
2026-05-18,2026-05-11 17:17:10,S0781,Shayxontohur,41.334831,69.293051,23.7,0.0,50.69,225.5,0.8146,82.8,58.5,3.21,1,0.3802
2026-05-12,2026-05-11 17:17:10,S0782,Shayxontohur,41.291521,69.26405,38.8,8.3,49.85,230.8,0.5593,83.8,95.0,4.23,1,0.3813
2026-05-13,2026-05-11 17:17:10,S0782,Shayxontohur,41.291521,69.26405,33.4,6.6,50.0,222.8,0.4726,82.4,95.0,4.38,1,0.3813
2026-05-14,2026-05-11 17:17:10,S0782,Shayxontohur,41.291521,69.26405,32.0,6.3,49.98,226.9,0.4718,85.2,95.0,4.05,1,0.3813
2026-05-15,2026-05-11 17:17:10,S0782,Shayxontohur,41.291521,69.26405,33.6,5.2,49.91,230.6,0.3292,81.5,95.0,4.35,1,0.3813
2026-05-16,2026-05-11 17:17:10,S0782,Shayxontohur,41.291521,69.26405,36.5,4.4,50.18,232.7,0.3574,81.5,95.0,4.01,1,0.3813
2026-05-17,2026-05-11 17:17:10,S0782,Shayxontohur,41.291521,69.26405,33.6,6.2,49.96,230.9,0.5275,78.1,95.0,4.46,1,0.3813
2026-05-18,2026-05-11 17:17:10,S0782,Shayxontohur,41.291521,69.26405,35.8,4.1,50.02,229.2,0.428,79.0,95.0,4.48,1,0.3813
2026-05-12,2026-05-11 17:17:10,S0783,Shayxontohur,41.317534,69.281922,39.2,20.0,50.25,226.8,0.5315,90.4,56.9,3.99,0,0.0229
2026-05-13,2026-05-11 17:17:10,S0783,Shayxontohur,41.317534,69.281922,43.0,19.5,50.38,224.0,0.4902,86.4,49.2,4.69,1,0.3729
2026-05-14,2026-05-11 17:17:10,S0783,Shayxontohur,41.317534,69.281922,40.3,17.4,50.22,224.9,0.5429,85.3,56.9,5.24,1,0.3729
2026-05-15,2026-05-11 17:17:10,S0783,Shayxontohur,41.317534,69.281922,40.4,19.1,50.42,223.7,0.6455,88.0,56.2,4.67,1,0.3729
2026-05-16,2026-05-11 17:17:10,S0783,Shayxontohur,41.317534,69.281922,41.7,19.8,50.44,225.7,0.5733,85.0,54.6,5.17,1,0.3729
2026-05-17,2026-05-11 17:17:10,S0783,Shayxontohur,41.317534,69.281922,41.5,18.9,50.48,226.1,0.621,87.1,54.2,4.7,1,0.3729
2026-05-18,2026-05-11 17:17:10,S0783,Shayxontohur,41.317534,69.281922,40.4,22.5,50.53,226.7,0.5984,87.1,54.3,5.12,1,0.3729
2026-05-12,2026-05-11 17:17:10,S0784,Shayxontohur,41.301834,69.291415,33.3,7.4,49.69,228.9,0.5594,76.4,95.0,2.79,1,0.3731
2026-05-13,2026-05-11 17:17:10,S0784,Shayxontohur,41.301834,69.291415,34.2,5.0,49.59,227.7,0.6627,75.7,92.7,3.08,1,0.3731
2026-05-14,2026-05-11 17:17:10,S0784,Shayxontohur,41.301834,69.291415,28.5,5.1,49.49,232.6,0.5767,73.8,95.0,3.3,2,0.7231
2026-05-15,2026-05-11 17:17:10,S0784,Shayxontohur,41.301834,69.291415,28.0,3.7,49.63,231.2,0.7253,72.0,86.6,2.71,2,0.7231
2026-05-16,2026-05-11 17:17:10,S0784,Shayxontohur,41.301834,69.291415,29.5,3.3,49.71,233.0,0.8544,77.1,90.6,3.03,1,0.3731
2026-05-17,2026-05-11 17:17:10,S0784,Shayxontohur,41.301834,69.291415,28.3,2.2,49.59,234.5,0.6185,76.5,94.6,2.68,1,0.3731
2026-05-18,2026-05-11 17:17:10,S0784,Shayxontohur,41.301834,69.291415,32.9,0.0,49.74,232.8,0.6023,78.5,87.6,3.1,1,0.3731
2026-05-12,2026-05-11 17:17:10,S0785,Shayxontohur,41.289094,69.286465,36.3,5.2,49.56,215.3,0.5393,88.6,51.9,3.86,0,0.0321
2026-05-13,2026-05-11 17:17:10,S0785,Shayxontohur,41.289094,69.286465,40.7,3.9,49.8,222.0,0.6385,88.5,50.0,3.62,1,0.3821
2026-05-14,2026-05-11 17:17:10,S0785,Shayxontohur,41.289094,69.286465,41.9,6.6,49.55,216.3,0.5254,90.2,53.6,4.01,1,0.3821
2026-05-15,2026-05-11 17:17:10,S0785,Shayxontohur,41.289094,69.286465,40.5,5.7,49.7,222.4,0.6373,91.4,53.4,4.19,1,0.3821
2026-05-16,2026-05-11 17:17:10,S0785,Shayxontohur,41.289094,69.286465,40.0,3.1,49.7,218.1,0.6338,91.0,54.0,3.8,0,0.0321
2026-05-17,2026-05-11 17:17:10,S0785,Shayxontohur,41.289094,69.286465,42.2,2.8,49.73,221.3,0.7306,90.6,50.2,4.33,1,0.3821
2026-05-18,2026-05-11 17:17:10,S0785,Shayxontohur,41.289094,69.286465,39.4,2.1,49.52,222.4,0.8454,88.3,51.6,3.97,0,0.0321
2026-05-12,2026-05-11 17:17:10,S0786,Shayxontohur,41.288859,69.289188,32.3,6.3,50.26,231.2,0.5341,88.9,41.0,3.29,1,0.3856
2026-05-13,2026-05-11 17:17:10,S0786,Shayxontohur,41.288859,69.289188,30.4,5.9,50.49,234.3,0.4528,86.7,52.5,3.44,1,0.3856
2026-05-14,2026-05-11 17:17:10,S0786,Shayxontohur,41.288859,69.289188,32.5,3.5,50.31,235.5,0.5533,85.4,41.4,4.17,1,0.3856
2026-05-15,2026-05-11 17:17:10,S0786,Shayxontohur,41.288859,69.289188,33.6,6.5,50.24,235.8,0.4828,87.0,47.7,3.44,1,0.3856
2026-05-16,2026-05-11 17:17:10,S0786,Shayxontohur,41.288859,69.289188,33.0,6.3,50.53,243.6,0.5487,86.4,44.2,3.52,2,0.7356
2026-05-17,2026-05-11 17:17:10,S0786,Shayxontohur,41.288859,69.289188,32.5,4.0,50.55,237.8,0.5315,84.4,30.4,3.08,1,0.3856
2026-05-18,2026-05-11 17:17:10,S0786,Shayxontohur,41.288859,69.289188,35.9,3.8,50.43,244.1,0.6617,84.8,41.6,3.33,2,0.7356
2026-05-12,2026-05-11 17:17:10,S0787,Shayxontohur,41.330733,69.275528,32.2,7.6,49.56,203.9,0.8159,86.3,41.0,4.96,1,0.3836
2026-05-13,2026-05-11 17:17:10,S0787,Shayxontohur,41.330733,69.275528,31.7,9.7,49.68,203.0,0.7383,82.5,44.6,4.87,1,0.3836
2026-05-14,2026-05-11 17:17:10,S0787,Shayxontohur,41.330733,69.275528,30.5,8.2,49.68,202.0,0.9142,80.1,50.6,4.68,1,0.3836
2026-05-15,2026-05-11 17:17:10,S0787,Shayxontohur,41.330733,69.275528,26.9,9.8,49.82,206.4,0.8364,79.1,45.2,4.93,1,0.3836
2026-05-16,2026-05-11 17:17:10,S0787,Shayxontohur,41.330733,69.275528,28.1,7.7,49.85,200.1,0.9107,80.8,43.6,4.77,1,0.3836
2026-05-17,2026-05-11 17:17:10,S0787,Shayxontohur,41.330733,69.275528,28.4,6.9,49.79,205.4,0.8589,77.9,46.7,5.03,1,0.3836
2026-05-18,2026-05-11 17:17:10,S0787,Shayxontohur,41.330733,69.275528,26.4,8.9,49.7,207.1,0.8207,79.3,43.2,5.39,1,0.3836
2026-05-12,2026-05-11 17:17:10,S0788,Shayxontohur,41.297381,69.258466,37.2,10.3,49.5,214.0,0.369,81.2,64.3,3.9,1,0.3844
2026-05-13,2026-05-11 17:17:10,S0788,Shayxontohur,41.297381,69.258466,37.9,7.6,49.51,213.3,0.3942,82.5,66.9,4.18,1,0.3844
2026-05-14,2026-05-11 17:17:10,S0788,Shayxontohur,41.297381,69.258466,39.1,8.0,49.5,213.4,0.5008,79.8,53.5,4.15,1,0.3844
2026-05-15,2026-05-11 17:17:10,S0788,Shayxontohur,41.297381,69.258466,41.8,8.1,49.41,208.0,0.4638,80.3,60.2,3.65,1,0.3844
2026-05-16,2026-05-11 17:17:10,S0788,Shayxontohur,41.297381,69.258466,38.4,8.1,49.42,208.9,0.3826,79.0,59.3,3.72,1,0.3844
2026-05-17,2026-05-11 17:17:10,S0788,Shayxontohur,41.297381,69.258466,38.8,8.4,49.27,206.2,0.3647,79.2,51.9,3.66,1,0.3844
2026-05-18,2026-05-11 17:17:10,S0788,Shayxontohur,41.297381,69.258466,38.7,8.5,49.39,200.8,0.3807,79.6,54.3,3.68,1,0.3844
2026-05-12,2026-05-11 17:17:10,S0789,Shayxontohur,41.302534,69.25925,33.5,10.1,49.89,232.2,0.9652,93.3,81.8,3.23,1,0.3838
2026-05-13,2026-05-11 17:17:10,S0789,Shayxontohur,41.302534,69.25925,34.3,8.3,49.94,242.0,0.8869,92.7,83.5,3.34,2,0.7338
2026-05-14,2026-05-11 17:17:10,S0789,Shayxontohur,41.302534,69.25925,34.0,10.7,49.98,242.8,0.8212,93.3,79.3,3.3,2,0.7338
2026-05-15,2026-05-11 17:17:10,S0789,Shayxontohur,41.302534,69.25925,32.8,12.2,49.89,235.4,0.8679,93.0,82.3,3.24,1,0.3838
2026-05-16,2026-05-11 17:17:10,S0789,Shayxontohur,41.302534,69.25925,35.6,10.2,49.97,242.3,0.798,91.6,78.0,3.54,2,0.7338
2026-05-17,2026-05-11 17:17:10,S0789,Shayxontohur,41.302534,69.25925,31.3,10.7,49.92,243.8,0.886,92.1,73.0,3.36,2,0.7338
2026-05-18,2026-05-11 17:17:10,S0789,Shayxontohur,41.302534,69.25925,29.7,8.4,49.96,245.0,0.8809,89.8,81.7,3.06,2,0.7338
2026-05-12,2026-05-11 17:17:10,S0790,Shayxontohur,41.328658,69.249324,42.9,0.0,49.92,219.1,0.9789,87.4,95.0,2.8,1,0.3785
2026-05-13,2026-05-11 17:17:10,S0790,Shayxontohur,41.328658,69.249324,41.4,2.8,49.86,219.0,0.9051,89.2,95.0,3.32,1,0.3785
2026-05-14,2026-05-11 17:17:10,S0790,Shayxontohur,41.328658,69.249324,42.3,2.7,49.94,220.8,0.7985,89.1,95.0,2.93,1,0.3785
2026-05-15,2026-05-11 17:17:10,S0790,Shayxontohur,41.328658,69.249324,42.2,1.8,50.02,219.6,0.9171,83.3,95.0,3.45,1,0.3785
2026-05-16,2026-05-11 17:17:10,S0790,Shayxontohur,41.328658,69.249324,41.8,2.1,50.18,216.6,1.0148,88.6,95.0,3.2,1,0.3785
2026-05-17,2026-05-11 17:17:10,S0790,Shayxontohur,41.328658,69.249324,42.2,1.3,49.95,221.8,1.1238,90.8,95.0,3.03,1,0.3785
2026-05-18,2026-05-11 17:17:10,S0790,Shayxontohur,41.328658,69.249324,43.1,2.6,50.23,216.1,1.0454,93.1,95.0,3.72,1,0.3785
2026-05-12,2026-05-11 17:17:10,S0791,Shayxontohur,41.296144,69.292716,36.4,5.1,50.28,215.2,0.9239,90.4,44.3,3.19,0,0.0371
2026-05-13,2026-05-11 17:17:10,S0791,Shayxontohur,41.296144,69.292716,35.3,5.9,50.06,216.2,0.8761,95.8,47.5,3.03,0,0.0371
2026-05-14,2026-05-11 17:17:10,S0791,Shayxontohur,41.296144,69.292716,37.4,3.9,50.26,217.6,0.7941,92.5,45.8,3.54,0,0.0371
2026-05-15,2026-05-11 17:17:10,S0791,Shayxontohur,41.296144,69.292716,36.4,4.1,50.21,220.1,0.8625,91.7,52.9,3.28,0,0.0371
2026-05-16,2026-05-11 17:17:10,S0791,Shayxontohur,41.296144,69.292716,36.0,4.4,49.99,220.3,0.9008,95.1,56.1,3.41,0,0.0371
2026-05-17,2026-05-11 17:17:10,S0791,Shayxontohur,41.296144,69.292716,38.4,3.7,50.03,222.0,0.9026,93.3,46.4,3.28,0,0.0371
2026-05-18,2026-05-11 17:17:10,S0791,Shayxontohur,41.296144,69.292716,39.7,4.5,50.02,223.0,0.9427,98.6,50.9,2.93,0,0.0371
2026-05-12,2026-05-11 17:17:10,S0792,Shayxontohur,41.333233,69.270559,35.6,9.7,50.2,218.9,0.3782,81.5,41.8,4.1,1,0.3662
2026-05-13,2026-05-11 17:17:10,S0792,Shayxontohur,41.333233,69.270559,31.5,9.4,50.12,219.6,0.2047,79.1,36.7,4.25,1,0.3662
2026-05-14,2026-05-11 17:17:10,S0792,Shayxontohur,41.333233,69.270559,33.5,10.4,50.29,220.9,0.2612,78.0,52.0,4.88,1,0.3662
2026-05-15,2026-05-11 17:17:10,S0792,Shayxontohur,41.333233,69.270559,31.2,11.9,50.08,226.7,0.3377,79.5,39.9,4.28,1,0.3662
2026-05-16,2026-05-11 17:17:10,S0792,Shayxontohur,41.333233,69.270559,32.9,10.4,50.21,224.6,0.1458,81.1,44.6,4.4,1,0.3662
2026-05-17,2026-05-11 17:17:10,S0792,Shayxontohur,41.333233,69.270559,33.6,13.7,50.24,222.7,0.2577,78.6,47.3,4.61,1,0.3662
2026-05-18,2026-05-11 17:17:10,S0792,Shayxontohur,41.333233,69.270559,33.0,11.2,50.31,225.7,0.3006,79.4,38.4,4.72,1,0.3662
2026-05-12,2026-05-11 17:17:10,S0793,Shayxontohur,41.293869,69.269057,34.9,7.3,49.25,219.4,0.01,90.2,36.4,5.43,1,0.3847
2026-05-13,2026-05-11 17:17:10,S0793,Shayxontohur,41.293869,69.269057,33.1,7.3,49.32,218.0,0.2382,90.1,34.9,6.14,2,0.7347
2026-05-14,2026-05-11 17:17:10,S0793,Shayxontohur,41.293869,69.269057,33.3,6.9,49.46,217.0,0.01,91.9,36.1,5.54,2,0.7347
2026-05-15,2026-05-11 17:17:10,S0793,Shayxontohur,41.293869,69.269057,35.7,5.1,49.24,220.3,0.01,90.2,25.0,6.08,2,0.7347
2026-05-16,2026-05-11 17:17:10,S0793,Shayxontohur,41.293869,69.269057,35.8,6.1,49.34,221.7,0.077,91.9,39.9,6.0,2,0.7347
2026-05-17,2026-05-11 17:17:10,S0793,Shayxontohur,41.293869,69.269057,34.9,6.0,49.38,228.9,0.01,88.3,31.6,5.94,2,0.7347
2026-05-18,2026-05-11 17:17:10,S0793,Shayxontohur,41.293869,69.269057,34.4,7.1,49.26,230.2,0.01,94.7,34.5,6.11,2,0.7347
2026-05-12,2026-05-11 17:17:10,S0794,Shayxontohur,41.322276,69.294542,31.8,18.5,49.92,215.0,0.953,85.9,58.8,3.68,0,0.0265
2026-05-13,2026-05-11 17:17:10,S0794,Shayxontohur,41.322276,69.294542,28.3,16.8,49.87,219.4,0.9887,87.0,56.2,3.76,0,0.0265
2026-05-14,2026-05-11 17:17:10,S0794,Shayxontohur,41.322276,69.294542,28.1,17.6,49.76,227.2,0.8776,89.1,56.0,3.33,0,0.0265
2026-05-15,2026-05-11 17:17:10,S0794,Shayxontohur,41.322276,69.294542,29.5,16.7,49.67,226.8,1.0388,85.7,48.1,3.82,1,0.3765
2026-05-16,2026-05-11 17:17:10,S0794,Shayxontohur,41.322276,69.294542,29.8,17.3,49.52,222.2,1.0775,85.2,48.2,3.43,1,0.3765
2026-05-17,2026-05-11 17:17:10,S0794,Shayxontohur,41.322276,69.294542,25.0,17.6,49.74,221.7,1.1836,87.6,50.3,3.43,1,0.3765
2026-05-18,2026-05-11 17:17:10,S0794,Shayxontohur,41.322276,69.294542,30.9,20.8,49.52,224.2,1.0391,86.9,48.0,3.33,1,0.3765
2026-05-12,2026-05-11 17:17:10,S0795,Shayxontohur,41.310175,69.287483,35.6,10.4,50.47,221.4,0.5855,90.4,73.1,3.83,0,0.0406
2026-05-13,2026-05-11 17:17:10,S0795,Shayxontohur,41.310175,69.287483,34.4,11.0,50.44,223.3,0.5432,90.9,67.2,4.07,0,0.0406
2026-05-14,2026-05-11 17:17:10,S0795,Shayxontohur,41.310175,69.287483,31.9,12.1,50.35,217.8,0.5051,92.4,81.8,4.22,0,0.0406
2026-05-15,2026-05-11 17:17:10,S0795,Shayxontohur,41.310175,69.287483,32.5,13.7,50.3,218.0,0.4748,85.4,68.3,3.61,0,0.0406
2026-05-16,2026-05-11 17:17:10,S0795,Shayxontohur,41.310175,69.287483,30.9,12.4,50.35,219.5,0.3534,90.7,78.6,4.25,0,0.0406
2026-05-17,2026-05-11 17:17:10,S0795,Shayxontohur,41.310175,69.287483,30.8,9.3,50.34,218.8,0.4861,92.3,78.4,4.03,0,0.0406
2026-05-18,2026-05-11 17:17:10,S0795,Shayxontohur,41.310175,69.287483,31.8,11.6,50.31,216.8,0.4107,88.1,68.7,4.45,0,0.0406
2026-05-12,2026-05-11 17:17:10,S0796,Shayxontohur,41.324233,69.30266,48.2,11.7,49.86,232.8,0.7201,91.2,40.0,3.29,2,0.7273
2026-05-13,2026-05-11 17:17:10,S0796,Shayxontohur,41.324233,69.30266,45.9,11.2,49.86,234.6,0.5298,90.1,33.8,2.98,2,0.7273
2026-05-14,2026-05-11 17:17:10,S0796,Shayxontohur,41.324233,69.30266,47.1,11.3,49.73,226.2,0.6725,91.3,44.1,2.46,2,0.7273
2026-05-15,2026-05-11 17:17:10,S0796,Shayxontohur,41.324233,69.30266,44.9,11.1,49.71,232.9,0.5842,88.9,39.7,2.56,1,0.3773
2026-05-16,2026-05-11 17:17:10,S0796,Shayxontohur,41.324233,69.30266,45.1,13.2,49.8,230.4,0.5899,90.8,42.4,3.35,2,0.7273
2026-05-17,2026-05-11 17:17:10,S0796,Shayxontohur,41.324233,69.30266,48.9,10.0,49.74,230.7,0.5536,91.1,40.7,2.86,2,0.7273
2026-05-18,2026-05-11 17:17:10,S0796,Shayxontohur,41.324233,69.30266,45.3,10.7,49.84,236.2,0.597,91.3,38.7,3.19,2,0.7273
2026-05-12,2026-05-11 17:17:10,S0797,Shayxontohur,41.291699,69.288129,21.0,5.2,49.8,210.1,0.6099,84.9,61.2,4.8,1,0.3791
2026-05-13,2026-05-11 17:17:10,S0797,Shayxontohur,41.291699,69.288129,22.3,3.9,49.77,215.7,0.5322,86.7,57.3,3.98,0,0.0291
2026-05-14,2026-05-11 17:17:10,S0797,Shayxontohur,41.291699,69.288129,19.7,4.7,49.87,213.5,0.6951,86.3,53.3,3.72,0,0.0291
2026-05-15,2026-05-11 17:17:10,S0797,Shayxontohur,41.291699,69.288129,18.6,5.6,49.74,217.7,0.689,87.4,53.4,4.1,0,0.0291
2026-05-16,2026-05-11 17:17:10,S0797,Shayxontohur,41.291699,69.288129,21.2,5.8,49.89,209.4,0.7723,86.9,52.7,4.1,1,0.3791
2026-05-17,2026-05-11 17:17:10,S0797,Shayxontohur,41.291699,69.288129,18.8,4.1,49.78,214.2,0.7893,87.2,49.7,4.01,0,0.0291
2026-05-18,2026-05-11 17:17:10,S0797,Shayxontohur,41.291699,69.288129,16.8,4.6,49.84,206.6,0.907,89.1,52.3,4.39,1,0.3791
2026-05-12,2026-05-11 17:17:10,S0798,Shayxontohur,41.314154,69.266846,35.6,3.7,50.03,227.4,0.5273,88.2,94.6,4.22,1,0.3729
2026-05-13,2026-05-11 17:17:10,S0798,Shayxontohur,41.314154,69.266846,38.0,2.8,50.14,223.8,0.4866,88.3,95.0,4.79,1,0.3729
2026-05-14,2026-05-11 17:17:10,S0798,Shayxontohur,41.314154,69.266846,39.4,2.9,50.09,224.9,0.5049,88.8,95.0,5.44,1,0.3729
2026-05-15,2026-05-11 17:17:10,S0798,Shayxontohur,41.314154,69.266846,35.8,3.1,50.02,225.2,0.6432,86.5,93.7,5.39,1,0.3729
2026-05-16,2026-05-11 17:17:10,S0798,Shayxontohur,41.314154,69.266846,34.6,3.8,50.06,216.6,0.5334,87.0,89.1,5.79,2,0.7229
2026-05-17,2026-05-11 17:17:10,S0798,Shayxontohur,41.314154,69.266846,34.4,4.8,50.23,218.5,0.5231,87.2,95.0,5.72,2,0.7229
2026-05-18,2026-05-11 17:17:10,S0798,Shayxontohur,41.314154,69.266846,38.8,6.4,50.1,220.3,0.4736,86.9,94.8,6.54,2,0.7229
2026-05-12,2026-05-11 17:17:10,S0799,Shayxontohur,41.32764,69.251391,40.4,17.2,50.07,213.1,0.5665,96.8,51.5,5.81,2,0.7288
2026-05-13,2026-05-11 17:17:10,S0799,Shayxontohur,41.32764,69.251391,42.9,13.4,49.98,210.9,0.6172,95.1,60.8,5.81,2,0.7288
2026-05-14,2026-05-11 17:17:10,S0799,Shayxontohur,41.32764,69.251391,40.0,12.5,50.05,209.2,0.717,98.4,49.5,6.59,2,0.7288
2026-05-15,2026-05-11 17:17:10,S0799,Shayxontohur,41.32764,69.251391,36.8,15.7,50.07,217.7,0.7192,94.0,37.7,5.62,2,0.7288
2026-05-16,2026-05-11 17:17:10,S0799,Shayxontohur,41.32764,69.251391,40.5,12.4,50.27,218.1,0.6922,97.9,44.6,6.51,2,0.7288
2026-05-17,2026-05-11 17:17:10,S0799,Shayxontohur,41.32764,69.251391,41.8,13.9,50.23,214.7,0.8598,95.6,46.7,6.61,2,0.7288
2026-05-18,2026-05-11 17:17:10,S0799,Shayxontohur,41.32764,69.251391,39.7,12.9,50.09,213.9,0.7122,99.6,41.8,6.75,2,0.7288
2026-05-12,2026-05-11 17:17:10,S0800,Shayxontohur,41.316452,69.256881,32.6,8.1,50.21,227.8,0.6771,83.7,73.2,1.62,1,0.3671
2026-05-13,2026-05-11 17:17:10,S0800,Shayxontohur,41.316452,69.256881,32.0,8.2,50.11,227.7,0.6371,83.8,74.3,1.17,1,0.3671
2026-05-14,2026-05-11 17:17:10,S0800,Shayxontohur,41.316452,69.256881,27.5,7.2,50.24,224.8,0.6072,83.8,80.9,1.44,1,0.3671
2026-05-15,2026-05-11 17:17:10,S0800,Shayxontohur,41.316452,69.256881,29.9,9.7,50.24,223.6,0.6192,85.5,81.4,1.25,0,0.0171
2026-05-16,2026-05-11 17:17:10,S0800,Shayxontohur,41.316452,69.256881,27.0,8.5,50.36,226.7,0.5631,81.8,93.7,1.08,1,0.3671
2026-05-17,2026-05-11 17:17:10,S0800,Shayxontohur,41.316452,69.256881,31.1,6.6,50.35,226.0,0.4722,84.4,86.5,0.94,1,0.3671
2026-05-18,2026-05-11 17:17:10,S0800,Shayxontohur,41.316452,69.256881,29.7,6.0,50.44,228.5,0.5103,83.2,90.4,0.5,1,0.3671
2026-05-12,2026-05-11 17:17:10,S0801,Uchtepa,41.289928,69.159239,41.0,8.5,49.98,210.6,0.5636,92.5,73.0,3.6,1,0.3816
2026-05-13,2026-05-11 17:17:10,S0801,Uchtepa,41.289928,69.159239,37.6,7.4,49.92,212.8,0.5801,98.8,74.7,3.59,0,0.0316
2026-05-14,2026-05-11 17:17:10,S0801,Uchtepa,41.289928,69.159239,40.4,9.1,50.1,209.5,0.5443,94.5,75.1,3.84,1,0.3816
2026-05-15,2026-05-11 17:17:10,S0801,Uchtepa,41.289928,69.159239,38.9,9.9,49.96,207.2,0.5474,95.6,81.2,3.75,1,0.3816
2026-05-16,2026-05-11 17:17:10,S0801,Uchtepa,41.289928,69.159239,36.7,8.6,49.85,209.4,0.5056,96.6,71.2,3.64,1,0.3816
2026-05-17,2026-05-11 17:17:10,S0801,Uchtepa,41.289928,69.159239,41.0,7.9,49.71,206.1,0.6122,96.1,81.1,3.34,1,0.3816
2026-05-18,2026-05-11 17:17:10,S0801,Uchtepa,41.289928,69.159239,38.1,7.2,49.72,209.9,0.5392,95.5,80.3,3.81,1,0.3816
2026-05-12,2026-05-11 17:17:10,S0802,Uchtepa,41.330717,69.165924,40.6,9.3,50.0,212.0,1.0425,93.3,74.7,4.24,1,0.3824
2026-05-13,2026-05-11 17:17:10,S0802,Uchtepa,41.330717,69.165924,37.8,12.7,50.26,211.9,1.0412,92.6,70.2,4.92,1,0.3824
2026-05-14,2026-05-11 17:17:10,S0802,Uchtepa,41.330717,69.165924,39.4,10.5,50.09,205.4,1.078,88.9,70.1,4.85,1,0.3824
2026-05-15,2026-05-11 17:17:10,S0802,Uchtepa,41.330717,69.165924,43.2,10.8,50.09,209.3,1.0155,90.1,66.3,4.65,1,0.3824
2026-05-16,2026-05-11 17:17:10,S0802,Uchtepa,41.330717,69.165924,39.7,12.0,50.22,206.8,1.0248,91.0,63.9,4.62,1,0.3824
2026-05-17,2026-05-11 17:17:10,S0802,Uchtepa,41.330717,69.165924,45.3,12.2,50.17,206.6,1.0693,90.6,58.9,4.99,2,0.7324
2026-05-18,2026-05-11 17:17:10,S0802,Uchtepa,41.330717,69.165924,41.1,14.1,50.06,209.7,1.1034,90.2,65.6,4.62,1,0.3824
2026-05-12,2026-05-11 17:17:10,S0803,Uchtepa,41.353441,69.190197,34.6,10.3,50.45,216.7,0.4789,99.6,32.4,3.16,0,0.0305
2026-05-13,2026-05-11 17:17:10,S0803,Uchtepa,41.353441,69.190197,34.4,11.4,50.42,211.0,0.5092,100.0,26.9,3.34,1,0.3805
2026-05-14,2026-05-11 17:17:10,S0803,Uchtepa,41.353441,69.190197,34.1,9.6,50.35,209.9,0.5171,100.0,30.7,3.31,1,0.3805
2026-05-15,2026-05-11 17:17:10,S0803,Uchtepa,41.353441,69.190197,33.6,12.8,50.27,212.3,0.5996,100.0,32.4,3.76,0,0.0305
2026-05-16,2026-05-11 17:17:10,S0803,Uchtepa,41.353441,69.190197,37.4,11.5,50.48,210.9,0.5761,100.0,35.5,3.57,0,0.0305
2026-05-17,2026-05-11 17:17:10,S0803,Uchtepa,41.353441,69.190197,38.4,10.6,50.28,213.0,0.5794,100.0,25.0,3.07,1,0.3805
2026-05-18,2026-05-11 17:17:10,S0803,Uchtepa,41.353441,69.190197,40.2,12.7,50.12,205.8,0.5833,99.1,25.0,3.36,1,0.3805
2026-05-12,2026-05-11 17:17:10,S0804,Uchtepa,41.343489,69.222465,27.9,11.3,49.89,215.4,0.7972,94.0,57.3,4.7,0,0.0258
2026-05-13,2026-05-11 17:17:10,S0804,Uchtepa,41.343489,69.222465,28.3,8.3,49.71,219.8,0.6673,93.5,61.6,4.63,0,0.0258
2026-05-14,2026-05-11 17:17:10,S0804,Uchtepa,41.343489,69.222465,30.4,10.0,49.73,216.8,0.783,95.4,57.4,4.66,0,0.0258
2026-05-15,2026-05-11 17:17:10,S0804,Uchtepa,41.343489,69.222465,26.9,9.0,49.97,217.4,0.8253,93.5,51.7,4.99,0,0.0258
2026-05-16,2026-05-11 17:17:10,S0804,Uchtepa,41.343489,69.222465,29.5,10.0,50.06,215.7,0.7428,90.2,42.3,5.07,1,0.3758
2026-05-17,2026-05-11 17:17:10,S0804,Uchtepa,41.343489,69.222465,28.5,8.2,50.12,214.9,0.8291,93.0,50.8,4.98,0,0.0258
2026-05-18,2026-05-11 17:17:10,S0804,Uchtepa,41.343489,69.222465,33.0,6.1,50.27,212.7,0.9779,93.1,49.6,4.77,0,0.0258
2026-05-12,2026-05-11 17:17:10,S0805,Uchtepa,41.361718,69.221345,30.9,9.3,49.71,213.9,0.3647,86.2,83.2,1.91,0,0.0295
2026-05-13,2026-05-11 17:17:10,S0805,Uchtepa,41.361718,69.221345,30.2,7.5,49.63,215.2,0.3789,87.2,78.5,2.42,0,0.0295
2026-05-14,2026-05-11 17:17:10,S0805,Uchtepa,41.361718,69.221345,29.5,6.0,49.84,214.6,0.4264,88.7,82.4,2.49,0,0.0295
2026-05-15,2026-05-11 17:17:10,S0805,Uchtepa,41.361718,69.221345,28.6,6.5,49.79,212.6,0.6419,87.9,79.9,2.33,0,0.0295
2026-05-16,2026-05-11 17:17:10,S0805,Uchtepa,41.361718,69.221345,31.6,7.6,49.78,216.1,0.5416,87.2,80.0,1.97,0,0.0295
2026-05-17,2026-05-11 17:17:10,S0805,Uchtepa,41.361718,69.221345,31.9,8.7,49.65,215.4,0.4666,93.7,73.8,2.29,0,0.0295
2026-05-18,2026-05-11 17:17:10,S0805,Uchtepa,41.361718,69.221345,27.9,8.6,49.64,220.9,0.5466,90.2,68.1,2.22,0,0.0295
2026-05-12,2026-05-11 17:17:10,S0806,Uchtepa,41.307135,69.227559,24.3,1.9,50.06,224.5,0.3012,76.9,67.7,2.98,1,0.3784
2026-05-13,2026-05-11 17:17:10,S0806,Uchtepa,41.307135,69.227559,22.1,3.1,50.11,223.2,0.4373,79.0,62.5,2.84,1,0.3784
2026-05-14,2026-05-11 17:17:10,S0806,Uchtepa,41.307135,69.227559,23.4,3.2,50.01,221.9,0.5104,80.8,73.7,2.95,1,0.3784
2026-05-15,2026-05-11 17:17:10,S0806,Uchtepa,41.307135,69.227559,24.4,2.3,50.01,221.3,0.5193,78.8,65.9,2.78,1,0.3784
2026-05-16,2026-05-11 17:17:10,S0806,Uchtepa,41.307135,69.227559,21.2,0.0,49.9,219.5,0.4618,77.3,57.2,2.63,1,0.3784
2026-05-17,2026-05-11 17:17:10,S0806,Uchtepa,41.307135,69.227559,21.7,2.1,50.01,221.5,0.4866,75.0,64.9,3.02,1,0.3784
2026-05-18,2026-05-11 17:17:10,S0806,Uchtepa,41.307135,69.227559,23.6,3.1,49.97,223.2,0.4896,75.2,59.4,3.12,1,0.3784
2026-05-12,2026-05-11 17:17:10,S0807,Uchtepa,41.28562,69.2102,28.9,6.7,49.91,217.3,0.0297,88.1,56.2,2.38,0,0.0237
2026-05-13,2026-05-11 17:17:10,S0807,Uchtepa,41.28562,69.2102,24.4,6.3,49.74,215.4,0.0155,88.2,56.2,2.76,0,0.0237
2026-05-14,2026-05-11 17:17:10,S0807,Uchtepa,41.28562,69.2102,26.0,4.6,49.97,219.4,0.01,89.1,60.5,2.65,0,0.0237
2026-05-15,2026-05-11 17:17:10,S0807,Uchtepa,41.28562,69.2102,21.9,7.4,49.81,213.3,0.01,88.7,54.7,2.54,0,0.0237
2026-05-16,2026-05-11 17:17:10,S0807,Uchtepa,41.28562,69.2102,24.2,6.0,49.74,212.5,0.01,84.7,63.3,2.1,1,0.3737
2026-05-17,2026-05-11 17:17:10,S0807,Uchtepa,41.28562,69.2102,23.2,7.0,49.78,207.5,0.01,81.5,65.6,1.86,1,0.3737
2026-05-18,2026-05-11 17:17:10,S0807,Uchtepa,41.28562,69.2102,23.0,6.9,49.79,210.3,0.01,85.0,65.5,2.69,0,0.0237
2026-05-12,2026-05-11 17:17:10,S0808,Uchtepa,41.313434,69.177032,27.8,11.1,50.1,213.5,0.4589,91.3,91.6,4.23,1,0.3759
2026-05-13,2026-05-11 17:17:10,S0808,Uchtepa,41.313434,69.177032,30.1,12.9,50.09,211.5,0.4898,90.4,87.0,4.51,0,0.0259
2026-05-14,2026-05-11 17:17:10,S0808,Uchtepa,41.313434,69.177032,28.2,12.5,49.84,211.8,0.3233,90.1,89.9,4.13,0,0.0259
2026-05-15,2026-05-11 17:17:10,S0808,Uchtepa,41.313434,69.177032,27.6,13.1,49.93,211.8,0.3732,92.8,93.5,4.25,1,0.3759
2026-05-16,2026-05-11 17:17:10,S0808,Uchtepa,41.313434,69.177032,29.2,13.1,49.91,213.3,0.3642,92.3,94.4,3.72,1,0.3759
2026-05-17,2026-05-11 17:17:10,S0808,Uchtepa,41.313434,69.177032,30.7,10.7,50.03,211.3,0.3611,94.2,90.2,3.62,1,0.3759
2026-05-18,2026-05-11 17:17:10,S0808,Uchtepa,41.313434,69.177032,29.3,13.9,50.1,213.9,0.329,91.1,83.9,3.58,0,0.0259
2026-05-12,2026-05-11 17:17:10,S0809,Uchtepa,41.29937,69.189295,31.4,7.7,49.64,218.6,0.322,92.9,69.0,1.46,0,0.0243
2026-05-13,2026-05-11 17:17:10,S0809,Uchtepa,41.29937,69.189295,27.8,8.9,49.72,224.4,0.1709,88.3,62.2,1.35,0,0.0243
2026-05-14,2026-05-11 17:17:10,S0809,Uchtepa,41.29937,69.189295,31.4,6.6,49.55,222.0,0.2342,89.1,68.3,1.15,0,0.0243
2026-05-15,2026-05-11 17:17:10,S0809,Uchtepa,41.29937,69.189295,31.4,8.6,49.6,224.4,0.1022,86.3,65.1,0.63,0,0.0243
2026-05-16,2026-05-11 17:17:10,S0809,Uchtepa,41.29937,69.189295,27.7,9.1,49.48,222.5,0.2828,88.8,59.1,0.58,1,0.3743
2026-05-17,2026-05-11 17:17:10,S0809,Uchtepa,41.29937,69.189295,27.6,10.3,49.56,224.2,0.2481,84.7,62.1,0.5,1,0.3743
2026-05-18,2026-05-11 17:17:10,S0809,Uchtepa,41.29937,69.189295,29.4,9.2,49.41,226.1,0.1845,82.3,68.4,0.5,1,0.3743
2026-05-12,2026-05-11 17:17:10,S0810,Uchtepa,41.353336,69.207909,30.5,1.8,49.92,208.0,0.1075,84.6,48.4,3.36,1,0.371
2026-05-13,2026-05-11 17:17:10,S0810,Uchtepa,41.353336,69.207909,25.0,1.8,49.99,207.4,0.2427,84.8,52.2,3.78,1,0.371
2026-05-14,2026-05-11 17:17:10,S0810,Uchtepa,41.353336,69.207909,26.3,2.7,50.01,209.4,0.282,83.2,56.2,3.5,1,0.371
2026-05-15,2026-05-11 17:17:10,S0810,Uchtepa,41.353336,69.207909,24.0,0.5,49.94,212.2,0.171,84.4,61.9,3.57,1,0.371
2026-05-16,2026-05-11 17:17:10,S0810,Uchtepa,41.353336,69.207909,22.7,4.5,49.89,214.5,0.2082,84.1,59.3,3.68,1,0.371
2026-05-17,2026-05-11 17:17:10,S0810,Uchtepa,41.353336,69.207909,21.4,1.1,50.07,212.0,0.2107,86.3,55.0,3.57,0,0.021
2026-05-18,2026-05-11 17:17:10,S0810,Uchtepa,41.353336,69.207909,23.1,4.2,49.96,214.7,0.0883,87.4,59.0,3.75,0,0.021
2026-05-12,2026-05-11 17:17:10,S0811,Uchtepa,41.354327,69.223526,45.3,6.6,49.82,210.0,0.4443,86.4,68.8,2.4,2,0.7369
2026-05-13,2026-05-11 17:17:10,S0811,Uchtepa,41.354327,69.223526,45.8,6.8,49.88,215.1,0.4861,85.7,57.6,2.45,2,0.7369
2026-05-14,2026-05-11 17:17:10,S0811,Uchtepa,41.354327,69.223526,43.5,6.0,49.86,213.8,0.685,84.7,73.5,2.45,1,0.3869
2026-05-15,2026-05-11 17:17:10,S0811,Uchtepa,41.354327,69.223526,46.0,6.9,49.65,214.4,0.5561,86.4,69.7,2.17,2,0.7369
2026-05-16,2026-05-11 17:17:10,S0811,Uchtepa,41.354327,69.223526,46.7,7.3,49.89,219.2,0.3877,85.2,64.8,1.94,2,0.7369
2026-05-17,2026-05-11 17:17:10,S0811,Uchtepa,41.354327,69.223526,46.5,4.5,49.74,215.5,0.5013,84.7,67.0,2.15,2,0.7369
2026-05-18,2026-05-11 17:17:10,S0811,Uchtepa,41.354327,69.223526,44.4,6.5,49.95,213.7,0.4509,86.7,61.6,2.13,1,0.3869
2026-05-12,2026-05-11 17:17:10,S0812,Uchtepa,41.360497,69.193297,32.8,1.1,50.22,220.1,0.1043,93.2,48.0,4.0,0,0.0274
2026-05-13,2026-05-11 17:17:10,S0812,Uchtepa,41.360497,69.193297,29.9,0.0,50.17,222.9,0.01,88.1,48.3,3.68,0,0.0274
2026-05-14,2026-05-11 17:17:10,S0812,Uchtepa,41.360497,69.193297,34.6,0.0,50.1,218.6,0.01,86.0,50.2,3.56,0,0.0274
2026-05-15,2026-05-11 17:17:10,S0812,Uchtepa,41.360497,69.193297,32.5,0.0,50.13,220.9,0.01,85.2,49.5,4.36,0,0.0274
2026-05-16,2026-05-11 17:17:10,S0812,Uchtepa,41.360497,69.193297,32.8,1.1,50.12,215.5,0.01,90.5,49.6,3.52,0,0.0274
2026-05-17,2026-05-11 17:17:10,S0812,Uchtepa,41.360497,69.193297,36.7,1.1,50.09,219.2,0.01,89.7,38.4,3.56,0,0.0274
2026-05-18,2026-05-11 17:17:10,S0812,Uchtepa,41.360497,69.193297,36.2,0.0,50.22,216.7,0.01,84.8,45.3,3.34,1,0.3774
2026-05-12,2026-05-11 17:17:10,S0813,Uchtepa,41.313883,69.187945,35.0,6.0,49.48,219.3,0.2367,84.6,80.2,3.79,1,0.3696
2026-05-13,2026-05-11 17:17:10,S0813,Uchtepa,41.313883,69.187945,33.3,4.0,49.64,223.5,0.3881,90.0,85.1,3.89,0,0.0196
2026-05-14,2026-05-11 17:17:10,S0813,Uchtepa,41.313883,69.187945,35.4,6.6,49.46,221.1,0.4096,86.3,87.3,4.15,1,0.3696
2026-05-15,2026-05-11 17:17:10,S0813,Uchtepa,41.313883,69.187945,32.5,5.3,49.63,225.3,0.3574,84.1,94.3,3.85,1,0.3696
2026-05-16,2026-05-11 17:17:10,S0813,Uchtepa,41.313883,69.187945,33.4,3.6,49.47,223.4,0.4281,84.1,86.2,4.37,1,0.3696
2026-05-17,2026-05-11 17:17:10,S0813,Uchtepa,41.313883,69.187945,35.7,4.9,49.6,223.7,0.2335,82.8,95.0,4.01,1,0.3696
2026-05-18,2026-05-11 17:17:10,S0813,Uchtepa,41.313883,69.187945,34.6,3.9,49.39,224.2,0.3825,83.5,94.6,4.21,1,0.3696
2026-05-12,2026-05-11 17:17:10,S0814,Uchtepa,41.307974,69.193414,43.8,12.8,50.01,225.3,0.3858,87.8,75.8,2.96,1,0.384
2026-05-13,2026-05-11 17:17:10,S0814,Uchtepa,41.307974,69.193414,43.7,11.9,50.06,221.8,0.3063,89.0,73.0,2.9,1,0.384
2026-05-14,2026-05-11 17:17:10,S0814,Uchtepa,41.307974,69.193414,41.9,12.2,49.95,230.3,0.2191,87.7,75.9,2.92,1,0.384
2026-05-15,2026-05-11 17:17:10,S0814,Uchtepa,41.307974,69.193414,46.0,10.9,50.01,229.9,0.3668,88.9,70.5,2.97,2,0.734
2026-05-16,2026-05-11 17:17:10,S0814,Uchtepa,41.307974,69.193414,47.5,10.8,49.93,232.8,0.1759,87.6,74.4,2.38,2,0.734
2026-05-17,2026-05-11 17:17:10,S0814,Uchtepa,41.307974,69.193414,46.9,11.6,49.84,236.2,0.2855,87.2,80.5,3.0,2,0.734
2026-05-18,2026-05-11 17:17:10,S0814,Uchtepa,41.307974,69.193414,49.2,12.1,49.92,237.6,0.198,85.7,79.8,2.98,2,0.734
2026-05-12,2026-05-11 17:17:10,S0815,Uchtepa,41.292447,69.185249,36.2,1.9,49.72,211.5,0.3897,81.0,95.0,4.62,1,0.372
2026-05-13,2026-05-11 17:17:10,S0815,Uchtepa,41.292447,69.185249,39.2,2.7,49.85,216.0,0.4111,77.9,95.0,4.88,1,0.372
2026-05-14,2026-05-11 17:17:10,S0815,Uchtepa,41.292447,69.185249,37.9,0.0,49.84,214.3,0.5455,77.9,95.0,4.76,1,0.372
2026-05-15,2026-05-11 17:17:10,S0815,Uchtepa,41.292447,69.185249,38.1,0.0,49.67,214.2,0.4137,78.8,95.0,4.69,1,0.372
2026-05-16,2026-05-11 17:17:10,S0815,Uchtepa,41.292447,69.185249,41.0,0.0,49.8,212.3,0.486,78.6,95.0,4.9,1,0.372
2026-05-17,2026-05-11 17:17:10,S0815,Uchtepa,41.292447,69.185249,41.4,0.0,49.78,213.7,0.6639,81.1,95.0,5.05,1,0.372
2026-05-18,2026-05-11 17:17:10,S0815,Uchtepa,41.292447,69.185249,41.9,0.0,49.65,213.8,0.6393,78.7,95.0,5.03,1,0.372
2026-05-12,2026-05-11 17:17:10,S0816,Uchtepa,41.333364,69.176418,41.7,3.0,50.04,228.4,0.2411,69.4,57.3,4.02,2,0.7322
2026-05-13,2026-05-11 17:17:10,S0816,Uchtepa,41.333364,69.176418,37.0,5.0,50.1,222.8,0.1439,70.9,58.8,4.7,2,0.7322
2026-05-14,2026-05-11 17:17:10,S0816,Uchtepa,41.333364,69.176418,42.2,3.2,49.93,227.3,0.0509,69.0,51.3,4.34,2,0.7322
2026-05-15,2026-05-11 17:17:10,S0816,Uchtepa,41.333364,69.176418,40.3,3.9,50.32,225.2,0.1862,72.7,55.1,4.65,2,0.7322
2026-05-16,2026-05-11 17:17:10,S0816,Uchtepa,41.333364,69.176418,43.2,3.8,50.26,229.5,0.0415,71.7,59.9,4.53,2,0.7322
2026-05-17,2026-05-11 17:17:10,S0816,Uchtepa,41.333364,69.176418,42.7,5.0,50.12,226.8,0.0943,69.1,56.1,4.77,2,0.7322
2026-05-18,2026-05-11 17:17:10,S0816,Uchtepa,41.333364,69.176418,44.8,3.7,50.4,229.1,0.1176,66.6,52.4,5.44,2,0.7322
2026-05-12,2026-05-11 17:17:10,S0817,Uchtepa,41.351269,69.228351,18.6,3.6,50.16,229.3,0.8188,86.9,71.8,4.15,0,0.0336
2026-05-13,2026-05-11 17:17:10,S0817,Uchtepa,41.351269,69.228351,20.2,3.2,50.01,225.4,0.8818,86.3,68.6,4.67,0,0.0336
2026-05-14,2026-05-11 17:17:10,S0817,Uchtepa,41.351269,69.228351,15.9,4.1,49.93,224.0,1.0021,84.4,72.9,4.51,1,0.3836
2026-05-15,2026-05-11 17:17:10,S0817,Uchtepa,41.351269,69.228351,12.8,4.2,50.01,228.2,1.0443,83.4,72.4,4.06,1,0.3836
2026-05-16,2026-05-11 17:17:10,S0817,Uchtepa,41.351269,69.228351,17.0,2.9,49.94,222.9,0.8551,88.0,76.7,4.51,0,0.0336
2026-05-17,2026-05-11 17:17:10,S0817,Uchtepa,41.351269,69.228351,14.4,2.6,49.89,223.7,1.0306,86.3,73.9,4.91,1,0.3836
2026-05-18,2026-05-11 17:17:10,S0817,Uchtepa,41.351269,69.228351,13.2,1.3,50.03,224.0,0.9412,85.6,78.7,5.01,1,0.3836
2026-05-12,2026-05-11 17:17:10,S0818,Uchtepa,41.321593,69.200624,34.7,8.3,50.0,211.2,0.1481,93.7,79.9,3.88,0,0.0251
2026-05-13,2026-05-11 17:17:10,S0818,Uchtepa,41.321593,69.200624,31.1,9.2,50.14,212.8,0.3625,92.9,79.9,3.53,0,0.0251
2026-05-14,2026-05-11 17:17:10,S0818,Uchtepa,41.321593,69.200624,34.7,9.2,50.11,206.2,0.3798,90.6,86.4,3.85,1,0.3751
2026-05-15,2026-05-11 17:17:10,S0818,Uchtepa,41.321593,69.200624,37.2,7.7,50.03,208.5,0.458,90.0,85.7,3.99,1,0.3751
2026-05-16,2026-05-11 17:17:10,S0818,Uchtepa,41.321593,69.200624,39.1,7.1,50.12,208.3,0.422,90.9,87.0,3.92,1,0.3751
2026-05-17,2026-05-11 17:17:10,S0818,Uchtepa,41.321593,69.200624,36.8,8.3,50.18,205.7,0.4063,89.0,84.3,3.65,1,0.3751
2026-05-18,2026-05-11 17:17:10,S0818,Uchtepa,41.321593,69.200624,37.9,6.9,49.86,206.0,0.4264,92.9,80.0,3.7,1,0.3751
2026-05-12,2026-05-11 17:17:10,S0819,Uchtepa,41.346037,69.209267,36.2,1.3,49.75,212.4,0.8163,86.8,62.4,3.79,0,0.0213
2026-05-13,2026-05-11 17:17:10,S0819,Uchtepa,41.346037,69.209267,35.6,1.0,49.74,210.4,0.8299,89.1,69.1,4.49,0,0.0213
2026-05-14,2026-05-11 17:17:10,S0819,Uchtepa,41.346037,69.209267,38.2,0.8,49.91,209.0,0.6165,88.8,67.1,3.79,1,0.3713
2026-05-15,2026-05-11 17:17:10,S0819,Uchtepa,41.346037,69.209267,39.1,2.7,49.98,209.5,0.6188,90.5,63.4,3.97,1,0.3713
2026-05-16,2026-05-11 17:17:10,S0819,Uchtepa,41.346037,69.209267,36.0,1.8,49.78,210.6,0.747,87.8,74.3,3.99,0,0.0213
2026-05-17,2026-05-11 17:17:10,S0819,Uchtepa,41.346037,69.209267,36.4,0.2,49.84,206.9,0.6704,88.1,65.6,3.95,1,0.3713
2026-05-18,2026-05-11 17:17:10,S0819,Uchtepa,41.346037,69.209267,37.1,0.0,50.06,211.4,0.7394,90.1,68.1,4.08,0,0.0213
2026-05-12,2026-05-11 17:17:10,S0820,Uchtepa,41.31095,69.184013,35.4,14.2,50.32,218.7,0.4405,100.0,74.8,3.21,0,0.0229
2026-05-13,2026-05-11 17:17:10,S0820,Uchtepa,41.31095,69.184013,35.8,11.8,50.28,211.9,0.4609,100.0,79.4,2.96,0,0.0229
2026-05-14,2026-05-11 17:17:10,S0820,Uchtepa,41.31095,69.184013,38.7,14.0,50.52,217.8,0.4621,100.0,71.9,2.79,1,0.3729
2026-05-15,2026-05-11 17:17:10,S0820,Uchtepa,41.31095,69.184013,35.2,11.2,50.28,209.5,0.4072,99.3,74.5,3.11,1,0.3729
2026-05-16,2026-05-11 17:17:10,S0820,Uchtepa,41.31095,69.184013,34.1,13.6,50.39,215.4,0.3474,100.0,67.1,3.0,0,0.0229
2026-05-17,2026-05-11 17:17:10,S0820,Uchtepa,41.31095,69.184013,36.9,14.7,50.5,217.0,0.3504,98.4,78.0,2.79,0,0.0229
2026-05-18,2026-05-11 17:17:10,S0820,Uchtepa,41.31095,69.184013,36.4,10.7,50.33,215.7,0.3881,100.0,74.1,3.25,0,0.0229
2026-05-12,2026-05-11 17:17:10,S0821,Uchtepa,41.351151,69.168344,26.7,4.5,50.11,236.7,0.6543,80.1,59.3,4.35,1,0.3908
2026-05-13,2026-05-11 17:17:10,S0821,Uchtepa,41.351151,69.168344,32.5,3.5,50.06,233.6,0.6181,77.1,57.0,4.54,1,0.3908
2026-05-14,2026-05-11 17:17:10,S0821,Uchtepa,41.351151,69.168344,30.6,2.9,49.94,234.4,0.7562,78.0,49.8,4.76,1,0.3908
2026-05-15,2026-05-11 17:17:10,S0821,Uchtepa,41.351151,69.168344,32.0,3.5,50.16,231.9,0.663,79.6,49.7,4.55,1,0.3908
2026-05-16,2026-05-11 17:17:10,S0821,Uchtepa,41.351151,69.168344,30.6,4.6,49.99,233.4,0.7813,79.2,58.5,4.26,1,0.3908
2026-05-17,2026-05-11 17:17:10,S0821,Uchtepa,41.351151,69.168344,32.1,1.5,49.98,231.9,0.8016,78.7,61.5,4.1,1,0.3908
2026-05-18,2026-05-11 17:17:10,S0821,Uchtepa,41.351151,69.168344,35.6,1.3,50.07,233.7,0.7216,81.4,57.1,3.89,1,0.3908
2026-05-12,2026-05-11 17:17:10,S0822,Uchtepa,41.296568,69.224323,23.9,10.9,49.89,213.9,0.2674,85.4,60.6,3.03,0,0.0207
2026-05-13,2026-05-11 17:17:10,S0822,Uchtepa,41.296568,69.224323,23.9,10.7,49.79,214.8,0.4004,89.3,64.2,2.56,0,0.0207
2026-05-14,2026-05-11 17:17:10,S0822,Uchtepa,41.296568,69.224323,23.4,10.9,50.0,212.7,0.4281,88.6,65.5,3.03,0,0.0207
2026-05-15,2026-05-11 17:17:10,S0822,Uchtepa,41.296568,69.224323,18.3,11.9,49.88,216.1,0.3056,90.2,64.5,3.23,0,0.0207
2026-05-16,2026-05-11 17:17:10,S0822,Uchtepa,41.296568,69.224323,21.0,10.5,49.94,210.5,0.3508,87.5,59.9,2.61,0,0.0207
2026-05-17,2026-05-11 17:17:10,S0822,Uchtepa,41.296568,69.224323,15.4,11.4,50.01,214.9,0.3949,89.6,62.7,3.08,0,0.0207
2026-05-18,2026-05-11 17:17:10,S0822,Uchtepa,41.296568,69.224323,15.5,8.8,49.89,213.7,0.335,88.0,64.0,3.08,0,0.0207
2026-05-12,2026-05-11 17:17:10,S0823,Uchtepa,41.344838,69.201164,34.4,4.4,50.3,213.9,0.2762,82.3,66.0,1.94,1,0.3715
2026-05-13,2026-05-11 17:17:10,S0823,Uchtepa,41.344838,69.201164,33.3,2.9,50.44,217.5,0.2551,81.5,61.5,1.35,1,0.3715
2026-05-14,2026-05-11 17:17:10,S0823,Uchtepa,41.344838,69.201164,32.4,8.4,50.62,215.7,0.2314,80.8,67.7,2.01,1,0.3715
2026-05-15,2026-05-11 17:17:10,S0823,Uchtepa,41.344838,69.201164,32.0,3.2,50.57,221.1,0.1689,80.5,69.8,2.08,1,0.3715
2026-05-16,2026-05-11 17:17:10,S0823,Uchtepa,41.344838,69.201164,31.2,4.0,50.58,219.5,0.01,77.5,67.6,1.77,1,0.3715
2026-05-17,2026-05-11 17:17:10,S0823,Uchtepa,41.344838,69.201164,32.5,5.6,50.52,219.9,0.1502,78.4,72.2,1.84,1,0.3715
2026-05-18,2026-05-11 17:17:10,S0823,Uchtepa,41.344838,69.201164,30.7,4.0,50.69,218.4,0.01,75.6,71.7,1.78,1,0.3715
2026-05-12,2026-05-11 17:17:10,S0824,Uchtepa,41.36238,69.155064,41.3,8.9,50.35,225.5,0.452,81.7,43.8,4.33,1,0.3799
2026-05-13,2026-05-11 17:17:10,S0824,Uchtepa,41.36238,69.155064,41.6,9.1,50.18,222.2,0.4728,81.8,51.3,3.99,1,0.3799
2026-05-14,2026-05-11 17:17:10,S0824,Uchtepa,41.36238,69.155064,40.0,10.2,50.39,219.0,0.6759,82.4,35.8,4.85,1,0.3799
2026-05-15,2026-05-11 17:17:10,S0824,Uchtepa,41.36238,69.155064,43.0,9.3,50.39,220.1,0.5463,82.2,39.5,4.57,1,0.3799
2026-05-16,2026-05-11 17:17:10,S0824,Uchtepa,41.36238,69.155064,40.4,8.9,50.19,213.5,0.4852,82.6,44.5,4.6,1,0.3799
2026-05-17,2026-05-11 17:17:10,S0824,Uchtepa,41.36238,69.155064,41.7,6.3,50.35,213.5,0.6222,81.1,42.0,4.31,1,0.3799
2026-05-18,2026-05-11 17:17:10,S0824,Uchtepa,41.36238,69.155064,37.6,9.6,50.2,211.2,0.7305,81.2,43.0,4.13,1,0.3799
2026-05-12,2026-05-11 17:17:10,S0825,Uchtepa,41.346399,69.154882,20.2,11.1,49.8,205.7,0.0774,78.6,60.3,3.9,1,0.3746
2026-05-13,2026-05-11 17:17:10,S0825,Uchtepa,41.346399,69.154882,16.9,10.0,49.64,204.5,0.01,82.8,62.5,3.99,1,0.3746
2026-05-14,2026-05-11 17:17:10,S0825,Uchtepa,41.346399,69.154882,20.7,9.3,49.75,202.6,0.1076,78.6,57.5,3.66,1,0.3746
2026-05-15,2026-05-11 17:17:10,S0825,Uchtepa,41.346399,69.154882,20.8,9.8,49.69,203.6,0.1517,79.6,42.0,3.83,1,0.3746
2026-05-16,2026-05-11 17:17:10,S0825,Uchtepa,41.346399,69.154882,22.6,8.4,49.74,200.0,0.01,80.6,48.7,3.47,1,0.3746
2026-05-17,2026-05-11 17:17:10,S0825,Uchtepa,41.346399,69.154882,21.2,10.9,49.48,202.5,0.0495,82.4,48.1,3.33,1,0.3746
2026-05-18,2026-05-11 17:17:10,S0825,Uchtepa,41.346399,69.154882,21.5,8.2,49.58,200.4,0.01,82.6,47.4,3.64,1,0.3746
2026-05-12,2026-05-11 17:17:10,S0826,Uchtepa,41.348549,69.16042,37.1,13.7,49.89,224.4,0.3615,84.9,67.2,3.85,1,0.3849
2026-05-13,2026-05-11 17:17:10,S0826,Uchtepa,41.348549,69.16042,34.7,16.7,49.88,224.1,0.3682,82.8,66.9,3.65,1,0.3849
2026-05-14,2026-05-11 17:17:10,S0826,Uchtepa,41.348549,69.16042,39.5,13.9,49.91,226.2,0.2407,86.8,59.5,3.5,0,0.0349
2026-05-15,2026-05-11 17:17:10,S0826,Uchtepa,41.348549,69.16042,36.6,17.2,50.14,222.3,0.3169,86.7,63.2,3.9,0,0.0349
2026-05-16,2026-05-11 17:17:10,S0826,Uchtepa,41.348549,69.16042,39.9,14.5,50.04,223.6,0.1166,88.5,61.8,3.44,0,0.0349
2026-05-17,2026-05-11 17:17:10,S0826,Uchtepa,41.348549,69.16042,36.4,16.2,49.99,224.4,0.1884,88.5,61.6,3.63,0,0.0349
2026-05-18,2026-05-11 17:17:10,S0826,Uchtepa,41.348549,69.16042,39.7,14.3,49.97,223.1,0.185,88.8,66.8,3.58,0,0.0349
2026-05-12,2026-05-11 17:17:10,S0827,Uchtepa,41.309128,69.170913,29.5,6.3,49.83,221.9,0.4956,83.6,81.2,3.9,1,0.3748
2026-05-13,2026-05-11 17:17:10,S0827,Uchtepa,41.309128,69.170913,31.7,7.1,49.91,227.1,0.4258,87.4,84.5,3.39,0,0.0248
2026-05-14,2026-05-11 17:17:10,S0827,Uchtepa,41.309128,69.170913,33.6,8.8,49.74,219.2,0.4951,86.8,88.4,3.98,0,0.0248
2026-05-15,2026-05-11 17:17:10,S0827,Uchtepa,41.309128,69.170913,33.7,7.6,49.88,224.8,0.5419,84.2,89.8,3.46,1,0.3748
2026-05-16,2026-05-11 17:17:10,S0827,Uchtepa,41.309128,69.170913,31.5,7.6,50.02,223.5,0.4934,85.6,89.0,3.86,0,0.0248
2026-05-17,2026-05-11 17:17:10,S0827,Uchtepa,41.309128,69.170913,29.7,7.5,50.11,224.1,0.5777,84.4,88.6,3.51,1,0.3748
2026-05-18,2026-05-11 17:17:10,S0827,Uchtepa,41.309128,69.170913,31.1,8.0,50.09,222.7,0.4958,86.3,95.0,3.81,1,0.3748
2026-05-12,2026-05-11 17:17:10,S0828,Uchtepa,41.287398,69.222922,30.6,7.1,50.06,222.6,0.6305,90.2,36.7,5.09,1,0.3862
2026-05-13,2026-05-11 17:17:10,S0828,Uchtepa,41.287398,69.222922,30.8,4.8,49.98,223.8,0.5789,91.6,39.7,4.49,0,0.0362
2026-05-14,2026-05-11 17:17:10,S0828,Uchtepa,41.287398,69.222922,28.2,9.1,50.34,223.0,0.5435,90.4,40.7,5.15,1,0.3862
2026-05-15,2026-05-11 17:17:10,S0828,Uchtepa,41.287398,69.222922,27.6,7.2,50.06,217.2,0.4144,87.5,40.4,4.8,0,0.0362
2026-05-16,2026-05-11 17:17:10,S0828,Uchtepa,41.287398,69.222922,29.2,6.9,49.98,222.9,0.4859,90.1,39.1,4.86,0,0.0362
2026-05-17,2026-05-11 17:17:10,S0828,Uchtepa,41.287398,69.222922,28.0,5.4,50.03,220.7,0.2544,88.2,40.5,4.92,0,0.0362
2026-05-18,2026-05-11 17:17:10,S0828,Uchtepa,41.287398,69.222922,30.6,4.9,49.99,221.8,0.3194,89.0,36.1,5.0,0,0.0362
2026-05-12,2026-05-11 17:17:10,S0829,Uchtepa,41.350772,69.226821,30.2,10.0,49.85,219.4,0.324,83.3,51.9,4.41,1,0.3679
2026-05-13,2026-05-11 17:17:10,S0829,Uchtepa,41.350772,69.226821,29.9,8.9,49.69,222.0,0.312,84.7,41.1,3.7,1,0.3679
2026-05-14,2026-05-11 17:17:10,S0829,Uchtepa,41.350772,69.226821,31.5,7.3,49.81,216.4,0.361,85.3,45.4,3.91,0,0.0179
2026-05-15,2026-05-11 17:17:10,S0829,Uchtepa,41.350772,69.226821,29.3,7.8,49.7,212.0,0.259,85.0,40.8,3.89,0,0.0179
2026-05-16,2026-05-11 17:17:10,S0829,Uchtepa,41.350772,69.226821,30.1,6.5,49.74,221.2,0.2161,84.2,38.1,4.0,1,0.3679
2026-05-17,2026-05-11 17:17:10,S0829,Uchtepa,41.350772,69.226821,30.1,7.9,49.77,223.1,0.3303,85.1,45.2,3.78,0,0.0179
2026-05-18,2026-05-11 17:17:10,S0829,Uchtepa,41.350772,69.226821,26.0,5.8,49.77,215.3,0.156,85.8,41.2,3.76,0,0.0179
2026-05-12,2026-05-11 17:17:10,S0830,Uchtepa,41.32674,69.206348,43.3,15.0,49.84,218.7,0.4375,90.1,79.4,3.87,1,0.3765
2026-05-13,2026-05-11 17:17:10,S0830,Uchtepa,41.32674,69.206348,43.3,14.8,49.81,214.7,0.5465,91.8,73.9,4.03,1,0.3765
2026-05-14,2026-05-11 17:17:10,S0830,Uchtepa,41.32674,69.206348,41.5,13.3,49.61,217.0,0.4589,90.0,74.4,3.67,1,0.3765
2026-05-15,2026-05-11 17:17:10,S0830,Uchtepa,41.32674,69.206348,41.6,13.1,49.7,212.4,0.5407,88.3,73.5,3.48,1,0.3765
2026-05-16,2026-05-11 17:17:10,S0830,Uchtepa,41.32674,69.206348,44.3,14.6,49.76,215.3,0.5536,89.0,69.8,3.75,1,0.3765
2026-05-17,2026-05-11 17:17:10,S0830,Uchtepa,41.32674,69.206348,42.3,13.8,49.79,210.1,0.4636,89.2,70.1,3.4,1,0.3765
2026-05-18,2026-05-11 17:17:10,S0830,Uchtepa,41.32674,69.206348,39.4,15.0,49.56,208.1,0.5074,91.0,73.5,3.39,1,0.3765
2026-05-12,2026-05-11 17:17:10,S0831,Uchtepa,41.318259,69.177577,24.7,9.1,50.08,217.2,0.6276,86.2,77.9,3.46,0,0.0173
2026-05-13,2026-05-11 17:17:10,S0831,Uchtepa,41.318259,69.177577,25.4,7.7,50.1,215.9,0.6141,84.6,80.6,3.53,1,0.3673
2026-05-14,2026-05-11 17:17:10,S0831,Uchtepa,41.318259,69.177577,27.1,10.7,50.08,215.3,0.5136,80.6,73.6,3.52,1,0.3673
2026-05-15,2026-05-11 17:17:10,S0831,Uchtepa,41.318259,69.177577,27.9,8.3,50.09,217.4,0.5162,82.3,82.6,3.86,1,0.3673
2026-05-16,2026-05-11 17:17:10,S0831,Uchtepa,41.318259,69.177577,32.1,11.6,50.17,216.9,0.3886,79.3,84.3,4.04,1,0.3673
2026-05-17,2026-05-11 17:17:10,S0831,Uchtepa,41.318259,69.177577,30.7,10.4,50.03,219.3,0.4477,79.2,81.5,3.7,1,0.3673
2026-05-18,2026-05-11 17:17:10,S0831,Uchtepa,41.318259,69.177577,29.9,10.9,50.23,215.7,0.1887,77.8,81.5,3.3,1,0.3673
2026-05-12,2026-05-11 17:17:10,S0832,Uchtepa,41.352856,69.151227,24.9,3.8,49.97,229.0,0.3108,94.1,52.0,2.22,0,0.0297
2026-05-13,2026-05-11 17:17:10,S0832,Uchtepa,41.352856,69.151227,26.1,3.5,49.92,225.9,0.3706,93.8,54.4,1.85,0,0.0297
2026-05-14,2026-05-11 17:17:10,S0832,Uchtepa,41.352856,69.151227,23.4,3.5,49.82,225.9,0.1874,96.5,57.5,2.44,0,0.0297
2026-05-15,2026-05-11 17:17:10,S0832,Uchtepa,41.352856,69.151227,19.3,6.9,49.97,231.3,0.1784,95.0,49.1,1.84,1,0.3797
2026-05-16,2026-05-11 17:17:10,S0832,Uchtepa,41.352856,69.151227,19.7,5.8,49.96,233.9,0.2691,97.8,47.0,2.32,1,0.3797
2026-05-17,2026-05-11 17:17:10,S0832,Uchtepa,41.352856,69.151227,21.3,7.9,49.93,229.9,0.122,97.9,57.3,2.32,0,0.0297
2026-05-18,2026-05-11 17:17:10,S0832,Uchtepa,41.352856,69.151227,18.6,7.0,49.94,234.2,0.1932,96.2,51.3,1.93,1,0.3797
2026-05-12,2026-05-11 17:17:10,S0833,Uchtepa,41.325802,69.187311,33.1,8.9,49.8,222.6,0.5236,83.8,61.1,4.46,1,0.3785
2026-05-13,2026-05-11 17:17:10,S0833,Uchtepa,41.325802,69.187311,33.9,7.3,49.75,221.8,0.41,82.7,68.1,4.27,1,0.3785
2026-05-14,2026-05-11 17:17:10,S0833,Uchtepa,41.325802,69.187311,31.3,7.2,49.84,220.5,0.3065,82.6,75.5,4.32,1,0.3785
2026-05-15,2026-05-11 17:17:10,S0833,Uchtepa,41.325802,69.187311,31.7,7.8,49.8,223.9,0.4346,82.5,69.6,3.8,1,0.3785
2026-05-16,2026-05-11 17:17:10,S0833,Uchtepa,41.325802,69.187311,32.2,7.3,49.72,222.1,0.3234,80.9,71.2,4.25,1,0.3785
2026-05-17,2026-05-11 17:17:10,S0833,Uchtepa,41.325802,69.187311,27.9,6.0,49.8,221.1,0.3889,77.6,77.1,4.09,1,0.3785
2026-05-18,2026-05-11 17:17:10,S0833,Uchtepa,41.325802,69.187311,28.8,7.7,49.76,219.1,0.4554,80.6,78.7,4.28,1,0.3785
2026-05-12,2026-05-11 17:17:10,S0834,Uchtepa,41.295425,69.157731,48.1,3.7,49.84,217.5,0.2846,100.0,72.1,4.74,2,0.7242
2026-05-13,2026-05-11 17:17:10,S0834,Uchtepa,41.295425,69.157731,48.0,5.1,50.23,214.6,0.2045,98.1,79.8,4.39,2,0.7242
2026-05-14,2026-05-11 17:17:10,S0834,Uchtepa,41.295425,69.157731,50.4,3.9,50.02,215.6,0.2638,100.0,71.2,4.19,2,0.7242
2026-05-15,2026-05-11 17:17:10,S0834,Uchtepa,41.295425,69.157731,46.7,4.3,49.98,213.1,0.2563,100.0,74.7,4.3,2,0.7242
2026-05-16,2026-05-11 17:17:10,S0834,Uchtepa,41.295425,69.157731,54.2,3.4,49.94,214.2,0.3073,100.0,81.4,4.38,2,0.7242
2026-05-17,2026-05-11 17:17:10,S0834,Uchtepa,41.295425,69.157731,51.4,3.8,49.79,214.2,0.1901,100.0,82.9,4.64,2,0.7242
2026-05-18,2026-05-11 17:17:10,S0834,Uchtepa,41.295425,69.157731,55.0,1.4,49.85,213.5,0.2794,100.0,94.0,4.06,2,0.7242
2026-05-12,2026-05-11 17:17:10,S0835,Uchtepa,41.318415,69.228222,51.2,6.5,49.33,215.9,0.1621,87.5,69.9,3.14,2,0.7388
2026-05-13,2026-05-11 17:17:10,S0835,Uchtepa,41.318415,69.228222,51.9,8.0,49.33,216.3,0.2901,88.8,70.8,3.01,2,0.7388
2026-05-14,2026-05-11 17:17:10,S0835,Uchtepa,41.318415,69.228222,47.8,5.0,49.24,211.7,0.1519,89.8,65.6,3.15,2,0.7388
2026-05-15,2026-05-11 17:17:10,S0835,Uchtepa,41.318415,69.228222,51.5,6.4,49.19,218.4,0.0598,90.3,72.8,2.74,2,0.7388
2026-05-16,2026-05-11 17:17:10,S0835,Uchtepa,41.318415,69.228222,48.9,6.4,49.28,218.5,0.2619,93.5,67.7,2.67,2,0.7388
2026-05-17,2026-05-11 17:17:10,S0835,Uchtepa,41.318415,69.228222,48.8,6.0,49.07,214.3,0.1822,91.0,63.7,2.38,2,0.7388
2026-05-18,2026-05-11 17:17:10,S0835,Uchtepa,41.318415,69.228222,51.3,6.4,48.94,215.5,0.2516,92.9,57.9,2.82,2,0.7388
2026-05-12,2026-05-11 17:17:10,S0836,Uchtepa,41.310801,69.177969,47.8,9.1,50.61,216.5,0.9228,79.9,87.7,3.82,2,0.7229
2026-05-13,2026-05-11 17:17:10,S0836,Uchtepa,41.310801,69.177969,45.0,10.5,50.73,217.4,0.9023,80.8,87.5,3.23,1,0.3729
2026-05-14,2026-05-11 17:17:10,S0836,Uchtepa,41.310801,69.177969,55.0,9.3,50.69,218.5,0.9915,81.5,84.9,3.13,2,0.7229
2026-05-15,2026-05-11 17:17:10,S0836,Uchtepa,41.310801,69.177969,48.6,9.0,50.67,218.9,1.036,81.9,87.2,3.25,2,0.7229
2026-05-16,2026-05-11 17:17:10,S0836,Uchtepa,41.310801,69.177969,48.7,12.6,50.66,218.1,1.1269,81.4,86.5,2.92,2,0.7229
2026-05-17,2026-05-11 17:17:10,S0836,Uchtepa,41.310801,69.177969,50.8,7.8,50.65,216.4,1.0549,80.7,91.9,3.0,2,0.7229
2026-05-18,2026-05-11 17:17:10,S0836,Uchtepa,41.310801,69.177969,55.0,8.1,50.77,215.1,1.0689,79.6,89.5,2.91,2,0.7229
2026-05-12,2026-05-11 17:17:10,S0837,Uchtepa,41.345272,69.158265,39.3,4.6,50.43,215.8,0.6515,95.0,71.1,3.11,0,0.0308
2026-05-13,2026-05-11 17:17:10,S0837,Uchtepa,41.345272,69.158265,41.1,5.5,50.2,213.4,0.6644,96.4,66.0,2.88,1,0.3808
2026-05-14,2026-05-11 17:17:10,S0837,Uchtepa,41.345272,69.158265,40.0,5.4,50.23,214.4,0.6943,97.0,60.3,3.04,0,0.0308
2026-05-15,2026-05-11 17:17:10,S0837,Uchtepa,41.345272,69.158265,37.4,4.9,50.29,213.1,0.6637,94.8,61.0,2.93,0,0.0308
2026-05-16,2026-05-11 17:17:10,S0837,Uchtepa,41.345272,69.158265,38.5,3.8,50.48,211.8,0.8277,99.8,66.4,2.47,0,0.0308
2026-05-17,2026-05-11 17:17:10,S0837,Uchtepa,41.345272,69.158265,35.7,5.9,50.51,212.8,0.6908,97.5,58.9,2.17,1,0.3808
2026-05-18,2026-05-11 17:17:10,S0837,Uchtepa,41.345272,69.158265,33.4,3.8,50.43,214.8,0.6916,94.3,59.4,2.59,0,0.0308
2026-05-12,2026-05-11 17:17:10,S0838,Uchtepa,41.351355,69.184657,30.2,13.4,50.02,213.0,0.2523,89.9,73.1,2.27,0,0.0221
2026-05-13,2026-05-11 17:17:10,S0838,Uchtepa,41.351355,69.184657,28.6,17.8,49.93,218.4,0.1925,89.3,60.7,1.98,0,0.0221
2026-05-14,2026-05-11 17:17:10,S0838,Uchtepa,41.351355,69.184657,26.4,16.5,49.9,212.5,0.3207,89.7,72.0,2.01,0,0.0221
2026-05-15,2026-05-11 17:17:10,S0838,Uchtepa,41.351355,69.184657,23.3,17.3,50.03,217.1,0.1861,90.9,64.7,1.96,0,0.0221
2026-05-16,2026-05-11 17:17:10,S0838,Uchtepa,41.351355,69.184657,29.1,14.4,49.78,214.2,0.2094,91.0,61.5,2.01,0,0.0221
2026-05-17,2026-05-11 17:17:10,S0838,Uchtepa,41.351355,69.184657,24.8,15.2,49.81,215.6,0.2191,88.6,70.7,2.41,0,0.0221
2026-05-18,2026-05-11 17:17:10,S0838,Uchtepa,41.351355,69.184657,26.5,15.7,49.98,216.1,0.1347,92.1,61.7,2.04,0,0.0221
2026-05-12,2026-05-11 17:17:10,S0839,Uchtepa,41.355696,69.179542,14.8,0.7,50.51,232.5,1.0146,81.9,64.9,2.82,1,0.3704
2026-05-13,2026-05-11 17:17:10,S0839,Uchtepa,41.355696,69.179542,9.7,0.0,50.62,237.2,1.1652,80.2,52.7,1.96,1,0.3704
2026-05-14,2026-05-11 17:17:10,S0839,Uchtepa,41.355696,69.179542,10.4,0.0,50.62,231.0,1.0007,83.4,65.9,2.65,1,0.3704
2026-05-15,2026-05-11 17:17:10,S0839,Uchtepa,41.355696,69.179542,8.2,0.1,50.84,233.8,0.9697,80.8,69.0,2.3,1,0.3704
2026-05-16,2026-05-11 17:17:10,S0839,Uchtepa,41.355696,69.179542,9.1,0.3,50.84,231.5,0.9277,75.4,67.0,1.8,1,0.3704
2026-05-17,2026-05-11 17:17:10,S0839,Uchtepa,41.355696,69.179542,8.4,0.0,50.78,229.5,1.0979,77.3,59.9,2.11,1,0.3704
2026-05-18,2026-05-11 17:17:10,S0839,Uchtepa,41.355696,69.179542,2.4,0.0,50.86,232.5,0.9681,75.3,73.0,2.14,1,0.3704
2026-05-12,2026-05-11 17:17:10,S0840,Uchtepa,41.339803,69.153806,32.2,2.5,50.4,224.0,0.6608,81.1,95.0,4.09,1,0.3827
2026-05-13,2026-05-11 17:17:10,S0840,Uchtepa,41.339803,69.153806,32.2,0.7,50.66,226.0,0.6318,81.2,95.0,3.62,1,0.3827
2026-05-14,2026-05-11 17:17:10,S0840,Uchtepa,41.339803,69.153806,33.9,2.5,50.55,225.5,0.6373,84.0,95.0,4.42,1,0.3827
2026-05-15,2026-05-11 17:17:10,S0840,Uchtepa,41.339803,69.153806,34.1,2.4,50.66,227.5,0.6166,78.5,95.0,3.99,1,0.3827
2026-05-16,2026-05-11 17:17:10,S0840,Uchtepa,41.339803,69.153806,34.3,1.4,50.53,224.9,0.6483,85.8,95.0,4.39,1,0.3827
2026-05-17,2026-05-11 17:17:10,S0840,Uchtepa,41.339803,69.153806,39.3,2.2,50.51,224.0,0.609,82.8,95.0,4.39,1,0.3827
2026-05-18,2026-05-11 17:17:10,S0840,Uchtepa,41.339803,69.153806,37.3,0.0,50.54,224.7,0.57,80.7,95.0,4.03,1,0.3827
2026-05-12,2026-05-11 17:17:10,S0841,Uchtepa,41.357202,69.160509,34.0,6.1,49.86,213.9,0.6207,97.9,61.7,4.84,0,0.0335
2026-05-13,2026-05-11 17:17:10,S0841,Uchtepa,41.357202,69.160509,30.2,9.8,49.81,216.0,0.5788,95.2,59.2,4.96,0,0.0335
2026-05-14,2026-05-11 17:17:10,S0841,Uchtepa,41.357202,69.160509,29.8,7.8,49.89,219.4,0.4023,93.8,56.3,5.01,1,0.3835
2026-05-15,2026-05-11 17:17:10,S0841,Uchtepa,41.357202,69.160509,28.7,9.3,49.95,217.9,0.5039,99.3,60.0,5.04,1,0.3835
2026-05-16,2026-05-11 17:17:10,S0841,Uchtepa,41.357202,69.160509,31.5,8.6,50.03,216.9,0.4169,93.3,65.8,5.33,1,0.3835
2026-05-17,2026-05-11 17:17:10,S0841,Uchtepa,41.357202,69.160509,31.1,8.9,49.87,217.5,0.5103,95.6,59.0,5.7,2,0.7335
2026-05-18,2026-05-11 17:17:10,S0841,Uchtepa,41.357202,69.160509,30.8,8.2,49.73,219.5,0.4103,96.8,62.1,5.34,1,0.3835
2026-05-12,2026-05-11 17:17:10,S0842,Uchtepa,41.304392,69.186369,26.8,11.2,50.5,215.2,0.3814,94.9,54.7,4.88,0,0.031
2026-05-13,2026-05-11 17:17:10,S0842,Uchtepa,41.304392,69.186369,28.5,10.4,50.51,217.2,0.4011,95.5,55.0,4.52,1,0.381
2026-05-14,2026-05-11 17:17:10,S0842,Uchtepa,41.304392,69.186369,27.4,12.0,50.72,215.9,0.3215,97.5,56.1,4.18,1,0.381
2026-05-15,2026-05-11 17:17:10,S0842,Uchtepa,41.304392,69.186369,24.3,13.3,50.55,219.4,0.2445,95.1,54.6,4.03,1,0.381
2026-05-16,2026-05-11 17:17:10,S0842,Uchtepa,41.304392,69.186369,27.9,13.4,50.45,217.8,0.2058,98.6,62.5,3.93,0,0.031
2026-05-17,2026-05-11 17:17:10,S0842,Uchtepa,41.304392,69.186369,28.8,14.2,50.43,220.8,0.2375,93.6,55.2,4.3,0,0.031
2026-05-18,2026-05-11 17:17:10,S0842,Uchtepa,41.304392,69.186369,26.3,13.1,50.33,221.2,0.2603,92.1,51.5,4.21,0,0.031
2026-05-12,2026-05-11 17:17:10,S0843,Uchtepa,41.34142,69.208289,32.7,10.4,49.79,228.7,0.6256,86.5,66.6,2.89,0,0.0385
2026-05-13,2026-05-11 17:17:10,S0843,Uchtepa,41.34142,69.208289,34.8,11.4,49.88,228.2,0.5855,86.3,69.6,2.9,0,0.0385
2026-05-14,2026-05-11 17:17:10,S0843,Uchtepa,41.34142,69.208289,31.6,9.9,50.08,232.1,0.7782,85.2,76.6,2.89,1,0.3885
2026-05-15,2026-05-11 17:17:10,S0843,Uchtepa,41.34142,69.208289,38.1,11.0,50.11,230.9,0.5422,85.3,64.3,3.05,1,0.3885
2026-05-16,2026-05-11 17:17:10,S0843,Uchtepa,41.34142,69.208289,34.3,13.4,50.04,232.5,0.7677,86.3,65.8,2.51,1,0.3885
2026-05-17,2026-05-11 17:17:10,S0843,Uchtepa,41.34142,69.208289,32.3,12.3,49.98,229.9,0.584,87.0,65.0,2.9,0,0.0385
2026-05-18,2026-05-11 17:17:10,S0843,Uchtepa,41.34142,69.208289,30.8,12.6,50.01,230.4,0.4927,88.4,67.0,2.44,1,0.3885
2026-05-12,2026-05-11 17:17:10,S0844,Uchtepa,41.311993,69.220198,40.5,12.2,50.27,214.8,0.5083,99.9,43.9,3.25,1,0.3734
2026-05-13,2026-05-11 17:17:10,S0844,Uchtepa,41.311993,69.220198,42.9,14.6,50.26,215.0,0.6064,99.8,51.8,2.75,1,0.3734
2026-05-14,2026-05-11 17:17:10,S0844,Uchtepa,41.311993,69.220198,43.6,14.3,50.25,209.3,0.6383,100.0,48.3,3.05,1,0.3734
2026-05-15,2026-05-11 17:17:10,S0844,Uchtepa,41.311993,69.220198,44.7,11.4,50.31,213.1,0.6486,100.0,55.7,2.92,1,0.3734
2026-05-16,2026-05-11 17:17:10,S0844,Uchtepa,41.311993,69.220198,44.1,12.8,50.29,213.7,0.6671,100.0,47.9,2.57,1,0.3734
2026-05-17,2026-05-11 17:17:10,S0844,Uchtepa,41.311993,69.220198,42.4,13.4,50.27,212.6,0.6171,96.9,55.9,2.75,1,0.3734
2026-05-18,2026-05-11 17:17:10,S0844,Uchtepa,41.311993,69.220198,45.0,14.5,50.39,209.5,0.6762,97.1,54.8,2.69,1,0.3734
2026-05-12,2026-05-11 17:17:10,S0845,Uchtepa,41.285436,69.212135,42.6,7.1,50.14,220.2,0.2908,93.7,49.2,3.48,1,0.3681
2026-05-13,2026-05-11 17:17:10,S0845,Uchtepa,41.285436,69.212135,45.4,6.1,50.16,221.7,0.2881,92.5,44.3,3.29,2,0.7181
2026-05-14,2026-05-11 17:17:10,S0845,Uchtepa,41.285436,69.212135,44.9,7.0,50.15,222.2,0.1765,93.1,41.4,3.16,1,0.3681
2026-05-15,2026-05-11 17:17:10,S0845,Uchtepa,41.285436,69.212135,47.0,5.7,50.16,219.1,0.142,94.5,51.9,3.51,2,0.7181
2026-05-16,2026-05-11 17:17:10,S0845,Uchtepa,41.285436,69.212135,44.4,5.5,50.18,217.1,0.0409,94.0,39.3,3.31,1,0.3681
2026-05-17,2026-05-11 17:17:10,S0845,Uchtepa,41.285436,69.212135,45.9,3.8,50.25,215.7,0.0716,95.8,35.1,3.28,2,0.7181
2026-05-18,2026-05-11 17:17:10,S0845,Uchtepa,41.285436,69.212135,47.8,4.6,50.21,213.9,0.0668,94.1,38.6,2.93,2,0.7181
2026-05-12,2026-05-11 17:17:10,S0846,Uchtepa,41.331823,69.224542,44.9,1.1,50.26,212.0,0.8314,96.7,60.6,4.07,1,0.3817
2026-05-13,2026-05-11 17:17:10,S0846,Uchtepa,41.331823,69.224542,39.5,1.1,50.28,216.1,0.762,94.9,70.1,4.25,0,0.0317
2026-05-14,2026-05-11 17:17:10,S0846,Uchtepa,41.331823,69.224542,42.5,2.4,50.37,217.0,0.7707,95.5,76.9,4.4,1,0.3817
2026-05-15,2026-05-11 17:17:10,S0846,Uchtepa,41.331823,69.224542,48.4,0.0,50.47,214.7,0.8494,93.5,80.3,4.29,2,0.7317
2026-05-16,2026-05-11 17:17:10,S0846,Uchtepa,41.331823,69.224542,45.0,1.5,50.54,215.4,0.6289,94.6,71.3,4.59,1,0.3817
2026-05-17,2026-05-11 17:17:10,S0846,Uchtepa,41.331823,69.224542,45.8,0.3,50.5,215.6,0.7347,95.0,88.5,4.27,2,0.7317
2026-05-18,2026-05-11 17:17:10,S0846,Uchtepa,41.331823,69.224542,43.4,0.3,50.66,214.5,0.6757,94.4,78.6,4.12,1,0.3817
2026-05-12,2026-05-11 17:17:10,S0847,Uchtepa,41.29225,69.222773,43.1,5.4,49.99,219.6,0.5665,91.9,54.3,3.73,1,0.3813
2026-05-13,2026-05-11 17:17:10,S0847,Uchtepa,41.29225,69.222773,43.2,4.3,50.02,222.5,0.5563,92.8,50.1,3.54,1,0.3813
2026-05-14,2026-05-11 17:17:10,S0847,Uchtepa,41.29225,69.222773,45.1,5.1,49.9,219.3,0.451,85.9,46.1,4.22,2,0.7313
2026-05-15,2026-05-11 17:17:10,S0847,Uchtepa,41.29225,69.222773,44.3,3.6,49.96,220.7,0.3141,91.3,55.4,4.39,1,0.3813
2026-05-16,2026-05-11 17:17:10,S0847,Uchtepa,41.29225,69.222773,46.3,1.5,50.03,224.6,0.214,90.5,51.1,4.13,2,0.7313
2026-05-17,2026-05-11 17:17:10,S0847,Uchtepa,41.29225,69.222773,45.9,3.0,50.07,222.8,0.1775,93.2,42.9,4.16,2,0.7313
2026-05-18,2026-05-11 17:17:10,S0847,Uchtepa,41.29225,69.222773,44.0,1.6,50.13,223.1,0.3498,91.5,57.3,4.37,1,0.3813
2026-05-12,2026-05-11 17:17:10,S0848,Uchtepa,41.342731,69.208346,40.9,7.9,50.04,215.7,0.0533,75.1,64.6,4.9,1,0.3754
2026-05-13,2026-05-11 17:17:10,S0848,Uchtepa,41.342731,69.208346,42.5,7.1,49.98,218.0,0.01,72.6,70.4,5.21,2,0.7254
2026-05-14,2026-05-11 17:17:10,S0848,Uchtepa,41.342731,69.208346,42.3,6.7,50.18,221.7,0.0621,75.2,67.3,5.54,2,0.7254
2026-05-15,2026-05-11 17:17:10,S0848,Uchtepa,41.342731,69.208346,40.2,9.3,49.96,222.2,0.0497,72.6,67.0,4.92,2,0.7254
2026-05-16,2026-05-11 17:17:10,S0848,Uchtepa,41.342731,69.208346,41.6,7.6,50.06,223.1,0.01,74.2,71.8,5.39,2,0.7254
2026-05-17,2026-05-11 17:17:10,S0848,Uchtepa,41.342731,69.208346,40.3,7.8,50.14,217.5,0.01,68.9,67.9,6.09,2,0.7254
2026-05-18,2026-05-11 17:17:10,S0848,Uchtepa,41.342731,69.208346,41.7,7.7,50.13,218.6,0.01,70.1,66.6,5.57,2,0.7254
2026-05-12,2026-05-11 17:17:10,S0849,Uchtepa,41.294181,69.184846,31.6,5.8,50.24,222.3,0.2828,84.4,64.4,3.78,1,0.3845
2026-05-13,2026-05-11 17:17:10,S0849,Uchtepa,41.294181,69.184846,31.4,6.0,50.07,224.0,0.2928,83.7,69.0,3.5,1,0.3845
2026-05-14,2026-05-11 17:17:10,S0849,Uchtepa,41.294181,69.184846,25.5,4.2,50.1,227.1,0.2827,84.4,67.1,3.47,1,0.3845
2026-05-15,2026-05-11 17:17:10,S0849,Uchtepa,41.294181,69.184846,31.0,4.0,49.97,223.4,0.2306,81.6,76.0,3.29,1,0.3845
2026-05-16,2026-05-11 17:17:10,S0849,Uchtepa,41.294181,69.184846,26.2,4.3,50.05,221.6,0.2181,81.9,64.5,3.54,1,0.3845
2026-05-17,2026-05-11 17:17:10,S0849,Uchtepa,41.294181,69.184846,25.1,4.2,49.77,227.3,0.3398,83.0,71.8,3.23,1,0.3845
2026-05-18,2026-05-11 17:17:10,S0849,Uchtepa,41.294181,69.184846,28.1,5.0,50.1,224.7,0.1894,81.8,68.6,3.72,1,0.3845
2026-05-12,2026-05-11 17:17:10,S0850,Uchtepa,41.31829,69.179496,33.4,4.1,50.16,218.5,0.2161,92.2,89.9,4.02,0,0.0148
2026-05-13,2026-05-11 17:17:10,S0850,Uchtepa,41.31829,69.179496,31.6,6.2,49.85,219.4,0.1308,90.1,82.0,3.71,0,0.0148
2026-05-14,2026-05-11 17:17:10,S0850,Uchtepa,41.31829,69.179496,32.3,5.1,50.03,222.0,0.0717,90.2,82.1,3.43,0,0.0148
2026-05-15,2026-05-11 17:17:10,S0850,Uchtepa,41.31829,69.179496,31.3,6.8,50.09,219.6,0.1374,96.2,82.0,3.66,0,0.0148
2026-05-16,2026-05-11 17:17:10,S0850,Uchtepa,41.31829,69.179496,36.7,3.2,50.06,219.1,0.1113,92.7,80.1,4.11,0,0.0148
2026-05-17,2026-05-11 17:17:10,S0850,Uchtepa,41.31829,69.179496,41.2,6.3,50.0,225.0,0.01,90.8,75.8,3.5,1,0.3648
2026-05-18,2026-05-11 17:17:10,S0850,Uchtepa,41.31829,69.179496,42.2,7.6,49.88,219.0,0.0593,95.1,71.1,3.56,1,0.3648
2026-05-12,2026-05-11 17:17:10,S0851,Uchtepa,41.316828,69.206724,41.4,14.5,49.8,212.8,0.4698,97.6,50.0,3.21,1,0.3831
2026-05-13,2026-05-11 17:17:10,S0851,Uchtepa,41.316828,69.206724,31.3,14.8,50.0,212.4,0.4185,93.4,40.8,3.19,0,0.0331
2026-05-14,2026-05-11 17:17:10,S0851,Uchtepa,41.316828,69.206724,34.2,15.7,50.01,211.5,0.4923,97.6,46.8,2.83,0,0.0331
2026-05-15,2026-05-11 17:17:10,S0851,Uchtepa,41.316828,69.206724,34.7,16.5,49.83,212.1,0.4965,98.1,46.5,2.83,0,0.0331
2026-05-16,2026-05-11 17:17:10,S0851,Uchtepa,41.316828,69.206724,32.9,15.0,49.9,210.5,0.5029,99.7,44.9,2.99,0,0.0331
2026-05-17,2026-05-11 17:17:10,S0851,Uchtepa,41.316828,69.206724,34.0,13.9,49.91,209.3,0.4802,100.0,43.6,2.72,1,0.3831
2026-05-18,2026-05-11 17:17:10,S0851,Uchtepa,41.316828,69.206724,34.3,18.4,50.01,211.2,0.4425,94.9,29.8,3.36,1,0.3831
2026-05-12,2026-05-11 17:17:10,S0852,Uchtepa,41.344463,69.223034,36.5,11.5,50.33,237.6,0.7851,93.2,53.1,0.56,1,0.3774
2026-05-13,2026-05-11 17:17:10,S0852,Uchtepa,41.344463,69.223034,32.8,9.8,50.27,240.7,0.6822,94.2,51.8,0.57,2,0.7274
2026-05-14,2026-05-11 17:17:10,S0852,Uchtepa,41.344463,69.223034,35.8,7.6,50.4,238.6,0.6072,96.4,47.8,0.61,1,0.3774
2026-05-15,2026-05-11 17:17:10,S0852,Uchtepa,41.344463,69.223034,36.8,8.5,50.24,240.4,0.5997,95.6,46.7,0.5,2,0.7274
2026-05-16,2026-05-11 17:17:10,S0852,Uchtepa,41.344463,69.223034,37.9,9.8,50.2,242.6,0.541,98.2,43.7,0.5,2,0.7274
2026-05-17,2026-05-11 17:17:10,S0852,Uchtepa,41.344463,69.223034,38.3,8.4,50.09,245.0,0.6471,93.7,42.6,0.5,2,0.7274
2026-05-18,2026-05-11 17:17:10,S0852,Uchtepa,41.344463,69.223034,36.8,8.9,50.26,245.0,0.6126,97.0,41.8,0.5,2,0.7274
2026-05-12,2026-05-11 17:17:10,S0853,Uchtepa,41.308418,69.153192,30.2,6.8,50.17,207.0,0.6671,91.4,51.6,3.79,1,0.381
2026-05-13,2026-05-11 17:17:10,S0853,Uchtepa,41.308418,69.153192,29.3,6.2,50.16,206.9,0.6915,94.4,47.2,4.18,1,0.381
2026-05-14,2026-05-11 17:17:10,S0853,Uchtepa,41.308418,69.153192,27.2,6.7,50.39,210.1,0.818,93.4,37.1,3.91,0,0.031
2026-05-15,2026-05-11 17:17:10,S0853,Uchtepa,41.308418,69.153192,31.9,7.7,50.24,203.0,0.7853,96.4,45.3,4.04,1,0.381
2026-05-16,2026-05-11 17:17:10,S0853,Uchtepa,41.308418,69.153192,31.6,6.2,50.27,203.8,0.7708,93.8,40.0,4.52,1,0.381
2026-05-17,2026-05-11 17:17:10,S0853,Uchtepa,41.308418,69.153192,30.7,6.9,50.36,203.6,0.8657,95.0,41.8,4.35,1,0.381
2026-05-18,2026-05-11 17:17:10,S0853,Uchtepa,41.308418,69.153192,32.0,8.0,50.72,204.7,0.8553,94.9,37.1,4.49,1,0.381
2026-05-12,2026-05-11 17:17:10,S0854,Uchtepa,41.337184,69.202658,53.3,11.1,49.91,214.0,0.704,87.3,64.7,2.66,2,0.7332
2026-05-13,2026-05-11 17:17:10,S0854,Uchtepa,41.337184,69.202658,53.1,10.6,49.91,215.0,0.8976,87.6,68.5,2.59,2,0.7332
2026-05-14,2026-05-11 17:17:10,S0854,Uchtepa,41.337184,69.202658,52.7,10.0,49.84,214.5,0.8932,89.7,71.8,2.29,2,0.7332
2026-05-15,2026-05-11 17:17:10,S0854,Uchtepa,41.337184,69.202658,55.0,9.0,49.73,211.9,0.9849,85.5,64.1,2.32,2,0.7332
2026-05-16,2026-05-11 17:17:10,S0854,Uchtepa,41.337184,69.202658,55.0,12.0,49.79,207.8,1.0018,89.5,67.0,2.02,2,0.7332
2026-05-17,2026-05-11 17:17:10,S0854,Uchtepa,41.337184,69.202658,55.0,10.7,49.65,207.7,1.1596,84.6,77.0,2.36,2,0.7332
2026-05-18,2026-05-11 17:17:10,S0854,Uchtepa,41.337184,69.202658,55.0,8.0,49.75,208.0,0.9514,83.9,61.6,2.33,2,0.7332
2026-05-12,2026-05-11 17:17:10,S0855,Uchtepa,41.364441,69.220367,38.1,8.8,50.24,226.0,0.6091,80.3,56.8,2.65,1,0.3888
2026-05-13,2026-05-11 17:17:10,S0855,Uchtepa,41.364441,69.220367,31.3,9.0,50.14,230.4,0.6136,76.9,55.2,3.11,1,0.3888
2026-05-14,2026-05-11 17:17:10,S0855,Uchtepa,41.364441,69.220367,35.9,8.1,50.38,229.0,0.6953,77.6,65.3,2.87,1,0.3888
2026-05-15,2026-05-11 17:17:10,S0855,Uchtepa,41.364441,69.220367,34.4,7.8,50.43,231.2,0.6631,77.5,55.5,2.62,1,0.3888
2026-05-16,2026-05-11 17:17:10,S0855,Uchtepa,41.364441,69.220367,34.6,6.6,50.38,232.0,0.5961,76.5,59.7,2.75,1,0.3888
2026-05-17,2026-05-11 17:17:10,S0855,Uchtepa,41.364441,69.220367,32.9,7.1,50.37,234.0,0.5545,79.5,59.8,3.06,1,0.3888
2026-05-18,2026-05-11 17:17:10,S0855,Uchtepa,41.364441,69.220367,35.4,7.2,50.54,232.0,0.6948,77.5,55.8,2.65,1,0.3888
2026-05-12,2026-05-11 17:17:10,S0856,Uchtepa,41.298457,69.184978,32.2,13.2,49.76,205.1,0.4977,91.3,91.8,3.47,1,0.3765
2026-05-13,2026-05-11 17:17:10,S0856,Uchtepa,41.298457,69.184978,30.5,11.9,49.73,206.6,0.7562,88.3,95.0,3.37,1,0.3765
2026-05-14,2026-05-11 17:17:10,S0856,Uchtepa,41.298457,69.184978,31.7,12.8,49.78,208.8,0.6578,87.6,95.0,3.66,1,0.3765
2026-05-15,2026-05-11 17:17:10,S0856,Uchtepa,41.298457,69.184978,32.9,12.6,49.97,204.1,0.6817,87.3,95.0,3.5,1,0.3765
2026-05-16,2026-05-11 17:17:10,S0856,Uchtepa,41.298457,69.184978,34.1,10.4,49.98,207.5,0.7283,85.7,91.3,3.55,1,0.3765
2026-05-17,2026-05-11 17:17:10,S0856,Uchtepa,41.298457,69.184978,35.6,9.0,49.96,204.7,0.7397,82.8,95.0,3.09,1,0.3765
2026-05-18,2026-05-11 17:17:10,S0856,Uchtepa,41.298457,69.184978,34.6,10.7,49.96,206.8,0.6393,84.5,92.2,3.02,1,0.3765
2026-05-12,2026-05-11 17:17:10,S0857,Uchtepa,41.302872,69.216575,32.9,8.0,49.82,221.2,0.4683,100.0,54.4,2.56,0,0.0201
2026-05-13,2026-05-11 17:17:10,S0857,Uchtepa,41.302872,69.216575,33.5,8.2,49.83,224.1,0.5153,94.9,54.2,2.68,0,0.0201
2026-05-14,2026-05-11 17:17:10,S0857,Uchtepa,41.302872,69.216575,32.2,8.4,49.62,223.4,0.5613,99.7,53.4,2.86,0,0.0201
2026-05-15,2026-05-11 17:17:10,S0857,Uchtepa,41.302872,69.216575,34.7,7.9,49.85,222.5,0.4697,95.4,55.1,2.38,0,0.0201
2026-05-16,2026-05-11 17:17:10,S0857,Uchtepa,41.302872,69.216575,32.1,10.1,49.79,217.5,0.41,97.4,53.4,3.01,0,0.0201
2026-05-17,2026-05-11 17:17:10,S0857,Uchtepa,41.302872,69.216575,35.0,10.5,49.8,222.8,0.607,94.1,61.9,2.55,0,0.0201
2026-05-18,2026-05-11 17:17:10,S0857,Uchtepa,41.302872,69.216575,34.8,9.2,49.5,218.4,0.4586,95.2,59.4,2.8,0,0.0201
2026-05-12,2026-05-11 17:17:10,S0858,Uchtepa,41.335993,69.174684,38.7,15.9,50.57,231.3,0.4552,92.1,69.7,4.46,1,0.3767
2026-05-13,2026-05-11 17:17:10,S0858,Uchtepa,41.335993,69.174684,35.3,17.4,50.67,232.8,0.6905,93.3,71.4,4.45,1,0.3767
2026-05-14,2026-05-11 17:17:10,S0858,Uchtepa,41.335993,69.174684,39.1,16.0,50.38,230.7,0.6787,92.1,75.0,4.65,1,0.3767
2026-05-15,2026-05-11 17:17:10,S0858,Uchtepa,41.335993,69.174684,37.4,17.4,50.57,231.7,0.653,88.6,73.1,4.59,1,0.3767
2026-05-16,2026-05-11 17:17:10,S0858,Uchtepa,41.335993,69.174684,42.7,15.9,50.46,233.3,0.6425,89.6,69.9,4.79,1,0.3767
2026-05-17,2026-05-11 17:17:10,S0858,Uchtepa,41.335993,69.174684,37.9,19.8,50.35,227.5,0.6533,89.6,68.0,5.23,1,0.3767
2026-05-18,2026-05-11 17:17:10,S0858,Uchtepa,41.335993,69.174684,39.1,16.7,50.4,230.7,0.5866,90.3,63.6,4.6,1,0.3767
2026-05-12,2026-05-11 17:17:10,S0859,Uchtepa,41.321476,69.227339,35.6,10.3,50.6,220.4,0.6207,87.5,63.4,3.12,1,0.3693
2026-05-13,2026-05-11 17:17:10,S0859,Uchtepa,41.321476,69.227339,35.1,7.5,50.61,218.9,0.5343,88.6,60.0,3.01,1,0.3693
2026-05-14,2026-05-11 17:17:10,S0859,Uchtepa,41.321476,69.227339,34.3,10.3,50.47,220.6,0.5056,84.5,58.9,3.02,1,0.3693
2026-05-15,2026-05-11 17:17:10,S0859,Uchtepa,41.321476,69.227339,37.3,9.3,50.44,218.3,0.5247,91.2,45.6,3.15,0,0.0193
2026-05-16,2026-05-11 17:17:10,S0859,Uchtepa,41.321476,69.227339,32.5,7.0,50.39,217.3,0.456,89.3,54.3,2.66,0,0.0193
2026-05-17,2026-05-11 17:17:10,S0859,Uchtepa,41.321476,69.227339,33.1,7.5,50.29,215.7,0.5694,88.7,57.3,2.54,0,0.0193
2026-05-18,2026-05-11 17:17:10,S0859,Uchtepa,41.321476,69.227339,34.5,11.1,50.19,216.3,0.4752,87.5,64.0,2.98,0,0.0193
2026-05-12,2026-05-11 17:17:10,S0860,Uchtepa,41.35431,69.185803,32.8,10.4,50.0,218.1,0.9302,96.5,87.5,3.76,0,0.0212
2026-05-13,2026-05-11 17:17:10,S0860,Uchtepa,41.35431,69.185803,35.8,12.1,49.94,216.4,0.9158,99.8,88.0,3.56,0,0.0212
2026-05-14,2026-05-11 17:17:10,S0860,Uchtepa,41.35431,69.185803,36.3,11.0,50.12,217.7,0.8301,100.0,95.0,3.35,1,0.3712
2026-05-15,2026-05-11 17:17:10,S0860,Uchtepa,41.35431,69.185803,33.0,10.1,49.95,219.6,0.9274,100.0,95.0,3.27,1,0.3712
2026-05-16,2026-05-11 17:17:10,S0860,Uchtepa,41.35431,69.185803,33.2,9.0,49.97,213.2,1.0574,95.5,95.0,3.62,1,0.3712
2026-05-17,2026-05-11 17:17:10,S0860,Uchtepa,41.35431,69.185803,32.5,8.6,50.03,217.0,1.1562,100.0,89.2,3.17,1,0.3712
2026-05-18,2026-05-11 17:17:10,S0860,Uchtepa,41.35431,69.185803,33.7,9.7,50.14,214.7,1.0724,100.0,94.7,3.12,1,0.3712
2026-05-12,2026-05-11 17:17:10,S0861,Uchtepa,41.345254,69.180731,37.1,13.6,50.4,230.5,0.456,95.4,65.7,2.4,1,0.3897
2026-05-13,2026-05-11 17:17:10,S0861,Uchtepa,41.345254,69.180731,34.7,12.9,50.25,228.7,0.414,96.7,62.3,2.24,0,0.0397
2026-05-14,2026-05-11 17:17:10,S0861,Uchtepa,41.345254,69.180731,38.2,9.9,50.34,228.0,0.5547,96.0,65.4,1.98,0,0.0397
2026-05-15,2026-05-11 17:17:10,S0861,Uchtepa,41.345254,69.180731,31.9,11.9,50.29,229.4,0.558,95.5,74.5,1.66,0,0.0397
2026-05-16,2026-05-11 17:17:10,S0861,Uchtepa,41.345254,69.180731,31.5,10.5,50.32,227.0,0.5739,96.7,80.2,1.94,0,0.0397
2026-05-17,2026-05-11 17:17:10,S0861,Uchtepa,41.345254,69.180731,30.4,11.3,50.54,228.0,0.5836,100.0,69.2,1.31,1,0.3897
2026-05-18,2026-05-11 17:17:10,S0861,Uchtepa,41.345254,69.180731,27.3,11.0,50.44,225.2,0.5647,98.3,76.6,1.59,0,0.0397
2026-05-12,2026-05-11 17:17:10,S0862,Uchtepa,41.303301,69.217754,38.2,14.2,49.81,226.5,0.8008,88.5,54.1,3.05,0,0.0188
2026-05-13,2026-05-11 17:17:10,S0862,Uchtepa,41.303301,69.217754,38.1,13.8,49.51,225.6,0.786,87.4,52.7,3.18,0,0.0188
2026-05-14,2026-05-11 17:17:10,S0862,Uchtepa,41.303301,69.217754,40.5,14.4,49.67,224.6,0.9132,93.0,52.7,3.2,1,0.3688
2026-05-15,2026-05-11 17:17:10,S0862,Uchtepa,41.303301,69.217754,38.8,14.6,49.75,224.6,0.8318,94.8,60.8,2.98,0,0.0188
2026-05-16,2026-05-11 17:17:10,S0862,Uchtepa,41.303301,69.217754,42.0,13.8,49.35,223.7,0.9024,92.5,54.4,2.96,1,0.3688
2026-05-17,2026-05-11 17:17:10,S0862,Uchtepa,41.303301,69.217754,40.5,15.2,49.68,228.6,1.0556,93.2,58.0,2.99,1,0.3688
2026-05-18,2026-05-11 17:17:10,S0862,Uchtepa,41.303301,69.217754,41.9,13.5,49.66,230.9,0.8837,92.7,56.3,2.98,1,0.3688
2026-05-12,2026-05-11 17:17:10,S0863,Uchtepa,41.325876,69.191309,37.3,11.7,50.81,237.6,0.0516,88.0,44.6,3.03,1,0.3712
2026-05-13,2026-05-11 17:17:10,S0863,Uchtepa,41.325876,69.191309,33.2,11.4,50.7,231.1,0.01,88.7,41.3,3.08,1,0.3712
2026-05-14,2026-05-11 17:17:10,S0863,Uchtepa,41.325876,69.191309,34.5,10.6,50.69,236.3,0.01,88.8,46.3,3.14,1,0.3712
2026-05-15,2026-05-11 17:17:10,S0863,Uchtepa,41.325876,69.191309,36.9,10.2,50.83,234.7,0.01,88.5,37.7,2.59,1,0.3712
2026-05-16,2026-05-11 17:17:10,S0863,Uchtepa,41.325876,69.191309,35.9,13.6,50.8,230.1,0.01,91.5,42.1,2.65,1,0.3712
2026-05-17,2026-05-11 17:17:10,S0863,Uchtepa,41.325876,69.191309,35.2,10.9,51.03,230.7,0.01,90.5,30.3,2.3,2,0.7212
2026-05-18,2026-05-11 17:17:10,S0863,Uchtepa,41.325876,69.191309,36.9,12.3,50.78,233.7,0.01,91.4,39.0,2.97,1,0.3712
2026-05-12,2026-05-11 17:17:10,S0864,Uchtepa,41.336407,69.180622,38.9,3.9,49.73,200.7,0.0738,78.5,54.4,3.96,1,0.3753
2026-05-13,2026-05-11 17:17:10,S0864,Uchtepa,41.336407,69.180622,38.0,6.2,49.7,201.7,0.1527,79.1,59.6,4.47,1,0.3753
2026-05-14,2026-05-11 17:17:10,S0864,Uchtepa,41.336407,69.180622,37.6,4.5,49.61,205.9,0.1573,78.4,64.2,3.74,1,0.3753
2026-05-15,2026-05-11 17:17:10,S0864,Uchtepa,41.336407,69.180622,42.3,6.0,49.74,204.0,0.2466,77.8,64.5,4.16,1,0.3753
2026-05-16,2026-05-11 17:17:10,S0864,Uchtepa,41.336407,69.180622,42.9,6.6,49.75,196.9,0.1769,80.7,71.1,4.15,2,0.7253
2026-05-17,2026-05-11 17:17:10,S0864,Uchtepa,41.336407,69.180622,40.7,6.9,49.49,197.6,0.248,78.1,64.1,3.86,2,0.7253
2026-05-18,2026-05-11 17:17:10,S0864,Uchtepa,41.336407,69.180622,43.1,4.8,49.77,199.8,0.289,76.9,73.4,3.37,2,0.7253
2026-05-12,2026-05-11 17:17:10,S0865,Uchtepa,41.349936,69.218839,44.7,6.8,50.28,223.9,0.91,87.2,87.8,4.19,1,0.3819
2026-05-13,2026-05-11 17:17:10,S0865,Uchtepa,41.349936,69.218839,45.6,6.7,50.18,226.4,1.0203,87.2,87.5,3.81,2,0.7319
2026-05-14,2026-05-11 17:17:10,S0865,Uchtepa,41.349936,69.218839,44.8,4.9,50.15,223.4,0.9868,87.7,83.3,4.2,1,0.3819
2026-05-15,2026-05-11 17:17:10,S0865,Uchtepa,41.349936,69.218839,41.6,6.4,50.33,224.3,1.0663,84.6,78.3,4.58,1,0.3819
2026-05-16,2026-05-11 17:17:10,S0865,Uchtepa,41.349936,69.218839,44.0,5.0,50.36,223.8,0.9998,85.6,75.5,4.47,1,0.3819
2026-05-17,2026-05-11 17:17:10,S0865,Uchtepa,41.349936,69.218839,44.8,6.4,50.47,221.2,1.1073,88.0,88.8,4.54,1,0.3819
2026-05-18,2026-05-11 17:17:10,S0865,Uchtepa,41.349936,69.218839,42.4,5.7,50.48,227.8,1.0596,88.1,84.8,4.53,1,0.3819
2026-05-12,2026-05-11 17:17:10,S0866,Uchtepa,41.33363,69.213446,35.7,5.3,49.94,213.5,0.01,85.9,80.9,4.73,0,0.0254
2026-05-13,2026-05-11 17:17:10,S0866,Uchtepa,41.33363,69.213446,35.4,6.4,49.91,214.0,0.1107,82.7,85.7,4.73,1,0.3754
2026-05-14,2026-05-11 17:17:10,S0866,Uchtepa,41.33363,69.213446,35.5,5.6,49.99,213.1,0.1684,80.1,79.7,4.69,1,0.3754
2026-05-15,2026-05-11 17:17:10,S0866,Uchtepa,41.33363,69.213446,37.0,5.2,49.87,209.1,0.0532,80.3,82.9,5.4,1,0.3754
2026-05-16,2026-05-11 17:17:10,S0866,Uchtepa,41.33363,69.213446,35.3,4.6,50.02,211.7,0.01,80.8,81.9,5.46,1,0.3754
2026-05-17,2026-05-11 17:17:10,S0866,Uchtepa,41.33363,69.213446,33.7,5.9,49.91,210.5,0.0114,80.5,83.0,5.6,2,0.7254
2026-05-18,2026-05-11 17:17:10,S0866,Uchtepa,41.33363,69.213446,33.4,9.4,49.87,210.9,0.0362,81.6,82.4,5.95,2,0.7254
2026-05-12,2026-05-11 17:17:10,S0867,Uchtepa,41.342217,69.211967,39.3,13.0,50.21,215.4,0.5005,99.8,52.8,3.6,0,0.0218
2026-05-13,2026-05-11 17:17:10,S0867,Uchtepa,41.342217,69.211967,42.1,16.6,50.15,214.4,0.4518,99.9,64.9,2.92,1,0.3718
2026-05-14,2026-05-11 17:17:10,S0867,Uchtepa,41.342217,69.211967,40.6,16.3,50.42,215.0,0.3643,96.7,65.6,2.72,1,0.3718
2026-05-15,2026-05-11 17:17:10,S0867,Uchtepa,41.342217,69.211967,43.6,16.9,50.2,216.4,0.3047,99.0,65.9,3.05,1,0.3718
2026-05-16,2026-05-11 17:17:10,S0867,Uchtepa,41.342217,69.211967,43.7,15.2,50.21,212.6,0.2972,97.8,61.1,2.89,1,0.3718
2026-05-17,2026-05-11 17:17:10,S0867,Uchtepa,41.342217,69.211967,45.1,14.0,50.32,215.9,0.1941,99.6,59.6,3.12,2,0.7218
2026-05-18,2026-05-11 17:17:10,S0867,Uchtepa,41.342217,69.211967,41.6,14.8,50.41,210.8,0.3316,98.3,62.6,3.09,1,0.3718
2026-05-12,2026-05-11 17:17:10,S0868,Uchtepa,41.356321,69.198363,36.4,5.2,49.58,217.3,0.6991,91.1,71.1,3.58,0,0.0223
2026-05-13,2026-05-11 17:17:10,S0868,Uchtepa,41.356321,69.198363,37.4,2.4,49.72,219.1,0.5933,92.4,60.6,3.51,0,0.0223
2026-05-14,2026-05-11 17:17:10,S0868,Uchtepa,41.356321,69.198363,34.1,3.7,49.65,215.6,0.5639,91.0,52.0,3.76,0,0.0223
2026-05-15,2026-05-11 17:17:10,S0868,Uchtepa,41.356321,69.198363,36.3,2.5,49.69,215.9,0.6308,92.5,62.3,3.31,0,0.0223
2026-05-16,2026-05-11 17:17:10,S0868,Uchtepa,41.356321,69.198363,36.8,5.6,49.52,218.4,0.6189,91.7,59.9,3.44,0,0.0223
2026-05-17,2026-05-11 17:17:10,S0868,Uchtepa,41.356321,69.198363,38.3,6.0,49.52,213.3,0.7245,95.6,63.4,3.2,0,0.0223
2026-05-18,2026-05-11 17:17:10,S0868,Uchtepa,41.356321,69.198363,39.9,3.7,49.44,219.8,0.7621,96.3,51.8,3.32,1,0.3723
2026-05-12,2026-05-11 17:17:10,S0869,Uchtepa,41.293732,69.20998,27.7,6.1,49.89,233.9,0.5101,86.9,79.7,3.0,1,0.3706
2026-05-13,2026-05-11 17:17:10,S0869,Uchtepa,41.293732,69.20998,28.9,6.5,50.05,230.9,0.5324,88.7,79.2,3.98,1,0.3706
2026-05-14,2026-05-11 17:17:10,S0869,Uchtepa,41.293732,69.20998,28.5,6.6,49.87,227.7,0.5893,89.0,81.9,3.64,0,0.0206
2026-05-15,2026-05-11 17:17:10,S0869,Uchtepa,41.293732,69.20998,24.1,6.7,49.86,233.4,0.4502,93.1,81.3,3.33,1,0.3706
2026-05-16,2026-05-11 17:17:10,S0869,Uchtepa,41.293732,69.20998,24.3,7.8,49.94,237.4,0.5306,92.8,82.4,3.43,1,0.3706
2026-05-17,2026-05-11 17:17:10,S0869,Uchtepa,41.293732,69.20998,24.8,6.0,49.7,236.7,0.5643,88.1,82.3,3.3,1,0.3706
2026-05-18,2026-05-11 17:17:10,S0869,Uchtepa,41.293732,69.20998,21.2,6.9,49.7,236.0,0.5535,88.5,85.8,3.12,1,0.3706
2026-05-12,2026-05-11 17:17:10,S0870,Uchtepa,41.321178,69.177789,32.0,9.4,49.78,228.2,0.6157,91.6,53.7,3.04,0,0.0367
2026-05-13,2026-05-11 17:17:10,S0870,Uchtepa,41.321178,69.177789,27.1,6.9,49.62,229.9,0.757,89.3,61.7,2.47,0,0.0367
2026-05-14,2026-05-11 17:17:10,S0870,Uchtepa,41.321178,69.177789,33.3,6.8,49.76,234.0,0.7452,88.2,58.0,2.63,1,0.3867
2026-05-15,2026-05-11 17:17:10,S0870,Uchtepa,41.321178,69.177789,30.4,7.1,49.65,229.3,0.659,93.2,56.8,2.37,0,0.0367
2026-05-16,2026-05-11 17:17:10,S0870,Uchtepa,41.321178,69.177789,29.4,6.7,49.71,232.3,0.8073,94.9,52.2,2.7,1,0.3867
2026-05-17,2026-05-11 17:17:10,S0870,Uchtepa,41.321178,69.177789,31.3,9.0,49.83,237.0,0.6225,91.7,53.1,2.72,1,0.3867
2026-05-18,2026-05-11 17:17:10,S0870,Uchtepa,41.321178,69.177789,34.7,11.0,49.6,228.3,0.8354,91.9,51.6,2.21,0,0.0367
2026-05-12,2026-05-11 17:17:10,S0871,Uchtepa,41.34315,69.212327,34.5,6.1,50.56,237.7,0.2482,99.5,85.9,1.63,1,0.374
2026-05-13,2026-05-11 17:17:10,S0871,Uchtepa,41.34315,69.212327,35.3,7.4,50.53,236.6,0.132,94.6,79.9,1.24,1,0.374
2026-05-14,2026-05-11 17:17:10,S0871,Uchtepa,41.34315,69.212327,33.3,8.8,50.51,232.0,0.373,100.0,91.3,1.45,1,0.374
2026-05-15,2026-05-11 17:17:10,S0871,Uchtepa,41.34315,69.212327,34.0,7.0,50.77,232.6,0.2053,100.0,91.6,1.32,1,0.374
2026-05-16,2026-05-11 17:17:10,S0871,Uchtepa,41.34315,69.212327,36.3,5.9,50.73,231.8,0.3133,100.0,95.0,0.59,1,0.374
2026-05-17,2026-05-11 17:17:10,S0871,Uchtepa,41.34315,69.212327,38.4,7.4,50.59,226.5,0.2741,100.0,89.5,1.05,1,0.374
2026-05-18,2026-05-11 17:17:10,S0871,Uchtepa,41.34315,69.212327,37.8,6.6,50.59,227.0,0.3858,100.0,95.0,0.87,1,0.374
2026-05-12,2026-05-11 17:17:10,S0872,Uchtepa,41.316226,69.154628,33.1,3.3,49.87,219.9,0.3239,93.3,51.0,3.51,0,0.0207
2026-05-13,2026-05-11 17:17:10,S0872,Uchtepa,41.316226,69.154628,32.1,1.8,49.93,219.8,0.2728,94.7,54.7,3.81,0,0.0207
2026-05-14,2026-05-11 17:17:10,S0872,Uchtepa,41.316226,69.154628,33.2,0.0,50.01,221.9,0.2604,97.3,51.5,3.47,0,0.0207
2026-05-15,2026-05-11 17:17:10,S0872,Uchtepa,41.316226,69.154628,34.2,1.9,50.08,223.3,0.2426,97.0,50.1,3.58,0,0.0207
2026-05-16,2026-05-11 17:17:10,S0872,Uchtepa,41.316226,69.154628,31.3,1.1,49.96,220.4,0.209,94.5,56.7,3.38,0,0.0207
2026-05-17,2026-05-11 17:17:10,S0872,Uchtepa,41.316226,69.154628,30.6,0.7,49.97,223.9,0.2639,95.4,44.9,3.38,0,0.0207
2026-05-18,2026-05-11 17:17:10,S0872,Uchtepa,41.316226,69.154628,33.3,1.4,50.12,223.1,0.2714,98.6,46.9,3.62,0,0.0207
2026-05-12,2026-05-11 17:17:10,S0873,Uchtepa,41.305708,69.205502,31.5,1.0,50.58,211.2,0.3018,89.0,38.6,3.75,1,0.3696
2026-05-13,2026-05-11 17:17:10,S0873,Uchtepa,41.305708,69.205502,33.4,0.0,50.64,211.9,0.2579,92.5,41.0,2.94,1,0.3696
2026-05-14,2026-05-11 17:17:10,S0873,Uchtepa,41.305708,69.205502,28.1,0.5,50.69,212.2,0.2885,91.9,51.2,3.34,1,0.3696
2026-05-15,2026-05-11 17:17:10,S0873,Uchtepa,41.305708,69.205502,30.2,0.0,50.73,214.4,0.2498,89.0,44.1,3.93,1,0.3696
2026-05-16,2026-05-11 17:17:10,S0873,Uchtepa,41.305708,69.205502,25.2,0.0,50.48,211.5,0.2743,91.2,50.0,3.36,0,0.0196
2026-05-17,2026-05-11 17:17:10,S0873,Uchtepa,41.305708,69.205502,28.7,0.0,50.82,210.4,0.1839,89.7,35.1,2.91,1,0.3696
2026-05-18,2026-05-11 17:17:10,S0873,Uchtepa,41.305708,69.205502,27.3,0.0,50.8,207.4,0.0515,90.9,42.8,3.09,1,0.3696
2026-05-12,2026-05-11 17:17:10,S0874,Uchtepa,41.358817,69.172904,40.9,12.2,50.31,223.6,0.4637,87.5,65.1,5.37,1,0.3849
2026-05-13,2026-05-11 17:17:10,S0874,Uchtepa,41.358817,69.172904,42.0,13.0,50.3,225.3,0.6121,84.1,65.9,4.95,1,0.3849
2026-05-14,2026-05-11 17:17:10,S0874,Uchtepa,41.358817,69.172904,39.7,13.2,50.16,226.1,0.4772,85.1,73.3,5.39,1,0.3849
2026-05-15,2026-05-11 17:17:10,S0874,Uchtepa,41.358817,69.172904,42.6,12.9,50.29,227.7,0.6515,88.7,67.2,5.01,1,0.3849
2026-05-16,2026-05-11 17:17:10,S0874,Uchtepa,41.358817,69.172904,40.0,10.8,50.62,224.2,0.337,86.9,67.9,5.11,1,0.3849
2026-05-17,2026-05-11 17:17:10,S0874,Uchtepa,41.358817,69.172904,42.8,11.1,50.35,223.5,0.5027,82.8,69.9,6.15,2,0.7349
2026-05-18,2026-05-11 17:17:10,S0874,Uchtepa,41.358817,69.172904,42.3,11.3,50.6,228.1,0.457,84.3,70.1,5.0,1,0.3849
2026-05-12,2026-05-11 17:17:10,S0875,Uchtepa,41.288365,69.218082,32.3,9.6,49.7,209.6,0.079,85.2,38.6,2.68,1,0.371
2026-05-13,2026-05-11 17:17:10,S0875,Uchtepa,41.288365,69.218082,31.7,10.3,49.68,213.7,0.0403,86.0,35.1,3.04,0,0.021
2026-05-14,2026-05-11 17:17:10,S0875,Uchtepa,41.288365,69.218082,27.6,6.2,49.7,216.8,0.0404,83.5,32.1,2.81,1,0.371
2026-05-15,2026-05-11 17:17:10,S0875,Uchtepa,41.288365,69.218082,32.2,8.0,49.89,212.3,0.01,78.5,30.4,3.51,1,0.371
2026-05-16,2026-05-11 17:17:10,S0875,Uchtepa,41.288365,69.218082,32.5,4.8,49.91,211.6,0.01,79.2,27.9,2.61,1,0.371
2026-05-17,2026-05-11 17:17:10,S0875,Uchtepa,41.288365,69.218082,28.2,7.4,50.11,218.0,0.0153,76.3,26.0,2.58,1,0.371
2026-05-18,2026-05-11 17:17:10,S0875,Uchtepa,41.288365,69.218082,28.0,7.0,49.81,215.3,0.01,79.1,25.0,2.49,1,0.371
2026-05-12,2026-05-11 17:17:10,S0876,Uchtepa,41.296787,69.18391,39.7,12.1,49.57,214.4,1.0289,82.8,35.1,3.04,1,0.3774
2026-05-13,2026-05-11 17:17:10,S0876,Uchtepa,41.296787,69.18391,35.5,10.9,49.62,209.7,1.1198,86.6,40.3,3.32,1,0.3774
2026-05-14,2026-05-11 17:17:10,S0876,Uchtepa,41.296787,69.18391,34.6,11.6,49.84,209.1,0.9475,85.1,33.0,3.05,1,0.3774
2026-05-15,2026-05-11 17:17:10,S0876,Uchtepa,41.296787,69.18391,36.6,11.7,49.79,207.0,0.9788,86.1,31.4,3.29,1,0.3774
2026-05-16,2026-05-11 17:17:10,S0876,Uchtepa,41.296787,69.18391,38.0,10.8,49.85,207.5,0.9995,85.9,28.8,4.15,1,0.3774
2026-05-17,2026-05-11 17:17:10,S0876,Uchtepa,41.296787,69.18391,37.6,10.4,49.95,212.3,1.0219,84.2,25.0,4.27,1,0.3774
2026-05-18,2026-05-11 17:17:10,S0876,Uchtepa,41.296787,69.18391,34.6,9.8,49.71,211.4,1.0245,86.2,25.0,3.81,1,0.3774
2026-05-12,2026-05-11 17:17:10,S0877,Uchtepa,41.338307,69.187987,28.3,7.6,49.72,220.7,0.2462,83.9,51.8,2.36,1,0.3718
2026-05-13,2026-05-11 17:17:10,S0877,Uchtepa,41.338307,69.187987,26.8,9.8,49.84,223.2,0.1823,88.2,54.8,2.78,0,0.0218
2026-05-14,2026-05-11 17:17:10,S0877,Uchtepa,41.338307,69.187987,23.5,9.5,49.83,225.4,0.1118,84.7,54.2,2.64,1,0.3718
2026-05-15,2026-05-11 17:17:10,S0877,Uchtepa,41.338307,69.187987,23.3,8.0,49.94,223.4,0.1793,85.3,53.6,2.83,0,0.0218
2026-05-16,2026-05-11 17:17:10,S0877,Uchtepa,41.338307,69.187987,23.9,10.1,49.92,221.5,0.0888,80.1,49.9,3.15,1,0.3718
2026-05-17,2026-05-11 17:17:10,S0877,Uchtepa,41.338307,69.187987,23.1,5.8,49.76,222.9,0.0562,81.9,54.1,2.98,1,0.3718
2026-05-18,2026-05-11 17:17:10,S0877,Uchtepa,41.338307,69.187987,26.0,9.3,49.91,225.2,0.1132,83.9,60.9,3.03,1,0.3718
2026-05-12,2026-05-11 17:17:10,S0878,Uchtepa,41.322501,69.224519,34.7,0.0,50.11,221.0,0.9175,87.1,73.1,3.07,0,0.0259
2026-05-13,2026-05-11 17:17:10,S0878,Uchtepa,41.322501,69.224519,31.9,0.0,49.99,220.7,0.9042,87.7,81.1,2.49,0,0.0259
2026-05-14,2026-05-11 17:17:10,S0878,Uchtepa,41.322501,69.224519,31.3,0.0,50.08,221.3,0.79,85.7,80.0,2.86,0,0.0259
2026-05-15,2026-05-11 17:17:10,S0878,Uchtepa,41.322501,69.224519,29.9,0.0,50.13,220.3,0.7001,83.7,92.8,2.51,1,0.3759
2026-05-16,2026-05-11 17:17:10,S0878,Uchtepa,41.322501,69.224519,30.8,0.0,50.06,219.1,0.5624,88.8,89.8,2.76,0,0.0259
2026-05-17,2026-05-11 17:17:10,S0878,Uchtepa,41.322501,69.224519,31.8,0.0,50.11,223.2,0.6645,88.4,88.4,3.11,0,0.0259
2026-05-18,2026-05-11 17:17:10,S0878,Uchtepa,41.322501,69.224519,29.6,0.0,50.17,219.7,0.5953,85.9,79.5,2.57,0,0.0259
2026-05-12,2026-05-11 17:17:10,S0879,Uchtepa,41.300803,69.192127,35.6,11.7,49.67,220.2,0.3911,93.8,95.0,4.57,1,0.3693
2026-05-13,2026-05-11 17:17:10,S0879,Uchtepa,41.300803,69.192127,34.3,8.8,49.79,222.0,0.3592,89.8,95.0,4.08,1,0.3693
2026-05-14,2026-05-11 17:17:10,S0879,Uchtepa,41.300803,69.192127,36.5,9.0,49.77,224.4,0.5136,92.7,94.4,4.2,1,0.3693
2026-05-15,2026-05-11 17:17:10,S0879,Uchtepa,41.300803,69.192127,36.4,9.6,49.71,226.4,0.419,93.4,95.0,4.07,1,0.3693
2026-05-16,2026-05-11 17:17:10,S0879,Uchtepa,41.300803,69.192127,32.5,8.9,49.55,221.9,0.3712,90.3,95.0,4.19,1,0.3693
2026-05-17,2026-05-11 17:17:10,S0879,Uchtepa,41.300803,69.192127,33.4,9.0,49.44,225.0,0.4907,90.2,95.0,3.64,1,0.3693
2026-05-18,2026-05-11 17:17:10,S0879,Uchtepa,41.300803,69.192127,32.8,9.4,49.53,216.9,0.3284,94.8,95.0,3.66,1,0.3693
2026-05-12,2026-05-11 17:17:10,S0880,Uchtepa,41.323636,69.165892,36.9,8.4,50.09,208.8,0.2784,84.9,63.8,3.95,1,0.3855
2026-05-13,2026-05-11 17:17:10,S0880,Uchtepa,41.323636,69.165892,38.3,7.7,50.17,207.2,0.2453,82.4,71.6,4.77,1,0.3855
2026-05-14,2026-05-11 17:17:10,S0880,Uchtepa,41.323636,69.165892,38.7,8.4,50.15,198.9,0.2325,82.0,62.0,5.07,2,0.7355
2026-05-15,2026-05-11 17:17:10,S0880,Uchtepa,41.323636,69.165892,35.5,5.3,50.21,204.3,0.2219,78.7,67.3,5.88,2,0.7355
2026-05-16,2026-05-11 17:17:10,S0880,Uchtepa,41.323636,69.165892,35.2,5.0,50.23,200.5,0.1791,81.8,62.2,5.18,1,0.3855
2026-05-17,2026-05-11 17:17:10,S0880,Uchtepa,41.323636,69.165892,34.6,7.3,50.2,199.5,0.2079,80.2,62.9,5.49,2,0.7355
2026-05-18,2026-05-11 17:17:10,S0880,Uchtepa,41.323636,69.165892,33.8,9.1,50.14,200.5,0.01,82.8,60.8,5.48,1,0.3855
2026-05-12,2026-05-11 17:17:10,S0881,Uchtepa,41.299479,69.190627,37.1,11.1,50.0,224.6,0.5196,79.9,67.1,4.42,1,0.3681
2026-05-13,2026-05-11 17:17:10,S0881,Uchtepa,41.299479,69.190627,39.7,11.9,50.1,219.8,0.524,80.9,65.0,4.62,1,0.3681
2026-05-14,2026-05-11 17:17:10,S0881,Uchtepa,41.299479,69.190627,39.7,11.4,50.07,223.7,0.5382,80.7,75.8,4.34,1,0.3681
2026-05-15,2026-05-11 17:17:10,S0881,Uchtepa,41.299479,69.190627,38.3,10.6,50.02,222.9,0.4614,81.3,80.2,4.08,1,0.3681
2026-05-16,2026-05-11 17:17:10,S0881,Uchtepa,41.299479,69.190627,38.0,12.8,50.07,220.3,0.572,77.9,69.2,4.13,1,0.3681
2026-05-17,2026-05-11 17:17:10,S0881,Uchtepa,41.299479,69.190627,42.0,11.5,49.99,222.9,0.6546,76.3,74.3,4.08,1,0.3681
2026-05-18,2026-05-11 17:17:10,S0881,Uchtepa,41.299479,69.190627,43.5,11.4,50.0,218.0,0.5514,76.0,74.6,4.19,1,0.3681
2026-05-12,2026-05-11 17:17:10,S0882,Uchtepa,41.363089,69.212935,36.8,8.7,49.81,197.6,0.8665,96.1,40.9,3.82,2,0.7248
2026-05-13,2026-05-11 17:17:10,S0882,Uchtepa,41.363089,69.212935,41.6,8.4,49.91,200.6,0.9213,94.9,45.3,3.82,1,0.3748
2026-05-14,2026-05-11 17:17:10,S0882,Uchtepa,41.363089,69.212935,39.7,8.0,49.97,197.9,0.9401,98.0,31.3,3.51,2,0.7248
2026-05-15,2026-05-11 17:17:10,S0882,Uchtepa,41.363089,69.212935,45.0,4.1,49.96,196.8,0.8954,93.8,42.4,3.5,2,0.7248
2026-05-16,2026-05-11 17:17:10,S0882,Uchtepa,41.363089,69.212935,42.9,10.8,49.8,195.6,0.9676,96.1,38.5,3.9,2,0.7248
2026-05-17,2026-05-11 17:17:10,S0882,Uchtepa,41.363089,69.212935,44.7,10.9,49.86,195.0,0.8497,94.0,30.4,3.91,2,0.7248
2026-05-18,2026-05-11 17:17:10,S0882,Uchtepa,41.363089,69.212935,41.2,9.0,49.69,195.0,0.9475,95.5,29.5,3.55,2,0.7248
2026-05-12,2026-05-11 17:17:10,S0883,Uchtepa,41.302191,69.165279,40.3,6.9,49.93,225.8,0.4145,82.5,47.8,3.67,1,0.3796
2026-05-13,2026-05-11 17:17:10,S0883,Uchtepa,41.302191,69.165279,38.9,7.4,50.02,223.9,0.3459,86.5,53.8,4.04,0,0.0296
2026-05-14,2026-05-11 17:17:10,S0883,Uchtepa,41.302191,69.165279,35.1,8.3,49.98,227.3,0.3415,82.7,48.7,4.06,1,0.3796
2026-05-15,2026-05-11 17:17:10,S0883,Uchtepa,41.302191,69.165279,37.3,7.2,49.97,221.6,0.4753,81.5,39.3,3.99,1,0.3796
2026-05-16,2026-05-11 17:17:10,S0883,Uchtepa,41.302191,69.165279,38.9,8.0,49.94,218.0,0.3324,84.2,47.9,4.01,1,0.3796
2026-05-17,2026-05-11 17:17:10,S0883,Uchtepa,41.302191,69.165279,37.0,7.5,49.96,214.2,0.3298,82.3,44.0,3.79,1,0.3796
2026-05-18,2026-05-11 17:17:10,S0883,Uchtepa,41.302191,69.165279,35.0,6.4,50.07,218.4,0.3786,83.2,41.8,3.52,1,0.3796
2026-05-12,2026-05-11 17:17:10,S0884,Uchtepa,41.361617,69.190296,33.9,15.0,49.98,215.8,0.1189,89.3,60.4,4.05,0,0.0313
2026-05-13,2026-05-11 17:17:10,S0884,Uchtepa,41.361617,69.190296,36.3,17.5,50.09,216.3,0.2013,85.4,68.8,4.22,0,0.0313
2026-05-14,2026-05-11 17:17:10,S0884,Uchtepa,41.361617,69.190296,35.2,15.9,50.03,219.1,0.3113,82.0,61.4,4.21,1,0.3813
2026-05-15,2026-05-11 17:17:10,S0884,Uchtepa,41.361617,69.190296,35.6,17.8,50.02,217.4,0.0782,78.4,65.2,4.6,1,0.3813
2026-05-16,2026-05-11 17:17:10,S0884,Uchtepa,41.361617,69.190296,34.0,19.6,50.03,216.1,0.1877,79.1,70.2,4.42,1,0.3813
2026-05-17,2026-05-11 17:17:10,S0884,Uchtepa,41.361617,69.190296,34.2,17.0,50.05,218.6,0.1594,79.5,64.7,4.55,1,0.3813
2026-05-18,2026-05-11 17:17:10,S0884,Uchtepa,41.361617,69.190296,34.6,14.8,50.19,215.9,0.2052,80.3,69.6,4.51,1,0.3813
2026-05-12,2026-05-11 17:17:10,S0885,Uchtepa,41.3104,69.158889,28.4,10.0,50.11,217.6,0.1304,82.8,95.0,3.59,1,0.3866
2026-05-13,2026-05-11 17:17:10,S0885,Uchtepa,41.3104,69.158889,22.0,10.7,50.31,220.3,0.1697,81.9,94.8,3.9,1,0.3866
2026-05-14,2026-05-11 17:17:10,S0885,Uchtepa,41.3104,69.158889,21.6,11.5,50.18,218.1,0.0708,82.0,95.0,3.7,1,0.3866
2026-05-15,2026-05-11 17:17:10,S0885,Uchtepa,41.3104,69.158889,19.7,12.0,50.37,218.8,0.0926,81.9,95.0,3.42,1,0.3866
2026-05-16,2026-05-11 17:17:10,S0885,Uchtepa,41.3104,69.158889,19.0,15.8,50.35,219.7,0.2353,83.6,95.0,3.32,1,0.3866
2026-05-17,2026-05-11 17:17:10,S0885,Uchtepa,41.3104,69.158889,22.9,7.8,50.5,219.3,0.1503,84.9,95.0,3.17,1,0.3866
2026-05-18,2026-05-11 17:17:10,S0885,Uchtepa,41.3104,69.158889,21.9,9.1,50.39,217.4,0.2333,82.0,95.0,2.81,1,0.3866
2026-05-12,2026-05-11 17:17:10,S0886,Uchtepa,41.298161,69.2135,39.2,3.3,49.94,230.5,0.3967,83.7,38.4,1.79,1,0.3693
2026-05-13,2026-05-11 17:17:10,S0886,Uchtepa,41.298161,69.2135,39.0,3.2,49.99,229.3,0.3983,85.8,53.5,1.41,0,0.0193
2026-05-14,2026-05-11 17:17:10,S0886,Uchtepa,41.298161,69.2135,40.1,5.5,50.11,230.6,0.5187,84.9,49.5,1.48,1,0.3693
2026-05-15,2026-05-11 17:17:10,S0886,Uchtepa,41.298161,69.2135,37.6,4.0,50.1,229.0,0.4846,85.6,60.8,1.71,0,0.0193
2026-05-16,2026-05-11 17:17:10,S0886,Uchtepa,41.298161,69.2135,40.4,4.1,49.99,230.8,0.4202,86.4,59.2,1.88,1,0.3693
2026-05-17,2026-05-11 17:17:10,S0886,Uchtepa,41.298161,69.2135,39.0,5.8,49.99,235.0,0.5673,84.6,52.8,1.61,1,0.3693
2026-05-18,2026-05-11 17:17:10,S0886,Uchtepa,41.298161,69.2135,36.7,4.6,50.06,233.6,0.6399,83.0,63.6,2.28,1,0.3693
2026-05-12,2026-05-11 17:17:10,S0887,Uchtepa,41.307885,69.174348,34.4,6.6,49.54,207.2,0.3264,82.9,85.1,4.05,1,0.3823
2026-05-13,2026-05-11 17:17:10,S0887,Uchtepa,41.307885,69.174348,27.6,5.6,49.6,206.3,0.2769,83.3,78.4,3.81,1,0.3823
2026-05-14,2026-05-11 17:17:10,S0887,Uchtepa,41.307885,69.174348,31.1,4.6,49.48,206.7,0.4114,85.7,86.5,3.47,1,0.3823
2026-05-15,2026-05-11 17:17:10,S0887,Uchtepa,41.307885,69.174348,31.8,7.8,49.73,206.9,0.3671,82.1,82.4,3.94,1,0.3823
2026-05-16,2026-05-11 17:17:10,S0887,Uchtepa,41.307885,69.174348,33.6,7.5,49.63,209.8,0.4503,83.5,78.2,4.04,1,0.3823
2026-05-17,2026-05-11 17:17:10,S0887,Uchtepa,41.307885,69.174348,32.1,6.5,49.61,201.4,0.443,84.3,77.5,3.84,1,0.3823
2026-05-18,2026-05-11 17:17:10,S0887,Uchtepa,41.307885,69.174348,35.0,5.7,49.57,202.7,0.5513,84.2,85.4,3.53,1,0.3823
2026-05-12,2026-05-11 17:17:10,S0888,Uchtepa,41.305491,69.181154,30.1,0.9,50.17,216.3,0.4542,86.5,81.0,4.66,0,0.0319
2026-05-13,2026-05-11 17:17:10,S0888,Uchtepa,41.305491,69.181154,27.5,1.0,50.23,211.2,0.4895,89.0,81.0,4.71,0,0.0319
2026-05-14,2026-05-11 17:17:10,S0888,Uchtepa,41.305491,69.181154,23.4,0.0,50.32,217.4,0.4675,89.5,79.1,3.41,0,0.0319
2026-05-15,2026-05-11 17:17:10,S0888,Uchtepa,41.305491,69.181154,27.6,1.0,50.09,217.0,0.4704,87.8,75.3,3.28,0,0.0319
2026-05-16,2026-05-11 17:17:10,S0888,Uchtepa,41.305491,69.181154,25.7,1.6,50.2,215.7,0.3933,87.9,82.8,3.55,0,0.0319
2026-05-17,2026-05-11 17:17:10,S0888,Uchtepa,41.305491,69.181154,30.8,0.0,50.14,214.8,0.5026,89.3,85.2,3.1,0,0.0319
2026-05-18,2026-05-11 17:17:10,S0888,Uchtepa,41.305491,69.181154,27.4,0.5,50.2,214.2,0.4274,90.8,79.2,3.37,0,0.0319
2026-05-12,2026-05-11 17:17:10,S0889,Uchtepa,41.292484,69.174217,31.1,11.4,49.8,211.4,0.7842,96.4,39.6,3.63,0,0.0317
2026-05-13,2026-05-11 17:17:10,S0889,Uchtepa,41.292484,69.174217,33.0,11.7,49.89,221.1,0.6727,98.6,41.8,3.68,0,0.0317
2026-05-14,2026-05-11 17:17:10,S0889,Uchtepa,41.292484,69.174217,31.3,12.1,49.8,221.3,0.639,100.0,37.5,3.64,0,0.0317
2026-05-15,2026-05-11 17:17:10,S0889,Uchtepa,41.292484,69.174217,30.2,6.2,49.74,217.1,0.7642,98.4,36.5,3.96,0,0.0317
2026-05-16,2026-05-11 17:17:10,S0889,Uchtepa,41.292484,69.174217,29.2,11.0,49.79,218.1,0.747,97.5,45.9,3.29,0,0.0317
2026-05-17,2026-05-11 17:17:10,S0889,Uchtepa,41.292484,69.174217,30.1,9.7,50.07,221.1,0.7284,97.7,43.0,3.46,0,0.0317
2026-05-18,2026-05-11 17:17:10,S0889,Uchtepa,41.292484,69.174217,30.1,8.7,49.85,225.0,0.8104,96.1,38.4,3.62,0,0.0317
2026-05-12,2026-05-11 17:17:10,S0890,Uchtepa,41.364843,69.157085,37.7,0.0,49.4,217.6,0.2961,74.5,84.3,4.22,2,0.7257
2026-05-13,2026-05-11 17:17:10,S0890,Uchtepa,41.364843,69.157085,39.2,0.0,49.34,222.2,0.4129,74.7,80.0,4.38,2,0.7257
2026-05-14,2026-05-11 17:17:10,S0890,Uchtepa,41.364843,69.157085,34.6,0.0,49.31,223.5,0.3401,74.1,79.4,4.28,2,0.7257
2026-05-15,2026-05-11 17:17:10,S0890,Uchtepa,41.364843,69.157085,37.4,0.0,49.32,225.2,0.3131,72.0,85.2,4.46,2,0.7257
2026-05-16,2026-05-11 17:17:10,S0890,Uchtepa,41.364843,69.157085,37.8,0.0,49.36,224.7,0.3827,70.8,73.2,4.18,2,0.7257
2026-05-17,2026-05-11 17:17:10,S0890,Uchtepa,41.364843,69.157085,34.9,0.0,49.47,225.8,0.3007,68.2,76.9,4.53,2,0.7257
2026-05-18,2026-05-11 17:17:10,S0890,Uchtepa,41.364843,69.157085,38.5,0.0,49.54,227.6,0.3324,69.5,72.7,4.22,2,0.7257
2026-05-12,2026-05-11 17:17:10,S0891,Uchtepa,41.361675,69.204332,36.0,13.0,49.81,226.4,0.4959,92.5,69.3,2.99,0,0.0268
2026-05-13,2026-05-11 17:17:10,S0891,Uchtepa,41.361675,69.204332,35.5,11.5,49.88,224.0,0.3563,96.6,67.5,2.65,0,0.0268
2026-05-14,2026-05-11 17:17:10,S0891,Uchtepa,41.361675,69.204332,35.0,10.0,49.75,226.4,0.3821,92.5,72.3,2.43,0,0.0268
2026-05-15,2026-05-11 17:17:10,S0891,Uchtepa,41.361675,69.204332,36.0,10.6,49.98,219.4,0.3775,92.4,56.6,2.17,0,0.0268
2026-05-16,2026-05-11 17:17:10,S0891,Uchtepa,41.361675,69.204332,34.3,11.3,49.96,224.7,0.3814,90.1,64.7,2.13,0,0.0268
2026-05-17,2026-05-11 17:17:10,S0891,Uchtepa,41.361675,69.204332,33.9,8.3,49.95,222.6,0.3359,92.3,73.8,2.25,0,0.0268
2026-05-18,2026-05-11 17:17:10,S0891,Uchtepa,41.361675,69.204332,35.6,10.7,49.97,226.2,0.3803,95.5,71.6,2.27,0,0.0268
2026-05-12,2026-05-11 17:17:10,S0892,Uchtepa,41.330988,69.195645,33.7,13.9,50.41,221.4,0.5279,87.0,53.8,4.46,0,0.0293
2026-05-13,2026-05-11 17:17:10,S0892,Uchtepa,41.330988,69.195645,34.0,13.7,50.28,222.4,0.5817,84.7,43.9,4.67,1,0.3793
2026-05-14,2026-05-11 17:17:10,S0892,Uchtepa,41.330988,69.195645,35.1,12.3,50.51,216.9,0.4783,86.0,49.0,4.54,1,0.3793
2026-05-15,2026-05-11 17:17:10,S0892,Uchtepa,41.330988,69.195645,34.5,12.3,50.31,219.7,0.7753,83.9,43.7,4.7,1,0.3793
2026-05-16,2026-05-11 17:17:10,S0892,Uchtepa,41.330988,69.195645,32.6,15.2,50.49,222.8,0.5769,84.3,31.9,4.96,1,0.3793
2026-05-17,2026-05-11 17:17:10,S0892,Uchtepa,41.330988,69.195645,33.1,13.7,50.26,220.9,0.6271,82.5,43.6,4.86,1,0.3793
2026-05-18,2026-05-11 17:17:10,S0892,Uchtepa,41.330988,69.195645,37.6,13.5,50.46,221.9,0.7592,84.5,36.2,5.07,1,0.3793
2026-05-12,2026-05-11 17:17:10,S0893,Uchtepa,41.29649,69.228229,39.0,7.8,49.93,210.4,0.0246,90.0,61.6,3.72,0,0.0387
2026-05-13,2026-05-11 17:17:10,S0893,Uchtepa,41.29649,69.228229,36.6,10.0,49.86,208.3,0.1261,93.9,62.8,3.75,1,0.3887
2026-05-14,2026-05-11 17:17:10,S0893,Uchtepa,41.29649,69.228229,35.9,11.0,49.85,203.9,0.1607,96.1,51.2,3.86,1,0.3887
2026-05-15,2026-05-11 17:17:10,S0893,Uchtepa,41.29649,69.228229,37.8,11.5,50.14,209.3,0.19,95.0,56.2,3.67,1,0.3887
2026-05-16,2026-05-11 17:17:10,S0893,Uchtepa,41.29649,69.228229,41.5,10.6,50.13,209.3,0.1081,97.6,58.8,3.62,1,0.3887
2026-05-17,2026-05-11 17:17:10,S0893,Uchtepa,41.29649,69.228229,37.3,12.0,49.96,204.3,0.1368,96.7,58.2,3.92,1,0.3887
2026-05-18,2026-05-11 17:17:10,S0893,Uchtepa,41.29649,69.228229,38.3,13.5,49.98,207.3,0.1359,100.0,56.2,4.32,1,0.3887
2026-05-12,2026-05-11 17:17:10,S0894,Uchtepa,41.287613,69.154445,30.0,17.1,49.43,222.6,0.334,84.0,71.3,3.79,1,0.3804
2026-05-13,2026-05-11 17:17:10,S0894,Uchtepa,41.287613,69.154445,33.2,19.3,49.6,226.9,0.1143,83.3,70.3,3.63,1,0.3804
2026-05-14,2026-05-11 17:17:10,S0894,Uchtepa,41.287613,69.154445,31.2,18.8,49.37,230.5,0.2157,83.1,68.5,3.2,1,0.3804
2026-05-15,2026-05-11 17:17:10,S0894,Uchtepa,41.287613,69.154445,31.1,17.5,49.45,229.8,0.2659,83.3,72.0,3.35,1,0.3804
2026-05-16,2026-05-11 17:17:10,S0894,Uchtepa,41.287613,69.154445,30.2,17.4,49.24,227.3,0.0374,80.1,75.7,2.82,1,0.3804
2026-05-17,2026-05-11 17:17:10,S0894,Uchtepa,41.287613,69.154445,32.2,19.7,49.08,230.3,0.1554,79.8,81.8,3.44,1,0.3804
2026-05-18,2026-05-11 17:17:10,S0894,Uchtepa,41.287613,69.154445,32.2,18.6,49.22,230.9,0.0637,81.5,81.9,3.4,1,0.3804
2026-05-12,2026-05-11 17:17:10,S0895,Uchtepa,41.306756,69.191026,40.5,4.1,50.68,219.6,0.1377,88.9,69.3,3.7,1,0.3839
2026-05-13,2026-05-11 17:17:10,S0895,Uchtepa,41.306756,69.191026,41.0,1.5,50.62,219.6,0.01,92.2,62.0,3.53,1,0.3839
2026-05-14,2026-05-11 17:17:10,S0895,Uchtepa,41.306756,69.191026,42.6,4.9,50.58,221.0,0.197,90.0,56.3,3.48,1,0.3839
2026-05-15,2026-05-11 17:17:10,S0895,Uchtepa,41.306756,69.191026,41.3,4.5,50.65,220.1,0.272,92.5,58.6,3.92,1,0.3839
2026-05-16,2026-05-11 17:17:10,S0895,Uchtepa,41.306756,69.191026,42.0,4.3,50.79,219.6,0.201,94.1,56.9,3.82,1,0.3839
2026-05-17,2026-05-11 17:17:10,S0895,Uchtepa,41.306756,69.191026,41.0,3.1,50.68,221.1,0.0908,88.4,58.4,4.13,1,0.3839
2026-05-18,2026-05-11 17:17:10,S0895,Uchtepa,41.306756,69.191026,38.3,3.2,50.54,225.3,0.11,88.5,64.3,4.1,1,0.3839
2026-05-12,2026-05-11 17:17:10,S0896,Uchtepa,41.299826,69.191824,45.6,9.6,49.73,205.3,0.3516,97.1,62.7,3.47,2,0.7383
2026-05-13,2026-05-11 17:17:10,S0896,Uchtepa,41.299826,69.191824,43.6,9.1,49.76,206.6,0.4003,95.6,56.8,2.71,1,0.3883
2026-05-14,2026-05-11 17:17:10,S0896,Uchtepa,41.299826,69.191824,39.1,11.9,49.89,208.9,0.4162,97.0,68.4,3.07,1,0.3883
2026-05-15,2026-05-11 17:17:10,S0896,Uchtepa,41.299826,69.191824,43.4,10.8,49.96,204.5,0.4912,100.0,70.5,2.89,1,0.3883
2026-05-16,2026-05-11 17:17:10,S0896,Uchtepa,41.299826,69.191824,41.9,11.9,49.89,201.8,0.4209,97.3,57.8,2.55,1,0.3883
2026-05-17,2026-05-11 17:17:10,S0896,Uchtepa,41.299826,69.191824,40.1,11.9,49.92,202.1,0.5598,97.0,66.6,2.81,1,0.3883
2026-05-18,2026-05-11 17:17:10,S0896,Uchtepa,41.299826,69.191824,40.4,11.2,49.87,200.2,0.6325,98.5,66.4,2.57,1,0.3883
2026-05-12,2026-05-11 17:17:10,S0897,Uchtepa,41.363483,69.20369,34.1,14.5,50.08,220.8,0.6015,84.7,80.1,3.48,1,0.3799
2026-05-13,2026-05-11 17:17:10,S0897,Uchtepa,41.363483,69.20369,35.2,16.1,50.01,217.8,0.702,77.0,78.5,3.48,1,0.3799
2026-05-14,2026-05-11 17:17:10,S0897,Uchtepa,41.363483,69.20369,38.5,14.5,49.98,219.6,0.7988,78.5,76.5,3.83,1,0.3799
2026-05-15,2026-05-11 17:17:10,S0897,Uchtepa,41.363483,69.20369,37.2,17.8,49.87,223.8,0.8804,73.5,80.7,3.95,2,0.7299
2026-05-16,2026-05-11 17:17:10,S0897,Uchtepa,41.363483,69.20369,32.3,16.5,50.07,215.5,0.9172,77.3,77.6,3.58,1,0.3799
2026-05-17,2026-05-11 17:17:10,S0897,Uchtepa,41.363483,69.20369,35.1,15.8,49.92,217.3,1.0153,73.0,76.9,3.54,2,0.7299
2026-05-18,2026-05-11 17:17:10,S0897,Uchtepa,41.363483,69.20369,40.0,16.2,49.93,221.1,1.096,72.7,77.0,3.86,2,0.7299
2026-05-12,2026-05-11 17:17:10,S0898,Uchtepa,41.353099,69.169093,30.6,6.1,50.46,232.1,0.491,92.2,73.0,3.65,1,0.3712
2026-05-13,2026-05-11 17:17:10,S0898,Uchtepa,41.353099,69.169093,31.5,5.3,50.15,234.4,0.4003,91.5,70.2,3.78,1,0.3712
2026-05-14,2026-05-11 17:17:10,S0898,Uchtepa,41.353099,69.169093,29.9,7.3,50.46,233.2,0.3276,96.0,68.6,3.36,1,0.3712
2026-05-15,2026-05-11 17:17:10,S0898,Uchtepa,41.353099,69.169093,29.7,4.2,50.22,239.1,0.2798,93.2,70.1,3.0,1,0.3712
2026-05-16,2026-05-11 17:17:10,S0898,Uchtepa,41.353099,69.169093,27.9,8.1,50.59,239.6,0.3755,95.6,69.6,3.14,1,0.3712
2026-05-17,2026-05-11 17:17:10,S0898,Uchtepa,41.353099,69.169093,28.0,8.6,50.4,234.4,0.454,95.0,76.9,3.19,1,0.3712
2026-05-18,2026-05-11 17:17:10,S0898,Uchtepa,41.353099,69.169093,29.4,10.4,50.58,238.3,0.4436,98.5,70.9,2.98,1,0.3712
2026-05-12,2026-05-11 17:17:10,S0899,Uchtepa,41.319444,69.218765,38.3,11.6,49.61,217.2,0.5876,90.3,81.3,4.38,0,0.0311
2026-05-13,2026-05-11 17:17:10,S0899,Uchtepa,41.319444,69.218765,37.7,7.7,49.71,218.3,0.5775,87.2,76.2,4.1,0,0.0311
2026-05-14,2026-05-11 17:17:10,S0899,Uchtepa,41.319444,69.218765,37.7,10.8,49.64,218.0,0.6046,86.8,81.8,4.01,0,0.0311
2026-05-15,2026-05-11 17:17:10,S0899,Uchtepa,41.319444,69.218765,37.0,10.5,49.93,217.4,0.5537,87.4,89.8,3.93,0,0.0311
2026-05-16,2026-05-11 17:17:10,S0899,Uchtepa,41.319444,69.218765,40.3,11.3,49.85,217.4,0.698,88.6,79.7,4.11,1,0.3811
2026-05-17,2026-05-11 17:17:10,S0899,Uchtepa,41.319444,69.218765,39.0,11.0,49.95,213.8,0.6021,86.0,83.7,3.72,0,0.0311
2026-05-18,2026-05-11 17:17:10,S0899,Uchtepa,41.319444,69.218765,37.0,10.0,49.87,216.6,0.5967,85.9,77.1,3.89,0,0.0311
2026-05-12,2026-05-11 17:17:10,S0900,Uchtepa,41.292875,69.215517,31.6,16.6,49.42,209.9,0.598,93.3,52.8,4.4,1,0.3848
2026-05-13,2026-05-11 17:17:10,S0900,Uchtepa,41.292875,69.215517,31.3,14.9,49.42,211.5,0.5363,90.9,47.5,4.29,1,0.3848
2026-05-14,2026-05-11 17:17:10,S0900,Uchtepa,41.292875,69.215517,27.5,17.6,49.26,213.2,0.6325,93.5,41.3,4.65,1,0.3848
2026-05-15,2026-05-11 17:17:10,S0900,Uchtepa,41.292875,69.215517,29.0,18.7,49.14,215.0,0.5754,91.6,61.5,4.85,1,0.3848
2026-05-16,2026-05-11 17:17:10,S0900,Uchtepa,41.292875,69.215517,32.8,18.9,49.4,212.3,0.6539,91.9,49.6,4.67,1,0.3848
2026-05-17,2026-05-11 17:17:10,S0900,Uchtepa,41.292875,69.215517,32.8,20.3,49.42,214.9,0.5453,93.6,55.7,4.36,1,0.3848
2026-05-18,2026-05-11 17:17:10,S0900,Uchtepa,41.292875,69.215517,28.4,21.5,49.2,214.7,0.7825,89.8,60.3,5.06,1,0.3848
2026-05-12,2026-05-11 17:17:10,S0901,Yakkasaroy,41.293636,69.202072,34.0,9.3,50.45,208.1,0.372,98.0,88.9,3.59,1,0.3848
2026-05-13,2026-05-11 17:17:10,S0901,Yakkasaroy,41.293636,69.202072,31.9,8.4,50.64,204.6,0.4769,100.0,91.7,4.39,1,0.3848
2026-05-14,2026-05-11 17:17:10,S0901,Yakkasaroy,41.293636,69.202072,35.9,10.1,50.65,203.3,0.3016,100.0,95.0,4.05,1,0.3848
2026-05-15,2026-05-11 17:17:10,S0901,Yakkasaroy,41.293636,69.202072,35.6,9.6,50.67,205.7,0.3024,100.0,85.9,4.12,1,0.3848
2026-05-16,2026-05-11 17:17:10,S0901,Yakkasaroy,41.293636,69.202072,35.4,8.6,50.65,197.0,0.4691,100.0,93.9,4.23,2,0.7348
2026-05-17,2026-05-11 17:17:10,S0901,Yakkasaroy,41.293636,69.202072,40.0,9.7,50.74,200.8,0.5726,100.0,95.0,3.71,1,0.3848
2026-05-18,2026-05-11 17:17:10,S0901,Yakkasaroy,41.293636,69.202072,38.2,8.4,50.76,199.3,0.4501,100.0,94.1,3.91,2,0.7348
2026-05-12,2026-05-11 17:17:10,S0902,Yakkasaroy,41.304181,69.207458,32.1,5.1,50.57,210.0,0.5989,83.0,60.7,3.1,1,0.3832
2026-05-13,2026-05-11 17:17:10,S0902,Yakkasaroy,41.304181,69.207458,30.0,4.3,50.75,204.5,0.4597,85.2,59.7,2.86,1,0.3832
2026-05-14,2026-05-11 17:17:10,S0902,Yakkasaroy,41.304181,69.207458,33.6,7.8,50.62,208.3,0.5838,82.8,48.1,3.0,1,0.3832
2026-05-15,2026-05-11 17:17:10,S0902,Yakkasaroy,41.304181,69.207458,31.4,5.6,50.8,205.1,0.5626,80.5,55.4,2.89,1,0.3832
2026-05-16,2026-05-11 17:17:10,S0902,Yakkasaroy,41.304181,69.207458,30.9,5.3,50.71,202.3,0.4865,78.3,52.1,2.95,1,0.3832
2026-05-17,2026-05-11 17:17:10,S0902,Yakkasaroy,41.304181,69.207458,32.5,3.1,50.75,203.1,0.4374,77.7,49.0,3.24,1,0.3832
2026-05-18,2026-05-11 17:17:10,S0902,Yakkasaroy,41.304181,69.207458,34.6,5.7,50.7,201.1,0.5936,76.0,46.4,2.76,1,0.3832
2026-05-12,2026-05-11 17:17:10,S0903,Yakkasaroy,41.299187,69.236569,27.3,14.1,50.19,219.8,0.4372,91.1,83.2,3.84,0,0.0268
2026-05-13,2026-05-11 17:17:10,S0903,Yakkasaroy,41.299187,69.236569,29.1,12.7,50.24,229.1,0.5252,87.8,80.1,4.15,0,0.0268
2026-05-14,2026-05-11 17:17:10,S0903,Yakkasaroy,41.299187,69.236569,31.0,13.6,50.25,228.0,0.4776,90.0,82.3,3.97,0,0.0268
2026-05-15,2026-05-11 17:17:10,S0903,Yakkasaroy,41.299187,69.236569,29.7,13.1,50.29,226.9,0.3648,92.0,80.5,4.03,0,0.0268
2026-05-16,2026-05-11 17:17:10,S0903,Yakkasaroy,41.299187,69.236569,29.2,14.3,50.19,225.8,0.5491,90.4,78.4,3.92,0,0.0268
2026-05-17,2026-05-11 17:17:10,S0903,Yakkasaroy,41.299187,69.236569,30.7,12.4,50.32,228.3,0.5738,91.6,83.1,4.29,0,0.0268
2026-05-18,2026-05-11 17:17:10,S0903,Yakkasaroy,41.299187,69.236569,32.5,15.2,50.25,231.0,0.605,93.7,80.5,3.89,1,0.3768
2026-05-12,2026-05-11 17:17:10,S0904,Yakkasaroy,41.282083,69.239901,40.2,8.7,50.54,208.0,0.187,77.0,70.0,5.12,1,0.3908
2026-05-13,2026-05-11 17:17:10,S0904,Yakkasaroy,41.282083,69.239901,34.3,8.2,50.42,214.1,0.1596,84.9,72.7,5.48,1,0.3908
2026-05-14,2026-05-11 17:17:10,S0904,Yakkasaroy,41.282083,69.239901,35.9,10.8,50.59,207.2,0.097,79.7,72.0,4.94,1,0.3908
2026-05-15,2026-05-11 17:17:10,S0904,Yakkasaroy,41.282083,69.239901,36.8,11.1,50.55,206.1,0.2186,84.1,70.3,5.74,2,0.7408
2026-05-16,2026-05-11 17:17:10,S0904,Yakkasaroy,41.282083,69.239901,36.8,9.3,50.57,210.3,0.0336,82.4,67.0,4.97,1,0.3908
2026-05-17,2026-05-11 17:17:10,S0904,Yakkasaroy,41.282083,69.239901,41.2,10.4,50.61,208.9,0.1759,77.1,73.4,5.47,1,0.3908
2026-05-18,2026-05-11 17:17:10,S0904,Yakkasaroy,41.282083,69.239901,37.1,9.9,50.89,209.4,0.0455,80.5,73.1,4.82,1,0.3908
2026-05-12,2026-05-11 17:17:10,S0905,Yakkasaroy,41.307877,69.211198,38.8,11.4,49.58,218.7,0.5079,84.4,61.2,2.86,1,0.3703
2026-05-13,2026-05-11 17:17:10,S0905,Yakkasaroy,41.307877,69.211198,38.1,11.5,49.65,222.6,0.4354,83.0,47.5,2.83,1,0.3703
2026-05-14,2026-05-11 17:17:10,S0905,Yakkasaroy,41.307877,69.211198,35.1,10.3,49.76,220.8,0.4171,83.1,57.6,2.28,1,0.3703
2026-05-15,2026-05-11 17:17:10,S0905,Yakkasaroy,41.307877,69.211198,40.1,11.4,49.66,218.0,0.4186,84.6,56.2,2.69,1,0.3703
2026-05-16,2026-05-11 17:17:10,S0905,Yakkasaroy,41.307877,69.211198,35.5,11.2,49.62,218.7,0.459,87.0,52.2,2.83,0,0.0203
2026-05-17,2026-05-11 17:17:10,S0905,Yakkasaroy,41.307877,69.211198,40.7,12.4,49.56,216.7,0.4369,88.0,44.5,2.7,1,0.3703
2026-05-18,2026-05-11 17:17:10,S0905,Yakkasaroy,41.307877,69.211198,40.4,11.7,49.79,215.8,0.4172,87.6,53.5,2.98,1,0.3703
2026-05-12,2026-05-11 17:17:10,S0906,Yakkasaroy,41.284863,69.224342,25.7,12.9,49.95,225.2,0.3366,90.7,58.9,3.16,0,0.024
2026-05-13,2026-05-11 17:17:10,S0906,Yakkasaroy,41.284863,69.224342,27.7,12.0,50.02,225.2,0.2415,89.6,66.7,3.3,0,0.024
2026-05-14,2026-05-11 17:17:10,S0906,Yakkasaroy,41.284863,69.224342,25.9,12.0,50.08,227.3,0.2906,92.0,71.2,3.29,0,0.024
2026-05-15,2026-05-11 17:17:10,S0906,Yakkasaroy,41.284863,69.224342,24.9,12.3,50.22,230.1,0.3278,89.7,74.0,3.28,1,0.374
2026-05-16,2026-05-11 17:17:10,S0906,Yakkasaroy,41.284863,69.224342,22.4,12.1,50.23,229.1,0.2059,87.3,65.5,3.02,0,0.024
2026-05-17,2026-05-11 17:17:10,S0906,Yakkasaroy,41.284863,69.224342,22.8,11.9,50.35,231.5,0.111,89.0,77.2,3.35,1,0.374
2026-05-18,2026-05-11 17:17:10,S0906,Yakkasaroy,41.284863,69.224342,19.1,13.6,50.25,234.2,0.2674,88.1,73.5,3.19,1,0.374
2026-05-12,2026-05-11 17:17:10,S0907,Yakkasaroy,41.301806,69.208722,42.1,6.9,49.9,220.2,0.3552,97.1,85.7,4.21,1,0.3821
2026-05-13,2026-05-11 17:17:10,S0907,Yakkasaroy,41.301806,69.208722,40.2,5.5,49.95,222.9,0.3335,93.2,85.2,4.66,1,0.3821
2026-05-14,2026-05-11 17:17:10,S0907,Yakkasaroy,41.301806,69.208722,45.1,8.0,49.91,223.1,0.3137,98.4,87.9,4.23,2,0.7321
2026-05-15,2026-05-11 17:17:10,S0907,Yakkasaroy,41.301806,69.208722,41.5,4.8,50.14,221.1,0.36,95.6,84.5,4.51,1,0.3821
2026-05-16,2026-05-11 17:17:10,S0907,Yakkasaroy,41.301806,69.208722,41.2,4.4,50.08,219.3,0.2253,91.3,89.6,4.31,1,0.3821
2026-05-17,2026-05-11 17:17:10,S0907,Yakkasaroy,41.301806,69.208722,40.6,3.5,50.05,217.4,0.2646,93.4,95.0,4.75,1,0.3821
2026-05-18,2026-05-11 17:17:10,S0907,Yakkasaroy,41.301806,69.208722,44.4,2.6,50.13,218.5,0.2108,94.3,92.2,4.61,1,0.3821
2026-05-12,2026-05-11 17:17:10,S0908,Yakkasaroy,41.282732,69.200099,21.9,17.0,50.31,228.5,0.8998,87.4,90.6,3.54,1,0.3687
2026-05-13,2026-05-11 17:17:10,S0908,Yakkasaroy,41.282732,69.200099,20.6,17.2,50.34,229.3,0.9266,90.0,89.1,3.56,0,0.0187
2026-05-14,2026-05-11 17:17:10,S0908,Yakkasaroy,41.282732,69.200099,19.1,15.7,50.31,231.9,0.9543,86.9,91.2,3.87,1,0.3687
2026-05-15,2026-05-11 17:17:10,S0908,Yakkasaroy,41.282732,69.200099,20.1,16.1,50.36,231.3,1.0855,88.3,91.2,3.69,1,0.3687
2026-05-16,2026-05-11 17:17:10,S0908,Yakkasaroy,41.282732,69.200099,21.7,16.6,50.31,237.6,0.896,88.9,85.2,3.98,1,0.3687
2026-05-17,2026-05-11 17:17:10,S0908,Yakkasaroy,41.282732,69.200099,17.9,18.9,50.31,234.4,0.9358,88.2,85.6,3.65,1,0.3687
2026-05-18,2026-05-11 17:17:10,S0908,Yakkasaroy,41.282732,69.200099,20.6,18.2,50.24,235.0,1.0211,88.9,89.7,4.02,1,0.3687
2026-05-12,2026-05-11 17:17:10,S0909,Yakkasaroy,41.273484,69.200202,28.9,5.0,50.03,216.0,0.4107,83.3,67.4,4.17,1,0.3859
2026-05-13,2026-05-11 17:17:10,S0909,Yakkasaroy,41.273484,69.200202,26.7,4.7,49.84,216.0,0.5,82.4,72.8,3.51,1,0.3859
2026-05-14,2026-05-11 17:17:10,S0909,Yakkasaroy,41.273484,69.200202,25.4,6.7,49.92,220.2,0.472,83.1,71.7,3.28,1,0.3859
2026-05-15,2026-05-11 17:17:10,S0909,Yakkasaroy,41.273484,69.200202,20.4,6.1,49.85,220.7,0.4613,80.7,61.6,3.56,1,0.3859
2026-05-16,2026-05-11 17:17:10,S0909,Yakkasaroy,41.273484,69.200202,22.8,4.9,49.96,222.3,0.4414,78.4,72.0,3.54,1,0.3859
2026-05-17,2026-05-11 17:17:10,S0909,Yakkasaroy,41.273484,69.200202,18.4,7.4,49.95,220.9,0.584,78.2,64.0,4.03,1,0.3859
2026-05-18,2026-05-11 17:17:10,S0909,Yakkasaroy,41.273484,69.200202,18.0,4.7,50.01,220.3,0.5855,79.9,74.6,3.85,1,0.3859
2026-05-12,2026-05-11 17:17:10,S0910,Yakkasaroy,41.272468,69.244114,33.8,1.9,50.56,223.6,0.6591,84.3,80.7,3.09,1,0.3771
2026-05-13,2026-05-11 17:17:10,S0910,Yakkasaroy,41.272468,69.244114,37.1,0.5,50.68,222.3,0.8322,90.0,78.5,3.27,1,0.3771
2026-05-14,2026-05-11 17:17:10,S0910,Yakkasaroy,41.272468,69.244114,34.7,2.4,50.53,219.5,0.7661,88.9,83.9,3.27,1,0.3771
2026-05-15,2026-05-11 17:17:10,S0910,Yakkasaroy,41.272468,69.244114,35.5,2.2,50.58,225.2,0.6921,89.7,83.5,2.99,1,0.3771
2026-05-16,2026-05-11 17:17:10,S0910,Yakkasaroy,41.272468,69.244114,31.1,2.2,50.5,224.2,0.7522,91.7,74.3,3.27,0,0.0271
2026-05-17,2026-05-11 17:17:10,S0910,Yakkasaroy,41.272468,69.244114,33.7,1.9,50.58,224.2,0.7651,89.8,90.9,3.16,1,0.3771
2026-05-18,2026-05-11 17:17:10,S0910,Yakkasaroy,41.272468,69.244114,36.8,2.1,50.51,224.6,0.7835,90.6,84.1,3.1,1,0.3771
2026-05-12,2026-05-11 17:17:10,S0911,Yakkasaroy,41.30302,69.243732,37.7,7.2,49.99,220.0,0.3534,91.2,48.3,3.02,0,0.0218
2026-05-13,2026-05-11 17:17:10,S0911,Yakkasaroy,41.30302,69.243732,36.9,10.2,50.21,217.7,0.383,93.7,57.9,2.99,0,0.0218
2026-05-14,2026-05-11 17:17:10,S0911,Yakkasaroy,41.30302,69.243732,32.7,9.2,50.26,218.5,0.2531,92.0,65.5,3.15,0,0.0218
2026-05-15,2026-05-11 17:17:10,S0911,Yakkasaroy,41.30302,69.243732,35.4,9.5,50.11,219.1,0.3887,90.6,58.3,3.66,0,0.0218
2026-05-16,2026-05-11 17:17:10,S0911,Yakkasaroy,41.30302,69.243732,33.8,8.7,50.1,216.9,0.2477,92.8,48.2,3.26,0,0.0218
2026-05-17,2026-05-11 17:17:10,S0911,Yakkasaroy,41.30302,69.243732,32.1,10.4,50.32,217.1,0.4443,94.4,52.9,3.65,0,0.0218
2026-05-18,2026-05-11 17:17:10,S0911,Yakkasaroy,41.30302,69.243732,38.0,10.7,50.24,217.1,0.3107,94.2,50.0,3.55,0,0.0218
2026-05-12,2026-05-11 17:17:10,S0912,Yakkasaroy,41.299089,69.221188,31.1,9.3,49.3,229.5,0.01,88.4,53.4,3.34,1,0.3745
2026-05-13,2026-05-11 17:17:10,S0912,Yakkasaroy,41.299089,69.221188,30.9,8.6,49.35,230.0,0.1476,83.5,52.3,3.95,1,0.3745
2026-05-14,2026-05-11 17:17:10,S0912,Yakkasaroy,41.299089,69.221188,32.9,7.5,49.23,231.6,0.0513,84.4,57.6,4.09,1,0.3745
2026-05-15,2026-05-11 17:17:10,S0912,Yakkasaroy,41.299089,69.221188,27.8,7.3,49.25,228.1,0.0747,84.4,46.5,3.71,1,0.3745
2026-05-16,2026-05-11 17:17:10,S0912,Yakkasaroy,41.299089,69.221188,26.4,9.8,48.97,233.6,0.01,81.9,50.6,3.92,2,0.7245
2026-05-17,2026-05-11 17:17:10,S0912,Yakkasaroy,41.299089,69.221188,30.3,7.6,49.0,233.4,0.0243,83.5,53.8,3.72,1,0.3745
2026-05-18,2026-05-11 17:17:10,S0912,Yakkasaroy,41.299089,69.221188,24.5,7.2,48.98,231.6,0.01,82.1,47.1,3.59,2,0.7245
2026-05-12,2026-05-11 17:17:10,S0913,Yakkasaroy,41.302211,69.206725,37.3,7.9,50.67,231.0,0.6001,89.0,66.4,3.44,1,0.3788
2026-05-13,2026-05-11 17:17:10,S0913,Yakkasaroy,41.302211,69.206725,34.3,10.2,50.31,229.4,0.5916,84.8,71.3,2.88,1,0.3788
2026-05-14,2026-05-11 17:17:10,S0913,Yakkasaroy,41.302211,69.206725,37.2,6.4,50.46,230.9,0.6088,85.4,70.1,3.2,1,0.3788
2026-05-15,2026-05-11 17:17:10,S0913,Yakkasaroy,41.302211,69.206725,41.5,6.4,50.49,225.5,0.539,87.6,70.2,3.1,1,0.3788
2026-05-16,2026-05-11 17:17:10,S0913,Yakkasaroy,41.302211,69.206725,37.8,5.1,50.4,233.3,0.6288,87.8,75.6,3.05,1,0.3788
2026-05-17,2026-05-11 17:17:10,S0913,Yakkasaroy,41.302211,69.206725,42.4,5.8,50.4,228.4,0.6316,87.7,70.4,3.25,1,0.3788
2026-05-18,2026-05-11 17:17:10,S0913,Yakkasaroy,41.302211,69.206725,40.0,4.8,50.35,234.7,0.5091,90.3,71.1,2.83,1,0.3788
2026-05-12,2026-05-11 17:17:10,S0914,Yakkasaroy,41.275633,69.231314,34.4,5.0,49.96,221.5,0.3241,81.4,49.7,3.97,1,0.3752
2026-05-13,2026-05-11 17:17:10,S0914,Yakkasaroy,41.275633,69.231314,31.4,4.6,49.95,227.5,0.2727,78.8,53.7,3.56,1,0.3752
2026-05-14,2026-05-11 17:17:10,S0914,Yakkasaroy,41.275633,69.231314,32.5,5.4,49.97,220.5,0.3563,76.9,51.3,3.43,1,0.3752
2026-05-15,2026-05-11 17:17:10,S0914,Yakkasaroy,41.275633,69.231314,31.6,2.3,49.83,224.4,0.3695,74.7,56.2,3.77,2,0.7252
2026-05-16,2026-05-11 17:17:10,S0914,Yakkasaroy,41.275633,69.231314,34.2,0.0,50.05,221.0,0.4011,80.0,46.7,4.27,1,0.3752
2026-05-17,2026-05-11 17:17:10,S0914,Yakkasaroy,41.275633,69.231314,33.6,0.0,49.83,216.7,0.3825,78.4,56.3,3.73,1,0.3752
2026-05-18,2026-05-11 17:17:10,S0914,Yakkasaroy,41.275633,69.231314,30.9,1.3,49.93,220.1,0.5064,73.8,54.2,4.21,2,0.7252
2026-05-12,2026-05-11 17:17:10,S0915,Yakkasaroy,41.301898,69.211276,46.4,6.3,49.74,218.8,0.5148,82.6,93.2,2.89,2,0.7352
2026-05-13,2026-05-11 17:17:10,S0915,Yakkasaroy,41.301898,69.211276,46.6,8.4,49.77,220.8,0.6775,83.5,95.0,3.24,2,0.7352
2026-05-14,2026-05-11 17:17:10,S0915,Yakkasaroy,41.301898,69.211276,48.5,8.3,49.85,216.9,0.5452,81.9,95.0,2.8,2,0.7352
2026-05-15,2026-05-11 17:17:10,S0915,Yakkasaroy,41.301898,69.211276,47.9,8.5,49.87,226.0,0.5982,80.1,95.0,3.0,2,0.7352
2026-05-16,2026-05-11 17:17:10,S0915,Yakkasaroy,41.301898,69.211276,49.0,9.5,49.85,221.2,0.6404,79.5,88.6,3.18,2,0.7352
2026-05-17,2026-05-11 17:17:10,S0915,Yakkasaroy,41.301898,69.211276,52.2,8.0,49.86,218.7,0.717,78.1,95.0,2.84,2,0.7352
2026-05-18,2026-05-11 17:17:10,S0915,Yakkasaroy,41.301898,69.211276,52.4,10.2,49.9,220.0,0.633,77.5,95.0,3.17,2,0.7352
2026-05-12,2026-05-11 17:17:10,S0916,Yakkasaroy,41.294711,69.202337,32.3,1.8,50.29,223.9,1.315,93.5,74.6,3.08,1,0.376
2026-05-13,2026-05-11 17:17:10,S0916,Yakkasaroy,41.294711,69.202337,30.1,1.3,50.25,222.2,1.2541,93.3,78.9,2.88,1,0.376
2026-05-14,2026-05-11 17:17:10,S0916,Yakkasaroy,41.294711,69.202337,29.5,1.0,50.37,222.0,1.1414,91.8,74.2,3.19,1,0.376
2026-05-15,2026-05-11 17:17:10,S0916,Yakkasaroy,41.294711,69.202337,29.1,2.4,50.27,220.4,1.1881,96.3,59.7,3.08,1,0.376
2026-05-16,2026-05-11 17:17:10,S0916,Yakkasaroy,41.294711,69.202337,29.9,3.1,50.38,222.8,1.2597,96.0,59.9,2.99,1,0.376
2026-05-17,2026-05-11 17:17:10,S0916,Yakkasaroy,41.294711,69.202337,27.1,0.0,50.21,219.8,1.1795,91.6,62.6,3.25,1,0.376
2026-05-18,2026-05-11 17:17:10,S0916,Yakkasaroy,41.294711,69.202337,25.6,0.3,50.26,222.8,1.1926,92.0,60.9,3.16,1,0.376
2026-05-12,2026-05-11 17:17:10,S0917,Yakkasaroy,41.299593,69.22495,40.6,7.0,49.52,221.3,0.5112,90.8,53.6,2.44,1,0.376
2026-05-13,2026-05-11 17:17:10,S0917,Yakkasaroy,41.299593,69.22495,40.9,6.7,49.48,221.2,0.5781,95.6,57.2,2.43,1,0.376
2026-05-14,2026-05-11 17:17:10,S0917,Yakkasaroy,41.299593,69.22495,39.5,7.6,49.38,221.0,0.6579,93.3,51.2,2.21,1,0.376
2026-05-15,2026-05-11 17:17:10,S0917,Yakkasaroy,41.299593,69.22495,39.9,11.1,49.43,222.8,0.6212,92.7,57.1,2.31,1,0.376
2026-05-16,2026-05-11 17:17:10,S0917,Yakkasaroy,41.299593,69.22495,39.9,9.5,49.43,216.9,0.6192,94.6,56.0,2.42,1,0.376
2026-05-17,2026-05-11 17:17:10,S0917,Yakkasaroy,41.299593,69.22495,38.6,9.3,49.32,221.4,0.6175,93.8,59.5,2.07,1,0.376
2026-05-18,2026-05-11 17:17:10,S0917,Yakkasaroy,41.299593,69.22495,41.8,9.8,49.15,223.6,0.5974,93.6,61.6,2.21,1,0.376
2026-05-12,2026-05-11 17:17:10,S0918,Yakkasaroy,41.306478,69.203156,26.1,15.1,50.29,225.8,0.3956,92.6,67.2,4.14,0,0.0423
2026-05-13,2026-05-11 17:17:10,S0918,Yakkasaroy,41.306478,69.203156,27.3,17.3,50.16,229.7,0.3549,90.4,78.4,4.33,0,0.0423
2026-05-14,2026-05-11 17:17:10,S0918,Yakkasaroy,41.306478,69.203156,29.8,16.3,50.23,230.4,0.3012,89.3,78.3,4.73,1,0.3923
2026-05-15,2026-05-11 17:17:10,S0918,Yakkasaroy,41.306478,69.203156,27.9,16.2,50.13,222.0,0.4636,92.9,84.5,5.15,1,0.3923
2026-05-16,2026-05-11 17:17:10,S0918,Yakkasaroy,41.306478,69.203156,31.4,15.6,50.28,222.2,0.326,91.7,80.4,4.94,0,0.0423
2026-05-17,2026-05-11 17:17:10,S0918,Yakkasaroy,41.306478,69.203156,27.6,16.2,50.12,225.2,0.6172,92.9,85.3,4.86,0,0.0423
2026-05-18,2026-05-11 17:17:10,S0918,Yakkasaroy,41.306478,69.203156,29.4,18.0,50.1,227.5,0.4974,92.6,86.0,4.98,0,0.0423
2026-05-12,2026-05-11 17:17:10,S0919,Yakkasaroy,41.307085,69.222615,37.7,4.6,49.9,208.2,0.522,92.0,81.2,3.6,1,0.3923
2026-05-13,2026-05-11 17:17:10,S0919,Yakkasaroy,41.307085,69.222615,38.1,7.2,50.07,205.5,0.5202,91.5,76.1,4.12,1,0.3923
2026-05-14,2026-05-11 17:17:10,S0919,Yakkasaroy,41.307085,69.222615,39.6,8.5,49.98,202.7,0.5157,90.7,71.0,3.41,1,0.3923
2026-05-15,2026-05-11 17:17:10,S0919,Yakkasaroy,41.307085,69.222615,38.9,3.9,50.02,204.2,0.5876,91.3,72.5,3.71,1,0.3923
2026-05-16,2026-05-11 17:17:10,S0919,Yakkasaroy,41.307085,69.222615,40.5,8.4,49.95,202.8,0.6359,89.4,60.6,3.66,1,0.3923
2026-05-17,2026-05-11 17:17:10,S0919,Yakkasaroy,41.307085,69.222615,38.5,10.3,50.18,198.4,0.7479,92.0,75.1,4.01,2,0.7423
2026-05-18,2026-05-11 17:17:10,S0919,Yakkasaroy,41.307085,69.222615,41.4,9.6,49.94,198.4,0.5171,88.0,70.7,3.37,2,0.7423
2026-05-12,2026-05-11 17:17:10,S0920,Yakkasaroy,41.306931,69.217396,52.4,5.5,50.05,217.3,0.6146,84.5,25.0,1.81,2,0.7215
2026-05-13,2026-05-11 17:17:10,S0920,Yakkasaroy,41.306931,69.217396,51.8,8.5,50.04,214.6,0.5319,86.8,32.5,1.44,2,0.7215
2026-05-14,2026-05-11 17:17:10,S0920,Yakkasaroy,41.306931,69.217396,52.6,6.9,50.01,219.1,0.8197,86.2,45.2,1.65,2,0.7215
2026-05-15,2026-05-11 17:17:10,S0920,Yakkasaroy,41.306931,69.217396,52.4,8.1,49.85,219.7,0.5561,89.0,37.0,1.45,2,0.7215
2026-05-16,2026-05-11 17:17:10,S0920,Yakkasaroy,41.306931,69.217396,55.0,9.2,49.94,214.8,0.6621,88.6,36.9,1.05,2,0.7215
2026-05-17,2026-05-11 17:17:10,S0920,Yakkasaroy,41.306931,69.217396,55.0,8.8,49.73,216.9,0.7894,86.5,30.9,1.08,2,0.7215
2026-05-18,2026-05-11 17:17:10,S0920,Yakkasaroy,41.306931,69.217396,55.0,9.0,49.88,214.5,0.6292,93.3,40.2,0.5,2,0.7215
2026-05-12,2026-05-11 17:17:10,S0921,Yakkasaroy,41.292497,69.239571,35.7,6.5,49.87,232.1,0.5168,93.3,87.8,3.8,1,0.3861
2026-05-13,2026-05-11 17:17:10,S0921,Yakkasaroy,41.292497,69.239571,37.3,6.6,49.79,226.2,0.5773,92.7,83.0,3.85,0,0.0361
2026-05-14,2026-05-11 17:17:10,S0921,Yakkasaroy,41.292497,69.239571,36.1,6.7,49.91,225.3,0.6304,90.6,84.6,3.81,0,0.0361
2026-05-15,2026-05-11 17:17:10,S0921,Yakkasaroy,41.292497,69.239571,38.7,6.1,49.8,229.1,0.5771,90.9,88.8,3.29,0,0.0361
2026-05-16,2026-05-11 17:17:10,S0921,Yakkasaroy,41.292497,69.239571,37.5,4.9,49.85,228.8,0.5416,90.4,80.7,4.11,0,0.0361
2026-05-17,2026-05-11 17:17:10,S0921,Yakkasaroy,41.292497,69.239571,37.6,4.5,49.85,228.3,0.4857,90.2,84.8,4.46,0,0.0361
2026-05-18,2026-05-11 17:17:10,S0921,Yakkasaroy,41.292497,69.239571,40.2,2.7,49.53,225.2,0.682,89.7,88.4,3.79,1,0.3861
2026-05-12,2026-05-11 17:17:10,S0922,Yakkasaroy,41.270545,69.242992,31.3,8.2,50.03,208.9,0.4743,88.7,48.7,4.64,1,0.3855
2026-05-13,2026-05-11 17:17:10,S0922,Yakkasaroy,41.270545,69.242992,31.0,6.5,50.08,209.5,0.3902,87.4,49.1,4.67,1,0.3855
2026-05-14,2026-05-11 17:17:10,S0922,Yakkasaroy,41.270545,69.242992,26.7,7.5,50.22,211.6,0.4021,92.2,48.1,4.5,0,0.0355
2026-05-15,2026-05-11 17:17:10,S0922,Yakkasaroy,41.270545,69.242992,30.1,8.0,50.19,210.6,0.344,88.7,40.0,4.29,0,0.0355
2026-05-16,2026-05-11 17:17:10,S0922,Yakkasaroy,41.270545,69.242992,27.3,9.1,50.27,208.1,0.4038,90.2,45.2,4.79,1,0.3855
2026-05-17,2026-05-11 17:17:10,S0922,Yakkasaroy,41.270545,69.242992,27.1,7.3,50.1,214.6,0.4426,92.1,33.4,4.24,0,0.0355
2026-05-18,2026-05-11 17:17:10,S0922,Yakkasaroy,41.270545,69.242992,26.7,6.8,50.1,209.5,0.4392,95.0,34.6,3.96,1,0.3855
2026-05-12,2026-05-11 17:17:10,S0923,Yakkasaroy,41.301933,69.243899,27.1,9.0,49.59,223.1,0.4573,87.9,80.3,3.57,0,0.0366
2026-05-13,2026-05-11 17:17:10,S0923,Yakkasaroy,41.301933,69.243899,27.0,9.2,49.59,220.4,0.2333,84.1,92.8,3.74,1,0.3866
2026-05-14,2026-05-11 17:17:10,S0923,Yakkasaroy,41.301933,69.243899,27.0,8.6,49.66,222.2,0.362,87.4,95.0,3.8,1,0.3866
2026-05-15,2026-05-11 17:17:10,S0923,Yakkasaroy,41.301933,69.243899,30.1,9.8,49.56,221.0,0.282,85.1,95.0,3.59,1,0.3866
2026-05-16,2026-05-11 17:17:10,S0923,Yakkasaroy,41.301933,69.243899,29.0,9.3,49.61,223.3,0.3093,86.4,95.0,3.62,1,0.3866
2026-05-17,2026-05-11 17:17:10,S0923,Yakkasaroy,41.301933,69.243899,29.2,10.6,49.61,222.8,0.3091,85.4,95.0,3.72,1,0.3866
2026-05-18,2026-05-11 17:17:10,S0923,Yakkasaroy,41.301933,69.243899,32.2,9.1,49.6,221.2,0.3382,86.7,89.3,3.71,0,0.0366
2026-05-12,2026-05-11 17:17:10,S0924,Yakkasaroy,41.279213,69.202685,29.4,7.4,50.57,223.1,0.7809,100.0,57.0,4.11,1,0.3841
2026-05-13,2026-05-11 17:17:10,S0924,Yakkasaroy,41.279213,69.202685,29.5,9.0,50.63,222.2,0.7116,99.8,64.3,3.95,1,0.3841
2026-05-14,2026-05-11 17:17:10,S0924,Yakkasaroy,41.279213,69.202685,29.8,6.8,50.41,222.4,0.7586,100.0,60.6,3.97,0,0.0341
2026-05-15,2026-05-11 17:17:10,S0924,Yakkasaroy,41.279213,69.202685,32.9,7.2,50.42,228.6,0.617,97.8,55.2,4.46,0,0.0341
2026-05-16,2026-05-11 17:17:10,S0924,Yakkasaroy,41.279213,69.202685,30.8,5.8,50.51,225.3,0.5536,100.0,60.0,3.88,1,0.3841
2026-05-17,2026-05-11 17:17:10,S0924,Yakkasaroy,41.279213,69.202685,33.2,3.7,50.51,226.9,0.7184,100.0,61.3,3.48,1,0.3841
2026-05-18,2026-05-11 17:17:10,S0924,Yakkasaroy,41.279213,69.202685,31.6,2.2,50.44,225.3,0.6922,100.0,60.4,3.47,0,0.0341
2026-05-12,2026-05-11 17:17:10,S0925,Yakkasaroy,41.288786,69.223096,28.2,7.7,50.24,210.4,0.746,93.0,57.8,3.81,0,0.039
2026-05-13,2026-05-11 17:17:10,S0925,Yakkasaroy,41.288786,69.223096,33.1,8.5,50.17,205.8,0.8522,95.6,76.2,3.83,1,0.389
2026-05-14,2026-05-11 17:17:10,S0925,Yakkasaroy,41.288786,69.223096,33.0,10.1,50.29,210.8,0.7104,97.5,74.4,3.8,0,0.039
2026-05-15,2026-05-11 17:17:10,S0925,Yakkasaroy,41.288786,69.223096,28.5,10.1,50.19,208.4,0.6914,95.7,86.0,4.08,1,0.389
2026-05-16,2026-05-11 17:17:10,S0925,Yakkasaroy,41.288786,69.223096,27.2,10.8,50.18,205.5,0.6596,97.0,69.4,4.1,1,0.389
2026-05-17,2026-05-11 17:17:10,S0925,Yakkasaroy,41.288786,69.223096,29.9,8.9,50.38,201.7,0.7301,99.9,75.7,4.58,1,0.389
2026-05-18,2026-05-11 17:17:10,S0925,Yakkasaroy,41.288786,69.223096,29.9,7.2,50.36,201.9,0.7161,95.9,81.5,4.37,1,0.389
2026-05-12,2026-05-11 17:17:10,S0926,Yakkasaroy,41.291186,69.226803,24.6,2.6,50.15,227.1,0.3295,78.2,95.0,3.73,1,0.3797
2026-05-13,2026-05-11 17:17:10,S0926,Yakkasaroy,41.291186,69.226803,25.0,4.0,50.11,227.3,0.4166,83.3,95.0,3.89,1,0.3797
2026-05-14,2026-05-11 17:17:10,S0926,Yakkasaroy,41.291186,69.226803,23.9,3.3,50.3,228.7,0.2567,80.1,95.0,3.5,1,0.3797
2026-05-15,2026-05-11 17:17:10,S0926,Yakkasaroy,41.291186,69.226803,24.4,1.7,50.2,229.6,0.3924,81.3,95.0,4.06,1,0.3797
2026-05-16,2026-05-11 17:17:10,S0926,Yakkasaroy,41.291186,69.226803,25.7,0.2,50.18,226.8,0.2338,82.4,95.0,4.58,1,0.3797
2026-05-17,2026-05-11 17:17:10,S0926,Yakkasaroy,41.291186,69.226803,26.7,0.2,50.19,221.5,0.3699,80.2,95.0,4.07,1,0.3797
2026-05-18,2026-05-11 17:17:10,S0926,Yakkasaroy,41.291186,69.226803,24.8,0.0,50.09,219.4,0.3963,77.7,95.0,4.3,1,0.3797
2026-05-12,2026-05-11 17:17:10,S0927,Yakkasaroy,41.279732,69.227758,32.5,7.4,49.9,200.6,0.3319,80.1,51.8,2.5,1,0.3816
2026-05-13,2026-05-11 17:17:10,S0927,Yakkasaroy,41.279732,69.227758,32.7,8.4,49.86,197.8,0.2807,84.1,48.7,2.7,2,0.7316
2026-05-14,2026-05-11 17:17:10,S0927,Yakkasaroy,41.279732,69.227758,31.5,10.7,49.95,195.0,0.126,83.9,43.0,3.03,2,0.7316
2026-05-15,2026-05-11 17:17:10,S0927,Yakkasaroy,41.279732,69.227758,34.3,7.9,49.77,195.0,0.2623,80.2,46.7,2.46,2,0.7316
2026-05-16,2026-05-11 17:17:10,S0927,Yakkasaroy,41.279732,69.227758,34.1,8.7,49.9,200.8,0.1991,82.6,52.0,2.7,1,0.3816
2026-05-17,2026-05-11 17:17:10,S0927,Yakkasaroy,41.279732,69.227758,31.7,9.4,49.7,197.6,0.1193,87.8,42.3,2.7,2,0.7316
2026-05-18,2026-05-11 17:17:10,S0927,Yakkasaroy,41.279732,69.227758,30.4,9.3,49.77,195.7,0.385,86.7,36.4,2.62,2,0.7316
2026-05-12,2026-05-11 17:17:10,S0928,Yakkasaroy,41.279957,69.212328,26.9,9.5,50.45,224.7,0.6889,95.3,76.2,3.25,0,0.0339
2026-05-13,2026-05-11 17:17:10,S0928,Yakkasaroy,41.279957,69.212328,29.4,6.8,50.57,221.0,0.6767,91.5,82.2,2.97,1,0.3839
2026-05-14,2026-05-11 17:17:10,S0928,Yakkasaroy,41.279957,69.212328,28.9,5.6,50.61,225.7,1.0073,93.5,77.0,3.53,1,0.3839
2026-05-15,2026-05-11 17:17:10,S0928,Yakkasaroy,41.279957,69.212328,29.5,4.7,50.53,222.7,0.7393,92.9,78.5,3.17,1,0.3839
2026-05-16,2026-05-11 17:17:10,S0928,Yakkasaroy,41.279957,69.212328,26.8,4.4,50.63,220.9,0.9639,95.9,79.5,3.34,1,0.3839
2026-05-17,2026-05-11 17:17:10,S0928,Yakkasaroy,41.279957,69.212328,25.9,3.8,50.6,227.4,0.7553,98.9,84.6,3.4,1,0.3839
2026-05-18,2026-05-11 17:17:10,S0928,Yakkasaroy,41.279957,69.212328,23.4,2.7,50.49,228.6,0.9103,96.0,81.1,3.42,0,0.0339
2026-05-12,2026-05-11 17:17:10,S0929,Yakkasaroy,41.300653,69.200241,36.1,12.9,50.09,205.7,0.5906,87.6,89.1,2.3,1,0.3699
2026-05-13,2026-05-11 17:17:10,S0929,Yakkasaroy,41.300653,69.200241,33.9,11.2,50.04,204.0,0.4774,79.3,88.3,1.93,1,0.3699
2026-05-14,2026-05-11 17:17:10,S0929,Yakkasaroy,41.300653,69.200241,32.8,11.8,50.02,205.2,0.4693,81.3,87.0,2.01,1,0.3699
2026-05-15,2026-05-11 17:17:10,S0929,Yakkasaroy,41.300653,69.200241,33.7,9.8,50.09,203.5,0.4797,81.0,95.0,2.08,1,0.3699
2026-05-16,2026-05-11 17:17:10,S0929,Yakkasaroy,41.300653,69.200241,34.2,14.7,49.95,198.7,0.3216,80.9,95.0,1.78,2,0.7199
2026-05-17,2026-05-11 17:17:10,S0929,Yakkasaroy,41.300653,69.200241,33.3,11.1,49.85,203.9,0.4104,75.6,87.3,2.29,1,0.3699
2026-05-18,2026-05-11 17:17:10,S0929,Yakkasaroy,41.300653,69.200241,33.2,10.8,50.06,204.3,0.3958,74.1,94.6,1.91,2,0.7199
2026-05-12,2026-05-11 17:17:10,S0930,Yakkasaroy,41.273044,69.22998,23.8,10.3,50.35,213.4,0.9984,95.8,62.9,4.16,0,0.0281
2026-05-13,2026-05-11 17:17:10,S0930,Yakkasaroy,41.273044,69.22998,25.5,11.1,50.15,210.6,0.8167,93.8,61.8,3.85,0,0.0281
2026-05-14,2026-05-11 17:17:10,S0930,Yakkasaroy,41.273044,69.22998,27.0,10.9,50.36,210.2,0.944,97.5,58.7,4.06,0,0.0281
2026-05-15,2026-05-11 17:17:10,S0930,Yakkasaroy,41.273044,69.22998,24.9,13.1,50.28,211.6,0.9441,96.0,59.8,3.8,0,0.0281
2026-05-16,2026-05-11 17:17:10,S0930,Yakkasaroy,41.273044,69.22998,26.7,12.9,50.36,209.5,0.9722,93.3,65.5,4.13,1,0.3781
2026-05-17,2026-05-11 17:17:10,S0930,Yakkasaroy,41.273044,69.22998,25.9,14.7,50.22,211.7,0.9006,94.0,58.3,4.14,0,0.0281
2026-05-18,2026-05-11 17:17:10,S0930,Yakkasaroy,41.273044,69.22998,24.1,14.9,50.31,211.0,0.9346,92.0,55.5,4.24,0,0.0281
2026-05-12,2026-05-11 17:17:10,S0931,Yakkasaroy,41.272167,69.197254,38.0,9.5,50.08,224.5,0.4878,95.1,95.0,4.94,1,0.3845
2026-05-13,2026-05-11 17:17:10,S0931,Yakkasaroy,41.272167,69.197254,38.1,10.2,49.93,223.5,0.4849,96.0,81.5,4.74,0,0.0345
2026-05-14,2026-05-11 17:17:10,S0931,Yakkasaroy,41.272167,69.197254,40.7,8.5,50.09,225.3,0.4479,93.2,90.1,4.94,1,0.3845
2026-05-15,2026-05-11 17:17:10,S0931,Yakkasaroy,41.272167,69.197254,37.7,7.7,50.01,226.6,0.3821,94.3,95.0,5.35,1,0.3845
2026-05-16,2026-05-11 17:17:10,S0931,Yakkasaroy,41.272167,69.197254,39.7,6.1,50.14,228.3,0.3566,93.0,89.6,5.26,1,0.3845
2026-05-17,2026-05-11 17:17:10,S0931,Yakkasaroy,41.272167,69.197254,45.0,7.4,50.14,230.3,0.571,91.8,95.0,5.28,1,0.3845
2026-05-18,2026-05-11 17:17:10,S0931,Yakkasaroy,41.272167,69.197254,40.5,6.9,50.08,231.2,0.4631,91.5,95.0,5.49,1,0.3845
2026-05-12,2026-05-11 17:17:10,S0932,Yakkasaroy,41.303956,69.242526,24.7,6.9,50.04,206.8,0.2404,88.4,60.5,3.63,1,0.374
2026-05-13,2026-05-11 17:17:10,S0932,Yakkasaroy,41.303956,69.242526,25.9,10.2,50.17,205.8,0.1767,92.6,57.3,3.31,1,0.374
2026-05-14,2026-05-11 17:17:10,S0932,Yakkasaroy,41.303956,69.242526,28.7,7.4,50.09,204.2,0.2121,90.0,65.2,3.32,1,0.374
2026-05-15,2026-05-11 17:17:10,S0932,Yakkasaroy,41.303956,69.242526,27.3,7.0,50.1,203.5,0.1551,88.0,61.2,3.33,1,0.374
2026-05-16,2026-05-11 17:17:10,S0932,Yakkasaroy,41.303956,69.242526,26.6,7.6,50.23,203.2,0.0465,88.3,75.7,3.27,1,0.374
2026-05-17,2026-05-11 17:17:10,S0932,Yakkasaroy,41.303956,69.242526,26.4,7.0,50.17,200.2,0.0135,86.2,66.0,3.29,1,0.374
2026-05-18,2026-05-11 17:17:10,S0932,Yakkasaroy,41.303956,69.242526,26.4,8.5,50.34,198.4,0.0316,86.0,72.6,3.45,2,0.724
2026-05-12,2026-05-11 17:17:10,S0933,Yakkasaroy,41.286952,69.205631,31.5,11.7,49.4,202.3,0.5014,88.3,85.1,4.97,1,0.3742
2026-05-13,2026-05-11 17:17:10,S0933,Yakkasaroy,41.286952,69.205631,35.0,11.3,49.49,197.0,0.5354,89.4,89.7,5.16,2,0.7242
2026-05-14,2026-05-11 17:17:10,S0933,Yakkasaroy,41.286952,69.205631,33.5,10.5,49.52,202.7,0.581,92.0,81.3,5.28,1,0.3742
2026-05-15,2026-05-11 17:17:10,S0933,Yakkasaroy,41.286952,69.205631,31.9,11.3,49.54,202.1,0.6188,90.8,81.8,4.99,1,0.3742
2026-05-16,2026-05-11 17:17:10,S0933,Yakkasaroy,41.286952,69.205631,32.2,12.8,49.61,200.1,0.5693,86.8,89.4,5.56,2,0.7242
2026-05-17,2026-05-11 17:17:10,S0933,Yakkasaroy,41.286952,69.205631,32.4,12.9,49.61,202.4,0.6155,89.5,81.3,5.67,2,0.7242
2026-05-18,2026-05-11 17:17:10,S0933,Yakkasaroy,41.286952,69.205631,31.2,14.3,49.79,196.4,0.6689,90.3,85.6,5.54,2,0.7242
2026-05-12,2026-05-11 17:17:10,S0934,Yakkasaroy,41.271146,69.239989,43.0,8.1,49.76,236.0,0.1374,91.0,66.8,3.61,1,0.3838
2026-05-13,2026-05-11 17:17:10,S0934,Yakkasaroy,41.271146,69.239989,42.9,8.6,49.77,234.9,0.2705,91.4,73.7,3.4,1,0.3838
2026-05-14,2026-05-11 17:17:10,S0934,Yakkasaroy,41.271146,69.239989,39.2,9.9,49.63,231.2,0.238,90.0,71.2,3.34,1,0.3838
2026-05-15,2026-05-11 17:17:10,S0934,Yakkasaroy,41.271146,69.239989,44.4,10.2,49.58,235.3,0.1516,92.1,74.4,3.11,1,0.3838
2026-05-16,2026-05-11 17:17:10,S0934,Yakkasaroy,41.271146,69.239989,41.1,8.1,49.32,235.2,0.1761,92.6,84.9,3.2,1,0.3838
2026-05-17,2026-05-11 17:17:10,S0934,Yakkasaroy,41.271146,69.239989,41.6,9.0,49.46,233.3,0.1064,90.8,84.2,2.81,1,0.3838
2026-05-18,2026-05-11 17:17:10,S0934,Yakkasaroy,41.271146,69.239989,42.7,9.0,49.34,236.1,0.2661,90.9,82.7,3.13,1,0.3838
2026-05-12,2026-05-11 17:17:10,S0935,Yakkasaroy,41.28592,69.232952,35.8,9.9,50.39,213.5,0.4363,84.7,60.3,2.58,1,0.3724
2026-05-13,2026-05-11 17:17:10,S0935,Yakkasaroy,41.28592,69.232952,33.1,7.7,50.37,209.2,0.4794,85.1,61.9,2.89,1,0.3724
2026-05-14,2026-05-11 17:17:10,S0935,Yakkasaroy,41.28592,69.232952,39.5,8.1,50.33,211.0,0.579,87.8,65.9,2.9,0,0.0224
2026-05-15,2026-05-11 17:17:10,S0935,Yakkasaroy,41.28592,69.232952,33.6,6.5,50.28,211.4,0.5858,87.6,67.5,2.88,0,0.0224
2026-05-16,2026-05-11 17:17:10,S0935,Yakkasaroy,41.28592,69.232952,37.8,8.4,50.45,205.1,0.5245,89.9,73.6,2.89,1,0.3724
2026-05-17,2026-05-11 17:17:10,S0935,Yakkasaroy,41.28592,69.232952,37.9,7.7,50.27,207.5,0.5614,89.8,68.9,2.9,1,0.3724
2026-05-18,2026-05-11 17:17:10,S0935,Yakkasaroy,41.28592,69.232952,38.7,6.2,50.5,206.1,0.6811,89.8,69.7,2.75,1,0.3724
2026-05-12,2026-05-11 17:17:10,S0936,Yakkasaroy,41.306102,69.236964,29.2,17.3,50.19,232.9,0.2099,83.9,70.8,5.33,1,0.3869
2026-05-13,2026-05-11 17:17:10,S0936,Yakkasaroy,41.306102,69.236964,30.9,17.1,50.1,229.7,0.1993,83.6,82.0,5.2,1,0.3869
2026-05-14,2026-05-11 17:17:10,S0936,Yakkasaroy,41.306102,69.236964,25.7,16.3,50.21,231.0,0.01,87.4,76.3,5.65,2,0.7369
2026-05-15,2026-05-11 17:17:10,S0936,Yakkasaroy,41.306102,69.236964,30.3,15.1,50.1,233.9,0.0891,84.5,74.1,5.31,1,0.3869
2026-05-16,2026-05-11 17:17:10,S0936,Yakkasaroy,41.306102,69.236964,26.0,17.1,50.05,228.8,0.01,85.1,73.2,5.22,1,0.3869
2026-05-17,2026-05-11 17:17:10,S0936,Yakkasaroy,41.306102,69.236964,30.2,17.0,50.21,228.9,0.0942,83.3,67.5,5.13,1,0.3869
2026-05-18,2026-05-11 17:17:10,S0936,Yakkasaroy,41.306102,69.236964,30.9,18.3,50.13,226.9,0.01,84.8,74.2,4.98,1,0.3869
2026-05-12,2026-05-11 17:17:10,S0937,Yakkasaroy,41.29211,69.201923,37.0,10.9,50.27,215.2,0.4349,86.3,58.3,4.97,0,0.0345
2026-05-13,2026-05-11 17:17:10,S0937,Yakkasaroy,41.29211,69.201923,38.0,9.9,50.19,211.5,0.3913,86.2,53.5,5.17,1,0.3845
2026-05-14,2026-05-11 17:17:10,S0937,Yakkasaroy,41.29211,69.201923,40.3,11.1,50.0,215.5,0.4535,87.9,49.5,5.34,1,0.3845
2026-05-15,2026-05-11 17:17:10,S0937,Yakkasaroy,41.29211,69.201923,38.1,12.9,50.15,218.9,0.2913,89.4,52.7,5.58,2,0.7345
2026-05-16,2026-05-11 17:17:10,S0937,Yakkasaroy,41.29211,69.201923,39.8,12.5,50.04,214.9,0.1492,84.9,56.5,5.87,2,0.7345
2026-05-17,2026-05-11 17:17:10,S0937,Yakkasaroy,41.29211,69.201923,38.8,13.5,50.11,218.3,0.415,84.7,49.5,5.56,2,0.7345
2026-05-18,2026-05-11 17:17:10,S0937,Yakkasaroy,41.29211,69.201923,39.5,12.2,50.08,214.7,0.3172,84.6,43.4,6.2,2,0.7345
2026-05-12,2026-05-11 17:17:10,S0938,Yakkasaroy,41.294898,69.241263,31.4,9.7,49.6,219.7,0.6118,83.0,58.7,3.44,1,0.3841
2026-05-13,2026-05-11 17:17:10,S0938,Yakkasaroy,41.294898,69.241263,28.1,10.9,49.61,224.1,0.6615,85.7,50.4,3.52,0,0.0341
2026-05-14,2026-05-11 17:17:10,S0938,Yakkasaroy,41.294898,69.241263,32.0,11.0,49.51,230.2,0.5704,84.1,51.8,3.86,1,0.3841
2026-05-15,2026-05-11 17:17:10,S0938,Yakkasaroy,41.294898,69.241263,32.1,9.6,49.73,225.7,0.6135,83.8,49.9,3.71,1,0.3841
2026-05-16,2026-05-11 17:17:10,S0938,Yakkasaroy,41.294898,69.241263,30.1,11.9,49.53,230.1,0.4925,89.0,42.6,3.58,1,0.3841
2026-05-17,2026-05-11 17:17:10,S0938,Yakkasaroy,41.294898,69.241263,29.5,12.0,49.61,227.1,0.5377,86.6,42.9,3.65,0,0.0341
2026-05-18,2026-05-11 17:17:10,S0938,Yakkasaroy,41.294898,69.241263,29.8,13.1,49.52,228.5,0.578,84.4,46.9,3.8,1,0.3841
2026-05-12,2026-05-11 17:17:10,S0939,Yakkasaroy,41.308142,69.212901,44.9,9.5,50.02,215.5,0.5116,94.4,70.0,3.26,1,0.3727
2026-05-13,2026-05-11 17:17:10,S0939,Yakkasaroy,41.308142,69.212901,42.8,9.7,50.18,216.0,0.3492,94.7,73.9,2.77,1,0.3727
2026-05-14,2026-05-11 17:17:10,S0939,Yakkasaroy,41.308142,69.212901,40.9,9.4,50.08,218.2,0.4388,96.7,79.6,3.12,1,0.3727
2026-05-15,2026-05-11 17:17:10,S0939,Yakkasaroy,41.308142,69.212901,44.7,9.1,50.12,215.2,0.5136,100.0,86.8,3.1,1,0.3727
2026-05-16,2026-05-11 17:17:10,S0939,Yakkasaroy,41.308142,69.212901,47.2,8.5,50.3,214.2,0.6016,97.9,77.3,2.93,2,0.7227
2026-05-17,2026-05-11 17:17:10,S0939,Yakkasaroy,41.308142,69.212901,44.2,8.5,50.19,212.1,0.4984,95.7,73.9,3.18,1,0.3727
2026-05-18,2026-05-11 17:17:10,S0939,Yakkasaroy,41.308142,69.212901,45.2,9.0,50.29,203.9,0.5591,100.0,80.0,3.01,2,0.7227
2026-05-12,2026-05-11 17:17:10,S0940,Yakkasaroy,41.271754,69.243604,22.5,7.9,49.59,228.1,0.2252,94.7,81.2,4.93,0,0.0226
2026-05-13,2026-05-11 17:17:10,S0940,Yakkasaroy,41.271754,69.243604,18.9,5.6,49.3,227.3,0.1978,90.5,81.6,4.64,1,0.3726
2026-05-14,2026-05-11 17:17:10,S0940,Yakkasaroy,41.271754,69.243604,23.4,9.3,49.3,222.8,0.2879,89.5,78.8,4.83,1,0.3726
2026-05-15,2026-05-11 17:17:10,S0940,Yakkasaroy,41.271754,69.243604,23.4,5.1,49.23,225.5,0.3428,91.3,84.8,5.19,1,0.3726
2026-05-16,2026-05-11 17:17:10,S0940,Yakkasaroy,41.271754,69.243604,18.5,6.0,49.21,227.1,0.2968,94.3,88.1,4.68,1,0.3726
2026-05-17,2026-05-11 17:17:10,S0940,Yakkasaroy,41.271754,69.243604,21.3,7.5,49.03,228.4,0.3212,91.5,95.0,4.43,1,0.3726
2026-05-18,2026-05-11 17:17:10,S0940,Yakkasaroy,41.271754,69.243604,21.5,8.7,49.09,230.8,0.1736,89.1,89.4,4.44,1,0.3726
2026-05-12,2026-05-11 17:17:10,S0941,Yakkasaroy,41.294766,69.214581,32.0,11.7,49.23,220.3,0.7645,87.2,28.0,4.3,1,0.3846
2026-05-13,2026-05-11 17:17:10,S0941,Yakkasaroy,41.294766,69.214581,36.0,11.4,49.37,222.9,0.8423,85.0,27.9,4.16,1,0.3846
2026-05-14,2026-05-11 17:17:10,S0941,Yakkasaroy,41.294766,69.214581,32.1,13.7,49.17,224.5,0.9709,87.8,25.0,4.21,1,0.3846
2026-05-15,2026-05-11 17:17:10,S0941,Yakkasaroy,41.294766,69.214581,31.4,12.7,49.37,222.3,0.8222,86.7,27.4,4.13,1,0.3846
2026-05-16,2026-05-11 17:17:10,S0941,Yakkasaroy,41.294766,69.214581,31.2,12.6,49.57,223.4,0.8166,88.7,25.0,4.48,1,0.3846
2026-05-17,2026-05-11 17:17:10,S0941,Yakkasaroy,41.294766,69.214581,28.4,12.0,49.15,225.2,0.891,89.1,27.8,4.59,1,0.3846
2026-05-18,2026-05-11 17:17:10,S0941,Yakkasaroy,41.294766,69.214581,31.8,14.5,49.17,223.1,0.9415,88.1,29.4,4.23,1,0.3846
2026-05-12,2026-05-11 17:17:10,S0942,Yakkasaroy,41.30594,69.226039,46.6,12.7,49.84,220.3,0.3378,96.1,55.8,2.5,2,0.7224
2026-05-13,2026-05-11 17:17:10,S0942,Yakkasaroy,41.30594,69.226039,46.1,13.9,49.79,221.5,0.2374,96.3,47.9,2.23,2,0.7224
2026-05-14,2026-05-11 17:17:10,S0942,Yakkasaroy,41.30594,69.226039,46.5,14.0,49.94,223.3,0.1686,95.9,43.9,2.42,2,0.7224
2026-05-15,2026-05-11 17:17:10,S0942,Yakkasaroy,41.30594,69.226039,46.1,13.6,49.99,221.1,0.219,93.1,25.0,2.01,2,0.7224
2026-05-16,2026-05-11 17:17:10,S0942,Yakkasaroy,41.30594,69.226039,53.2,12.6,49.93,219.3,0.1099,94.7,32.3,1.92,2,0.7224
2026-05-17,2026-05-11 17:17:10,S0942,Yakkasaroy,41.30594,69.226039,50.0,13.2,49.9,222.7,0.01,93.5,25.0,1.82,2,0.7224
2026-05-18,2026-05-11 17:17:10,S0942,Yakkasaroy,41.30594,69.226039,52.5,16.9,50.01,217.8,0.0613,96.0,25.0,1.44,2,0.7224
2026-05-12,2026-05-11 17:17:10,S0943,Yakkasaroy,41.27881,69.239215,42.0,5.0,50.69,217.8,0.1637,85.7,47.7,2.25,1,0.387
2026-05-13,2026-05-11 17:17:10,S0943,Yakkasaroy,41.27881,69.239215,40.2,6.4,50.81,219.0,0.2958,81.4,39.4,1.92,1,0.387
2026-05-14,2026-05-11 17:17:10,S0943,Yakkasaroy,41.27881,69.239215,42.5,6.1,50.81,218.7,0.2154,80.3,44.2,1.79,1,0.387
2026-05-15,2026-05-11 17:17:10,S0943,Yakkasaroy,41.27881,69.239215,45.0,5.7,50.81,214.7,0.2151,81.8,38.9,2.15,1,0.387
2026-05-16,2026-05-11 17:17:10,S0943,Yakkasaroy,41.27881,69.239215,47.2,7.3,50.82,220.7,0.0667,82.8,38.5,2.18,2,0.737
2026-05-17,2026-05-11 17:17:10,S0943,Yakkasaroy,41.27881,69.239215,42.9,5.6,50.72,220.3,0.0637,81.6,45.0,2.26,1,0.387
2026-05-18,2026-05-11 17:17:10,S0943,Yakkasaroy,41.27881,69.239215,44.4,5.6,50.94,220.3,0.01,82.1,42.7,2.24,1,0.387
2026-05-12,2026-05-11 17:17:10,S0944,Yakkasaroy,41.283676,69.239625,14.5,13.3,50.2,230.0,0.5281,91.5,88.4,2.83,0,0.0271
2026-05-13,2026-05-11 17:17:10,S0944,Yakkasaroy,41.283676,69.239625,15.5,11.4,50.2,237.4,0.5325,93.6,88.5,3.45,1,0.3771
2026-05-14,2026-05-11 17:17:10,S0944,Yakkasaroy,41.283676,69.239625,17.0,14.2,49.93,235.7,0.4737,92.8,82.6,2.91,1,0.3771
2026-05-15,2026-05-11 17:17:10,S0944,Yakkasaroy,41.283676,69.239625,11.8,13.0,50.18,241.1,0.5365,95.1,85.5,2.88,2,0.7271
2026-05-16,2026-05-11 17:17:10,S0944,Yakkasaroy,41.283676,69.239625,17.7,13.4,50.0,234.6,0.546,91.6,95.0,2.51,1,0.3771
2026-05-17,2026-05-11 17:17:10,S0944,Yakkasaroy,41.283676,69.239625,10.7,14.6,50.15,240.0,0.5446,93.9,93.4,2.83,1,0.3771
2026-05-18,2026-05-11 17:17:10,S0944,Yakkasaroy,41.283676,69.239625,16.5,15.0,50.04,237.2,0.5024,93.1,95.0,2.62,1,0.3771
2026-05-12,2026-05-11 17:17:10,S0945,Yakkasaroy,41.274443,69.243004,30.6,6.8,49.97,226.0,0.5988,93.2,67.4,3.33,0,0.0383
2026-05-13,2026-05-11 17:17:10,S0945,Yakkasaroy,41.274443,69.243004,32.6,6.5,50.05,226.3,0.8379,87.4,66.2,3.53,0,0.0383
2026-05-14,2026-05-11 17:17:10,S0945,Yakkasaroy,41.274443,69.243004,32.6,7.6,49.97,221.5,0.6965,85.3,64.3,3.4,0,0.0383
2026-05-15,2026-05-11 17:17:10,S0945,Yakkasaroy,41.274443,69.243004,30.9,4.6,49.85,225.7,0.5739,91.6,65.6,2.93,0,0.0383
2026-05-16,2026-05-11 17:17:10,S0945,Yakkasaroy,41.274443,69.243004,32.9,7.1,49.87,225.3,0.6089,90.6,58.7,2.86,0,0.0383
2026-05-17,2026-05-11 17:17:10,S0945,Yakkasaroy,41.274443,69.243004,33.6,7.7,49.83,221.5,0.7716,88.6,63.4,3.15,0,0.0383
2026-05-18,2026-05-11 17:17:10,S0945,Yakkasaroy,41.274443,69.243004,31.4,8.2,49.72,222.7,0.6309,87.3,57.2,3.22,0,0.0383
2026-05-12,2026-05-11 17:17:10,S0946,Yakkasaroy,41.309105,69.224649,40.2,9.6,49.7,221.4,0.3634,94.1,82.3,4.06,1,0.3847
2026-05-13,2026-05-11 17:17:10,S0946,Yakkasaroy,41.309105,69.224649,41.7,9.1,49.65,221.2,0.4217,97.8,80.3,3.95,1,0.3847
2026-05-14,2026-05-11 17:17:10,S0946,Yakkasaroy,41.309105,69.224649,39.5,9.1,49.64,221.6,0.4653,95.4,85.4,4.19,0,0.0347
2026-05-15,2026-05-11 17:17:10,S0946,Yakkasaroy,41.309105,69.224649,39.4,10.0,49.68,224.4,0.3516,98.9,89.7,4.28,0,0.0347
2026-05-16,2026-05-11 17:17:10,S0946,Yakkasaroy,41.309105,69.224649,38.2,9.0,49.65,221.4,0.4119,95.8,84.1,4.15,0,0.0347
2026-05-17,2026-05-11 17:17:10,S0946,Yakkasaroy,41.309105,69.224649,41.6,9.9,49.8,221.0,0.4297,93.2,91.1,4.56,1,0.3847
2026-05-18,2026-05-11 17:17:10,S0946,Yakkasaroy,41.309105,69.224649,44.5,11.1,49.83,217.9,0.4497,94.2,95.0,4.32,1,0.3847
2026-05-12,2026-05-11 17:17:10,S0947,Yakkasaroy,41.2999,69.244196,38.2,5.5,49.97,219.0,0.289,92.6,73.8,1.9,0,0.0229
2026-05-13,2026-05-11 17:17:10,S0947,Yakkasaroy,41.2999,69.244196,36.6,3.3,49.69,221.3,0.2726,91.3,73.0,1.9,0,0.0229
2026-05-14,2026-05-11 17:17:10,S0947,Yakkasaroy,41.2999,69.244196,31.9,4.2,49.84,220.3,0.0967,91.7,64.3,2.08,0,0.0229
2026-05-15,2026-05-11 17:17:10,S0947,Yakkasaroy,41.2999,69.244196,34.9,2.5,49.82,223.9,0.1919,94.0,66.4,2.15,0,0.0229
2026-05-16,2026-05-11 17:17:10,S0947,Yakkasaroy,41.2999,69.244196,33.0,2.0,49.87,222.1,0.1227,94.6,61.3,1.95,0,0.0229
2026-05-17,2026-05-11 17:17:10,S0947,Yakkasaroy,41.2999,69.244196,35.1,4.5,49.95,222.4,0.2097,93.0,58.4,2.59,0,0.0229
2026-05-18,2026-05-11 17:17:10,S0947,Yakkasaroy,41.2999,69.244196,37.6,0.0,49.77,219.6,0.0843,97.3,55.8,2.01,0,0.0229
2026-05-12,2026-05-11 17:17:10,S0948,Yakkasaroy,41.271894,69.195724,34.0,5.9,49.77,198.8,0.8521,82.7,63.3,3.66,2,0.7353
2026-05-13,2026-05-11 17:17:10,S0948,Yakkasaroy,41.271894,69.195724,37.3,6.7,49.73,195.9,0.8414,84.1,66.7,3.65,2,0.7353
2026-05-14,2026-05-11 17:17:10,S0948,Yakkasaroy,41.271894,69.195724,37.0,8.1,49.8,196.1,0.8329,80.4,65.8,4.03,2,0.7353
2026-05-15,2026-05-11 17:17:10,S0948,Yakkasaroy,41.271894,69.195724,34.1,5.7,49.63,198.0,0.9809,78.8,75.8,4.05,2,0.7353
2026-05-16,2026-05-11 17:17:10,S0948,Yakkasaroy,41.271894,69.195724,33.8,7.3,49.52,195.0,0.9857,80.7,73.2,3.95,2,0.7353
2026-05-17,2026-05-11 17:17:10,S0948,Yakkasaroy,41.271894,69.195724,31.6,8.5,49.71,195.0,0.9381,84.4,72.5,3.71,2,0.7353
2026-05-18,2026-05-11 17:17:10,S0948,Yakkasaroy,41.271894,69.195724,33.7,6.3,49.6,195.0,0.9452,80.5,66.9,3.95,2,0.7353
2026-05-12,2026-05-11 17:17:10,S0949,Yakkasaroy,41.281902,69.19543,39.7,2.3,49.8,214.0,0.7138,86.6,58.6,3.44,0,0.0191
2026-05-13,2026-05-11 17:17:10,S0949,Yakkasaroy,41.281902,69.19543,36.7,2.8,49.81,215.1,0.7037,88.4,48.7,2.97,0,0.0191
2026-05-14,2026-05-11 17:17:10,S0949,Yakkasaroy,41.281902,69.19543,35.8,2.7,49.85,210.6,0.7134,86.5,47.4,3.0,0,0.0191
2026-05-15,2026-05-11 17:17:10,S0949,Yakkasaroy,41.281902,69.19543,34.9,1.3,49.91,215.9,0.8972,82.5,50.6,2.64,1,0.3691
2026-05-16,2026-05-11 17:17:10,S0949,Yakkasaroy,41.281902,69.19543,38.8,4.0,49.91,213.0,0.752,85.0,41.1,2.68,0,0.0191
2026-05-17,2026-05-11 17:17:10,S0949,Yakkasaroy,41.281902,69.19543,40.3,2.5,49.92,213.7,0.8581,79.0,37.3,2.38,1,0.3691
2026-05-18,2026-05-11 17:17:10,S0949,Yakkasaroy,41.281902,69.19543,37.3,4.5,49.96,217.5,0.7948,84.6,34.3,3.05,1,0.3691
2026-05-12,2026-05-11 17:17:10,S0950,Yakkasaroy,41.306108,69.210542,36.8,10.4,50.45,230.5,0.3934,92.4,58.8,3.55,1,0.3875
2026-05-13,2026-05-11 17:17:10,S0950,Yakkasaroy,41.306108,69.210542,41.9,10.2,50.59,227.3,0.3371,94.7,50.0,3.47,1,0.3875
2026-05-14,2026-05-11 17:17:10,S0950,Yakkasaroy,41.306108,69.210542,40.1,9.7,50.48,233.9,0.4161,93.9,53.4,3.14,1,0.3875
2026-05-15,2026-05-11 17:17:10,S0950,Yakkasaroy,41.306108,69.210542,40.7,11.6,50.59,230.0,0.3885,95.9,55.6,3.47,1,0.3875
2026-05-16,2026-05-11 17:17:10,S0950,Yakkasaroy,41.306108,69.210542,42.1,10.4,50.53,229.0,0.4358,100.0,54.4,3.61,1,0.3875
2026-05-17,2026-05-11 17:17:10,S0950,Yakkasaroy,41.306108,69.210542,41.4,10.2,50.43,233.9,0.2568,98.2,43.6,3.54,1,0.3875
2026-05-18,2026-05-11 17:17:10,S0950,Yakkasaroy,41.306108,69.210542,44.8,12.2,50.51,227.8,0.2774,97.3,43.7,3.46,1,0.3875
2026-05-12,2026-05-11 17:17:10,S0951,Yakkasaroy,41.29579,69.201301,35.9,3.4,49.67,221.8,0.4226,92.2,53.4,3.69,0,0.0257
2026-05-13,2026-05-11 17:17:10,S0951,Yakkasaroy,41.29579,69.201301,37.0,4.5,49.66,220.5,0.2751,93.6,60.9,3.94,0,0.0257
2026-05-14,2026-05-11 17:17:10,S0951,Yakkasaroy,41.29579,69.201301,36.2,4.7,49.78,221.3,0.4243,92.8,50.2,3.56,0,0.0257
2026-05-15,2026-05-11 17:17:10,S0951,Yakkasaroy,41.29579,69.201301,35.8,1.0,49.59,213.8,0.2811,93.0,56.1,3.94,0,0.0257
2026-05-16,2026-05-11 17:17:10,S0951,Yakkasaroy,41.29579,69.201301,37.7,3.8,49.87,211.4,0.2907,91.8,48.5,3.89,0,0.0257
2026-05-17,2026-05-11 17:17:10,S0951,Yakkasaroy,41.29579,69.201301,37.9,3.2,49.83,214.4,0.2104,95.0,52.2,4.42,0,0.0257
2026-05-18,2026-05-11 17:17:10,S0951,Yakkasaroy,41.29579,69.201301,35.1,1.4,49.82,199.9,0.1253,89.2,54.8,3.88,2,0.7257
2026-05-12,2026-05-11 17:17:10,S0952,Yakkasaroy,41.284202,69.200833,16.2,14.0,49.91,219.7,1.0778,96.3,44.1,3.47,1,0.3791
2026-05-13,2026-05-11 17:17:10,S0952,Yakkasaroy,41.284202,69.200833,15.0,14.3,50.04,220.5,1.0275,93.3,47.7,3.34,1,0.3791
2026-05-14,2026-05-11 17:17:10,S0952,Yakkasaroy,41.284202,69.200833,14.7,13.1,49.96,222.4,1.1518,90.8,41.5,3.18,1,0.3791
2026-05-15,2026-05-11 17:17:10,S0952,Yakkasaroy,41.284202,69.200833,14.9,12.4,49.78,220.1,1.1847,90.7,51.6,2.52,1,0.3791
2026-05-16,2026-05-11 17:17:10,S0952,Yakkasaroy,41.284202,69.200833,13.7,13.8,49.98,220.7,1.1138,90.5,45.3,2.8,1,0.3791
2026-05-17,2026-05-11 17:17:10,S0952,Yakkasaroy,41.284202,69.200833,12.1,16.1,49.89,223.1,1.1952,89.8,45.0,3.45,1,0.3791
2026-05-18,2026-05-11 17:17:10,S0952,Yakkasaroy,41.284202,69.200833,9.3,14.1,49.74,222.1,1.1288,90.2,46.1,2.78,1,0.3791
2026-05-12,2026-05-11 17:17:10,S0953,Yakkasaroy,41.281969,69.24349,31.2,9.4,50.09,208.8,0.3357,93.7,39.4,3.38,1,0.3768
2026-05-13,2026-05-11 17:17:10,S0953,Yakkasaroy,41.281969,69.24349,35.6,9.6,50.16,206.7,0.5837,92.7,39.4,3.32,1,0.3768
2026-05-14,2026-05-11 17:17:10,S0953,Yakkasaroy,41.281969,69.24349,31.3,9.9,50.19,208.3,0.4412,93.2,44.7,2.89,1,0.3768
2026-05-15,2026-05-11 17:17:10,S0953,Yakkasaroy,41.281969,69.24349,34.4,10.8,50.32,206.8,0.6759,92.9,38.6,3.24,1,0.3768
2026-05-16,2026-05-11 17:17:10,S0953,Yakkasaroy,41.281969,69.24349,36.3,10.6,50.33,209.5,0.604,94.2,40.2,2.61,1,0.3768
2026-05-17,2026-05-11 17:17:10,S0953,Yakkasaroy,41.281969,69.24349,31.1,11.2,50.34,209.3,0.6425,96.1,33.1,2.71,1,0.3768
2026-05-18,2026-05-11 17:17:10,S0953,Yakkasaroy,41.281969,69.24349,32.1,11.3,50.37,203.2,0.72,93.3,37.6,2.41,1,0.3768
2026-05-12,2026-05-11 17:17:10,S0954,Yakkasaroy,41.297979,69.23257,38.0,2.8,49.72,212.1,0.6899,85.8,71.3,2.73,0,0.0327
2026-05-13,2026-05-11 17:17:10,S0954,Yakkasaroy,41.297979,69.23257,34.8,3.1,49.93,211.4,0.5268,88.9,68.4,2.19,0,0.0327
2026-05-14,2026-05-11 17:17:10,S0954,Yakkasaroy,41.297979,69.23257,38.8,6.1,49.97,210.4,0.4679,88.3,74.4,2.3,0,0.0327
2026-05-15,2026-05-11 17:17:10,S0954,Yakkasaroy,41.297979,69.23257,38.9,3.5,49.83,213.8,0.4369,91.5,69.3,2.07,0,0.0327
2026-05-16,2026-05-11 17:17:10,S0954,Yakkasaroy,41.297979,69.23257,38.0,5.3,49.91,215.3,0.5452,92.8,72.3,2.68,0,0.0327
2026-05-17,2026-05-11 17:17:10,S0954,Yakkasaroy,41.297979,69.23257,40.3,6.4,49.81,212.5,0.3764,90.7,72.2,2.29,1,0.3827
2026-05-18,2026-05-11 17:17:10,S0954,Yakkasaroy,41.297979,69.23257,35.3,6.8,49.91,212.5,0.5643,92.9,75.2,2.22,0,0.0327
2026-05-12,2026-05-11 17:17:10,S0955,Yakkasaroy,41.279645,69.228791,40.4,5.9,50.03,225.2,0.2621,86.6,66.5,2.61,1,0.3839
2026-05-13,2026-05-11 17:17:10,S0955,Yakkasaroy,41.279645,69.228791,44.8,6.6,50.09,218.0,0.1754,85.1,67.2,2.99,1,0.3839
2026-05-14,2026-05-11 17:17:10,S0955,Yakkasaroy,41.279645,69.228791,40.3,5.0,50.07,216.4,0.26,86.0,58.8,2.62,1,0.3839
2026-05-15,2026-05-11 17:17:10,S0955,Yakkasaroy,41.279645,69.228791,41.3,3.3,49.92,222.6,0.3514,85.7,65.4,2.75,1,0.3839
2026-05-16,2026-05-11 17:17:10,S0955,Yakkasaroy,41.279645,69.228791,40.8,4.9,49.97,221.2,0.2568,84.2,65.4,3.18,1,0.3839
2026-05-17,2026-05-11 17:17:10,S0955,Yakkasaroy,41.279645,69.228791,39.3,4.4,49.99,221.0,0.2147,85.9,79.2,2.95,0,0.0339
2026-05-18,2026-05-11 17:17:10,S0955,Yakkasaroy,41.279645,69.228791,41.2,5.6,50.08,219.0,0.1406,86.5,64.5,3.24,1,0.3839
2026-05-12,2026-05-11 17:17:10,S0956,Yakkasaroy,41.284385,69.218167,23.5,11.2,50.32,228.4,0.7577,90.6,70.0,2.68,0,0.024
2026-05-13,2026-05-11 17:17:10,S0956,Yakkasaroy,41.284385,69.218167,19.3,9.9,50.34,224.8,0.7047,82.6,57.2,2.37,1,0.374
2026-05-14,2026-05-11 17:17:10,S0956,Yakkasaroy,41.284385,69.218167,20.3,6.0,50.31,229.9,0.7601,85.8,59.9,2.25,0,0.024
2026-05-15,2026-05-11 17:17:10,S0956,Yakkasaroy,41.284385,69.218167,21.3,9.0,50.26,222.8,0.8681,85.8,54.4,2.51,0,0.024
2026-05-16,2026-05-11 17:17:10,S0956,Yakkasaroy,41.284385,69.218167,21.8,7.2,50.22,227.7,1.0179,85.7,52.7,2.17,1,0.374
2026-05-17,2026-05-11 17:17:10,S0956,Yakkasaroy,41.284385,69.218167,21.7,9.5,50.52,226.3,0.9107,81.6,56.4,1.18,1,0.374
2026-05-18,2026-05-11 17:17:10,S0956,Yakkasaroy,41.284385,69.218167,20.4,7.8,50.51,225.1,0.9942,82.9,55.4,1.97,1,0.374
2026-05-12,2026-05-11 17:17:10,S0957,Yakkasaroy,41.301008,69.211828,34.6,11.4,49.45,229.0,0.9993,89.4,70.2,4.58,1,0.3734
2026-05-13,2026-05-11 17:17:10,S0957,Yakkasaroy,41.301008,69.211828,34.0,13.6,49.41,226.7,0.8357,89.8,65.0,5.08,1,0.3734
2026-05-14,2026-05-11 17:17:10,S0957,Yakkasaroy,41.301008,69.211828,33.7,16.8,49.32,232.7,0.9359,84.6,67.7,5.07,1,0.3734
2026-05-15,2026-05-11 17:17:10,S0957,Yakkasaroy,41.301008,69.211828,35.5,14.7,49.25,238.3,0.9883,88.2,58.9,5.16,1,0.3734
2026-05-16,2026-05-11 17:17:10,S0957,Yakkasaroy,41.301008,69.211828,34.5,13.6,49.23,229.8,1.0082,87.4,70.2,5.56,2,0.7234
2026-05-17,2026-05-11 17:17:10,S0957,Yakkasaroy,41.301008,69.211828,33.4,13.0,49.35,236.3,0.9518,89.7,61.4,5.4,1,0.3734
2026-05-18,2026-05-11 17:17:10,S0957,Yakkasaroy,41.301008,69.211828,32.8,13.5,49.39,235.0,1.0809,88.9,68.3,5.14,1,0.3734
2026-05-12,2026-05-11 17:17:10,S0958,Yakkasaroy,41.288188,69.241689,39.5,6.8,49.98,224.2,0.5035,95.9,75.9,3.15,0,0.0361
2026-05-13,2026-05-11 17:17:10,S0958,Yakkasaroy,41.288188,69.241689,37.4,9.0,50.07,223.8,0.512,94.7,83.5,2.82,0,0.0361
2026-05-14,2026-05-11 17:17:10,S0958,Yakkasaroy,41.288188,69.241689,39.2,6.3,50.36,219.9,0.3836,100.0,78.8,2.75,0,0.0361
2026-05-15,2026-05-11 17:17:10,S0958,Yakkasaroy,41.288188,69.241689,37.4,7.1,50.22,226.2,0.3991,99.5,78.0,2.93,0,0.0361
2026-05-16,2026-05-11 17:17:10,S0958,Yakkasaroy,41.288188,69.241689,36.0,5.0,50.16,225.4,0.3328,100.0,81.3,2.43,0,0.0361
2026-05-17,2026-05-11 17:17:10,S0958,Yakkasaroy,41.288188,69.241689,32.5,5.4,50.2,225.2,0.5302,100.0,81.5,2.12,0,0.0361
2026-05-18,2026-05-11 17:17:10,S0958,Yakkasaroy,41.288188,69.241689,37.1,6.2,50.06,221.6,0.3463,100.0,85.9,1.96,0,0.0361
2026-05-12,2026-05-11 17:17:10,S0959,Yakkasaroy,41.305718,69.236577,32.6,16.8,49.93,224.8,0.9985,85.5,53.4,3.55,0,0.028
2026-05-13,2026-05-11 17:17:10,S0959,Yakkasaroy,41.305718,69.236577,31.4,19.4,50.01,223.4,1.0031,86.2,72.7,3.81,1,0.378
2026-05-14,2026-05-11 17:17:10,S0959,Yakkasaroy,41.305718,69.236577,33.1,17.3,49.84,223.0,1.0877,84.5,70.1,3.81,1,0.378
2026-05-15,2026-05-11 17:17:10,S0959,Yakkasaroy,41.305718,69.236577,31.9,15.8,49.96,229.1,1.0163,86.2,78.0,3.42,1,0.378
2026-05-16,2026-05-11 17:17:10,S0959,Yakkasaroy,41.305718,69.236577,31.4,17.6,50.04,226.2,0.9927,82.5,74.2,3.45,1,0.378
2026-05-17,2026-05-11 17:17:10,S0959,Yakkasaroy,41.305718,69.236577,29.9,17.3,50.08,233.8,1.0306,82.8,85.2,3.5,1,0.378
2026-05-18,2026-05-11 17:17:10,S0959,Yakkasaroy,41.305718,69.236577,31.9,19.4,50.13,232.7,1.1355,83.3,87.2,3.34,1,0.378
2026-05-12,2026-05-11 17:17:10,S0960,Yakkasaroy,41.271043,69.211893,30.1,6.9,49.91,218.5,0.7015,86.6,57.8,2.44,0,0.0319
2026-05-13,2026-05-11 17:17:10,S0960,Yakkasaroy,41.271043,69.211893,31.7,5.1,50.03,219.5,0.6076,84.4,54.8,2.8,1,0.3819
2026-05-14,2026-05-11 17:17:10,S0960,Yakkasaroy,41.271043,69.211893,27.8,8.0,50.03,217.3,0.5547,83.6,51.0,3.0,1,0.3819
2026-05-15,2026-05-11 17:17:10,S0960,Yakkasaroy,41.271043,69.211893,26.4,8.1,50.0,221.2,0.6635,83.5,53.4,2.8,1,0.3819
2026-05-16,2026-05-11 17:17:10,S0960,Yakkasaroy,41.271043,69.211893,29.6,5.6,49.98,218.9,0.6269,84.9,53.7,2.58,1,0.3819
2026-05-17,2026-05-11 17:17:10,S0960,Yakkasaroy,41.271043,69.211893,26.1,6.4,50.16,216.1,0.5474,79.9,52.2,2.33,1,0.3819
2026-05-18,2026-05-11 17:17:10,S0960,Yakkasaroy,41.271043,69.211893,26.4,5.0,50.08,215.6,0.4614,80.7,60.1,2.49,1,0.3819
2026-05-12,2026-05-11 17:17:10,S0961,Yakkasaroy,41.303347,69.238702,27.8,6.8,50.15,226.0,0.4988,84.3,64.9,2.1,1,0.3875
2026-05-13,2026-05-11 17:17:10,S0961,Yakkasaroy,41.303347,69.238702,34.6,7.1,49.87,227.2,0.527,82.8,63.0,2.33,1,0.3875
2026-05-14,2026-05-11 17:17:10,S0961,Yakkasaroy,41.303347,69.238702,31.8,6.0,49.86,225.3,0.5435,83.0,62.6,2.37,1,0.3875
2026-05-15,2026-05-11 17:17:10,S0961,Yakkasaroy,41.303347,69.238702,39.0,5.8,49.98,227.6,0.5425,85.7,50.6,2.49,0,0.0375
2026-05-16,2026-05-11 17:17:10,S0961,Yakkasaroy,41.303347,69.238702,33.3,8.7,49.94,219.5,0.578,85.4,57.8,2.58,0,0.0375
2026-05-17,2026-05-11 17:17:10,S0961,Yakkasaroy,41.303347,69.238702,35.1,5.9,49.97,224.7,0.4512,82.5,53.5,2.34,1,0.3875
2026-05-18,2026-05-11 17:17:10,S0961,Yakkasaroy,41.303347,69.238702,28.3,6.5,49.91,222.6,0.4564,87.7,48.1,2.34,0,0.0375
2026-05-12,2026-05-11 17:17:10,S0962,Yakkasaroy,41.276838,69.237113,39.0,17.1,50.53,222.2,0.5563,93.3,85.5,1.07,1,0.3785
2026-05-13,2026-05-11 17:17:10,S0962,Yakkasaroy,41.276838,69.237113,39.5,14.5,50.67,218.8,0.5026,91.3,75.7,0.9,1,0.3785
2026-05-14,2026-05-11 17:17:10,S0962,Yakkasaroy,41.276838,69.237113,39.1,15.7,50.74,223.4,0.5713,92.2,83.3,1.06,1,0.3785
2026-05-15,2026-05-11 17:17:10,S0962,Yakkasaroy,41.276838,69.237113,40.0,14.5,50.63,223.7,0.6233,92.5,85.4,0.92,1,0.3785
2026-05-16,2026-05-11 17:17:10,S0962,Yakkasaroy,41.276838,69.237113,42.9,16.3,50.59,223.1,0.4588,95.4,83.6,0.98,1,0.3785
2026-05-17,2026-05-11 17:17:10,S0962,Yakkasaroy,41.276838,69.237113,44.3,14.6,50.65,217.6,0.4371,94.5,81.9,0.76,1,0.3785
2026-05-18,2026-05-11 17:17:10,S0962,Yakkasaroy,41.276838,69.237113,42.4,17.5,50.62,220.0,0.5577,92.1,88.9,0.5,1,0.3785
2026-05-12,2026-05-11 17:17:10,S0963,Yakkasaroy,41.284773,69.203562,32.3,8.7,50.83,224.3,0.5529,84.8,67.9,4.15,1,0.384
2026-05-13,2026-05-11 17:17:10,S0963,Yakkasaroy,41.284773,69.203562,33.2,3.6,51.01,224.1,0.7268,84.8,67.6,3.97,2,0.734
2026-05-14,2026-05-11 17:17:10,S0963,Yakkasaroy,41.284773,69.203562,26.4,6.1,50.79,225.2,0.7329,82.7,76.4,4.06,1,0.384
2026-05-15,2026-05-11 17:17:10,S0963,Yakkasaroy,41.284773,69.203562,30.2,4.2,50.91,220.2,0.7891,79.4,69.0,3.64,1,0.384
2026-05-16,2026-05-11 17:17:10,S0963,Yakkasaroy,41.284773,69.203562,28.9,6.9,50.91,219.3,0.7988,83.3,76.5,4.03,1,0.384
2026-05-17,2026-05-11 17:17:10,S0963,Yakkasaroy,41.284773,69.203562,29.1,8.4,51.03,221.4,0.8061,84.7,72.6,3.56,2,0.734
2026-05-18,2026-05-11 17:17:10,S0963,Yakkasaroy,41.284773,69.203562,27.8,4.0,50.98,221.3,0.8882,83.5,75.2,3.7,1,0.384
2026-05-12,2026-05-11 17:17:10,S0964,Yakkasaroy,41.296357,69.200372,47.0,12.6,50.25,217.4,0.3877,90.7,69.9,5.47,2,0.7406
2026-05-13,2026-05-11 17:17:10,S0964,Yakkasaroy,41.296357,69.200372,46.1,12.0,49.95,220.5,0.4115,91.7,59.9,5.47,2,0.7406
2026-05-14,2026-05-11 17:17:10,S0964,Yakkasaroy,41.296357,69.200372,48.6,11.2,50.31,223.0,0.1299,90.7,61.8,5.13,2,0.7406
2026-05-15,2026-05-11 17:17:10,S0964,Yakkasaroy,41.296357,69.200372,46.3,11.4,50.03,222.5,0.3618,90.5,70.3,5.32,2,0.7406
2026-05-16,2026-05-11 17:17:10,S0964,Yakkasaroy,41.296357,69.200372,49.7,11.2,50.07,222.7,0.3249,91.0,62.6,5.96,2,0.7406
2026-05-17,2026-05-11 17:17:10,S0964,Yakkasaroy,41.296357,69.200372,50.8,14.4,49.96,224.9,0.3029,90.6,66.5,5.43,2,0.7406
2026-05-18,2026-05-11 17:17:10,S0964,Yakkasaroy,41.296357,69.200372,50.7,12.0,50.06,221.7,0.0873,91.0,70.4,5.6,2,0.7406
2026-05-12,2026-05-11 17:17:10,S0965,Yakkasaroy,41.283148,69.199945,32.2,7.1,50.03,220.5,0.5763,85.8,60.2,2.85,0,0.0273
2026-05-13,2026-05-11 17:17:10,S0965,Yakkasaroy,41.283148,69.199945,31.7,6.6,50.21,221.2,0.4438,82.6,55.3,2.85,1,0.3773
2026-05-14,2026-05-11 17:17:10,S0965,Yakkasaroy,41.283148,69.199945,33.5,6.0,50.19,218.8,0.634,86.7,48.8,2.32,0,0.0273
2026-05-15,2026-05-11 17:17:10,S0965,Yakkasaroy,41.283148,69.199945,37.4,4.5,50.07,220.9,0.4389,85.6,52.1,2.31,0,0.0273
2026-05-16,2026-05-11 17:17:10,S0965,Yakkasaroy,41.283148,69.199945,38.1,5.0,50.08,221.4,0.6338,84.1,56.9,2.31,1,0.3773
2026-05-17,2026-05-11 17:17:10,S0965,Yakkasaroy,41.283148,69.199945,34.3,5.4,50.05,219.8,0.6317,83.8,51.1,1.88,1,0.3773
2026-05-18,2026-05-11 17:17:10,S0965,Yakkasaroy,41.283148,69.199945,38.2,1.9,50.11,222.3,0.6417,84.1,70.0,2.01,1,0.3773
2026-05-12,2026-05-11 17:17:10,S0966,Yakkasaroy,41.298173,69.197423,35.1,14.4,50.23,214.4,0.4228,92.5,79.6,4.41,0,0.0278
2026-05-13,2026-05-11 17:17:10,S0966,Yakkasaroy,41.298173,69.197423,31.5,13.1,50.13,214.5,0.4395,93.8,95.0,4.99,1,0.3778
2026-05-14,2026-05-11 17:17:10,S0966,Yakkasaroy,41.298173,69.197423,35.1,10.9,50.19,219.4,0.2959,91.3,95.0,4.92,1,0.3778
2026-05-15,2026-05-11 17:17:10,S0966,Yakkasaroy,41.298173,69.197423,33.6,14.3,50.1,216.8,0.2491,96.8,95.0,4.29,1,0.3778
2026-05-16,2026-05-11 17:17:10,S0966,Yakkasaroy,41.298173,69.197423,33.7,16.3,50.38,215.4,0.3864,94.4,95.0,4.85,1,0.3778
2026-05-17,2026-05-11 17:17:10,S0966,Yakkasaroy,41.298173,69.197423,29.6,14.7,50.07,215.2,0.3365,93.0,95.0,5.11,1,0.3778
2026-05-18,2026-05-11 17:17:10,S0966,Yakkasaroy,41.298173,69.197423,29.5,13.3,50.11,216.3,0.2418,94.9,95.0,5.15,1,0.3778
2026-05-12,2026-05-11 17:17:10,S0967,Yakkasaroy,41.301914,69.232752,38.1,10.5,49.84,221.3,0.01,88.1,40.2,5.13,1,0.3892
2026-05-13,2026-05-11 17:17:10,S0967,Yakkasaroy,41.301914,69.232752,38.9,11.3,49.83,221.5,0.0473,91.3,34.6,5.08,1,0.3892
2026-05-14,2026-05-11 17:17:10,S0967,Yakkasaroy,41.301914,69.232752,36.2,13.0,49.98,218.9,0.01,86.2,27.5,5.1,1,0.3892
2026-05-15,2026-05-11 17:17:10,S0967,Yakkasaroy,41.301914,69.232752,40.8,11.2,49.82,219.5,0.01,87.5,43.5,4.86,1,0.3892
2026-05-16,2026-05-11 17:17:10,S0967,Yakkasaroy,41.301914,69.232752,40.3,9.9,49.84,219.0,0.01,89.0,40.4,4.69,1,0.3892
2026-05-17,2026-05-11 17:17:10,S0967,Yakkasaroy,41.301914,69.232752,40.2,12.7,49.94,214.1,0.01,88.2,32.5,5.29,1,0.3892
2026-05-18,2026-05-11 17:17:10,S0967,Yakkasaroy,41.301914,69.232752,39.5,14.4,49.84,213.9,0.01,83.6,31.9,4.95,1,0.3892
2026-05-12,2026-05-11 17:17:10,S0968,Yakkasaroy,41.295004,69.205298,29.2,9.0,50.01,225.9,0.6207,99.6,50.9,4.56,0,0.0416
2026-05-13,2026-05-11 17:17:10,S0968,Yakkasaroy,41.295004,69.205298,26.9,8.4,50.06,225.3,0.8059,97.4,42.0,4.72,0,0.0416
2026-05-14,2026-05-11 17:17:10,S0968,Yakkasaroy,41.295004,69.205298,31.8,8.3,50.02,221.1,0.7814,95.2,51.8,4.51,0,0.0416
2026-05-15,2026-05-11 17:17:10,S0968,Yakkasaroy,41.295004,69.205298,32.8,9.6,49.87,223.1,0.8341,99.0,48.2,4.55,0,0.0416
2026-05-16,2026-05-11 17:17:10,S0968,Yakkasaroy,41.295004,69.205298,30.6,8.1,49.9,223.9,0.9401,94.5,38.5,5.22,1,0.3916
2026-05-17,2026-05-11 17:17:10,S0968,Yakkasaroy,41.295004,69.205298,32.1,9.8,50.01,219.5,0.8691,97.7,44.7,4.76,0,0.0416
2026-05-18,2026-05-11 17:17:10,S0968,Yakkasaroy,41.295004,69.205298,32.1,8.7,50.04,224.6,0.8991,100.0,41.2,5.17,1,0.3916
2026-05-12,2026-05-11 17:17:10,S0969,Yakkasaroy,41.290536,69.223141,34.8,16.0,49.52,224.3,0.5447,92.5,71.1,3.24,0,0.0176
2026-05-13,2026-05-11 17:17:10,S0969,Yakkasaroy,41.290536,69.223141,35.6,16.8,49.64,230.4,0.5638,87.6,63.8,3.63,1,0.3676
2026-05-14,2026-05-11 17:17:10,S0969,Yakkasaroy,41.290536,69.223141,38.4,17.3,49.58,233.1,0.5963,87.7,62.4,3.07,1,0.3676
2026-05-15,2026-05-11 17:17:10,S0969,Yakkasaroy,41.290536,69.223141,34.6,14.8,49.72,230.9,0.6291,91.2,66.1,3.08,1,0.3676
2026-05-16,2026-05-11 17:17:10,S0969,Yakkasaroy,41.290536,69.223141,38.8,15.8,49.68,231.9,0.5626,90.4,61.1,3.01,1,0.3676
2026-05-17,2026-05-11 17:17:10,S0969,Yakkasaroy,41.290536,69.223141,35.7,16.4,49.71,232.3,0.6591,86.6,70.0,3.0,1,0.3676
2026-05-18,2026-05-11 17:17:10,S0969,Yakkasaroy,41.290536,69.223141,34.9,15.6,50.05,235.7,0.3303,86.8,64.2,2.39,1,0.3676
2026-05-12,2026-05-11 17:17:10,S0970,Yakkasaroy,41.274965,69.233215,21.9,17.3,49.98,214.3,0.6221,79.3,35.8,3.7,1,0.3777
2026-05-13,2026-05-11 17:17:10,S0970,Yakkasaroy,41.274965,69.233215,16.4,14.9,50.08,209.8,0.6521,81.1,35.7,3.41,1,0.3777
2026-05-14,2026-05-11 17:17:10,S0970,Yakkasaroy,41.274965,69.233215,18.2,17.2,49.98,213.1,0.5877,82.8,35.2,3.37,1,0.3777
2026-05-15,2026-05-11 17:17:10,S0970,Yakkasaroy,41.274965,69.233215,12.8,19.5,50.04,218.3,0.7801,85.0,39.7,3.23,0,0.0277
2026-05-16,2026-05-11 17:17:10,S0970,Yakkasaroy,41.274965,69.233215,14.3,21.1,50.05,214.7,0.7396,83.4,28.3,3.27,1,0.3777
2026-05-17,2026-05-11 17:17:10,S0970,Yakkasaroy,41.274965,69.233215,12.7,20.3,50.1,214.3,0.8281,78.6,42.3,3.13,1,0.3777
2026-05-18,2026-05-11 17:17:10,S0970,Yakkasaroy,41.274965,69.233215,6.0,19.9,49.93,217.5,0.7925,85.1,36.8,3.31,0,0.0277
2026-05-12,2026-05-11 17:17:10,S0971,Yakkasaroy,41.306872,69.195034,25.6,6.7,49.51,214.4,0.3693,88.4,92.7,4.18,1,0.3814
2026-05-13,2026-05-11 17:17:10,S0971,Yakkasaroy,41.306872,69.195034,23.9,7.6,49.68,219.0,0.2564,89.0,90.7,4.42,1,0.3814
2026-05-14,2026-05-11 17:17:10,S0971,Yakkasaroy,41.306872,69.195034,26.6,4.8,49.67,209.5,0.338,89.8,89.1,3.82,1,0.3814
2026-05-15,2026-05-11 17:17:10,S0971,Yakkasaroy,41.306872,69.195034,24.6,5.9,49.52,212.7,0.3442,95.2,93.8,4.41,1,0.3814
2026-05-16,2026-05-11 17:17:10,S0971,Yakkasaroy,41.306872,69.195034,22.7,3.3,49.59,209.6,0.2207,93.7,95.0,4.22,1,0.3814
2026-05-17,2026-05-11 17:17:10,S0971,Yakkasaroy,41.306872,69.195034,27.3,7.0,49.47,208.4,0.1924,96.1,89.1,4.41,1,0.3814
2026-05-18,2026-05-11 17:17:10,S0971,Yakkasaroy,41.306872,69.195034,27.2,5.7,49.45,204.0,0.3368,93.8,95.0,4.27,1,0.3814
2026-05-12,2026-05-11 17:17:10,S0972,Yakkasaroy,41.274105,69.225758,27.9,10.7,50.03,223.8,0.3074,94.8,67.8,3.52,0,0.0318
2026-05-13,2026-05-11 17:17:10,S0972,Yakkasaroy,41.274105,69.225758,23.0,9.8,50.14,226.1,0.351,92.6,80.5,3.45,0,0.0318
2026-05-14,2026-05-11 17:17:10,S0972,Yakkasaroy,41.274105,69.225758,27.6,10.7,50.01,232.3,0.4023,91.7,79.0,3.25,1,0.3818
2026-05-15,2026-05-11 17:17:10,S0972,Yakkasaroy,41.274105,69.225758,26.2,11.1,50.18,231.7,0.2016,94.6,78.0,3.55,1,0.3818
2026-05-16,2026-05-11 17:17:10,S0972,Yakkasaroy,41.274105,69.225758,29.5,11.4,49.98,229.4,0.3604,92.6,80.6,2.97,0,0.0318
2026-05-17,2026-05-11 17:17:10,S0972,Yakkasaroy,41.274105,69.225758,26.8,12.0,49.95,229.3,0.4952,89.7,86.4,2.69,0,0.0318
2026-05-18,2026-05-11 17:17:10,S0972,Yakkasaroy,41.274105,69.225758,26.2,11.3,50.08,234.8,0.3478,91.2,82.0,2.78,1,0.3818
2026-05-12,2026-05-11 17:17:10,S0973,Yakkasaroy,41.282499,69.239067,40.2,7.1,50.29,244.6,0.4068,95.0,74.0,2.35,2,0.7331
2026-05-13,2026-05-11 17:17:10,S0973,Yakkasaroy,41.282499,69.239067,41.0,6.5,50.36,243.0,0.5087,96.0,76.6,3.14,2,0.7331
2026-05-14,2026-05-11 17:17:10,S0973,Yakkasaroy,41.282499,69.239067,34.5,7.0,50.52,235.4,0.5166,95.7,69.3,2.47,1,0.3831
2026-05-15,2026-05-11 17:17:10,S0973,Yakkasaroy,41.282499,69.239067,35.5,5.3,50.62,237.8,0.3123,94.2,70.0,1.93,1,0.3831
2026-05-16,2026-05-11 17:17:10,S0973,Yakkasaroy,41.282499,69.239067,34.7,6.3,50.67,245.0,0.4538,96.7,73.7,1.97,2,0.7331
2026-05-17,2026-05-11 17:17:10,S0973,Yakkasaroy,41.282499,69.239067,35.9,6.2,50.8,233.7,0.4272,92.7,73.1,2.3,1,0.3831
2026-05-18,2026-05-11 17:17:10,S0973,Yakkasaroy,41.282499,69.239067,38.3,6.1,50.64,244.3,0.4313,97.0,75.7,1.69,2,0.7331
2026-05-12,2026-05-11 17:17:10,S0974,Yakkasaroy,41.297326,69.237237,44.7,10.0,49.83,224.3,0.5255,84.4,54.6,3.96,1,0.3815
2026-05-13,2026-05-11 17:17:10,S0974,Yakkasaroy,41.297326,69.237237,43.7,9.2,49.81,223.6,0.6471,82.7,55.6,4.04,1,0.3815
2026-05-14,2026-05-11 17:17:10,S0974,Yakkasaroy,41.297326,69.237237,41.3,8.1,49.75,222.6,0.5708,84.7,55.7,4.29,1,0.3815
2026-05-15,2026-05-11 17:17:10,S0974,Yakkasaroy,41.297326,69.237237,41.6,8.1,49.85,219.7,0.5969,84.7,49.9,4.49,1,0.3815
2026-05-16,2026-05-11 17:17:10,S0974,Yakkasaroy,41.297326,69.237237,42.7,6.0,50.04,219.6,0.6899,85.0,45.8,4.43,1,0.3815
2026-05-17,2026-05-11 17:17:10,S0974,Yakkasaroy,41.297326,69.237237,44.1,10.0,50.08,218.8,0.5845,87.0,54.4,4.26,1,0.3815
2026-05-18,2026-05-11 17:17:10,S0974,Yakkasaroy,41.297326,69.237237,41.7,7.2,49.99,221.7,0.6549,84.9,49.5,4.58,1,0.3815
2026-05-12,2026-05-11 17:17:10,S0975,Yakkasaroy,41.307641,69.202905,30.0,7.6,50.36,218.7,0.4424,83.8,61.5,2.74,1,0.3755
2026-05-13,2026-05-11 17:17:10,S0975,Yakkasaroy,41.307641,69.202905,30.9,8.4,50.36,218.2,0.367,85.6,60.1,3.17,0,0.0255
2026-05-14,2026-05-11 17:17:10,S0975,Yakkasaroy,41.307641,69.202905,31.2,6.9,50.46,220.4,0.3587,81.9,58.1,3.48,1,0.3755
2026-05-15,2026-05-11 17:17:10,S0975,Yakkasaroy,41.307641,69.202905,31.9,7.7,50.44,220.5,0.3658,84.4,62.2,3.26,1,0.3755
2026-05-16,2026-05-11 17:17:10,S0975,Yakkasaroy,41.307641,69.202905,30.9,9.6,50.49,220.4,0.3344,86.4,56.4,2.64,0,0.0255
2026-05-17,2026-05-11 17:17:10,S0975,Yakkasaroy,41.307641,69.202905,34.7,6.7,50.27,222.2,0.4028,83.1,64.1,2.45,1,0.3755
2026-05-18,2026-05-11 17:17:10,S0975,Yakkasaroy,41.307641,69.202905,33.0,5.3,50.56,218.1,0.2862,85.8,58.5,2.76,1,0.3755
2026-05-12,2026-05-11 17:17:10,S0976,Yakkasaroy,41.274975,69.20686,30.7,7.3,49.77,216.9,0.7574,78.8,64.3,4.32,1,0.381
2026-05-13,2026-05-11 17:17:10,S0976,Yakkasaroy,41.274975,69.20686,28.8,5.9,49.87,210.5,0.6969,79.9,71.9,4.14,1,0.381
2026-05-14,2026-05-11 17:17:10,S0976,Yakkasaroy,41.274975,69.20686,29.2,6.8,49.56,212.0,0.704,78.8,63.5,4.29,1,0.381
2026-05-15,2026-05-11 17:17:10,S0976,Yakkasaroy,41.274975,69.20686,29.9,6.1,49.59,213.4,0.7397,79.3,69.5,4.41,1,0.381
2026-05-16,2026-05-11 17:17:10,S0976,Yakkasaroy,41.274975,69.20686,29.0,4.7,49.7,212.7,0.6414,76.5,75.4,4.24,1,0.381
2026-05-17,2026-05-11 17:17:10,S0976,Yakkasaroy,41.274975,69.20686,26.7,2.7,49.62,209.2,0.7392,76.0,67.8,4.29,1,0.381
2026-05-18,2026-05-11 17:17:10,S0976,Yakkasaroy,41.274975,69.20686,25.1,6.3,49.58,211.4,0.7073,79.4,75.6,4.7,1,0.381
2026-05-12,2026-05-11 17:17:10,S0977,Yakkasaroy,41.293376,69.227716,38.0,8.0,50.25,226.0,0.4011,84.8,61.3,3.15,1,0.3786
2026-05-13,2026-05-11 17:17:10,S0977,Yakkasaroy,41.293376,69.227716,39.1,7.9,49.93,225.7,0.4488,83.8,59.4,3.27,1,0.3786
2026-05-14,2026-05-11 17:17:10,S0977,Yakkasaroy,41.293376,69.227716,37.1,10.2,50.12,228.8,0.4702,87.8,67.2,2.18,0,0.0286
2026-05-15,2026-05-11 17:17:10,S0977,Yakkasaroy,41.293376,69.227716,38.0,8.9,50.38,225.6,0.3483,82.8,61.8,2.43,1,0.3786
2026-05-16,2026-05-11 17:17:10,S0977,Yakkasaroy,41.293376,69.227716,36.4,9.6,50.13,224.5,0.2386,89.4,66.7,2.22,0,0.0286
2026-05-17,2026-05-11 17:17:10,S0977,Yakkasaroy,41.293376,69.227716,41.0,9.3,50.11,227.0,0.2535,88.7,71.9,2.21,1,0.3786
2026-05-18,2026-05-11 17:17:10,S0977,Yakkasaroy,41.293376,69.227716,39.0,11.9,50.05,226.6,0.01,87.1,77.3,2.26,0,0.0286
2026-05-12,2026-05-11 17:17:10,S0978,Yakkasaroy,41.30423,69.221006,36.3,8.6,50.3,230.8,0.8455,90.7,82.6,4.11,1,0.3743
2026-05-13,2026-05-11 17:17:10,S0978,Yakkasaroy,41.30423,69.221006,35.3,11.8,50.27,228.6,1.0503,92.3,81.7,3.97,1,0.3743
2026-05-14,2026-05-11 17:17:10,S0978,Yakkasaroy,41.30423,69.221006,35.4,11.9,50.35,228.0,0.9656,91.1,82.0,4.07,0,0.0243
2026-05-15,2026-05-11 17:17:10,S0978,Yakkasaroy,41.30423,69.221006,33.5,13.7,50.27,222.9,0.888,89.7,74.8,4.14,0,0.0243
2026-05-16,2026-05-11 17:17:10,S0978,Yakkasaroy,41.30423,69.221006,36.9,14.4,50.42,221.2,1.121,90.0,72.5,4.25,1,0.3743
2026-05-17,2026-05-11 17:17:10,S0978,Yakkasaroy,41.30423,69.221006,36.5,16.2,50.57,216.8,1.0283,93.5,73.5,4.13,1,0.3743
2026-05-18,2026-05-11 17:17:10,S0978,Yakkasaroy,41.30423,69.221006,35.6,17.2,50.61,216.2,1.1694,94.4,72.2,4.34,1,0.3743
2026-05-12,2026-05-11 17:17:10,S0979,Yakkasaroy,41.293028,69.214595,47.1,7.0,49.69,226.3,0.6986,80.7,75.7,4.4,2,0.7349
2026-05-13,2026-05-11 17:17:10,S0979,Yakkasaroy,41.293028,69.214595,46.6,7.8,49.8,231.2,0.734,72.9,78.9,4.13,2,0.7349
2026-05-14,2026-05-11 17:17:10,S0979,Yakkasaroy,41.293028,69.214595,46.1,8.6,49.84,229.6,0.9034,74.3,74.6,4.53,2,0.7349
2026-05-15,2026-05-11 17:17:10,S0979,Yakkasaroy,41.293028,69.214595,49.8,7.7,49.68,230.7,0.8689,72.9,73.1,4.68,2,0.7349
2026-05-16,2026-05-11 17:17:10,S0979,Yakkasaroy,41.293028,69.214595,47.6,5.7,49.79,231.5,0.9038,72.7,67.3,4.99,2,0.7349
2026-05-17,2026-05-11 17:17:10,S0979,Yakkasaroy,41.293028,69.214595,50.5,6.7,49.64,229.9,0.9391,68.3,62.5,5.21,2,0.7349
2026-05-18,2026-05-11 17:17:10,S0979,Yakkasaroy,41.293028,69.214595,48.6,6.2,49.84,231.7,1.0019,68.7,69.6,5.06,2,0.7349
2026-05-12,2026-05-11 17:17:10,S0980,Yakkasaroy,41.278268,69.225182,37.3,9.7,50.1,224.7,0.5013,93.9,74.9,4.19,0,0.0213
2026-05-13,2026-05-11 17:17:10,S0980,Yakkasaroy,41.278268,69.225182,32.1,10.3,50.13,226.8,0.381,91.6,67.8,4.58,0,0.0213
2026-05-14,2026-05-11 17:17:10,S0980,Yakkasaroy,41.278268,69.225182,34.3,9.9,50.09,228.8,0.2716,90.0,69.0,4.2,0,0.0213
2026-05-15,2026-05-11 17:17:10,S0980,Yakkasaroy,41.278268,69.225182,31.3,8.2,50.18,228.5,0.3353,91.8,69.8,4.69,0,0.0213
2026-05-16,2026-05-11 17:17:10,S0980,Yakkasaroy,41.278268,69.225182,32.7,10.1,50.02,226.8,0.2136,89.0,69.4,4.8,0,0.0213
2026-05-17,2026-05-11 17:17:10,S0980,Yakkasaroy,41.278268,69.225182,31.7,10.0,49.95,229.3,0.4009,91.3,77.3,4.59,0,0.0213
2026-05-18,2026-05-11 17:17:10,S0980,Yakkasaroy,41.278268,69.225182,28.6,9.4,49.82,232.5,0.2436,89.9,71.6,4.59,1,0.3713
2026-05-12,2026-05-11 17:17:10,S0981,Yakkasaroy,41.273317,69.219689,27.5,6.3,50.73,229.3,0.871,98.9,80.3,3.48,1,0.3822
2026-05-13,2026-05-11 17:17:10,S0981,Yakkasaroy,41.273317,69.219689,30.0,5.4,50.65,228.5,0.8156,97.0,82.4,3.9,1,0.3822
2026-05-14,2026-05-11 17:17:10,S0981,Yakkasaroy,41.273317,69.219689,22.6,5.9,50.92,231.7,0.9232,100.0,87.7,3.38,1,0.3822
2026-05-15,2026-05-11 17:17:10,S0981,Yakkasaroy,41.273317,69.219689,26.5,4.5,50.73,231.0,0.7789,100.0,75.6,3.91,1,0.3822
2026-05-16,2026-05-11 17:17:10,S0981,Yakkasaroy,41.273317,69.219689,25.6,7.1,50.82,229.8,0.6506,100.0,89.5,3.28,1,0.3822
2026-05-17,2026-05-11 17:17:10,S0981,Yakkasaroy,41.273317,69.219689,22.4,5.9,50.93,232.0,0.7758,100.0,82.9,3.55,1,0.3822
2026-05-18,2026-05-11 17:17:10,S0981,Yakkasaroy,41.273317,69.219689,23.1,5.4,50.67,232.0,0.7038,100.0,76.8,4.01,1,0.3822
2026-05-12,2026-05-11 17:17:10,S0982,Yakkasaroy,41.284693,69.198219,27.7,13.3,50.79,225.4,0.01,91.3,65.1,2.94,1,0.3707
2026-05-13,2026-05-11 17:17:10,S0982,Yakkasaroy,41.284693,69.198219,27.0,13.6,50.44,225.7,0.1736,90.6,69.1,2.68,0,0.0207
2026-05-14,2026-05-11 17:17:10,S0982,Yakkasaroy,41.284693,69.198219,31.6,15.2,50.57,226.5,0.1882,88.6,55.9,2.89,1,0.3707
2026-05-15,2026-05-11 17:17:10,S0982,Yakkasaroy,41.284693,69.198219,30.2,13.4,50.39,226.4,0.3375,92.9,67.8,2.68,0,0.0207
2026-05-16,2026-05-11 17:17:10,S0982,Yakkasaroy,41.284693,69.198219,28.9,14.6,50.48,225.7,0.1079,93.2,66.2,2.38,0,0.0207
2026-05-17,2026-05-11 17:17:10,S0982,Yakkasaroy,41.284693,69.198219,29.7,11.9,50.65,226.3,0.2315,94.1,68.8,2.46,1,0.3707
2026-05-18,2026-05-11 17:17:10,S0982,Yakkasaroy,41.284693,69.198219,25.9,16.5,50.47,222.0,0.1424,93.6,67.2,2.39,0,0.0207
2026-05-12,2026-05-11 17:17:10,S0983,Yakkasaroy,41.270286,69.217865,33.1,11.9,50.85,220.9,0.3564,95.4,32.2,3.24,1,0.3784
2026-05-13,2026-05-11 17:17:10,S0983,Yakkasaroy,41.270286,69.217865,29.7,12.5,50.79,220.3,0.3952,93.9,35.7,3.21,1,0.3784
2026-05-14,2026-05-11 17:17:10,S0983,Yakkasaroy,41.270286,69.217865,31.1,12.1,51.05,223.1,0.5498,96.3,31.2,3.1,2,0.7284
2026-05-15,2026-05-11 17:17:10,S0983,Yakkasaroy,41.270286,69.217865,34.4,12.6,51.02,220.6,0.4541,92.6,35.1,2.85,2,0.7284
2026-05-16,2026-05-11 17:17:10,S0983,Yakkasaroy,41.270286,69.217865,30.6,11.1,51.02,220.2,0.5273,97.0,41.6,2.88,2,0.7284
2026-05-17,2026-05-11 17:17:10,S0983,Yakkasaroy,41.270286,69.217865,36.8,10.8,50.87,224.7,0.5501,96.9,35.6,2.98,1,0.3784
2026-05-18,2026-05-11 17:17:10,S0983,Yakkasaroy,41.270286,69.217865,36.1,13.0,50.92,221.2,0.6702,96.1,44.3,2.96,1,0.3784
2026-05-12,2026-05-11 17:17:10,S0984,Yakkasaroy,41.294102,69.199748,30.7,1.1,50.16,228.5,0.3993,84.4,77.2,1.85,1,0.3837
2026-05-13,2026-05-11 17:17:10,S0984,Yakkasaroy,41.294102,69.199748,29.7,2.3,50.2,229.6,0.4313,81.4,66.4,1.85,1,0.3837
2026-05-14,2026-05-11 17:17:10,S0984,Yakkasaroy,41.294102,69.199748,28.6,1.1,50.19,226.1,0.4202,87.4,71.7,2.49,0,0.0337
2026-05-15,2026-05-11 17:17:10,S0984,Yakkasaroy,41.294102,69.199748,30.4,2.1,50.26,230.1,0.3675,82.6,79.4,1.99,1,0.3837
2026-05-16,2026-05-11 17:17:10,S0984,Yakkasaroy,41.294102,69.199748,29.7,2.8,50.36,228.1,0.2796,84.4,66.2,1.8,1,0.3837
2026-05-17,2026-05-11 17:17:10,S0984,Yakkasaroy,41.294102,69.199748,26.8,0.7,50.37,228.5,0.1589,82.5,73.9,1.88,1,0.3837
2026-05-18,2026-05-11 17:17:10,S0984,Yakkasaroy,41.294102,69.199748,31.1,3.0,50.41,233.2,0.3222,81.5,76.0,1.15,1,0.3837
2026-05-12,2026-05-11 17:17:10,S0985,Yakkasaroy,41.29625,69.22744,31.1,11.4,50.69,217.9,0.5227,75.5,81.2,4.58,1,0.3869
2026-05-13,2026-05-11 17:17:10,S0985,Yakkasaroy,41.29625,69.22744,29.0,11.5,50.55,218.4,0.6105,73.7,89.1,4.39,2,0.7369
2026-05-14,2026-05-11 17:17:10,S0985,Yakkasaroy,41.29625,69.22744,28.2,9.4,50.77,220.1,0.5519,71.4,79.5,4.65,2,0.7369
2026-05-15,2026-05-11 17:17:10,S0985,Yakkasaroy,41.29625,69.22744,27.1,8.1,50.67,215.6,0.4343,73.9,87.3,4.42,2,0.7369
2026-05-16,2026-05-11 17:17:10,S0985,Yakkasaroy,41.29625,69.22744,26.5,9.0,50.79,217.5,0.4542,71.9,90.5,4.48,2,0.7369
2026-05-17,2026-05-11 17:17:10,S0985,Yakkasaroy,41.29625,69.22744,28.2,6.7,50.74,220.1,0.4804,74.8,80.6,4.7,2,0.7369
2026-05-18,2026-05-11 17:17:10,S0985,Yakkasaroy,41.29625,69.22744,25.4,6.0,50.66,218.8,0.4346,71.1,89.9,4.31,2,0.7369
2026-05-12,2026-05-11 17:17:10,S0986,Yakkasaroy,41.295194,69.210162,43.7,3.4,50.09,221.4,0.549,93.3,52.6,2.91,1,0.3791
2026-05-13,2026-05-11 17:17:10,S0986,Yakkasaroy,41.295194,69.210162,41.8,5.1,50.19,218.5,0.6329,94.3,46.6,2.98,1,0.3791
2026-05-14,2026-05-11 17:17:10,S0986,Yakkasaroy,41.295194,69.210162,42.0,4.3,50.17,225.3,0.6141,93.1,54.6,3.22,1,0.3791
2026-05-15,2026-05-11 17:17:10,S0986,Yakkasaroy,41.295194,69.210162,41.7,3.5,50.38,220.9,0.74,92.1,45.3,2.93,1,0.3791
2026-05-16,2026-05-11 17:17:10,S0986,Yakkasaroy,41.295194,69.210162,44.6,5.3,50.31,219.7,0.6914,94.2,43.8,2.61,1,0.3791
2026-05-17,2026-05-11 17:17:10,S0986,Yakkasaroy,41.295194,69.210162,43.7,4.4,50.32,225.2,0.6771,98.5,36.6,2.61,1,0.3791
2026-05-18,2026-05-11 17:17:10,S0986,Yakkasaroy,41.295194,69.210162,44.2,4.2,50.17,225.2,0.8078,94.1,41.1,2.59,1,0.3791
2026-05-12,2026-05-11 17:17:10,S0987,Yakkasaroy,41.284081,69.204159,29.7,8.0,50.24,219.0,0.6607,98.3,92.4,4.14,1,0.3804
2026-05-13,2026-05-11 17:17:10,S0987,Yakkasaroy,41.284081,69.204159,30.2,5.4,50.53,223.4,0.6073,92.8,80.0,4.39,1,0.3804
2026-05-14,2026-05-11 17:17:10,S0987,Yakkasaroy,41.284081,69.204159,31.2,3.6,50.31,221.8,0.4795,92.4,86.8,3.36,0,0.0304
2026-05-15,2026-05-11 17:17:10,S0987,Yakkasaroy,41.284081,69.204159,27.2,6.2,50.28,223.4,0.7974,96.2,83.2,3.98,0,0.0304
2026-05-16,2026-05-11 17:17:10,S0987,Yakkasaroy,41.284081,69.204159,29.4,3.8,50.49,221.0,0.7404,97.8,81.8,3.49,0,0.0304
2026-05-17,2026-05-11 17:17:10,S0987,Yakkasaroy,41.284081,69.204159,30.4,4.5,50.39,219.1,0.5631,99.8,86.5,3.78,0,0.0304
2026-05-18,2026-05-11 17:17:10,S0987,Yakkasaroy,41.284081,69.204159,29.0,5.0,50.61,218.3,0.5875,100.0,80.1,3.56,1,0.3804
2026-05-12,2026-05-11 17:17:10,S0988,Yakkasaroy,41.271887,69.202678,35.0,1.4,49.65,227.1,0.7317,90.5,55.1,2.77,0,0.0201
2026-05-13,2026-05-11 17:17:10,S0988,Yakkasaroy,41.271887,69.202678,35.2,2.2,49.58,226.4,0.6568,93.8,57.7,2.45,0,0.0201
2026-05-14,2026-05-11 17:17:10,S0988,Yakkasaroy,41.271887,69.202678,33.7,2.2,49.67,226.8,0.6871,90.1,60.8,1.79,0,0.0201
2026-05-15,2026-05-11 17:17:10,S0988,Yakkasaroy,41.271887,69.202678,36.1,1.6,49.63,226.3,0.6232,92.0,57.2,1.82,0,0.0201
2026-05-16,2026-05-11 17:17:10,S0988,Yakkasaroy,41.271887,69.202678,36.7,1.1,49.59,229.5,0.7001,94.7,63.7,1.83,0,0.0201
2026-05-17,2026-05-11 17:17:10,S0988,Yakkasaroy,41.271887,69.202678,35.5,0.1,49.72,226.4,0.6181,96.1,64.7,2.02,0,0.0201
2026-05-18,2026-05-11 17:17:10,S0988,Yakkasaroy,41.271887,69.202678,35.5,0.0,49.68,228.9,0.5651,91.3,59.7,1.62,0,0.0201
2026-05-12,2026-05-11 17:17:10,S0989,Yakkasaroy,41.308049,69.20066,30.2,4.6,50.61,211.0,0.562,90.8,61.7,3.49,1,0.3824
2026-05-13,2026-05-11 17:17:10,S0989,Yakkasaroy,41.308049,69.20066,27.6,3.7,50.59,216.3,0.7698,91.5,59.8,3.29,1,0.3824
2026-05-14,2026-05-11 17:17:10,S0989,Yakkasaroy,41.308049,69.20066,28.8,6.0,50.48,216.4,0.7251,92.8,57.4,3.54,0,0.0324
2026-05-15,2026-05-11 17:17:10,S0989,Yakkasaroy,41.308049,69.20066,27.5,4.5,50.36,220.6,0.7472,87.6,64.6,3.75,0,0.0324
2026-05-16,2026-05-11 17:17:10,S0989,Yakkasaroy,41.308049,69.20066,34.9,5.5,50.37,215.6,0.6853,86.9,68.2,3.42,0,0.0324
2026-05-17,2026-05-11 17:17:10,S0989,Yakkasaroy,41.308049,69.20066,26.5,5.1,50.42,214.7,0.6747,92.6,63.4,3.61,0,0.0324
2026-05-18,2026-05-11 17:17:10,S0989,Yakkasaroy,41.308049,69.20066,30.7,5.1,50.47,218.3,0.7148,93.4,69.0,3.68,0,0.0324
2026-05-12,2026-05-11 17:17:10,S0990,Yakkasaroy,41.295358,69.197757,38.7,12.8,49.72,207.2,0.4272,80.5,61.4,4.86,1,0.3736
2026-05-13,2026-05-11 17:17:10,S0990,Yakkasaroy,41.295358,69.197757,38.2,12.5,49.68,212.6,0.4479,78.1,68.5,5.41,1,0.3736
2026-05-14,2026-05-11 17:17:10,S0990,Yakkasaroy,41.295358,69.197757,36.1,14.8,49.82,211.5,0.4192,81.9,75.4,5.32,1,0.3736
2026-05-15,2026-05-11 17:17:10,S0990,Yakkasaroy,41.295358,69.197757,32.6,14.4,49.9,217.0,0.4893,82.8,73.0,5.45,1,0.3736
2026-05-16,2026-05-11 17:17:10,S0990,Yakkasaroy,41.295358,69.197757,36.5,16.2,49.91,209.4,0.6817,80.6,67.9,5.46,1,0.3736
2026-05-17,2026-05-11 17:17:10,S0990,Yakkasaroy,41.295358,69.197757,37.0,15.2,49.84,208.2,0.3888,84.2,62.4,5.36,1,0.3736
2026-05-18,2026-05-11 17:17:10,S0990,Yakkasaroy,41.295358,69.197757,32.4,20.4,49.96,210.8,0.5591,82.2,62.6,5.7,2,0.7236
2026-05-12,2026-05-11 17:17:10,S0991,Yakkasaroy,41.298387,69.199366,34.5,8.3,50.13,218.0,0.3594,95.2,57.0,2.27,0,0.0255
2026-05-13,2026-05-11 17:17:10,S0991,Yakkasaroy,41.298387,69.199366,37.3,11.4,50.07,216.7,0.2353,92.5,51.9,2.86,0,0.0255
2026-05-14,2026-05-11 17:17:10,S0991,Yakkasaroy,41.298387,69.199366,33.6,8.7,50.01,217.4,0.3337,94.8,53.7,1.83,0,0.0255
2026-05-15,2026-05-11 17:17:10,S0991,Yakkasaroy,41.298387,69.199366,35.2,10.3,49.99,218.3,0.3498,95.5,55.6,1.95,0,0.0255
2026-05-16,2026-05-11 17:17:10,S0991,Yakkasaroy,41.298387,69.199366,34.6,9.9,50.04,218.0,0.3602,94.9,59.6,1.81,0,0.0255
2026-05-17,2026-05-11 17:17:10,S0991,Yakkasaroy,41.298387,69.199366,38.5,10.7,50.0,221.5,0.2526,96.7,61.2,1.53,0,0.0255
2026-05-18,2026-05-11 17:17:10,S0991,Yakkasaroy,41.298387,69.199366,37.3,11.3,49.87,214.9,0.1103,95.5,45.7,1.84,0,0.0255
2026-05-12,2026-05-11 17:17:10,S0992,Yakkasaroy,41.270379,69.217564,28.7,3.4,50.29,228.8,0.2619,94.1,74.5,4.51,0,0.0397
2026-05-13,2026-05-11 17:17:10,S0992,Yakkasaroy,41.270379,69.217564,30.6,2.6,50.33,237.6,0.1076,93.6,66.3,4.18,1,0.3897
2026-05-14,2026-05-11 17:17:10,S0992,Yakkasaroy,41.270379,69.217564,30.4,2.0,50.2,234.5,0.1583,92.2,63.1,4.43,1,0.3897
2026-05-15,2026-05-11 17:17:10,S0992,Yakkasaroy,41.270379,69.217564,30.2,1.2,50.54,241.8,0.0128,93.2,61.6,4.11,2,0.7397
2026-05-16,2026-05-11 17:17:10,S0992,Yakkasaroy,41.270379,69.217564,32.0,2.3,50.61,242.3,0.1429,92.0,57.7,4.37,2,0.7397
2026-05-17,2026-05-11 17:17:10,S0992,Yakkasaroy,41.270379,69.217564,33.7,1.4,50.5,245.0,0.0277,91.8,58.7,3.88,2,0.7397
2026-05-18,2026-05-11 17:17:10,S0992,Yakkasaroy,41.270379,69.217564,32.6,0.0,50.52,240.5,0.0443,93.6,57.1,4.25,2,0.7397
2026-05-12,2026-05-11 17:17:10,S0993,Yakkasaroy,41.284496,69.232668,33.4,13.6,49.85,219.3,0.4249,91.0,89.3,3.22,0,0.0278
2026-05-13,2026-05-11 17:17:10,S0993,Yakkasaroy,41.284496,69.232668,27.5,12.0,49.79,221.0,0.3862,91.0,88.9,3.48,0,0.0278
2026-05-14,2026-05-11 17:17:10,S0993,Yakkasaroy,41.284496,69.232668,27.7,11.9,49.97,217.1,0.3067,91.5,91.8,3.34,1,0.3778
2026-05-15,2026-05-11 17:17:10,S0993,Yakkasaroy,41.284496,69.232668,26.8,14.6,50.08,219.4,0.3007,89.0,85.4,3.23,0,0.0278
2026-05-16,2026-05-11 17:17:10,S0993,Yakkasaroy,41.284496,69.232668,29.5,17.5,49.98,218.9,0.1646,93.5,92.5,2.95,1,0.3778
2026-05-17,2026-05-11 17:17:10,S0993,Yakkasaroy,41.284496,69.232668,25.8,14.5,50.14,224.5,0.2293,85.8,89.0,3.05,0,0.0278
2026-05-18,2026-05-11 17:17:10,S0993,Yakkasaroy,41.284496,69.232668,30.7,16.3,50.12,217.7,0.1964,93.0,83.6,3.35,0,0.0278
2026-05-12,2026-05-11 17:17:10,S0994,Yakkasaroy,41.302641,69.242231,47.2,10.2,49.68,222.6,0.211,84.5,81.1,2.57,2,0.728
2026-05-13,2026-05-11 17:17:10,S0994,Yakkasaroy,41.302641,69.242231,51.1,10.2,49.81,223.9,0.2357,84.9,95.0,2.2,2,0.728
2026-05-14,2026-05-11 17:17:10,S0994,Yakkasaroy,41.302641,69.242231,51.1,10.8,49.7,216.7,0.1542,82.2,88.0,2.49,2,0.728
2026-05-15,2026-05-11 17:17:10,S0994,Yakkasaroy,41.302641,69.242231,49.2,10.8,49.7,219.2,0.1589,82.8,92.3,2.22,2,0.728
2026-05-16,2026-05-11 17:17:10,S0994,Yakkasaroy,41.302641,69.242231,50.9,13.4,49.65,218.6,0.1061,84.4,95.0,1.75,2,0.728
2026-05-17,2026-05-11 17:17:10,S0994,Yakkasaroy,41.302641,69.242231,51.5,12.2,49.62,218.9,0.1478,83.0,95.0,1.87,2,0.728
2026-05-18,2026-05-11 17:17:10,S0994,Yakkasaroy,41.302641,69.242231,51.8,13.2,49.63,221.5,0.2463,86.0,95.0,1.99,2,0.728
2026-05-12,2026-05-11 17:17:10,S0995,Yakkasaroy,41.294777,69.232223,29.2,14.9,49.87,218.8,0.7485,100.0,66.0,3.84,0,0.0282
2026-05-13,2026-05-11 17:17:10,S0995,Yakkasaroy,41.294777,69.232223,28.9,13.0,49.92,216.3,0.6173,96.0,71.8,4.15,0,0.0282
2026-05-14,2026-05-11 17:17:10,S0995,Yakkasaroy,41.294777,69.232223,26.2,13.2,49.91,220.9,0.515,93.9,59.7,3.96,0,0.0282
2026-05-15,2026-05-11 17:17:10,S0995,Yakkasaroy,41.294777,69.232223,27.8,11.5,49.93,223.5,0.449,93.5,64.3,4.2,0,0.0282
2026-05-16,2026-05-11 17:17:10,S0995,Yakkasaroy,41.294777,69.232223,28.3,14.5,49.93,221.9,0.5372,93.0,65.0,4.11,0,0.0282
2026-05-17,2026-05-11 17:17:10,S0995,Yakkasaroy,41.294777,69.232223,25.8,13.8,49.96,220.4,0.5711,92.6,64.2,4.05,0,0.0282
2026-05-18,2026-05-11 17:17:10,S0995,Yakkasaroy,41.294777,69.232223,22.3,11.7,49.84,225.3,0.4883,90.5,61.4,4.33,0,0.0282
2026-05-12,2026-05-11 17:17:10,S0996,Yakkasaroy,41.2933,69.221493,40.0,8.3,50.55,215.4,0.6561,87.3,58.7,3.55,1,0.3883
2026-05-13,2026-05-11 17:17:10,S0996,Yakkasaroy,41.2933,69.221493,39.8,7.8,50.44,221.2,0.7634,88.2,59.6,3.37,0,0.0383
2026-05-14,2026-05-11 17:17:10,S0996,Yakkasaroy,41.2933,69.221493,40.6,7.1,50.48,220.8,0.7355,92.6,68.2,3.15,1,0.3883
2026-05-15,2026-05-11 17:17:10,S0996,Yakkasaroy,41.2933,69.221493,42.0,8.3,50.56,217.0,0.7623,92.6,66.5,2.85,1,0.3883
2026-05-16,2026-05-11 17:17:10,S0996,Yakkasaroy,41.2933,69.221493,43.0,7.5,50.44,222.6,0.8282,88.5,73.6,3.16,1,0.3883
2026-05-17,2026-05-11 17:17:10,S0996,Yakkasaroy,41.2933,69.221493,42.6,6.3,50.32,221.3,0.8259,89.6,69.5,3.08,1,0.3883
2026-05-18,2026-05-11 17:17:10,S0996,Yakkasaroy,41.2933,69.221493,39.4,6.8,50.53,221.3,0.7672,88.6,73.6,2.97,1,0.3883
2026-05-12,2026-05-11 17:17:10,S0997,Yakkasaroy,41.287271,69.216688,36.2,7.8,49.69,228.7,0.3038,86.8,57.8,3.68,0,0.0301
2026-05-13,2026-05-11 17:17:10,S0997,Yakkasaroy,41.287271,69.216688,37.5,7.2,49.66,222.2,0.3595,86.6,51.9,3.38,0,0.0301
2026-05-14,2026-05-11 17:17:10,S0997,Yakkasaroy,41.287271,69.216688,38.3,7.1,49.7,229.1,0.3024,87.3,49.9,3.45,0,0.0301
2026-05-15,2026-05-11 17:17:10,S0997,Yakkasaroy,41.287271,69.216688,35.0,8.4,49.86,227.0,0.5421,85.8,48.8,3.77,0,0.0301
2026-05-16,2026-05-11 17:17:10,S0997,Yakkasaroy,41.287271,69.216688,36.5,9.2,49.66,230.7,0.5483,87.8,54.2,3.23,1,0.3801
2026-05-17,2026-05-11 17:17:10,S0997,Yakkasaroy,41.287271,69.216688,37.1,9.0,49.71,227.3,0.5054,86.3,57.3,3.63,0,0.0301
2026-05-18,2026-05-11 17:17:10,S0997,Yakkasaroy,41.287271,69.216688,40.8,8.9,49.63,233.7,0.4066,84.8,39.4,3.63,1,0.3801
2026-05-12,2026-05-11 17:17:10,S0998,Yakkasaroy,41.294951,69.220916,33.0,1.2,50.13,216.0,0.7265,78.8,78.5,3.44,1,0.3738
2026-05-13,2026-05-11 17:17:10,S0998,Yakkasaroy,41.294951,69.220916,32.6,4.1,50.05,214.7,0.7902,77.3,80.6,3.23,1,0.3738
2026-05-14,2026-05-11 17:17:10,S0998,Yakkasaroy,41.294951,69.220916,32.9,0.1,50.19,213.8,0.6639,75.7,86.8,3.75,1,0.3738
2026-05-15,2026-05-11 17:17:10,S0998,Yakkasaroy,41.294951,69.220916,30.5,0.0,50.09,209.4,0.6906,76.7,82.9,3.74,1,0.3738
2026-05-16,2026-05-11 17:17:10,S0998,Yakkasaroy,41.294951,69.220916,29.9,0.0,50.2,215.1,0.706,78.5,85.0,3.27,1,0.3738
2026-05-17,2026-05-11 17:17:10,S0998,Yakkasaroy,41.294951,69.220916,33.1,0.0,50.56,216.6,0.8327,79.4,83.5,3.45,1,0.3738
2026-05-18,2026-05-11 17:17:10,S0998,Yakkasaroy,41.294951,69.220916,32.2,0.0,50.59,210.4,0.7795,75.8,87.4,3.43,1,0.3738
2026-05-12,2026-05-11 17:17:10,S0999,Yakkasaroy,41.297758,69.23179,44.7,9.4,49.79,228.8,0.3723,92.1,45.0,3.46,1,0.3732
2026-05-13,2026-05-11 17:17:10,S0999,Yakkasaroy,41.297758,69.23179,44.4,10.6,49.92,228.2,0.328,94.3,52.0,3.45,1,0.3732
2026-05-14,2026-05-11 17:17:10,S0999,Yakkasaroy,41.297758,69.23179,45.6,11.5,49.79,229.4,0.3641,99.3,36.3,3.54,2,0.7232
2026-05-15,2026-05-11 17:17:10,S0999,Yakkasaroy,41.297758,69.23179,48.4,10.1,49.77,225.9,0.2414,94.9,48.3,3.34,2,0.7232
2026-05-16,2026-05-11 17:17:10,S0999,Yakkasaroy,41.297758,69.23179,44.9,10.1,49.82,229.9,0.3638,95.8,37.1,3.32,1,0.3732
2026-05-17,2026-05-11 17:17:10,S0999,Yakkasaroy,41.297758,69.23179,46.4,8.4,49.81,229.8,0.2851,97.1,40.0,3.61,2,0.7232
2026-05-18,2026-05-11 17:17:10,S0999,Yakkasaroy,41.297758,69.23179,47.4,7.3,49.75,231.0,0.3345,96.8,42.9,3.45,2,0.7232
2026-05-12,2026-05-11 17:17:10,S1000,Yakkasaroy,41.286548,69.223051,32.0,6.5,49.87,219.6,0.5511,79.0,76.1,4.16,1,0.3763
2026-05-13,2026-05-11 17:17:10,S1000,Yakkasaroy,41.286548,69.223051,34.6,7.0,49.89,216.8,0.5025,82.9,70.1,4.36,1,0.3763
2026-05-14,2026-05-11 17:17:10,S1000,Yakkasaroy,41.286548,69.223051,34.2,6.0,50.03,216.3,0.6082,80.9,66.3,4.26,1,0.3763
2026-05-15,2026-05-11 17:17:10,S1000,Yakkasaroy,41.286548,69.223051,32.6,6.8,49.82,218.0,0.6354,77.6,66.2,4.29,1,0.3763
2026-05-16,2026-05-11 17:17:10,S1000,Yakkasaroy,41.286548,69.223051,33.9,6.9,49.87,218.1,0.5664,76.2,69.0,5.0,1,0.3763
2026-05-17,2026-05-11 17:17:10,S1000,Yakkasaroy,41.286548,69.223051,38.0,8.7,49.86,217.6,0.5187,75.1,66.9,4.91,1,0.3763
2026-05-18,2026-05-11 17:17:10,S1000,Yakkasaroy,41.286548,69.223051,39.4,9.0,49.92,221.5,0.7096,76.4,69.9,5.07,1,0.3763
2026-05-12,2026-05-11 17:17:10,S1001,Yashnobod,41.220525,69.279554,35.8,6.2,49.44,229.0,0.6824,80.8,79.2,3.93,1,0.3715
2026-05-13,2026-05-11 17:17:10,S1001,Yashnobod,41.220525,69.279554,34.2,6.3,49.58,224.8,0.7522,81.4,74.3,4.13,1,0.3715
2026-05-14,2026-05-11 17:17:10,S1001,Yashnobod,41.220525,69.279554,35.6,5.8,49.44,231.6,0.7198,79.2,77.2,3.58,1,0.3715
2026-05-15,2026-05-11 17:17:10,S1001,Yashnobod,41.220525,69.279554,35.2,5.5,49.37,225.8,0.7756,81.7,75.4,4.06,1,0.3715
2026-05-16,2026-05-11 17:17:10,S1001,Yashnobod,41.220525,69.279554,32.7,5.9,49.4,232.1,0.7613,75.3,69.4,4.63,1,0.3715
2026-05-17,2026-05-11 17:17:10,S1001,Yashnobod,41.220525,69.279554,31.4,4.1,49.32,227.0,0.7416,73.9,73.1,4.84,2,0.7215
2026-05-18,2026-05-11 17:17:10,S1001,Yashnobod,41.220525,69.279554,27.7,5.8,49.3,230.9,0.8174,74.4,72.5,4.78,2,0.7215
2026-05-12,2026-05-11 17:17:10,S1002,Yashnobod,41.223895,69.273749,42.4,13.3,49.82,216.9,0.3424,91.5,64.1,4.83,1,0.3698
2026-05-13,2026-05-11 17:17:10,S1002,Yashnobod,41.223895,69.273749,40.4,14.1,49.71,220.7,0.2949,86.5,64.5,4.09,1,0.3698
2026-05-14,2026-05-11 17:17:10,S1002,Yashnobod,41.223895,69.273749,40.2,15.4,49.67,216.5,0.3152,89.9,67.4,4.34,1,0.3698
2026-05-15,2026-05-11 17:17:10,S1002,Yashnobod,41.223895,69.273749,40.8,14.7,49.53,220.0,0.2846,90.7,56.8,4.42,1,0.3698
2026-05-16,2026-05-11 17:17:10,S1002,Yashnobod,41.223895,69.273749,44.8,14.5,49.55,219.1,0.2087,90.3,52.0,4.03,1,0.3698
2026-05-17,2026-05-11 17:17:10,S1002,Yashnobod,41.223895,69.273749,45.4,16.4,49.61,224.1,0.2458,90.1,68.0,4.42,2,0.7198
2026-05-18,2026-05-11 17:17:10,S1002,Yashnobod,41.223895,69.273749,46.1,17.6,49.75,217.7,0.1452,92.9,65.2,4.19,2,0.7198
2026-05-12,2026-05-11 17:17:10,S1003,Yashnobod,41.221257,69.317344,32.0,8.4,49.8,213.4,0.2698,97.3,29.7,4.14,1,0.3822
2026-05-13,2026-05-11 17:17:10,S1003,Yashnobod,41.221257,69.317344,33.0,10.7,49.75,217.3,0.2738,94.9,38.8,4.53,0,0.0322
2026-05-14,2026-05-11 17:17:10,S1003,Yashnobod,41.221257,69.317344,29.6,11.3,49.91,216.9,0.2699,100.0,34.2,4.68,0,0.0322
2026-05-15,2026-05-11 17:17:10,S1003,Yashnobod,41.221257,69.317344,34.9,12.4,49.77,213.4,0.2918,100.0,32.8,4.36,0,0.0322
2026-05-16,2026-05-11 17:17:10,S1003,Yashnobod,41.221257,69.317344,33.9,11.0,49.92,211.1,0.1718,100.0,41.4,5.0,0,0.0322
2026-05-17,2026-05-11 17:17:10,S1003,Yashnobod,41.221257,69.317344,35.6,12.8,49.84,214.0,0.3416,100.0,38.8,4.65,0,0.0322
2026-05-18,2026-05-11 17:17:10,S1003,Yashnobod,41.221257,69.317344,34.4,14.2,49.81,216.2,0.3109,100.0,42.3,4.52,0,0.0322
2026-05-12,2026-05-11 17:17:10,S1004,Yashnobod,41.244444,69.317519,50.0,8.9,50.33,228.1,0.6328,84.2,80.7,3.94,2,0.7316
2026-05-13,2026-05-11 17:17:10,S1004,Yashnobod,41.244444,69.317519,44.1,8.4,50.2,226.8,0.4798,82.2,79.8,4.26,1,0.3816
2026-05-14,2026-05-11 17:17:10,S1004,Yashnobod,41.244444,69.317519,45.5,7.3,50.32,230.0,0.4958,87.0,86.4,3.99,2,0.7316
2026-05-15,2026-05-11 17:17:10,S1004,Yashnobod,41.244444,69.317519,46.9,8.2,50.13,225.7,0.4689,87.4,78.4,3.85,2,0.7316
2026-05-16,2026-05-11 17:17:10,S1004,Yashnobod,41.244444,69.317519,47.4,8.2,50.2,227.7,0.3526,82.2,92.3,4.2,2,0.7316
2026-05-17,2026-05-11 17:17:10,S1004,Yashnobod,41.244444,69.317519,48.1,10.4,50.33,230.3,0.3319,82.6,83.0,4.56,2,0.7316
2026-05-18,2026-05-11 17:17:10,S1004,Yashnobod,41.244444,69.317519,47.7,11.4,50.28,231.4,0.4464,84.3,82.4,4.53,2,0.7316
2026-05-12,2026-05-11 17:17:10,S1005,Yashnobod,41.250181,69.304187,43.4,3.7,50.22,222.9,0.5956,92.4,71.5,2.21,1,0.3815
2026-05-13,2026-05-11 17:17:10,S1005,Yashnobod,41.250181,69.304187,40.3,5.7,50.2,222.2,0.4638,91.8,72.6,2.27,1,0.3815
2026-05-14,2026-05-11 17:17:10,S1005,Yashnobod,41.250181,69.304187,41.7,2.8,50.3,227.9,0.5957,89.9,64.8,2.18,1,0.3815
2026-05-15,2026-05-11 17:17:10,S1005,Yashnobod,41.250181,69.304187,44.8,2.1,50.1,220.6,0.612,90.3,64.8,1.93,1,0.3815
2026-05-16,2026-05-11 17:17:10,S1005,Yashnobod,41.250181,69.304187,46.8,4.6,50.4,226.7,0.5201,89.5,71.8,1.36,2,0.7315
2026-05-17,2026-05-11 17:17:10,S1005,Yashnobod,41.250181,69.304187,44.6,4.4,50.19,229.9,0.564,92.0,70.1,1.42,1,0.3815
2026-05-18,2026-05-11 17:17:10,S1005,Yashnobod,41.250181,69.304187,46.6,5.6,50.38,230.6,0.5994,90.4,58.3,1.45,2,0.7315
2026-05-12,2026-05-11 17:17:10,S1006,Yashnobod,41.231894,69.294363,28.5,15.2,49.73,229.8,0.5949,78.4,46.4,3.55,1,0.3732
2026-05-13,2026-05-11 17:17:10,S1006,Yashnobod,41.231894,69.294363,30.2,15.9,49.75,232.3,0.5336,78.9,51.6,4.16,1,0.3732
2026-05-14,2026-05-11 17:17:10,S1006,Yashnobod,41.231894,69.294363,32.3,14.7,49.64,237.8,0.6931,83.7,55.6,4.24,1,0.3732
2026-05-15,2026-05-11 17:17:10,S1006,Yashnobod,41.231894,69.294363,26.6,16.2,49.69,233.6,0.6206,81.0,43.9,3.78,1,0.3732
2026-05-16,2026-05-11 17:17:10,S1006,Yashnobod,41.231894,69.294363,29.8,17.4,49.48,234.3,0.7438,80.4,42.0,4.15,1,0.3732
2026-05-17,2026-05-11 17:17:10,S1006,Yashnobod,41.231894,69.294363,32.3,13.7,49.58,236.8,0.6907,80.1,43.8,4.41,1,0.3732
2026-05-18,2026-05-11 17:17:10,S1006,Yashnobod,41.231894,69.294363,28.3,16.0,49.52,232.9,0.6673,80.3,42.8,3.89,1,0.3732
2026-05-12,2026-05-11 17:17:10,S1007,Yashnobod,41.229927,69.316779,37.3,7.8,49.95,225.6,0.3438,96.1,72.6,4.84,0,0.021
2026-05-13,2026-05-11 17:17:10,S1007,Yashnobod,41.229927,69.316779,39.6,5.6,49.93,227.2,0.4179,95.0,69.5,4.67,0,0.021
2026-05-14,2026-05-11 17:17:10,S1007,Yashnobod,41.229927,69.316779,41.3,7.4,49.92,226.5,0.3954,96.0,70.0,5.11,1,0.371
2026-05-15,2026-05-11 17:17:10,S1007,Yashnobod,41.229927,69.316779,39.3,7.9,50.06,228.2,0.2638,97.8,75.2,4.67,0,0.021
2026-05-16,2026-05-11 17:17:10,S1007,Yashnobod,41.229927,69.316779,41.8,5.8,49.96,222.9,0.3177,100.0,71.4,5.08,1,0.371
2026-05-17,2026-05-11 17:17:10,S1007,Yashnobod,41.229927,69.316779,41.0,6.8,49.81,229.0,0.2939,94.8,76.6,5.02,1,0.371
2026-05-18,2026-05-11 17:17:10,S1007,Yashnobod,41.229927,69.316779,36.5,6.7,50.12,225.1,0.2922,96.2,82.3,5.51,2,0.721
2026-05-12,2026-05-11 17:17:10,S1008,Yashnobod,41.235598,69.27737,45.8,7.4,50.15,226.1,0.01,96.5,84.7,5.05,2,0.7173
2026-05-13,2026-05-11 17:17:10,S1008,Yashnobod,41.235598,69.27737,40.4,6.8,50.0,226.2,0.01,97.7,93.6,4.7,1,0.3673
2026-05-14,2026-05-11 17:17:10,S1008,Yashnobod,41.235598,69.27737,42.8,5.5,49.96,225.9,0.01,97.2,89.5,5.29,1,0.3673
2026-05-15,2026-05-11 17:17:10,S1008,Yashnobod,41.235598,69.27737,40.5,8.5,50.05,224.1,0.01,99.5,87.8,5.45,1,0.3673
2026-05-16,2026-05-11 17:17:10,S1008,Yashnobod,41.235598,69.27737,43.2,6.7,50.0,228.6,0.01,99.2,90.7,5.86,2,0.7173
2026-05-17,2026-05-11 17:17:10,S1008,Yashnobod,41.235598,69.27737,37.3,5.7,49.92,228.0,0.01,100.0,95.0,5.44,1,0.3673
2026-05-18,2026-05-11 17:17:10,S1008,Yashnobod,41.235598,69.27737,43.5,7.2,49.83,234.8,0.01,100.0,89.4,5.78,2,0.7173
2026-05-12,2026-05-11 17:17:10,S1009,Yashnobod,41.230445,69.312252,36.9,11.8,49.72,211.2,0.8953,81.6,71.9,3.42,1,0.3729
2026-05-13,2026-05-11 17:17:10,S1009,Yashnobod,41.230445,69.312252,38.7,10.1,49.78,212.1,1.0908,82.2,85.1,3.5,1,0.3729
2026-05-14,2026-05-11 17:17:10,S1009,Yashnobod,41.230445,69.312252,36.3,10.1,49.81,209.7,0.8837,79.1,87.9,3.45,1,0.3729
2026-05-15,2026-05-11 17:17:10,S1009,Yashnobod,41.230445,69.312252,36.9,11.5,49.72,213.2,1.0421,77.5,78.1,3.53,1,0.3729
2026-05-16,2026-05-11 17:17:10,S1009,Yashnobod,41.230445,69.312252,36.7,12.8,49.72,208.0,1.0525,76.7,88.3,3.54,1,0.3729
2026-05-17,2026-05-11 17:17:10,S1009,Yashnobod,41.230445,69.312252,33.5,9.2,49.69,210.2,0.9121,75.2,77.4,3.37,1,0.3729
2026-05-18,2026-05-11 17:17:10,S1009,Yashnobod,41.230445,69.312252,30.3,10.6,49.65,212.0,0.9983,73.0,94.0,3.85,2,0.7229
2026-05-12,2026-05-11 17:17:10,S1010,Yashnobod,41.239281,69.324158,31.6,10.8,50.26,203.0,0.6265,85.4,77.9,4.2,1,0.3777
2026-05-13,2026-05-11 17:17:10,S1010,Yashnobod,41.239281,69.324158,31.3,8.5,50.58,200.8,0.5355,84.0,73.4,3.82,1,0.3777
2026-05-14,2026-05-11 17:17:10,S1010,Yashnobod,41.239281,69.324158,33.2,10.0,50.4,204.2,0.5602,86.4,73.7,4.21,1,0.3777
2026-05-15,2026-05-11 17:17:10,S1010,Yashnobod,41.239281,69.324158,29.7,10.5,50.43,200.9,0.5878,87.4,70.5,4.17,1,0.3777
2026-05-16,2026-05-11 17:17:10,S1010,Yashnobod,41.239281,69.324158,33.2,13.0,50.46,201.7,0.8153,86.0,65.2,3.97,1,0.3777
2026-05-17,2026-05-11 17:17:10,S1010,Yashnobod,41.239281,69.324158,35.2,11.3,50.57,199.7,0.5931,84.2,57.3,4.09,2,0.7277
2026-05-18,2026-05-11 17:17:10,S1010,Yashnobod,41.239281,69.324158,31.7,11.1,50.47,196.2,0.7324,84.3,65.9,4.0,2,0.7277
2026-05-12,2026-05-11 17:17:10,S1011,Yashnobod,41.256528,69.33969,30.5,13.4,49.87,217.4,0.2942,86.0,54.5,4.08,0,0.0221
2026-05-13,2026-05-11 17:17:10,S1011,Yashnobod,41.256528,69.33969,32.2,10.7,49.72,218.9,0.5133,85.3,52.5,3.54,0,0.0221
2026-05-14,2026-05-11 17:17:10,S1011,Yashnobod,41.256528,69.33969,35.5,11.7,49.83,222.9,0.5133,87.6,61.9,3.51,0,0.0221
2026-05-15,2026-05-11 17:17:10,S1011,Yashnobod,41.256528,69.33969,34.9,10.9,49.58,217.6,0.6526,84.9,53.0,3.19,1,0.3721
2026-05-16,2026-05-11 17:17:10,S1011,Yashnobod,41.256528,69.33969,36.3,10.2,49.57,223.3,0.5603,87.9,59.3,3.16,0,0.0221
2026-05-17,2026-05-11 17:17:10,S1011,Yashnobod,41.256528,69.33969,32.7,9.5,49.71,220.1,0.5781,81.0,57.4,3.26,1,0.3721
2026-05-18,2026-05-11 17:17:10,S1011,Yashnobod,41.256528,69.33969,34.2,10.5,49.51,220.1,0.6261,83.4,53.9,2.76,1,0.3721
2026-05-12,2026-05-11 17:17:10,S1012,Yashnobod,41.230574,69.315536,40.1,13.9,50.17,237.4,0.3609,98.4,47.0,4.8,1,0.3897
2026-05-13,2026-05-11 17:17:10,S1012,Yashnobod,41.230574,69.315536,39.8,14.1,50.43,234.5,0.3808,99.3,45.4,4.99,1,0.3897
2026-05-14,2026-05-11 17:17:10,S1012,Yashnobod,41.230574,69.315536,40.4,15.3,50.34,235.4,0.4827,97.6,36.0,4.84,1,0.3897
2026-05-15,2026-05-11 17:17:10,S1012,Yashnobod,41.230574,69.315536,38.8,14.1,50.44,237.4,0.3608,99.9,40.4,5.21,1,0.3897
2026-05-16,2026-05-11 17:17:10,S1012,Yashnobod,41.230574,69.315536,39.7,13.8,50.48,240.2,0.5027,100.0,47.6,5.1,2,0.7397
2026-05-17,2026-05-11 17:17:10,S1012,Yashnobod,41.230574,69.315536,37.3,12.3,50.4,235.3,0.4946,99.0,36.3,5.1,1,0.3897
2026-05-18,2026-05-11 17:17:10,S1012,Yashnobod,41.230574,69.315536,36.1,14.3,50.44,237.4,0.4887,100.0,36.5,4.92,1,0.3897
2026-05-12,2026-05-11 17:17:10,S1013,Yashnobod,41.254206,69.273638,32.8,11.8,50.26,229.7,0.1634,93.9,74.4,4.6,0,0.0318
2026-05-13,2026-05-11 17:17:10,S1013,Yashnobod,41.254206,69.273638,30.9,7.8,50.04,224.8,0.1109,96.7,79.5,4.79,0,0.0318
2026-05-14,2026-05-11 17:17:10,S1013,Yashnobod,41.254206,69.273638,32.6,8.3,50.06,223.5,0.039,98.2,74.6,5.15,1,0.3818
2026-05-15,2026-05-11 17:17:10,S1013,Yashnobod,41.254206,69.273638,31.6,8.7,50.08,226.4,0.1092,98.9,83.3,5.19,1,0.3818
2026-05-16,2026-05-11 17:17:10,S1013,Yashnobod,41.254206,69.273638,31.5,7.9,50.04,228.4,0.0577,97.9,79.8,5.09,1,0.3818
2026-05-17,2026-05-11 17:17:10,S1013,Yashnobod,41.254206,69.273638,29.5,12.4,50.16,233.5,0.0634,100.0,75.9,5.16,1,0.3818
2026-05-18,2026-05-11 17:17:10,S1013,Yashnobod,41.254206,69.273638,32.2,11.1,49.94,231.0,0.0667,100.0,75.8,5.74,2,0.7318
2026-05-12,2026-05-11 17:17:10,S1014,Yashnobod,41.240485,69.272831,37.7,10.2,49.95,213.7,0.726,74.4,83.4,3.49,2,0.7418
2026-05-13,2026-05-11 17:17:10,S1014,Yashnobod,41.240485,69.272831,36.9,10.1,50.01,207.9,0.8375,76.9,84.1,3.83,1,0.3918
2026-05-14,2026-05-11 17:17:10,S1014,Yashnobod,41.240485,69.272831,33.4,9.2,49.98,211.8,0.8226,72.1,85.5,4.26,2,0.7418
2026-05-15,2026-05-11 17:17:10,S1014,Yashnobod,41.240485,69.272831,37.4,8.5,50.11,209.8,0.9586,70.9,86.6,4.17,2,0.7418
2026-05-16,2026-05-11 17:17:10,S1014,Yashnobod,41.240485,69.272831,33.9,10.3,49.9,206.1,0.8943,73.1,74.0,4.52,2,0.7418
2026-05-17,2026-05-11 17:17:10,S1014,Yashnobod,41.240485,69.272831,32.1,9.5,49.88,207.2,0.9159,74.2,90.4,3.6,2,0.7418
2026-05-18,2026-05-11 17:17:10,S1014,Yashnobod,41.240485,69.272831,33.5,9.5,49.96,212.6,1.0757,72.5,95.0,4.07,2,0.7418
2026-05-12,2026-05-11 17:17:10,S1015,Yashnobod,41.226989,69.333039,37.7,5.3,49.89,218.0,0.5873,90.2,71.3,3.57,0,0.0263
2026-05-13,2026-05-11 17:17:10,S1015,Yashnobod,41.226989,69.333039,38.5,6.5,49.73,218.6,0.6093,90.8,67.0,3.34,0,0.0263
2026-05-14,2026-05-11 17:17:10,S1015,Yashnobod,41.226989,69.333039,35.2,8.3,49.8,216.5,0.6532,92.5,75.1,3.32,0,0.0263
2026-05-15,2026-05-11 17:17:10,S1015,Yashnobod,41.226989,69.333039,37.0,8.4,49.69,217.5,0.6805,91.4,71.5,3.65,0,0.0263
2026-05-16,2026-05-11 17:17:10,S1015,Yashnobod,41.226989,69.333039,36.6,9.1,49.74,216.9,0.793,93.6,80.6,3.31,0,0.0263
2026-05-17,2026-05-11 17:17:10,S1015,Yashnobod,41.226989,69.333039,33.7,10.0,49.66,213.7,0.6275,94.4,75.3,3.05,0,0.0263
2026-05-18,2026-05-11 17:17:10,S1015,Yashnobod,41.226989,69.333039,39.8,10.1,49.4,216.6,0.6935,95.1,66.8,3.07,1,0.3763
2026-05-12,2026-05-11 17:17:10,S1016,Yashnobod,41.254523,69.352477,36.5,7.1,49.74,214.4,0.562,87.4,89.0,3.81,0,0.0236
2026-05-13,2026-05-11 17:17:10,S1016,Yashnobod,41.254523,69.352477,37.1,5.9,49.75,218.1,0.7062,89.2,80.4,4.25,0,0.0236
2026-05-14,2026-05-11 17:17:10,S1016,Yashnobod,41.254523,69.352477,37.5,8.4,49.66,214.6,0.5516,88.2,81.3,4.22,0,0.0236
2026-05-15,2026-05-11 17:17:10,S1016,Yashnobod,41.254523,69.352477,37.0,6.2,49.71,219.2,0.6922,90.0,73.7,4.08,0,0.0236
2026-05-16,2026-05-11 17:17:10,S1016,Yashnobod,41.254523,69.352477,36.3,6.6,49.73,220.4,0.7091,87.9,72.7,3.49,0,0.0236
2026-05-17,2026-05-11 17:17:10,S1016,Yashnobod,41.254523,69.352477,34.9,8.0,49.67,220.9,0.7784,89.6,73.6,3.89,0,0.0236
2026-05-18,2026-05-11 17:17:10,S1016,Yashnobod,41.254523,69.352477,35.5,9.5,49.74,223.1,0.8408,90.3,68.5,3.71,0,0.0236
2026-05-12,2026-05-11 17:17:10,S1017,Yashnobod,41.262894,69.351455,25.4,7.2,49.85,210.3,0.6554,80.6,79.4,5.67,2,0.7271
2026-05-13,2026-05-11 17:17:10,S1017,Yashnobod,41.262894,69.351455,24.8,5.6,49.78,210.8,0.5922,79.2,89.5,6.11,2,0.7271
2026-05-14,2026-05-11 17:17:10,S1017,Yashnobod,41.262894,69.351455,27.7,4.4,49.67,217.4,0.5642,78.7,78.0,6.06,2,0.7271
2026-05-15,2026-05-11 17:17:10,S1017,Yashnobod,41.262894,69.351455,26.9,6.5,49.61,211.1,0.5833,79.1,79.7,6.14,2,0.7271
2026-05-16,2026-05-11 17:17:10,S1017,Yashnobod,41.262894,69.351455,23.2,6.5,49.54,206.7,0.5557,80.0,82.5,6.12,2,0.7271
2026-05-17,2026-05-11 17:17:10,S1017,Yashnobod,41.262894,69.351455,25.3,8.3,49.56,205.9,0.652,80.7,72.5,6.22,2,0.7271
2026-05-18,2026-05-11 17:17:10,S1017,Yashnobod,41.262894,69.351455,22.3,6.8,49.43,210.1,0.5809,79.8,80.3,7.0,2,0.7271
2026-05-12,2026-05-11 17:17:10,S1018,Yashnobod,41.27266,69.316397,36.9,8.8,49.98,222.0,0.5046,84.1,68.9,3.29,1,0.3773
2026-05-13,2026-05-11 17:17:10,S1018,Yashnobod,41.27266,69.316397,38.3,9.0,49.9,223.1,0.6459,84.1,70.4,3.54,1,0.3773
2026-05-14,2026-05-11 17:17:10,S1018,Yashnobod,41.27266,69.316397,39.0,8.4,49.97,227.1,0.4919,85.4,70.5,3.95,0,0.0273
2026-05-15,2026-05-11 17:17:10,S1018,Yashnobod,41.27266,69.316397,36.0,4.4,50.0,227.8,0.3719,86.7,72.9,3.68,0,0.0273
2026-05-16,2026-05-11 17:17:10,S1018,Yashnobod,41.27266,69.316397,34.8,6.9,49.93,226.6,0.4719,82.7,67.1,3.38,1,0.3773
2026-05-17,2026-05-11 17:17:10,S1018,Yashnobod,41.27266,69.316397,38.3,5.6,49.89,228.8,0.4634,82.9,68.1,3.66,1,0.3773
2026-05-18,2026-05-11 17:17:10,S1018,Yashnobod,41.27266,69.316397,39.1,6.5,50.03,229.4,0.528,85.2,74.1,3.74,0,0.0273
2026-05-12,2026-05-11 17:17:10,S1019,Yashnobod,41.218932,69.286777,30.9,0.8,49.74,225.6,0.617,90.8,84.4,5.3,1,0.3753
2026-05-13,2026-05-11 17:17:10,S1019,Yashnobod,41.218932,69.286777,30.7,3.1,49.66,224.5,0.6004,89.1,79.7,5.8,2,0.7253
2026-05-14,2026-05-11 17:17:10,S1019,Yashnobod,41.218932,69.286777,33.5,0.0,49.62,226.0,0.4818,89.2,85.3,5.74,2,0.7253
2026-05-15,2026-05-11 17:17:10,S1019,Yashnobod,41.218932,69.286777,27.6,1.7,49.73,225.6,0.3681,89.9,88.3,5.48,1,0.3753
2026-05-16,2026-05-11 17:17:10,S1019,Yashnobod,41.218932,69.286777,28.9,1.7,49.65,232.5,0.4673,89.7,95.0,5.77,2,0.7253
2026-05-17,2026-05-11 17:17:10,S1019,Yashnobod,41.218932,69.286777,30.5,2.8,49.48,228.3,0.4111,93.5,94.5,5.76,2,0.7253
2026-05-18,2026-05-11 17:17:10,S1019,Yashnobod,41.218932,69.286777,31.3,3.2,49.48,227.2,0.5772,88.2,95.0,5.85,2,0.7253
2026-05-12,2026-05-11 17:17:10,S1020,Yashnobod,41.220701,69.292929,39.7,3.2,50.38,222.5,0.7134,86.8,95.0,3.39,1,0.3729
2026-05-13,2026-05-11 17:17:10,S1020,Yashnobod,41.220701,69.292929,36.5,6.6,50.29,216.0,0.7031,84.7,95.0,3.18,1,0.3729
2026-05-14,2026-05-11 17:17:10,S1020,Yashnobod,41.220701,69.292929,41.1,7.3,50.47,222.8,0.7458,87.3,95.0,3.16,1,0.3729
2026-05-15,2026-05-11 17:17:10,S1020,Yashnobod,41.220701,69.292929,40.8,5.3,50.16,222.3,0.8333,88.5,95.0,3.47,1,0.3729
2026-05-16,2026-05-11 17:17:10,S1020,Yashnobod,41.220701,69.292929,42.5,8.6,50.36,225.9,0.7434,84.8,95.0,2.82,1,0.3729
2026-05-17,2026-05-11 17:17:10,S1020,Yashnobod,41.220701,69.292929,43.4,10.3,50.34,221.1,0.8386,85.3,95.0,2.75,1,0.3729
2026-05-18,2026-05-11 17:17:10,S1020,Yashnobod,41.220701,69.292929,41.4,8.2,50.2,218.9,0.9359,86.2,95.0,3.05,1,0.3729
2026-05-12,2026-05-11 17:17:10,S1021,Yashnobod,41.272365,69.303824,27.3,5.8,49.67,208.3,0.8936,90.7,64.2,3.61,1,0.3777
2026-05-13,2026-05-11 17:17:10,S1021,Yashnobod,41.272365,69.303824,27.5,8.7,49.7,208.1,0.8604,91.8,75.3,4.24,1,0.3777
2026-05-14,2026-05-11 17:17:10,S1021,Yashnobod,41.272365,69.303824,26.4,5.6,49.62,207.9,0.9363,88.9,67.3,3.64,1,0.3777
2026-05-15,2026-05-11 17:17:10,S1021,Yashnobod,41.272365,69.303824,24.8,5.4,49.55,209.5,0.9113,89.3,68.8,3.95,1,0.3777
2026-05-16,2026-05-11 17:17:10,S1021,Yashnobod,41.272365,69.303824,26.8,3.4,49.63,206.5,0.9165,90.4,73.8,4.05,1,0.3777
2026-05-17,2026-05-11 17:17:10,S1021,Yashnobod,41.272365,69.303824,23.7,3.7,49.75,205.3,1.03,87.7,85.0,4.43,1,0.3777
2026-05-18,2026-05-11 17:17:10,S1021,Yashnobod,41.272365,69.303824,25.1,2.8,49.66,202.9,0.8951,92.9,79.6,4.32,1,0.3777
2026-05-12,2026-05-11 17:17:10,S1022,Yashnobod,41.248072,69.284902,34.8,5.2,50.07,231.6,0.2571,90.5,55.7,3.43,1,0.374
2026-05-13,2026-05-11 17:17:10,S1022,Yashnobod,41.248072,69.284902,33.2,4.1,50.08,231.9,0.4283,87.1,47.7,3.45,1,0.374
2026-05-14,2026-05-11 17:17:10,S1022,Yashnobod,41.248072,69.284902,33.5,4.9,50.0,227.4,0.39,86.7,45.0,3.45,0,0.024
2026-05-15,2026-05-11 17:17:10,S1022,Yashnobod,41.248072,69.284902,31.8,3.3,50.02,229.8,0.5793,83.3,46.5,3.65,1,0.374
2026-05-16,2026-05-11 17:17:10,S1022,Yashnobod,41.248072,69.284902,33.4,4.0,49.91,227.5,0.4041,84.5,46.1,3.3,1,0.374
2026-05-17,2026-05-11 17:17:10,S1022,Yashnobod,41.248072,69.284902,33.6,2.7,49.97,232.1,0.502,87.1,47.9,3.19,1,0.374
2026-05-18,2026-05-11 17:17:10,S1022,Yashnobod,41.248072,69.284902,33.2,4.8,50.09,236.9,0.5551,85.6,46.5,3.09,1,0.374
2026-05-12,2026-05-11 17:17:10,S1023,Yashnobod,41.268102,69.31785,38.5,6.9,50.34,222.9,0.8311,90.5,69.9,2.96,0,0.0343
2026-05-13,2026-05-11 17:17:10,S1023,Yashnobod,41.268102,69.31785,42.4,8.5,50.4,221.4,1.0788,91.1,60.6,2.98,1,0.3843
2026-05-14,2026-05-11 17:17:10,S1023,Yashnobod,41.268102,69.31785,42.9,7.6,50.48,221.0,0.9174,92.4,77.6,3.28,1,0.3843
2026-05-15,2026-05-11 17:17:10,S1023,Yashnobod,41.268102,69.31785,41.0,8.0,50.55,226.4,0.8948,89.2,67.2,3.01,1,0.3843
2026-05-16,2026-05-11 17:17:10,S1023,Yashnobod,41.268102,69.31785,41.5,6.4,50.76,225.4,0.8954,91.6,76.9,3.08,1,0.3843
2026-05-17,2026-05-11 17:17:10,S1023,Yashnobod,41.268102,69.31785,44.9,7.7,50.7,220.7,0.9975,90.2,70.4,3.08,1,0.3843
2026-05-18,2026-05-11 17:17:10,S1023,Yashnobod,41.268102,69.31785,41.0,6.8,50.84,225.3,1.0367,92.5,73.4,3.41,1,0.3843
2026-05-12,2026-05-11 17:17:10,S1024,Yashnobod,41.248325,69.324568,34.7,6.7,50.26,219.8,0.0721,88.4,45.5,2.16,0,0.0344
2026-05-13,2026-05-11 17:17:10,S1024,Yashnobod,41.248325,69.324568,33.9,6.7,50.17,218.6,0.147,92.1,47.3,3.06,0,0.0344
2026-05-14,2026-05-11 17:17:10,S1024,Yashnobod,41.248325,69.324568,35.0,7.2,50.24,213.4,0.1657,85.4,48.3,2.71,0,0.0344
2026-05-15,2026-05-11 17:17:10,S1024,Yashnobod,41.248325,69.324568,35.4,6.4,50.2,212.9,0.0696,88.1,46.4,2.54,0,0.0344
2026-05-16,2026-05-11 17:17:10,S1024,Yashnobod,41.248325,69.324568,35.1,6.8,50.23,217.0,0.0998,88.4,39.9,2.73,0,0.0344
2026-05-17,2026-05-11 17:17:10,S1024,Yashnobod,41.248325,69.324568,36.9,7.2,50.28,215.3,0.1252,82.9,62.0,2.67,1,0.3844
2026-05-18,2026-05-11 17:17:10,S1024,Yashnobod,41.248325,69.324568,36.6,6.1,50.33,218.3,0.1299,86.9,25.3,2.42,1,0.3844
2026-05-12,2026-05-11 17:17:10,S1025,Yashnobod,41.24919,69.35038,34.4,7.6,49.88,211.5,0.4853,84.2,67.2,3.19,1,0.3679
2026-05-13,2026-05-11 17:17:10,S1025,Yashnobod,41.24919,69.35038,34.1,8.7,49.85,210.3,0.6042,86.5,61.8,3.07,0,0.0179
2026-05-14,2026-05-11 17:17:10,S1025,Yashnobod,41.24919,69.35038,33.4,7.4,49.86,214.0,0.5294,84.6,71.6,3.29,1,0.3679
2026-05-15,2026-05-11 17:17:10,S1025,Yashnobod,41.24919,69.35038,31.0,7.7,49.72,208.8,0.4773,84.1,71.6,3.61,1,0.3679
2026-05-16,2026-05-11 17:17:10,S1025,Yashnobod,41.24919,69.35038,33.5,8.9,49.68,207.1,0.6063,82.4,79.0,3.37,1,0.3679
2026-05-17,2026-05-11 17:17:10,S1025,Yashnobod,41.24919,69.35038,33.1,7.4,49.85,204.4,0.6186,78.9,74.7,3.34,1,0.3679
2026-05-18,2026-05-11 17:17:10,S1025,Yashnobod,41.24919,69.35038,34.8,7.8,49.59,205.2,0.6818,78.5,75.5,3.6,1,0.3679
2026-05-12,2026-05-11 17:17:10,S1026,Yashnobod,41.261798,69.304203,34.0,12.9,50.19,221.3,0.0324,95.5,69.8,2.08,0,0.0206
2026-05-13,2026-05-11 17:17:10,S1026,Yashnobod,41.261798,69.304203,36.7,12.8,49.91,217.4,0.01,94.1,85.4,2.1,0,0.0206
2026-05-14,2026-05-11 17:17:10,S1026,Yashnobod,41.261798,69.304203,31.3,10.9,49.86,214.7,0.0226,97.5,86.5,2.09,0,0.0206
2026-05-15,2026-05-11 17:17:10,S1026,Yashnobod,41.261798,69.304203,40.5,12.3,50.12,213.1,0.01,95.9,87.0,1.37,1,0.3706
2026-05-16,2026-05-11 17:17:10,S1026,Yashnobod,41.261798,69.304203,33.1,9.7,49.99,215.0,0.01,96.1,91.5,1.49,1,0.3706
2026-05-17,2026-05-11 17:17:10,S1026,Yashnobod,41.261798,69.304203,41.9,9.9,49.74,219.9,0.01,96.8,86.3,0.64,1,0.3706
2026-05-18,2026-05-11 17:17:10,S1026,Yashnobod,41.261798,69.304203,33.9,8.7,49.98,213.8,0.01,96.4,94.7,1.31,1,0.3706
2026-05-12,2026-05-11 17:17:10,S1027,Yashnobod,41.222913,69.280428,37.7,6.4,50.83,221.3,0.4158,90.5,70.8,3.78,1,0.3828
2026-05-13,2026-05-11 17:17:10,S1027,Yashnobod,41.222913,69.280428,38.0,6.0,50.64,215.7,0.5187,86.5,69.9,4.02,1,0.3828
2026-05-14,2026-05-11 17:17:10,S1027,Yashnobod,41.222913,69.280428,38.0,7.1,50.73,218.0,0.4384,88.1,60.4,3.52,1,0.3828
2026-05-15,2026-05-11 17:17:10,S1027,Yashnobod,41.222913,69.280428,39.6,10.3,50.82,219.2,0.4256,87.8,61.1,3.72,1,0.3828
2026-05-16,2026-05-11 17:17:10,S1027,Yashnobod,41.222913,69.280428,36.1,6.2,50.89,221.4,0.5213,85.4,61.9,3.45,1,0.3828
2026-05-17,2026-05-11 17:17:10,S1027,Yashnobod,41.222913,69.280428,37.2,7.4,50.87,220.1,0.4181,86.8,61.3,3.5,1,0.3828
2026-05-18,2026-05-11 17:17:10,S1027,Yashnobod,41.222913,69.280428,38.6,8.4,50.89,214.8,0.3597,85.1,54.2,3.19,1,0.3828
2026-05-12,2026-05-11 17:17:10,S1028,Yashnobod,41.239097,69.316696,23.2,6.5,50.07,221.6,0.2008,87.4,70.2,3.03,0,0.0271
2026-05-13,2026-05-11 17:17:10,S1028,Yashnobod,41.239097,69.316696,25.0,8.2,50.06,227.6,0.1307,88.5,77.5,3.14,0,0.0271
2026-05-14,2026-05-11 17:17:10,S1028,Yashnobod,41.239097,69.316696,21.6,7.2,49.98,222.9,0.1163,89.1,81.8,3.26,0,0.0271
2026-05-15,2026-05-11 17:17:10,S1028,Yashnobod,41.239097,69.316696,24.8,7.0,50.16,227.0,0.2185,86.8,75.5,3.26,0,0.0271
2026-05-16,2026-05-11 17:17:10,S1028,Yashnobod,41.239097,69.316696,21.4,9.6,50.11,225.7,0.01,87.7,74.2,2.94,0,0.0271
2026-05-17,2026-05-11 17:17:10,S1028,Yashnobod,41.239097,69.316696,23.3,9.2,50.07,222.8,0.0729,86.9,66.6,2.64,0,0.0271
2026-05-18,2026-05-11 17:17:10,S1028,Yashnobod,41.239097,69.316696,20.1,9.5,50.04,225.5,0.0821,86.1,70.1,2.55,0,0.0271
2026-05-12,2026-05-11 17:17:10,S1029,Yashnobod,41.239482,69.274986,37.8,1.6,49.91,226.4,0.2794,79.0,73.6,2.98,1,0.3745
2026-05-13,2026-05-11 17:17:10,S1029,Yashnobod,41.239482,69.274986,38.0,2.6,49.84,228.9,0.3451,76.6,83.5,2.74,1,0.3745
2026-05-14,2026-05-11 17:17:10,S1029,Yashnobod,41.239482,69.274986,36.7,3.2,49.81,227.9,0.28,76.6,76.8,2.92,1,0.3745
2026-05-15,2026-05-11 17:17:10,S1029,Yashnobod,41.239482,69.274986,38.7,2.5,49.82,227.6,0.3521,75.7,69.8,2.52,1,0.3745
2026-05-16,2026-05-11 17:17:10,S1029,Yashnobod,41.239482,69.274986,42.9,1.3,49.72,230.9,0.3471,76.2,65.4,3.0,1,0.3745
2026-05-17,2026-05-11 17:17:10,S1029,Yashnobod,41.239482,69.274986,36.6,0.0,49.67,230.5,0.483,72.8,68.5,3.07,2,0.7245
2026-05-18,2026-05-11 17:17:10,S1029,Yashnobod,41.239482,69.274986,39.2,2.1,49.59,234.7,0.5289,75.3,65.7,2.87,1,0.3745
2026-05-12,2026-05-11 17:17:10,S1030,Yashnobod,41.222379,69.339034,44.7,8.2,49.88,229.2,0.1572,83.8,87.3,3.38,1,0.3768
2026-05-13,2026-05-11 17:17:10,S1030,Yashnobod,41.222379,69.339034,44.7,7.2,49.83,226.7,0.2782,83.7,94.7,3.45,1,0.3768
2026-05-14,2026-05-11 17:17:10,S1030,Yashnobod,41.222379,69.339034,44.6,10.2,49.88,227.1,0.1836,81.7,92.9,3.59,1,0.3768
2026-05-15,2026-05-11 17:17:10,S1030,Yashnobod,41.222379,69.339034,41.8,7.7,49.84,225.4,0.1604,80.4,95.0,3.48,1,0.3768
2026-05-16,2026-05-11 17:17:10,S1030,Yashnobod,41.222379,69.339034,42.1,10.1,49.86,226.4,0.1487,79.1,95.0,3.76,1,0.3768
2026-05-17,2026-05-11 17:17:10,S1030,Yashnobod,41.222379,69.339034,39.8,7.6,49.69,227.3,0.159,78.2,95.0,3.9,1,0.3768
2026-05-18,2026-05-11 17:17:10,S1030,Yashnobod,41.222379,69.339034,42.0,8.3,49.76,227.7,0.0974,77.9,95.0,3.8,1,0.3768
2026-05-12,2026-05-11 17:17:10,S1031,Yashnobod,41.241409,69.274982,44.6,8.1,49.31,219.9,1.0178,89.4,68.3,2.44,1,0.3816
2026-05-13,2026-05-11 17:17:10,S1031,Yashnobod,41.241409,69.274982,36.0,10.5,49.24,219.0,1.0278,92.5,63.4,2.26,1,0.3816
2026-05-14,2026-05-11 17:17:10,S1031,Yashnobod,41.241409,69.274982,39.5,10.3,49.22,211.6,1.0841,93.2,66.6,2.16,1,0.3816
2026-05-15,2026-05-11 17:17:10,S1031,Yashnobod,41.241409,69.274982,39.2,11.3,49.3,221.4,1.0041,91.5,53.7,2.64,1,0.3816
2026-05-16,2026-05-11 17:17:10,S1031,Yashnobod,41.241409,69.274982,39.1,8.8,49.2,216.0,1.0721,90.4,69.0,2.19,1,0.3816
2026-05-17,2026-05-11 17:17:10,S1031,Yashnobod,41.241409,69.274982,39.5,13.6,49.24,214.9,0.9518,93.9,69.3,2.13,1,0.3816
2026-05-18,2026-05-11 17:17:10,S1031,Yashnobod,41.241409,69.274982,41.6,10.5,49.21,211.1,1.0,93.3,65.7,1.92,1,0.3816
2026-05-12,2026-05-11 17:17:10,S1032,Yashnobod,41.257249,69.293764,35.6,10.1,50.53,231.7,1.1241,95.0,43.3,4.79,1,0.386
2026-05-13,2026-05-11 17:17:10,S1032,Yashnobod,41.257249,69.293764,34.9,11.8,50.35,235.7,1.0695,91.9,31.2,4.73,1,0.386
2026-05-14,2026-05-11 17:17:10,S1032,Yashnobod,41.257249,69.293764,32.8,10.1,50.42,230.7,1.132,93.0,34.5,4.73,1,0.386
2026-05-15,2026-05-11 17:17:10,S1032,Yashnobod,41.257249,69.293764,35.6,13.6,50.6,235.0,1.2039,97.9,36.3,4.76,1,0.386
2026-05-16,2026-05-11 17:17:10,S1032,Yashnobod,41.257249,69.293764,24.9,8.6,50.64,235.3,1.2329,95.2,32.0,5.1,1,0.386
2026-05-17,2026-05-11 17:17:10,S1032,Yashnobod,41.257249,69.293764,34.8,12.5,50.67,237.1,1.4828,93.3,33.2,5.16,1,0.386
2026-05-18,2026-05-11 17:17:10,S1032,Yashnobod,41.257249,69.293764,32.9,9.7,50.85,233.6,1.2974,93.5,36.8,5.28,1,0.386
2026-05-12,2026-05-11 17:17:10,S1033,Yashnobod,41.273015,69.319121,36.7,7.8,50.53,224.4,0.5445,83.0,77.2,4.29,1,0.3751
2026-05-13,2026-05-11 17:17:10,S1033,Yashnobod,41.273015,69.319121,37.3,8.0,50.53,228.1,0.5761,82.9,74.7,4.53,1,0.3751
2026-05-14,2026-05-11 17:17:10,S1033,Yashnobod,41.273015,69.319121,40.4,6.5,50.49,225.2,0.577,81.6,78.7,4.39,1,0.3751
2026-05-15,2026-05-11 17:17:10,S1033,Yashnobod,41.273015,69.319121,44.5,7.6,50.71,226.0,0.5541,80.7,75.7,5.94,2,0.7251
2026-05-16,2026-05-11 17:17:10,S1033,Yashnobod,41.273015,69.319121,41.9,7.7,50.88,224.1,0.5518,80.5,81.7,5.27,1,0.3751
2026-05-17,2026-05-11 17:17:10,S1033,Yashnobod,41.273015,69.319121,35.8,8.1,50.8,227.9,0.7466,82.1,78.6,5.34,1,0.3751
2026-05-18,2026-05-11 17:17:10,S1033,Yashnobod,41.273015,69.319121,44.2,9.3,50.79,229.3,0.7043,79.9,74.8,6.21,2,0.7251
2026-05-12,2026-05-11 17:17:10,S1034,Yashnobod,41.258648,69.298597,29.6,7.5,50.31,221.5,0.7566,86.5,92.0,2.7,1,0.3829
2026-05-13,2026-05-11 17:17:10,S1034,Yashnobod,41.258648,69.298597,26.2,6.8,50.24,228.5,0.8331,88.6,94.5,3.02,1,0.3829
2026-05-14,2026-05-11 17:17:10,S1034,Yashnobod,41.258648,69.298597,28.9,7.1,50.33,227.1,0.7462,86.2,89.4,2.59,0,0.0329
2026-05-15,2026-05-11 17:17:10,S1034,Yashnobod,41.258648,69.298597,25.4,7.1,50.24,221.6,0.7594,88.0,82.8,3.22,0,0.0329
2026-05-16,2026-05-11 17:17:10,S1034,Yashnobod,41.258648,69.298597,25.6,5.8,50.24,224.9,0.7494,86.3,95.0,2.87,1,0.3829
2026-05-17,2026-05-11 17:17:10,S1034,Yashnobod,41.258648,69.298597,27.2,5.3,50.26,224.9,0.7002,87.4,95.0,2.49,1,0.3829
2026-05-18,2026-05-11 17:17:10,S1034,Yashnobod,41.258648,69.298597,26.8,3.2,50.36,223.8,0.7025,82.6,94.5,2.97,1,0.3829
2026-05-12,2026-05-11 17:17:10,S1035,Yashnobod,41.240861,69.341987,43.3,8.8,50.18,222.1,0.2808,87.3,67.6,3.57,1,0.3818
2026-05-13,2026-05-11 17:17:10,S1035,Yashnobod,41.240861,69.341987,40.7,7.6,49.89,220.9,0.3332,87.1,69.5,3.74,1,0.3818
2026-05-14,2026-05-11 17:17:10,S1035,Yashnobod,41.240861,69.341987,40.6,10.3,50.08,224.4,0.3119,88.2,66.1,3.42,1,0.3818
2026-05-15,2026-05-11 17:17:10,S1035,Yashnobod,41.240861,69.341987,40.7,9.4,50.17,223.2,0.2188,88.8,70.2,3.08,1,0.3818
2026-05-16,2026-05-11 17:17:10,S1035,Yashnobod,41.240861,69.341987,39.6,9.4,50.08,226.5,0.0234,85.9,65.3,3.48,0,0.0318
2026-05-17,2026-05-11 17:17:10,S1035,Yashnobod,41.240861,69.341987,39.7,9.7,49.76,224.3,0.1617,83.5,56.8,3.35,1,0.3818
2026-05-18,2026-05-11 17:17:10,S1035,Yashnobod,41.240861,69.341987,43.1,9.6,49.59,228.0,0.0856,90.7,67.7,3.21,1,0.3818
2026-05-12,2026-05-11 17:17:10,S1036,Yashnobod,41.244776,69.35105,26.0,8.2,50.09,208.3,0.6442,86.6,57.3,3.83,1,0.3759
2026-05-13,2026-05-11 17:17:10,S1036,Yashnobod,41.244776,69.35105,24.1,7.3,50.41,213.3,0.6507,85.6,61.2,3.97,0,0.0259
2026-05-14,2026-05-11 17:17:10,S1036,Yashnobod,41.244776,69.35105,23.1,6.7,50.23,214.2,0.7682,85.7,54.6,3.4,0,0.0259
2026-05-15,2026-05-11 17:17:10,S1036,Yashnobod,41.244776,69.35105,22.9,7.1,50.24,209.7,0.7981,87.8,59.1,3.42,1,0.3759
2026-05-16,2026-05-11 17:17:10,S1036,Yashnobod,41.244776,69.35105,27.4,8.8,50.38,212.9,0.8092,84.2,55.1,3.52,1,0.3759
2026-05-17,2026-05-11 17:17:10,S1036,Yashnobod,41.244776,69.35105,24.7,7.9,50.26,213.0,0.837,88.9,54.5,3.26,0,0.0259
2026-05-18,2026-05-11 17:17:10,S1036,Yashnobod,41.244776,69.35105,26.6,6.4,50.35,209.2,0.8411,89.4,50.4,3.43,1,0.3759
2026-05-12,2026-05-11 17:17:10,S1037,Yashnobod,41.259329,69.300577,45.9,2.9,49.66,208.0,0.8308,88.0,68.5,4.36,2,0.737
2026-05-13,2026-05-11 17:17:10,S1037,Yashnobod,41.259329,69.300577,43.1,2.5,49.65,210.3,0.7704,89.4,70.9,4.02,1,0.387
2026-05-14,2026-05-11 17:17:10,S1037,Yashnobod,41.259329,69.300577,42.7,2.5,49.76,211.1,0.8887,90.1,68.2,4.56,1,0.387
2026-05-15,2026-05-11 17:17:10,S1037,Yashnobod,41.259329,69.300577,43.6,0.0,49.79,208.1,0.9525,90.3,55.1,4.73,1,0.387
2026-05-16,2026-05-11 17:17:10,S1037,Yashnobod,41.259329,69.300577,46.2,0.6,49.89,208.2,1.0133,89.7,50.6,4.65,2,0.737
2026-05-17,2026-05-11 17:17:10,S1037,Yashnobod,41.259329,69.300577,47.0,2.3,49.8,209.5,0.92,88.8,47.5,4.49,2,0.737
2026-05-18,2026-05-11 17:17:10,S1037,Yashnobod,41.259329,69.300577,43.7,0.7,49.7,210.3,0.7728,90.2,48.5,4.76,1,0.387
2026-05-12,2026-05-11 17:17:10,S1038,Yashnobod,41.216681,69.272534,31.0,12.5,50.82,222.2,0.0286,86.4,43.7,3.44,1,0.3687
2026-05-13,2026-05-11 17:17:10,S1038,Yashnobod,41.216681,69.272534,33.9,13.3,50.77,225.0,0.01,88.0,44.9,3.39,1,0.3687
2026-05-14,2026-05-11 17:17:10,S1038,Yashnobod,41.216681,69.272534,35.9,10.7,50.94,225.0,0.0251,84.6,43.0,3.71,1,0.3687
2026-05-15,2026-05-11 17:17:10,S1038,Yashnobod,41.216681,69.272534,36.8,12.7,50.94,226.7,0.01,88.5,34.0,3.57,1,0.3687
2026-05-16,2026-05-11 17:17:10,S1038,Yashnobod,41.216681,69.272534,38.5,13.2,50.89,226.6,0.0821,83.9,41.7,3.35,1,0.3687
2026-05-17,2026-05-11 17:17:10,S1038,Yashnobod,41.216681,69.272534,32.5,14.5,51.01,226.4,0.01,84.3,41.6,3.41,2,0.7187
2026-05-18,2026-05-11 17:17:10,S1038,Yashnobod,41.216681,69.272534,29.7,14.1,50.94,225.9,0.01,82.0,36.7,3.21,1,0.3687
2026-05-12,2026-05-11 17:17:10,S1039,Yashnobod,41.220881,69.277583,39.3,10.5,49.85,216.9,0.3408,90.3,48.9,3.35,0,0.0329
2026-05-13,2026-05-11 17:17:10,S1039,Yashnobod,41.220881,69.277583,37.2,10.1,49.87,217.1,0.3575,88.1,52.6,3.58,0,0.0329
2026-05-14,2026-05-11 17:17:10,S1039,Yashnobod,41.220881,69.277583,39.7,8.4,49.89,216.7,0.2406,89.4,52.8,3.56,0,0.0329
2026-05-15,2026-05-11 17:17:10,S1039,Yashnobod,41.220881,69.277583,39.0,8.1,49.97,218.3,0.328,86.3,43.1,3.44,0,0.0329
2026-05-16,2026-05-11 17:17:10,S1039,Yashnobod,41.220881,69.277583,40.6,6.7,49.86,216.5,0.3311,90.4,41.3,3.49,1,0.3829
2026-05-17,2026-05-11 17:17:10,S1039,Yashnobod,41.220881,69.277583,40.4,7.7,49.86,212.6,0.1786,87.7,39.7,3.55,1,0.3829
2026-05-18,2026-05-11 17:17:10,S1039,Yashnobod,41.220881,69.277583,40.8,7.3,49.85,213.3,0.2926,88.3,38.7,3.66,1,0.3829
2026-05-12,2026-05-11 17:17:10,S1040,Yashnobod,41.218133,69.34361,34.1,17.4,49.82,224.4,0.3462,86.9,57.4,4.13,0,0.0309
2026-05-13,2026-05-11 17:17:10,S1040,Yashnobod,41.218133,69.34361,32.3,16.7,49.72,224.2,0.6045,84.5,49.5,3.71,1,0.3809
2026-05-14,2026-05-11 17:17:10,S1040,Yashnobod,41.218133,69.34361,32.2,17.9,49.9,226.7,0.5325,87.0,49.8,3.43,0,0.0309
2026-05-15,2026-05-11 17:17:10,S1040,Yashnobod,41.218133,69.34361,31.9,17.3,49.84,225.4,0.7372,86.7,42.7,3.26,0,0.0309
2026-05-16,2026-05-11 17:17:10,S1040,Yashnobod,41.218133,69.34361,32.2,18.6,49.85,224.6,0.6109,87.5,45.5,3.89,0,0.0309
2026-05-17,2026-05-11 17:17:10,S1040,Yashnobod,41.218133,69.34361,29.7,18.7,49.9,222.7,0.7625,86.3,41.6,3.8,0,0.0309
2026-05-18,2026-05-11 17:17:10,S1040,Yashnobod,41.218133,69.34361,29.4,21.1,50.01,223.7,0.6952,86.7,42.7,3.66,0,0.0309
2026-05-12,2026-05-11 17:17:10,S1041,Yashnobod,41.253612,69.320627,41.3,8.0,50.28,230.2,0.7039,68.7,95.0,4.54,2,0.7325
2026-05-13,2026-05-11 17:17:10,S1041,Yashnobod,41.253612,69.320627,41.9,6.8,50.25,236.1,0.6431,71.9,94.9,4.05,2,0.7325
2026-05-14,2026-05-11 17:17:10,S1041,Yashnobod,41.253612,69.320627,41.0,8.2,50.27,232.8,0.7045,70.9,91.8,4.48,2,0.7325
2026-05-15,2026-05-11 17:17:10,S1041,Yashnobod,41.253612,69.320627,43.1,6.2,50.23,236.7,0.7045,71.1,89.4,4.32,2,0.7325
2026-05-16,2026-05-11 17:17:10,S1041,Yashnobod,41.253612,69.320627,43.0,6.8,50.44,240.3,0.6973,73.4,92.6,4.48,2,0.7325
2026-05-17,2026-05-11 17:17:10,S1041,Yashnobod,41.253612,69.320627,45.6,7.0,50.23,236.0,0.5977,74.7,90.7,4.35,2,0.7325
2026-05-18,2026-05-11 17:17:10,S1041,Yashnobod,41.253612,69.320627,43.1,6.2,50.4,238.7,0.678,72.3,93.0,4.42,2,0.7325
2026-05-12,2026-05-11 17:17:10,S1042,Yashnobod,41.258151,69.311903,42.0,9.3,50.17,211.9,0.5761,89.6,78.6,4.16,1,0.3673
2026-05-13,2026-05-11 17:17:10,S1042,Yashnobod,41.258151,69.311903,42.7,7.5,50.13,207.5,0.4522,87.1,64.4,3.88,1,0.3673
2026-05-14,2026-05-11 17:17:10,S1042,Yashnobod,41.258151,69.311903,39.4,9.5,50.33,215.2,0.324,85.6,68.8,4.6,0,0.0173
2026-05-15,2026-05-11 17:17:10,S1042,Yashnobod,41.258151,69.311903,38.7,9.4,50.05,211.7,0.2957,89.5,75.5,4.27,0,0.0173
2026-05-16,2026-05-11 17:17:10,S1042,Yashnobod,41.258151,69.311903,40.4,11.1,49.97,215.3,0.3583,87.7,73.1,4.61,1,0.3673
2026-05-17,2026-05-11 17:17:10,S1042,Yashnobod,41.258151,69.311903,41.3,10.2,50.13,210.5,0.2527,91.5,66.3,4.42,1,0.3673
2026-05-18,2026-05-11 17:17:10,S1042,Yashnobod,41.258151,69.311903,38.5,11.7,50.06,211.0,0.3045,89.2,71.0,4.77,0,0.0173
2026-05-12,2026-05-11 17:17:10,S1043,Yashnobod,41.227992,69.315432,34.9,3.4,49.84,223.3,0.9066,99.1,47.5,4.2,0,0.028
2026-05-13,2026-05-11 17:17:10,S1043,Yashnobod,41.227992,69.315432,33.8,3.9,49.66,224.5,0.7584,96.2,52.3,3.77,0,0.028
2026-05-14,2026-05-11 17:17:10,S1043,Yashnobod,41.227992,69.315432,35.3,4.9,49.75,226.6,0.7943,99.7,42.6,4.26,0,0.028
2026-05-15,2026-05-11 17:17:10,S1043,Yashnobod,41.227992,69.315432,30.3,3.1,49.62,226.6,0.7761,97.7,37.7,4.38,0,0.028
2026-05-16,2026-05-11 17:17:10,S1043,Yashnobod,41.227992,69.315432,33.2,3.2,49.73,227.0,0.7519,100.0,35.3,4.2,0,0.028
2026-05-17,2026-05-11 17:17:10,S1043,Yashnobod,41.227992,69.315432,33.8,2.4,49.65,224.4,0.7398,100.0,34.0,3.82,0,0.028
2026-05-18,2026-05-11 17:17:10,S1043,Yashnobod,41.227992,69.315432,37.6,3.0,49.58,228.4,0.7534,100.0,32.8,4.02,0,0.028
2026-05-12,2026-05-11 17:17:10,S1044,Yashnobod,41.252026,69.339152,32.3,12.7,50.04,215.6,0.6962,79.8,29.0,2.71,1,0.372
2026-05-13,2026-05-11 17:17:10,S1044,Yashnobod,41.252026,69.339152,34.3,14.3,49.79,215.1,0.5239,82.3,25.6,2.7,1,0.372
2026-05-14,2026-05-11 17:17:10,S1044,Yashnobod,41.252026,69.339152,33.2,15.9,50.08,216.4,0.6841,81.6,26.4,2.7,1,0.372
2026-05-15,2026-05-11 17:17:10,S1044,Yashnobod,41.252026,69.339152,30.1,15.6,50.03,217.4,0.6631,80.7,25.0,3.08,1,0.372
2026-05-16,2026-05-11 17:17:10,S1044,Yashnobod,41.252026,69.339152,32.1,16.5,50.13,214.1,0.5098,79.7,27.0,3.46,1,0.372
2026-05-17,2026-05-11 17:17:10,S1044,Yashnobod,41.252026,69.339152,28.6,16.4,50.05,207.6,0.6131,82.4,28.7,2.87,1,0.372
2026-05-18,2026-05-11 17:17:10,S1044,Yashnobod,41.252026,69.339152,29.2,18.5,50.08,213.1,0.5386,83.5,25.0,3.4,1,0.372
2026-05-12,2026-05-11 17:17:10,S1045,Yashnobod,41.251305,69.300694,17.9,2.0,49.45,222.7,0.0649,89.8,92.7,4.05,1,0.3656
2026-05-13,2026-05-11 17:17:10,S1045,Yashnobod,41.251305,69.300694,17.4,3.4,49.5,225.6,0.0835,87.4,88.7,4.4,0,0.0156
2026-05-14,2026-05-11 17:17:10,S1045,Yashnobod,41.251305,69.300694,16.6,2.9,49.47,225.6,0.01,90.1,95.0,4.34,1,0.3656
2026-05-15,2026-05-11 17:17:10,S1045,Yashnobod,41.251305,69.300694,14.1,2.0,49.63,227.0,0.01,89.8,88.7,4.18,0,0.0156
2026-05-16,2026-05-11 17:17:10,S1045,Yashnobod,41.251305,69.300694,12.6,1.0,49.45,224.6,0.01,88.9,89.0,4.18,1,0.3656
2026-05-17,2026-05-11 17:17:10,S1045,Yashnobod,41.251305,69.300694,10.5,1.5,49.6,224.3,0.01,89.0,81.6,4.57,0,0.0156
2026-05-18,2026-05-11 17:17:10,S1045,Yashnobod,41.251305,69.300694,12.0,0.1,49.35,227.8,0.01,85.0,91.5,4.59,1,0.3656
2026-05-12,2026-05-11 17:17:10,S1046,Yashnobod,41.217049,69.305729,31.8,10.0,49.88,225.1,0.8346,83.9,71.8,1.36,1,0.3807
2026-05-13,2026-05-11 17:17:10,S1046,Yashnobod,41.217049,69.305729,30.9,11.9,49.76,218.9,0.7742,86.4,70.9,1.33,0,0.0307
2026-05-14,2026-05-11 17:17:10,S1046,Yashnobod,41.217049,69.305729,30.4,9.2,49.67,221.2,0.859,85.9,71.2,1.52,0,0.0307
2026-05-15,2026-05-11 17:17:10,S1046,Yashnobod,41.217049,69.305729,29.8,10.5,49.67,221.2,0.8844,82.6,65.8,1.81,1,0.3807
2026-05-16,2026-05-11 17:17:10,S1046,Yashnobod,41.217049,69.305729,33.2,9.9,49.76,224.9,0.8606,84.9,66.9,1.4,1,0.3807
2026-05-17,2026-05-11 17:17:10,S1046,Yashnobod,41.217049,69.305729,29.9,6.9,49.77,221.4,0.9916,83.4,60.5,1.3,1,0.3807
2026-05-18,2026-05-11 17:17:10,S1046,Yashnobod,41.217049,69.305729,31.2,8.1,49.6,219.6,1.0354,81.1,64.3,1.35,1,0.3807
2026-05-12,2026-05-11 17:17:10,S1047,Yashnobod,41.220744,69.279138,36.0,6.3,50.22,206.2,0.4762,97.1,95.0,2.9,1,0.3888
2026-05-13,2026-05-11 17:17:10,S1047,Yashnobod,41.220744,69.279138,37.2,8.1,50.24,203.3,0.6097,92.9,95.0,2.49,1,0.3888
2026-05-14,2026-05-11 17:17:10,S1047,Yashnobod,41.220744,69.279138,36.1,9.8,50.39,203.4,0.4818,95.6,93.4,3.14,1,0.3888
2026-05-15,2026-05-11 17:17:10,S1047,Yashnobod,41.220744,69.279138,38.5,5.9,50.27,200.5,0.4163,97.0,95.0,3.12,1,0.3888
2026-05-16,2026-05-11 17:17:10,S1047,Yashnobod,41.220744,69.279138,42.7,6.2,50.31,200.0,0.5057,98.1,95.0,2.53,1,0.3888
2026-05-17,2026-05-11 17:17:10,S1047,Yashnobod,41.220744,69.279138,41.3,8.1,50.47,197.3,0.6428,94.7,95.0,3.28,2,0.7388
2026-05-18,2026-05-11 17:17:10,S1047,Yashnobod,41.220744,69.279138,39.1,10.1,50.3,195.0,0.4979,100.0,95.0,3.38,2,0.7388
2026-05-12,2026-05-11 17:17:10,S1048,Yashnobod,41.221777,69.324403,23.5,11.8,50.41,216.9,0.8417,93.0,43.1,3.37,0,0.0294
2026-05-13,2026-05-11 17:17:10,S1048,Yashnobod,41.221777,69.324403,26.0,11.6,50.34,215.7,0.7914,91.8,52.7,4.26,0,0.0294
2026-05-14,2026-05-11 17:17:10,S1048,Yashnobod,41.221777,69.324403,26.2,12.8,50.23,213.3,0.6972,86.9,44.7,3.52,0,0.0294
2026-05-15,2026-05-11 17:17:10,S1048,Yashnobod,41.221777,69.324403,26.0,13.3,50.22,212.8,0.8163,86.7,54.9,4.13,0,0.0294
2026-05-16,2026-05-11 17:17:10,S1048,Yashnobod,41.221777,69.324403,27.6,13.9,50.27,208.4,0.6434,89.6,48.7,3.46,1,0.3794
2026-05-17,2026-05-11 17:17:10,S1048,Yashnobod,41.221777,69.324403,25.4,13.7,50.29,204.5,0.7912,87.5,51.3,3.67,1,0.3794
2026-05-18,2026-05-11 17:17:10,S1048,Yashnobod,41.221777,69.324403,26.8,15.3,50.33,207.4,0.8567,90.4,50.6,3.8,1,0.3794
2026-05-12,2026-05-11 17:17:10,S1049,Yashnobod,41.245466,69.297576,34.7,7.2,50.48,223.2,0.9284,81.9,74.4,3.69,1,0.3756
2026-05-13,2026-05-11 17:17:10,S1049,Yashnobod,41.245466,69.297576,36.2,5.5,50.23,214.7,0.9251,83.3,77.0,3.97,1,0.3756
2026-05-14,2026-05-11 17:17:10,S1049,Yashnobod,41.245466,69.297576,36.9,7.7,50.16,222.1,0.9632,83.0,76.0,4.1,1,0.3756
2026-05-15,2026-05-11 17:17:10,S1049,Yashnobod,41.245466,69.297576,41.3,5.0,50.36,217.2,0.9624,80.8,75.7,4.04,1,0.3756
2026-05-16,2026-05-11 17:17:10,S1049,Yashnobod,41.245466,69.297576,38.4,5.7,50.11,222.9,0.8471,82.3,70.6,4.01,1,0.3756
2026-05-17,2026-05-11 17:17:10,S1049,Yashnobod,41.245466,69.297576,36.2,5.9,50.24,212.5,0.9783,83.4,66.4,3.59,1,0.3756
2026-05-18,2026-05-11 17:17:10,S1049,Yashnobod,41.245466,69.297576,37.3,4.2,50.1,212.7,0.9084,82.6,67.0,4.12,1,0.3756
2026-05-12,2026-05-11 17:17:10,S1050,Yashnobod,41.265555,69.320329,31.5,4.2,49.87,230.7,0.01,95.7,72.9,4.44,1,0.379
2026-05-13,2026-05-11 17:17:10,S1050,Yashnobod,41.265555,69.320329,31.4,5.6,49.87,232.4,0.01,96.3,65.1,4.24,1,0.379
2026-05-14,2026-05-11 17:17:10,S1050,Yashnobod,41.265555,69.320329,32.4,4.5,49.82,232.9,0.0446,100.0,66.7,4.5,1,0.379
2026-05-15,2026-05-11 17:17:10,S1050,Yashnobod,41.265555,69.320329,31.7,3.7,49.72,230.5,0.01,96.5,58.5,4.55,1,0.379
2026-05-16,2026-05-11 17:17:10,S1050,Yashnobod,41.265555,69.320329,33.2,4.5,49.82,236.4,0.01,98.8,57.4,4.57,1,0.379
2026-05-17,2026-05-11 17:17:10,S1050,Yashnobod,41.265555,69.320329,33.0,3.9,49.56,233.8,0.01,100.0,60.0,4.98,1,0.379
2026-05-18,2026-05-11 17:17:10,S1050,Yashnobod,41.265555,69.320329,31.3,3.1,49.64,239.9,0.01,100.0,61.0,4.73,1,0.379
2026-05-12,2026-05-11 17:17:10,S1051,Yashnobod,41.218859,69.299546,30.5,5.9,49.94,228.0,0.3564,99.8,63.5,2.56,0,0.0336
2026-05-13,2026-05-11 17:17:10,S1051,Yashnobod,41.218859,69.299546,32.2,7.4,50.02,229.0,0.4827,100.0,71.6,2.28,0,0.0336
2026-05-14,2026-05-11 17:17:10,S1051,Yashnobod,41.218859,69.299546,32.3,6.5,49.84,227.9,0.4422,100.0,66.1,2.37,0,0.0336
2026-05-15,2026-05-11 17:17:10,S1051,Yashnobod,41.218859,69.299546,34.8,6.2,49.92,227.8,0.4882,100.0,68.3,2.5,0,0.0336
2026-05-16,2026-05-11 17:17:10,S1051,Yashnobod,41.218859,69.299546,34.5,7.3,49.96,230.8,0.5259,100.0,71.9,2.81,1,0.3836
2026-05-17,2026-05-11 17:17:10,S1051,Yashnobod,41.218859,69.299546,29.9,5.4,49.94,229.1,0.4757,100.0,66.1,2.25,0,0.0336
2026-05-18,2026-05-11 17:17:10,S1051,Yashnobod,41.218859,69.299546,37.2,6.1,50.08,232.1,0.6152,100.0,69.0,2.71,1,0.3836
2026-05-12,2026-05-11 17:17:10,S1052,Yashnobod,41.248788,69.332443,29.8,7.7,49.64,201.5,0.3765,89.7,71.9,3.77,1,0.3914
2026-05-13,2026-05-11 17:17:10,S1052,Yashnobod,41.248788,69.332443,31.2,5.9,49.62,202.3,0.4936,93.7,71.3,3.2,1,0.3914
2026-05-14,2026-05-11 17:17:10,S1052,Yashnobod,41.248788,69.332443,34.0,5.8,49.75,197.7,0.5104,89.6,69.9,3.05,2,0.7414
2026-05-15,2026-05-11 17:17:10,S1052,Yashnobod,41.248788,69.332443,33.6,5.6,49.62,197.6,0.4898,88.2,65.7,3.07,2,0.7414
2026-05-16,2026-05-11 17:17:10,S1052,Yashnobod,41.248788,69.332443,32.0,5.6,49.68,199.5,0.5215,91.2,72.7,2.97,2,0.7414
2026-05-17,2026-05-11 17:17:10,S1052,Yashnobod,41.248788,69.332443,32.6,5.8,49.63,195.2,0.525,89.8,73.2,3.15,2,0.7414
2026-05-18,2026-05-11 17:17:10,S1052,Yashnobod,41.248788,69.332443,32.9,7.5,49.56,195.0,0.5716,90.8,64.1,2.92,2,0.7414
2026-05-12,2026-05-11 17:17:10,S1053,Yashnobod,41.262776,69.339305,34.9,6.2,49.93,231.4,0.9115,94.0,61.9,0.58,1,0.3746
2026-05-13,2026-05-11 17:17:10,S1053,Yashnobod,41.262776,69.339305,38.0,6.8,49.98,236.4,0.9271,95.5,66.8,0.57,1,0.3746
2026-05-14,2026-05-11 17:17:10,S1053,Yashnobod,41.262776,69.339305,36.6,8.5,50.06,235.8,0.9007,93.3,69.9,0.5,1,0.3746
2026-05-15,2026-05-11 17:17:10,S1053,Yashnobod,41.262776,69.339305,36.9,7.9,49.93,235.3,0.8404,92.4,70.2,0.5,1,0.3746
2026-05-16,2026-05-11 17:17:10,S1053,Yashnobod,41.262776,69.339305,37.9,7.7,49.9,236.0,0.8392,95.8,70.1,0.5,1,0.3746
2026-05-17,2026-05-11 17:17:10,S1053,Yashnobod,41.262776,69.339305,41.2,7.5,49.69,237.0,0.8209,95.8,66.0,0.5,1,0.3746
2026-05-18,2026-05-11 17:17:10,S1053,Yashnobod,41.262776,69.339305,39.4,10.4,49.66,236.1,0.9357,89.3,69.6,0.5,1,0.3746
2026-05-12,2026-05-11 17:17:10,S1054,Yashnobod,41.242308,69.353702,36.8,18.8,49.6,232.1,0.6096,80.1,72.2,2.52,1,0.3782
2026-05-13,2026-05-11 17:17:10,S1054,Yashnobod,41.242308,69.353702,35.7,17.4,50.01,230.7,0.5079,78.6,71.3,2.38,1,0.3782
2026-05-14,2026-05-11 17:17:10,S1054,Yashnobod,41.242308,69.353702,38.0,17.6,49.84,233.1,0.5505,75.5,74.2,2.18,1,0.3782
2026-05-15,2026-05-11 17:17:10,S1054,Yashnobod,41.242308,69.353702,38.6,21.0,49.97,231.4,0.5868,76.4,75.8,2.33,1,0.3782
2026-05-16,2026-05-11 17:17:10,S1054,Yashnobod,41.242308,69.353702,41.8,20.5,50.0,235.1,0.5079,76.8,72.2,2.41,1,0.3782
2026-05-17,2026-05-11 17:17:10,S1054,Yashnobod,41.242308,69.353702,42.3,18.6,50.02,233.3,0.357,74.8,74.6,2.14,2,0.7282
2026-05-18,2026-05-11 17:17:10,S1054,Yashnobod,41.242308,69.353702,38.1,21.1,50.13,234.3,0.4375,75.5,75.1,2.12,1,0.3782
2026-05-12,2026-05-11 17:17:10,S1055,Yashnobod,41.242002,69.304675,35.1,7.7,50.32,220.0,0.6128,88.9,81.3,4.44,0,0.0322
2026-05-13,2026-05-11 17:17:10,S1055,Yashnobod,41.242002,69.304675,37.3,9.1,50.25,224.8,0.696,89.7,71.0,5.04,1,0.3822
2026-05-14,2026-05-11 17:17:10,S1055,Yashnobod,41.242002,69.304675,37.8,7.6,50.24,219.2,0.5797,93.3,66.8,4.58,0,0.0322
2026-05-15,2026-05-11 17:17:10,S1055,Yashnobod,41.242002,69.304675,35.3,9.5,50.04,218.6,0.8559,90.1,72.8,4.3,0,0.0322
2026-05-16,2026-05-11 17:17:10,S1055,Yashnobod,41.242002,69.304675,36.4,8.3,50.15,219.9,0.7271,94.3,78.1,4.91,0,0.0322
2026-05-17,2026-05-11 17:17:10,S1055,Yashnobod,41.242002,69.304675,35.9,5.7,50.36,220.2,0.8417,93.1,73.8,4.42,0,0.0322
2026-05-18,2026-05-11 17:17:10,S1055,Yashnobod,41.242002,69.304675,35.2,8.0,50.26,223.0,0.7574,95.5,75.4,4.62,0,0.0322
2026-05-12,2026-05-11 17:17:10,S1056,Yashnobod,41.251175,69.292567,35.8,15.5,50.12,219.5,0.5571,77.8,61.2,3.29,1,0.3685
2026-05-13,2026-05-11 17:17:10,S1056,Yashnobod,41.251175,69.292567,35.2,16.0,50.15,218.3,0.7815,78.2,58.8,2.86,1,0.3685
2026-05-14,2026-05-11 17:17:10,S1056,Yashnobod,41.251175,69.292567,37.6,14.0,50.27,218.4,0.6612,77.3,62.5,2.74,1,0.3685
2026-05-15,2026-05-11 17:17:10,S1056,Yashnobod,41.251175,69.292567,38.7,16.1,50.34,216.7,0.7081,80.2,67.0,3.41,1,0.3685
2026-05-16,2026-05-11 17:17:10,S1056,Yashnobod,41.251175,69.292567,37.7,15.5,50.22,219.3,0.6689,80.6,64.3,3.53,1,0.3685
2026-05-17,2026-05-11 17:17:10,S1056,Yashnobod,41.251175,69.292567,38.6,15.8,50.25,218.4,0.7356,81.7,61.8,3.43,1,0.3685
2026-05-18,2026-05-11 17:17:10,S1056,Yashnobod,41.251175,69.292567,37.6,15.8,50.34,216.1,0.6699,80.0,61.7,3.32,1,0.3685
2026-05-12,2026-05-11 17:17:10,S1057,Yashnobod,41.270166,69.35042,51.9,8.3,49.33,223.4,0.5615,98.1,68.2,3.1,2,0.7285
2026-05-13,2026-05-11 17:17:10,S1057,Yashnobod,41.270166,69.35042,47.1,9.4,49.38,224.9,0.4709,95.3,59.8,2.8,2,0.7285
2026-05-14,2026-05-11 17:17:10,S1057,Yashnobod,41.270166,69.35042,49.9,9.5,49.48,229.8,0.4096,96.9,63.7,3.02,2,0.7285
2026-05-15,2026-05-11 17:17:10,S1057,Yashnobod,41.270166,69.35042,50.6,10.3,48.94,226.3,0.3494,97.0,68.6,3.08,2,0.7285
2026-05-16,2026-05-11 17:17:10,S1057,Yashnobod,41.270166,69.35042,50.6,11.6,49.11,229.9,0.4057,95.8,65.8,2.95,2,0.7285
2026-05-17,2026-05-11 17:17:10,S1057,Yashnobod,41.270166,69.35042,48.2,10.9,48.97,229.8,0.3036,96.1,64.0,3.17,2,0.7285
2026-05-18,2026-05-11 17:17:10,S1057,Yashnobod,41.270166,69.35042,51.2,11.6,49.07,233.0,0.2116,95.2,72.2,2.88,2,0.7285
2026-05-12,2026-05-11 17:17:10,S1058,Yashnobod,41.229222,69.30983,31.5,4.3,50.12,204.6,0.2087,84.5,62.8,3.77,1,0.3754
2026-05-13,2026-05-11 17:17:10,S1058,Yashnobod,41.229222,69.30983,29.8,5.9,50.1,205.8,0.1411,83.0,51.2,3.47,1,0.3754
2026-05-14,2026-05-11 17:17:10,S1058,Yashnobod,41.229222,69.30983,30.6,5.5,49.97,208.1,0.0698,82.7,58.7,3.17,1,0.3754
2026-05-15,2026-05-11 17:17:10,S1058,Yashnobod,41.229222,69.30983,29.1,7.8,49.78,206.7,0.119,84.1,49.5,3.65,1,0.3754
2026-05-16,2026-05-11 17:17:10,S1058,Yashnobod,41.229222,69.30983,29.5,6.5,49.69,205.5,0.0215,82.8,52.4,3.58,1,0.3754
2026-05-17,2026-05-11 17:17:10,S1058,Yashnobod,41.229222,69.30983,29.1,3.2,49.63,204.2,0.0877,79.9,55.6,3.08,1,0.3754
2026-05-18,2026-05-11 17:17:10,S1058,Yashnobod,41.229222,69.30983,27.4,5.9,49.4,206.8,0.0896,80.7,68.0,3.89,1,0.3754
2026-05-12,2026-05-11 17:17:10,S1059,Yashnobod,41.222202,69.277334,32.2,1.1,50.08,219.9,0.7828,93.5,58.8,3.63,0,0.021
2026-05-13,2026-05-11 17:17:10,S1059,Yashnobod,41.222202,69.277334,32.2,3.2,50.09,216.3,0.7124,93.2,59.7,2.98,0,0.021
2026-05-14,2026-05-11 17:17:10,S1059,Yashnobod,41.222202,69.277334,31.4,3.5,50.16,212.7,0.7047,90.6,72.6,3.46,0,0.021
2026-05-15,2026-05-11 17:17:10,S1059,Yashnobod,41.222202,69.277334,33.2,2.4,50.13,214.5,0.6502,93.1,72.4,3.26,0,0.021
2026-05-16,2026-05-11 17:17:10,S1059,Yashnobod,41.222202,69.277334,28.1,5.1,50.08,210.1,0.7257,94.0,72.3,3.92,0,0.021
2026-05-17,2026-05-11 17:17:10,S1059,Yashnobod,41.222202,69.277334,27.4,4.5,50.08,208.2,0.704,95.6,74.7,3.61,1,0.371
2026-05-18,2026-05-11 17:17:10,S1059,Yashnobod,41.222202,69.277334,29.8,3.0,50.06,214.3,0.6042,94.5,71.2,3.27,0,0.021
2026-05-12,2026-05-11 17:17:10,S1060,Yashnobod,41.271444,69.309667,22.5,7.5,49.62,219.1,0.4418,85.1,69.9,2.37,0,0.0295
2026-05-13,2026-05-11 17:17:10,S1060,Yashnobod,41.271444,69.309667,21.8,6.2,49.38,220.7,0.2622,84.1,74.4,2.6,1,0.3795
2026-05-14,2026-05-11 17:17:10,S1060,Yashnobod,41.271444,69.309667,21.8,6.4,49.49,218.3,0.2155,84.1,73.6,2.0,1,0.3795
2026-05-15,2026-05-11 17:17:10,S1060,Yashnobod,41.271444,69.309667,21.9,6.2,49.64,220.8,0.4668,82.0,79.0,2.22,1,0.3795
2026-05-16,2026-05-11 17:17:10,S1060,Yashnobod,41.271444,69.309667,24.2,5.5,49.35,225.0,0.3885,80.9,76.8,2.38,1,0.3795
2026-05-17,2026-05-11 17:17:10,S1060,Yashnobod,41.271444,69.309667,23.7,5.8,49.53,222.4,0.4462,85.5,81.9,2.05,0,0.0295
2026-05-18,2026-05-11 17:17:10,S1060,Yashnobod,41.271444,69.309667,26.7,5.0,49.35,222.1,0.5024,80.7,95.0,2.06,1,0.3795
2026-05-12,2026-05-11 17:17:10,S1061,Yashnobod,41.264733,69.338812,33.1,3.1,49.47,215.9,0.8537,82.9,85.7,3.28,1,0.3908
2026-05-13,2026-05-11 17:17:10,S1061,Yashnobod,41.264733,69.338812,33.1,2.0,49.54,214.7,0.8239,80.9,80.6,3.21,1,0.3908
2026-05-14,2026-05-11 17:17:10,S1061,Yashnobod,41.264733,69.338812,32.6,0.4,49.44,214.3,0.8654,80.8,90.3,3.23,1,0.3908
2026-05-15,2026-05-11 17:17:10,S1061,Yashnobod,41.264733,69.338812,30.4,2.4,49.42,213.5,0.841,84.1,84.4,2.29,1,0.3908
2026-05-16,2026-05-11 17:17:10,S1061,Yashnobod,41.264733,69.338812,29.7,0.7,49.36,212.6,0.6675,82.4,90.6,2.73,1,0.3908
2026-05-17,2026-05-11 17:17:10,S1061,Yashnobod,41.264733,69.338812,27.3,0.7,49.43,210.8,0.9386,85.3,85.5,3.03,1,0.3908
2026-05-18,2026-05-11 17:17:10,S1061,Yashnobod,41.264733,69.338812,25.1,0.0,49.21,212.0,0.8726,77.6,88.7,2.66,1,0.3908
2026-05-12,2026-05-11 17:17:10,S1062,Yashnobod,41.218444,69.305889,34.9,12.1,49.74,238.1,0.3203,79.5,61.2,3.26,1,0.3701
2026-05-13,2026-05-11 17:17:10,S1062,Yashnobod,41.218444,69.305889,36.2,10.4,49.91,230.9,0.403,75.4,56.3,3.38,1,0.3701
2026-05-14,2026-05-11 17:17:10,S1062,Yashnobod,41.218444,69.305889,35.3,10.3,50.02,240.0,0.3405,78.8,63.1,3.34,1,0.3701
2026-05-15,2026-05-11 17:17:10,S1062,Yashnobod,41.218444,69.305889,40.6,9.4,49.74,239.3,0.5114,79.2,67.4,3.19,1,0.3701
2026-05-16,2026-05-11 17:17:10,S1062,Yashnobod,41.218444,69.305889,39.1,9.7,49.71,238.2,0.4081,77.3,59.5,3.29,1,0.3701
2026-05-17,2026-05-11 17:17:10,S1062,Yashnobod,41.218444,69.305889,39.9,8.3,49.78,233.4,0.3315,78.2,68.9,3.41,1,0.3701
2026-05-18,2026-05-11 17:17:10,S1062,Yashnobod,41.218444,69.305889,39.4,7.7,49.83,238.3,0.2194,78.2,65.4,3.14,1,0.3701
2026-05-12,2026-05-11 17:17:10,S1063,Yashnobod,41.242321,69.315979,27.6,13.8,49.47,211.3,0.1987,94.5,58.9,3.06,1,0.3821
2026-05-13,2026-05-11 17:17:10,S1063,Yashnobod,41.242321,69.315979,30.4,16.2,49.37,211.4,0.0391,91.5,53.3,3.35,1,0.3821
2026-05-14,2026-05-11 17:17:10,S1063,Yashnobod,41.242321,69.315979,28.3,14.9,49.46,213.5,0.0113,95.0,47.3,2.6,1,0.3821
2026-05-15,2026-05-11 17:17:10,S1063,Yashnobod,41.242321,69.315979,27.0,15.4,49.36,211.8,0.01,99.2,54.5,3.06,1,0.3821
2026-05-16,2026-05-11 17:17:10,S1063,Yashnobod,41.242321,69.315979,24.1,16.7,49.7,214.4,0.01,98.0,49.0,2.68,0,0.0321
2026-05-17,2026-05-11 17:17:10,S1063,Yashnobod,41.242321,69.315979,26.4,19.3,49.47,213.4,0.01,100.0,46.7,2.71,1,0.3821
2026-05-18,2026-05-11 17:17:10,S1063,Yashnobod,41.242321,69.315979,28.2,16.4,49.44,213.7,0.01,100.0,43.3,2.05,1,0.3821
2026-05-12,2026-05-11 17:17:10,S1064,Yashnobod,41.271448,69.313161,30.4,3.6,50.0,229.2,0.3609,88.2,59.7,5.02,1,0.3868
2026-05-13,2026-05-11 17:17:10,S1064,Yashnobod,41.271448,69.313161,29.5,8.7,49.98,228.6,0.5722,94.8,54.0,4.72,0,0.0368
2026-05-14,2026-05-11 17:17:10,S1064,Yashnobod,41.271448,69.313161,29.2,7.7,49.91,231.1,0.3537,94.7,42.1,5.23,1,0.3868
2026-05-15,2026-05-11 17:17:10,S1064,Yashnobod,41.271448,69.313161,29.8,7.0,49.86,231.9,0.3634,97.2,50.0,4.91,1,0.3868
2026-05-16,2026-05-11 17:17:10,S1064,Yashnobod,41.271448,69.313161,30.5,5.6,49.94,231.3,0.3349,93.6,50.5,5.09,1,0.3868
2026-05-17,2026-05-11 17:17:10,S1064,Yashnobod,41.271448,69.313161,29.1,6.8,49.92,233.7,0.3196,90.3,43.8,4.87,1,0.3868
2026-05-18,2026-05-11 17:17:10,S1064,Yashnobod,41.271448,69.313161,30.0,7.6,50.05,232.0,0.128,94.3,50.3,4.56,1,0.3868
2026-05-12,2026-05-11 17:17:10,S1065,Yashnobod,41.21999,69.344377,34.3,5.8,50.08,220.6,0.5098,88.3,67.8,3.29,0,0.0243
2026-05-13,2026-05-11 17:17:10,S1065,Yashnobod,41.21999,69.344377,35.9,6.0,49.89,217.4,0.5112,92.0,67.4,3.59,0,0.0243
2026-05-14,2026-05-11 17:17:10,S1065,Yashnobod,41.21999,69.344377,37.7,3.9,49.97,212.9,0.3655,90.9,77.3,3.68,0,0.0243
2026-05-15,2026-05-11 17:17:10,S1065,Yashnobod,41.21999,69.344377,35.6,4.6,49.76,214.3,0.3886,87.2,72.8,3.69,0,0.0243
2026-05-16,2026-05-11 17:17:10,S1065,Yashnobod,41.21999,69.344377,37.7,3.8,49.88,221.3,0.4099,86.7,70.1,4.17,0,0.0243
2026-05-17,2026-05-11 17:17:10,S1065,Yashnobod,41.21999,69.344377,39.0,4.8,49.83,220.9,0.4371,84.5,85.9,4.12,1,0.3743
2026-05-18,2026-05-11 17:17:10,S1065,Yashnobod,41.21999,69.344377,38.0,4.9,49.9,222.0,0.4469,84.9,78.7,4.03,1,0.3743
2026-05-12,2026-05-11 17:17:10,S1066,Yashnobod,41.222056,69.338737,29.9,12.4,49.83,216.8,0.6961,93.1,68.5,3.87,0,0.0244
2026-05-13,2026-05-11 17:17:10,S1066,Yashnobod,41.222056,69.338737,31.2,12.0,49.94,219.1,0.6338,93.6,56.5,4.32,0,0.0244
2026-05-14,2026-05-11 17:17:10,S1066,Yashnobod,41.222056,69.338737,28.8,7.9,50.11,217.2,0.6578,91.4,55.9,4.03,0,0.0244
2026-05-15,2026-05-11 17:17:10,S1066,Yashnobod,41.222056,69.338737,30.9,10.1,49.9,219.4,0.6013,94.7,54.3,3.54,0,0.0244
2026-05-16,2026-05-11 17:17:10,S1066,Yashnobod,41.222056,69.338737,32.3,10.7,50.1,221.0,0.5839,93.5,52.3,4.4,0,0.0244
2026-05-17,2026-05-11 17:17:10,S1066,Yashnobod,41.222056,69.338737,30.4,11.2,50.08,217.9,0.6318,94.6,37.2,4.04,0,0.0244
2026-05-18,2026-05-11 17:17:10,S1066,Yashnobod,41.222056,69.338737,30.7,10.0,50.14,218.1,0.5607,97.3,39.9,4.17,0,0.0244
2026-05-12,2026-05-11 17:17:10,S1067,Yashnobod,41.263769,69.319447,39.1,7.0,49.84,221.6,0.6229,89.7,86.9,3.82,0,0.0229
2026-05-13,2026-05-11 17:17:10,S1067,Yashnobod,41.263769,69.319447,31.9,7.4,50.1,220.9,0.5121,88.8,83.5,4.33,0,0.0229
2026-05-14,2026-05-11 17:17:10,S1067,Yashnobod,41.263769,69.319447,34.3,7.2,50.18,216.3,0.4063,90.9,79.5,4.05,0,0.0229
2026-05-15,2026-05-11 17:17:10,S1067,Yashnobod,41.263769,69.319447,31.7,6.2,50.26,230.0,0.4121,91.4,81.5,4.22,0,0.0229
2026-05-16,2026-05-11 17:17:10,S1067,Yashnobod,41.263769,69.319447,31.8,8.6,50.26,221.0,0.3957,88.9,85.1,4.32,0,0.0229
2026-05-17,2026-05-11 17:17:10,S1067,Yashnobod,41.263769,69.319447,34.9,8.2,50.31,225.2,0.4664,90.4,76.1,4.9,0,0.0229
2026-05-18,2026-05-11 17:17:10,S1067,Yashnobod,41.263769,69.319447,30.2,8.9,50.32,223.6,0.3957,93.2,79.2,4.77,0,0.0229
2026-05-12,2026-05-11 17:17:10,S1068,Yashnobod,41.223216,69.324081,28.1,7.8,49.86,218.8,0.1986,75.1,94.1,3.34,1,0.3735
2026-05-13,2026-05-11 17:17:10,S1068,Yashnobod,41.223216,69.324081,29.2,6.6,49.95,211.0,0.157,78.7,95.0,3.27,1,0.3735
2026-05-14,2026-05-11 17:17:10,S1068,Yashnobod,41.223216,69.324081,28.4,7.8,49.86,210.9,0.181,76.7,93.8,3.45,1,0.3735
2026-05-15,2026-05-11 17:17:10,S1068,Yashnobod,41.223216,69.324081,30.6,8.1,49.92,208.9,0.2445,77.8,95.0,3.69,1,0.3735
2026-05-16,2026-05-11 17:17:10,S1068,Yashnobod,41.223216,69.324081,30.8,5.9,49.94,211.2,0.1848,79.9,95.0,3.75,1,0.3735
2026-05-17,2026-05-11 17:17:10,S1068,Yashnobod,41.223216,69.324081,27.5,5.9,50.01,203.6,0.2417,76.9,88.9,3.53,1,0.3735
2026-05-18,2026-05-11 17:17:10,S1068,Yashnobod,41.223216,69.324081,29.4,5.0,49.82,204.3,0.1528,77.9,93.2,3.7,1,0.3735
2026-05-12,2026-05-11 17:17:10,S1069,Yashnobod,41.223565,69.317494,31.5,0.8,50.08,220.4,0.699,87.0,65.5,3.18,0,0.0252
2026-05-13,2026-05-11 17:17:10,S1069,Yashnobod,41.223565,69.317494,30.4,0.0,50.19,223.9,0.6701,85.7,64.4,3.05,0,0.0252
2026-05-14,2026-05-11 17:17:10,S1069,Yashnobod,41.223565,69.317494,30.5,1.2,50.14,223.8,0.7015,86.4,70.3,3.39,0,0.0252
2026-05-15,2026-05-11 17:17:10,S1069,Yashnobod,41.223565,69.317494,30.1,1.3,50.2,218.8,0.5637,87.3,68.2,3.42,0,0.0252
2026-05-16,2026-05-11 17:17:10,S1069,Yashnobod,41.223565,69.317494,33.0,0.0,50.25,220.5,0.6267,81.5,72.8,3.03,1,0.3752
2026-05-17,2026-05-11 17:17:10,S1069,Yashnobod,41.223565,69.317494,28.4,0.5,50.16,220.3,0.5746,87.3,73.7,3.4,0,0.0252
2026-05-18,2026-05-11 17:17:10,S1069,Yashnobod,41.223565,69.317494,30.6,3.4,50.15,223.0,0.6816,86.4,58.9,3.13,0,0.0252
2026-05-12,2026-05-11 17:17:10,S1070,Yashnobod,41.215965,69.335526,50.1,6.2,49.97,231.3,0.9088,74.3,46.1,5.53,2,0.7223
2026-05-13,2026-05-11 17:17:10,S1070,Yashnobod,41.215965,69.335526,52.0,4.6,50.11,231.2,0.7904,75.4,48.5,6.32,2,0.7223
2026-05-14,2026-05-11 17:17:10,S1070,Yashnobod,41.215965,69.335526,51.8,4.5,49.9,230.8,0.8633,72.0,47.8,6.59,2,0.7223
2026-05-15,2026-05-11 17:17:10,S1070,Yashnobod,41.215965,69.335526,50.5,5.5,50.15,231.1,0.955,72.6,50.8,6.64,2,0.7223
2026-05-16,2026-05-11 17:17:10,S1070,Yashnobod,41.215965,69.335526,51.8,6.6,50.14,228.1,0.9176,66.8,50.2,6.78,2,0.7223
2026-05-17,2026-05-11 17:17:10,S1070,Yashnobod,41.215965,69.335526,49.7,6.5,50.07,233.3,0.9105,67.9,51.1,7.0,2,0.7223
2026-05-18,2026-05-11 17:17:10,S1070,Yashnobod,41.215965,69.335526,55.0,8.7,50.15,231.5,0.8557,68.8,47.4,6.97,2,0.7223
2026-05-12,2026-05-11 17:17:10,S1071,Yashnobod,41.26715,69.289226,39.3,7.1,50.09,223.7,0.1769,91.4,49.6,2.83,0,0.0256
2026-05-13,2026-05-11 17:17:10,S1071,Yashnobod,41.26715,69.289226,32.3,7.6,49.86,230.2,0.3394,89.6,55.9,3.4,1,0.3756
2026-05-14,2026-05-11 17:17:10,S1071,Yashnobod,41.26715,69.289226,39.0,6.6,49.94,227.6,0.2545,88.8,48.5,2.64,0,0.0256
2026-05-15,2026-05-11 17:17:10,S1071,Yashnobod,41.26715,69.289226,36.3,6.5,49.83,226.9,0.2643,85.6,44.3,2.42,0,0.0256
2026-05-16,2026-05-11 17:17:10,S1071,Yashnobod,41.26715,69.289226,35.1,7.0,50.0,227.6,0.2288,85.8,52.6,2.3,0,0.0256
2026-05-17,2026-05-11 17:17:10,S1071,Yashnobod,41.26715,69.289226,38.8,8.3,49.87,227.3,0.2719,88.3,31.5,2.66,0,0.0256
2026-05-18,2026-05-11 17:17:10,S1071,Yashnobod,41.26715,69.289226,39.5,7.8,49.9,226.7,0.3464,87.0,42.8,2.23,0,0.0256
2026-05-12,2026-05-11 17:17:10,S1072,Yashnobod,41.257236,69.306209,29.1,6.0,49.93,221.2,0.3605,93.1,74.2,3.57,0,0.0226
2026-05-13,2026-05-11 17:17:10,S1072,Yashnobod,41.257236,69.306209,28.9,5.7,49.94,224.2,0.245,92.9,71.8,3.39,0,0.0226
2026-05-14,2026-05-11 17:17:10,S1072,Yashnobod,41.257236,69.306209,26.5,6.9,49.8,228.4,0.3003,90.3,66.2,3.88,0,0.0226
2026-05-15,2026-05-11 17:17:10,S1072,Yashnobod,41.257236,69.306209,27.5,6.4,50.14,223.9,0.3136,88.0,74.1,3.59,0,0.0226
2026-05-16,2026-05-11 17:17:10,S1072,Yashnobod,41.257236,69.306209,29.0,7.6,50.21,222.4,0.3694,86.4,69.6,3.81,0,0.0226
2026-05-17,2026-05-11 17:17:10,S1072,Yashnobod,41.257236,69.306209,23.9,6.4,50.13,225.2,0.24,89.9,68.8,3.78,0,0.0226
2026-05-18,2026-05-11 17:17:10,S1072,Yashnobod,41.257236,69.306209,29.7,5.7,50.25,222.9,0.3418,88.4,63.8,3.7,0,0.0226
2026-05-12,2026-05-11 17:17:10,S1073,Yashnobod,41.216354,69.335388,27.5,8.2,50.23,226.3,0.8195,82.5,78.9,3.18,1,0.3906
2026-05-13,2026-05-11 17:17:10,S1073,Yashnobod,41.216354,69.335388,27.4,6.1,50.33,222.9,0.6897,81.1,80.7,3.55,1,0.3906
2026-05-14,2026-05-11 17:17:10,S1073,Yashnobod,41.216354,69.335388,27.6,6.7,50.3,225.6,0.7938,82.3,80.7,3.66,1,0.3906
2026-05-15,2026-05-11 17:17:10,S1073,Yashnobod,41.216354,69.335388,33.4,8.4,50.25,223.9,0.641,80.2,80.0,3.8,1,0.3906
2026-05-16,2026-05-11 17:17:10,S1073,Yashnobod,41.216354,69.335388,29.3,9.7,50.23,227.3,0.7838,79.3,83.0,3.9,1,0.3906
2026-05-17,2026-05-11 17:17:10,S1073,Yashnobod,41.216354,69.335388,27.1,10.6,50.23,232.1,0.7481,80.0,95.0,4.04,1,0.3906
2026-05-18,2026-05-11 17:17:10,S1073,Yashnobod,41.216354,69.335388,26.3,12.2,50.34,229.4,0.7277,80.0,81.6,4.35,1,0.3906
2026-05-12,2026-05-11 17:17:10,S1074,Yashnobod,41.217618,69.333784,41.0,7.1,50.25,211.9,0.3304,95.9,40.0,2.83,1,0.3707
2026-05-13,2026-05-11 17:17:10,S1074,Yashnobod,41.217618,69.333784,41.5,7.9,50.15,211.4,0.5259,96.2,45.2,2.76,1,0.3707
2026-05-14,2026-05-11 17:17:10,S1074,Yashnobod,41.217618,69.333784,41.7,6.9,50.17,208.8,0.4436,98.4,48.3,2.61,1,0.3707
2026-05-15,2026-05-11 17:17:10,S1074,Yashnobod,41.217618,69.333784,42.2,6.5,50.29,209.9,0.4942,97.9,32.7,3.02,1,0.3707
2026-05-16,2026-05-11 17:17:10,S1074,Yashnobod,41.217618,69.333784,41.0,7.1,50.33,207.2,0.4373,97.1,32.2,2.85,1,0.3707
2026-05-17,2026-05-11 17:17:10,S1074,Yashnobod,41.217618,69.333784,39.8,6.9,50.05,211.7,0.3458,99.0,40.1,2.89,0,0.0207
2026-05-18,2026-05-11 17:17:10,S1074,Yashnobod,41.217618,69.333784,39.0,9.1,50.1,205.1,0.5849,98.2,34.8,2.97,1,0.3707
2026-05-12,2026-05-11 17:17:10,S1075,Yashnobod,41.257457,69.304252,33.1,11.5,50.49,232.6,0.3554,83.6,59.3,3.07,1,0.3869
2026-05-13,2026-05-11 17:17:10,S1075,Yashnobod,41.257457,69.304252,32.2,11.4,50.53,237.1,0.0776,83.7,52.1,3.46,1,0.3869
2026-05-14,2026-05-11 17:17:10,S1075,Yashnobod,41.257457,69.304252,33.3,12.1,50.64,238.3,0.259,81.5,54.9,3.58,1,0.3869
2026-05-15,2026-05-11 17:17:10,S1075,Yashnobod,41.257457,69.304252,35.8,11.5,50.62,240.0,0.2598,80.2,59.2,3.18,1,0.3869
2026-05-16,2026-05-11 17:17:10,S1075,Yashnobod,41.257457,69.304252,33.6,10.9,50.32,237.3,0.1855,81.6,49.5,3.09,1,0.3869
2026-05-17,2026-05-11 17:17:10,S1075,Yashnobod,41.257457,69.304252,35.1,12.7,50.67,240.1,0.1922,79.6,49.2,3.24,2,0.7369
2026-05-18,2026-05-11 17:17:10,S1075,Yashnobod,41.257457,69.304252,34.9,14.7,50.65,244.7,0.2195,78.0,51.7,3.3,2,0.7369
2026-05-12,2026-05-11 17:17:10,S1076,Yashnobod,41.232146,69.324843,41.2,13.9,50.23,215.9,0.4719,91.2,83.0,2.98,1,0.3721
2026-05-13,2026-05-11 17:17:10,S1076,Yashnobod,41.232146,69.324843,40.1,13.3,50.18,214.5,0.5574,91.2,83.3,3.7,1,0.3721
2026-05-14,2026-05-11 17:17:10,S1076,Yashnobod,41.232146,69.324843,41.9,13.3,50.25,217.8,0.607,89.0,90.1,3.26,1,0.3721
2026-05-15,2026-05-11 17:17:10,S1076,Yashnobod,41.232146,69.324843,40.9,12.5,50.18,218.7,0.5315,89.6,85.2,3.43,1,0.3721
2026-05-16,2026-05-11 17:17:10,S1076,Yashnobod,41.232146,69.324843,38.6,14.0,50.17,219.7,0.6075,91.1,82.2,3.46,0,0.0221
2026-05-17,2026-05-11 17:17:10,S1076,Yashnobod,41.232146,69.324843,39.2,12.5,49.93,214.9,0.6345,90.4,86.3,3.07,0,0.0221
2026-05-18,2026-05-11 17:17:10,S1076,Yashnobod,41.232146,69.324843,40.2,10.4,50.0,209.2,0.6342,91.0,81.7,3.41,1,0.3721
2026-05-12,2026-05-11 17:17:10,S1077,Yashnobod,41.262817,69.353102,37.6,6.9,50.2,225.9,0.2773,85.8,45.5,3.24,0,0.0204
2026-05-13,2026-05-11 17:17:10,S1077,Yashnobod,41.262817,69.353102,37.4,4.6,50.24,221.7,0.149,86.4,56.9,3.29,0,0.0204
2026-05-14,2026-05-11 17:17:10,S1077,Yashnobod,41.262817,69.353102,36.2,6.1,50.26,221.9,0.1511,84.2,52.1,3.27,1,0.3704
2026-05-15,2026-05-11 17:17:10,S1077,Yashnobod,41.262817,69.353102,33.1,3.8,50.16,226.6,0.4221,84.8,47.2,3.97,1,0.3704
2026-05-16,2026-05-11 17:17:10,S1077,Yashnobod,41.262817,69.353102,34.3,3.6,50.29,224.6,0.438,83.9,53.0,4.0,1,0.3704
2026-05-17,2026-05-11 17:17:10,S1077,Yashnobod,41.262817,69.353102,32.2,1.0,50.15,223.2,0.4876,83.5,55.8,3.85,1,0.3704
2026-05-18,2026-05-11 17:17:10,S1077,Yashnobod,41.262817,69.353102,28.3,4.3,50.16,222.8,0.4883,80.0,47.2,4.17,1,0.3704
2026-05-12,2026-05-11 17:17:10,S1078,Yashnobod,41.273687,69.302842,41.8,11.8,50.15,215.6,0.0369,85.2,62.1,3.24,1,0.392
2026-05-13,2026-05-11 17:17:10,S1078,Yashnobod,41.273687,69.302842,40.9,13.4,50.24,209.6,0.1289,86.6,67.3,3.7,1,0.392
2026-05-14,2026-05-11 17:17:10,S1078,Yashnobod,41.273687,69.302842,39.6,13.1,50.21,211.2,0.123,85.4,73.8,3.55,0,0.042
2026-05-15,2026-05-11 17:17:10,S1078,Yashnobod,41.273687,69.302842,39.2,10.5,50.27,211.0,0.1557,85.1,68.9,3.5,0,0.042
2026-05-16,2026-05-11 17:17:10,S1078,Yashnobod,41.273687,69.302842,43.2,10.7,50.19,209.6,0.01,87.5,71.6,3.11,1,0.392
2026-05-17,2026-05-11 17:17:10,S1078,Yashnobod,41.273687,69.302842,41.5,10.4,50.39,212.1,0.1065,85.0,79.8,3.19,1,0.392
2026-05-18,2026-05-11 17:17:10,S1078,Yashnobod,41.273687,69.302842,37.5,12.2,50.24,213.7,0.01,86.7,68.8,3.88,0,0.042
2026-05-12,2026-05-11 17:17:10,S1079,Yashnobod,41.237321,69.313294,39.2,14.1,49.81,228.6,0.7327,83.8,61.6,4.41,1,0.3819
2026-05-13,2026-05-11 17:17:10,S1079,Yashnobod,41.237321,69.313294,40.3,14.7,49.69,230.0,0.6938,83.8,47.7,4.3,1,0.3819
2026-05-14,2026-05-11 17:17:10,S1079,Yashnobod,41.237321,69.313294,39.3,14.0,49.55,234.9,0.7053,84.4,51.7,5.27,1,0.3819
2026-05-15,2026-05-11 17:17:10,S1079,Yashnobod,41.237321,69.313294,38.3,15.4,49.68,229.5,0.6356,84.8,53.9,4.85,1,0.3819
2026-05-16,2026-05-11 17:17:10,S1079,Yashnobod,41.237321,69.313294,39.6,15.9,49.66,232.6,0.6163,83.9,54.7,5.22,1,0.3819
2026-05-17,2026-05-11 17:17:10,S1079,Yashnobod,41.237321,69.313294,40.3,15.9,49.55,227.4,0.6471,86.9,51.3,5.25,1,0.3819
2026-05-18,2026-05-11 17:17:10,S1079,Yashnobod,41.237321,69.313294,39.2,16.0,49.43,224.7,0.6212,81.0,49.2,5.16,1,0.3819
2026-05-12,2026-05-11 17:17:10,S1080,Yashnobod,41.224649,69.346597,36.2,12.0,49.94,221.3,0.1543,97.4,67.1,4.09,0,0.0154
2026-05-13,2026-05-11 17:17:10,S1080,Yashnobod,41.224649,69.346597,36.2,13.6,50.09,219.8,0.1622,96.8,70.1,4.05,0,0.0154
2026-05-14,2026-05-11 17:17:10,S1080,Yashnobod,41.224649,69.346597,31.2,9.6,49.99,224.4,0.2915,95.8,58.8,4.19,0,0.0154
2026-05-15,2026-05-11 17:17:10,S1080,Yashnobod,41.224649,69.346597,31.6,11.9,50.03,220.2,0.262,98.7,64.3,4.41,0,0.0154
2026-05-16,2026-05-11 17:17:10,S1080,Yashnobod,41.224649,69.346597,34.0,8.9,50.17,217.5,0.2407,98.4,63.5,4.05,0,0.0154
2026-05-17,2026-05-11 17:17:10,S1080,Yashnobod,41.224649,69.346597,28.6,12.7,50.24,221.7,0.1767,97.8,69.9,3.97,0,0.0154
2026-05-18,2026-05-11 17:17:10,S1080,Yashnobod,41.224649,69.346597,30.0,8.7,50.32,220.3,0.01,96.9,61.4,4.13,0,0.0154
2026-05-12,2026-05-11 17:17:10,S1081,Yashnobod,41.273279,69.336394,46.1,17.3,49.85,231.1,0.3307,86.8,88.5,4.83,2,0.7207
2026-05-13,2026-05-11 17:17:10,S1081,Yashnobod,41.273279,69.336394,42.7,20.7,49.9,230.3,0.3638,86.9,89.1,4.56,1,0.3707
2026-05-14,2026-05-11 17:17:10,S1081,Yashnobod,41.273279,69.336394,42.4,19.8,49.92,224.7,0.3511,90.0,89.3,4.52,1,0.3707
2026-05-15,2026-05-11 17:17:10,S1081,Yashnobod,41.273279,69.336394,43.8,20.1,49.88,226.2,0.335,89.1,88.2,4.59,1,0.3707
2026-05-16,2026-05-11 17:17:10,S1081,Yashnobod,41.273279,69.336394,41.3,19.8,49.86,220.4,0.4182,89.3,82.7,4.78,1,0.3707
2026-05-17,2026-05-11 17:17:10,S1081,Yashnobod,41.273279,69.336394,42.9,19.6,49.77,224.9,0.4477,91.7,95.0,4.52,1,0.3707
2026-05-18,2026-05-11 17:17:10,S1081,Yashnobod,41.273279,69.336394,44.1,18.8,49.72,225.4,0.4435,90.6,87.8,4.67,1,0.3707
2026-05-12,2026-05-11 17:17:10,S1082,Yashnobod,41.250993,69.34909,32.0,0.8,49.66,226.6,0.4756,94.0,60.4,3.61,0,0.0416
2026-05-13,2026-05-11 17:17:10,S1082,Yashnobod,41.250993,69.34909,32.6,2.2,49.87,225.5,0.4814,91.5,55.8,3.84,0,0.0416
2026-05-14,2026-05-11 17:17:10,S1082,Yashnobod,41.250993,69.34909,32.7,1.4,49.87,224.9,0.4474,92.7,58.4,4.07,0,0.0416
2026-05-15,2026-05-11 17:17:10,S1082,Yashnobod,41.250993,69.34909,33.0,0.0,49.84,224.3,0.6063,92.2,62.3,4.21,0,0.0416
2026-05-16,2026-05-11 17:17:10,S1082,Yashnobod,41.250993,69.34909,32.0,0.0,49.95,227.1,0.4932,89.4,56.4,3.69,0,0.0416
2026-05-17,2026-05-11 17:17:10,S1082,Yashnobod,41.250993,69.34909,36.1,0.0,50.01,229.6,0.6597,94.5,55.0,3.93,0,0.0416
2026-05-18,2026-05-11 17:17:10,S1082,Yashnobod,41.250993,69.34909,33.6,0.0,49.92,228.2,0.5562,92.1,58.7,3.61,0,0.0416
2026-05-12,2026-05-11 17:17:10,S1083,Yashnobod,41.253915,69.328786,36.3,1.8,49.86,219.1,0.7178,87.8,53.9,4.04,0,0.0265
2026-05-13,2026-05-11 17:17:10,S1083,Yashnobod,41.253915,69.328786,34.5,4.0,50.03,216.4,0.7751,85.7,57.6,3.88,0,0.0265
2026-05-14,2026-05-11 17:17:10,S1083,Yashnobod,41.253915,69.328786,40.8,3.1,49.87,219.0,0.7238,80.7,52.9,3.92,1,0.3765
2026-05-15,2026-05-11 17:17:10,S1083,Yashnobod,41.253915,69.328786,39.1,2.5,49.92,216.0,0.5875,82.5,65.4,3.81,1,0.3765
2026-05-16,2026-05-11 17:17:10,S1083,Yashnobod,41.253915,69.328786,36.1,4.2,49.84,214.7,0.7617,81.2,52.3,3.58,1,0.3765
2026-05-17,2026-05-11 17:17:10,S1083,Yashnobod,41.253915,69.328786,35.9,2.6,49.79,221.8,0.675,81.6,55.7,3.44,1,0.3765
2026-05-18,2026-05-11 17:17:10,S1083,Yashnobod,41.253915,69.328786,37.1,5.2,49.74,218.4,0.599,81.9,47.9,3.37,1,0.3765
2026-05-12,2026-05-11 17:17:10,S1084,Yashnobod,41.218151,69.328427,40.7,10.2,50.38,219.6,0.6847,88.9,61.7,3.33,1,0.3701
2026-05-13,2026-05-11 17:17:10,S1084,Yashnobod,41.218151,69.328427,41.6,13.2,50.38,215.4,0.7839,87.8,57.8,3.5,1,0.3701
2026-05-14,2026-05-11 17:17:10,S1084,Yashnobod,41.218151,69.328427,40.7,9.6,50.42,214.4,0.62,90.8,56.9,3.4,1,0.3701
2026-05-15,2026-05-11 17:17:10,S1084,Yashnobod,41.218151,69.328427,42.0,11.9,50.38,213.7,0.5618,87.4,55.7,3.45,1,0.3701
2026-05-16,2026-05-11 17:17:10,S1084,Yashnobod,41.218151,69.328427,38.8,10.4,50.21,216.8,0.7048,89.2,58.5,3.53,0,0.0201
2026-05-17,2026-05-11 17:17:10,S1084,Yashnobod,41.218151,69.328427,39.1,9.5,50.42,212.4,0.5755,88.0,52.9,3.42,0,0.0201
2026-05-18,2026-05-11 17:17:10,S1084,Yashnobod,41.218151,69.328427,39.3,10.6,50.36,212.7,0.5315,90.8,53.6,3.76,0,0.0201
2026-05-12,2026-05-11 17:17:10,S1085,Yashnobod,41.222237,69.353172,44.4,14.8,49.66,210.8,0.9609,89.2,95.0,3.2,1,0.3808
2026-05-13,2026-05-11 17:17:10,S1085,Yashnobod,41.222237,69.353172,42.1,16.1,49.69,214.2,0.8053,85.4,95.0,3.71,1,0.3808
2026-05-14,2026-05-11 17:17:10,S1085,Yashnobod,41.222237,69.353172,42.2,17.0,49.77,216.1,1.0427,83.6,95.0,3.69,1,0.3808
2026-05-15,2026-05-11 17:17:10,S1085,Yashnobod,41.222237,69.353172,39.1,16.0,49.77,211.7,1.0645,83.8,95.0,3.49,1,0.3808
2026-05-16,2026-05-11 17:17:10,S1085,Yashnobod,41.222237,69.353172,40.1,17.2,49.59,211.1,1.0522,81.8,95.0,3.68,1,0.3808
2026-05-17,2026-05-11 17:17:10,S1085,Yashnobod,41.222237,69.353172,39.4,17.0,49.76,214.8,1.0185,81.5,95.0,3.88,1,0.3808
2026-05-18,2026-05-11 17:17:10,S1085,Yashnobod,41.222237,69.353172,42.4,19.2,49.56,211.8,0.9077,83.4,95.0,3.52,1,0.3808
2026-05-12,2026-05-11 17:17:10,S1086,Yashnobod,41.254329,69.275336,29.4,11.9,50.33,225.0,0.4901,76.1,81.3,3.25,1,0.371
2026-05-13,2026-05-11 17:17:10,S1086,Yashnobod,41.254329,69.275336,30.8,12.5,50.25,221.6,0.4637,78.5,80.4,3.25,1,0.371
2026-05-14,2026-05-11 17:17:10,S1086,Yashnobod,41.254329,69.275336,31.6,11.9,50.18,226.8,0.4289,76.8,71.6,3.46,1,0.371
2026-05-15,2026-05-11 17:17:10,S1086,Yashnobod,41.254329,69.275336,28.6,13.1,50.21,229.1,0.2946,78.1,76.5,3.38,1,0.371
2026-05-16,2026-05-11 17:17:10,S1086,Yashnobod,41.254329,69.275336,28.0,11.7,50.2,230.7,0.4598,76.3,82.6,3.55,1,0.371
2026-05-17,2026-05-11 17:17:10,S1086,Yashnobod,41.254329,69.275336,28.6,9.2,50.3,226.9,0.4885,74.8,77.8,3.93,2,0.721
2026-05-18,2026-05-11 17:17:10,S1086,Yashnobod,41.254329,69.275336,28.1,10.8,50.23,229.7,0.4258,73.1,78.0,3.79,2,0.721
2026-05-12,2026-05-11 17:17:10,S1087,Yashnobod,41.234313,69.279137,28.7,4.8,50.0,227.4,0.6255,90.4,83.0,3.99,0,0.0277
2026-05-13,2026-05-11 17:17:10,S1087,Yashnobod,41.234313,69.279137,28.2,6.2,50.01,224.3,0.5686,93.6,83.5,3.9,0,0.0277
2026-05-14,2026-05-11 17:17:10,S1087,Yashnobod,41.234313,69.279137,29.5,8.5,50.21,223.9,0.6185,88.6,85.3,3.96,0,0.0277
2026-05-15,2026-05-11 17:17:10,S1087,Yashnobod,41.234313,69.279137,26.8,7.5,50.03,224.7,0.5582,90.1,87.1,4.4,0,0.0277
2026-05-16,2026-05-11 17:17:10,S1087,Yashnobod,41.234313,69.279137,26.6,8.0,50.05,226.5,0.5057,91.1,81.4,4.08,0,0.0277
2026-05-17,2026-05-11 17:17:10,S1087,Yashnobod,41.234313,69.279137,23.7,8.7,49.9,229.7,0.3461,89.7,82.1,4.12,0,0.0277
2026-05-18,2026-05-11 17:17:10,S1087,Yashnobod,41.234313,69.279137,27.2,8.0,50.08,230.6,0.5063,88.0,84.8,4.47,1,0.3777
2026-05-12,2026-05-11 17:17:10,S1088,Yashnobod,41.257462,69.283934,28.6,11.4,50.14,218.1,0.5145,83.0,80.7,2.65,1,0.3842
2026-05-13,2026-05-11 17:17:10,S1088,Yashnobod,41.257462,69.283934,27.2,11.1,50.09,218.1,0.5733,81.4,83.9,2.3,1,0.3842
2026-05-14,2026-05-11 17:17:10,S1088,Yashnobod,41.257462,69.283934,28.4,12.5,50.16,217.8,0.2942,81.0,81.3,2.41,1,0.3842
2026-05-15,2026-05-11 17:17:10,S1088,Yashnobod,41.257462,69.283934,27.1,13.9,50.2,217.2,0.3352,84.1,89.2,2.04,1,0.3842
2026-05-16,2026-05-11 17:17:10,S1088,Yashnobod,41.257462,69.283934,25.6,13.5,50.14,220.3,0.257,81.9,85.7,2.5,1,0.3842
2026-05-17,2026-05-11 17:17:10,S1088,Yashnobod,41.257462,69.283934,23.7,12.0,50.24,218.0,0.3373,84.1,85.5,1.89,1,0.3842
2026-05-18,2026-05-11 17:17:10,S1088,Yashnobod,41.257462,69.283934,19.5,12.8,50.17,217.0,0.2901,83.0,95.0,2.14,1,0.3842
2026-05-12,2026-05-11 17:17:10,S1089,Yashnobod,41.225024,69.2899,40.2,9.4,49.78,223.3,0.7224,76.4,74.5,5.2,1,0.3707
2026-05-13,2026-05-11 17:17:10,S1089,Yashnobod,41.225024,69.2899,37.3,6.8,49.77,222.0,0.7825,74.1,85.3,5.61,2,0.7207
2026-05-14,2026-05-11 17:17:10,S1089,Yashnobod,41.225024,69.2899,37.3,7.4,49.73,224.8,0.7442,74.8,68.7,5.54,2,0.7207
2026-05-15,2026-05-11 17:17:10,S1089,Yashnobod,41.225024,69.2899,37.0,9.0,49.65,222.2,0.818,72.4,79.2,5.24,2,0.7207
2026-05-16,2026-05-11 17:17:10,S1089,Yashnobod,41.225024,69.2899,38.0,6.4,49.88,224.8,0.6733,72.5,72.2,4.96,2,0.7207
2026-05-17,2026-05-11 17:17:10,S1089,Yashnobod,41.225024,69.2899,33.6,8.4,49.76,223.5,0.6975,73.4,77.9,5.41,2,0.7207
2026-05-18,2026-05-11 17:17:10,S1089,Yashnobod,41.225024,69.2899,36.7,7.2,49.81,217.2,0.7415,72.9,68.8,5.0,2,0.7207
2026-05-12,2026-05-11 17:17:10,S1090,Yashnobod,41.268081,69.282075,39.1,9.1,49.61,225.6,1.3092,88.2,46.7,5.67,2,0.7295
2026-05-13,2026-05-11 17:17:10,S1090,Yashnobod,41.268081,69.282075,39.2,11.7,49.66,227.0,1.1295,89.2,26.1,5.48,1,0.3795
2026-05-14,2026-05-11 17:17:10,S1090,Yashnobod,41.268081,69.282075,39.4,12.1,49.71,227.7,1.3511,90.5,40.6,4.94,1,0.3795
2026-05-15,2026-05-11 17:17:10,S1090,Yashnobod,41.268081,69.282075,39.3,12.6,49.87,232.2,1.3439,90.1,36.1,4.89,1,0.3795
2026-05-16,2026-05-11 17:17:10,S1090,Yashnobod,41.268081,69.282075,39.1,14.6,49.87,234.0,1.4736,89.7,37.8,4.56,1,0.3795
2026-05-17,2026-05-11 17:17:10,S1090,Yashnobod,41.268081,69.282075,35.5,13.8,49.74,232.6,1.4383,92.0,41.3,5.15,1,0.3795
2026-05-18,2026-05-11 17:17:10,S1090,Yashnobod,41.268081,69.282075,37.1,11.0,49.84,240.6,1.5521,90.4,32.8,4.68,2,0.7295
2026-05-12,2026-05-11 17:17:10,S1091,Yashnobod,41.265922,69.343262,30.0,10.1,50.09,221.7,0.6572,87.3,57.0,4.01,0,0.0207
2026-05-13,2026-05-11 17:17:10,S1091,Yashnobod,41.265922,69.343262,30.9,10.6,49.96,223.9,0.6037,88.5,51.2,3.81,0,0.0207
2026-05-14,2026-05-11 17:17:10,S1091,Yashnobod,41.265922,69.343262,31.9,7.2,49.95,225.5,0.5264,87.5,42.2,3.69,0,0.0207
2026-05-15,2026-05-11 17:17:10,S1091,Yashnobod,41.265922,69.343262,34.1,7.9,49.96,229.4,0.5305,87.5,41.8,4.09,0,0.0207
2026-05-16,2026-05-11 17:17:10,S1091,Yashnobod,41.265922,69.343262,32.9,8.9,50.03,230.4,0.5705,91.0,55.7,3.68,1,0.3707
2026-05-17,2026-05-11 17:17:10,S1091,Yashnobod,41.265922,69.343262,31.9,8.9,49.93,230.8,0.6884,89.5,49.4,3.91,1,0.3707
2026-05-18,2026-05-11 17:17:10,S1091,Yashnobod,41.265922,69.343262,31.0,9.2,49.87,229.3,0.7506,91.2,52.1,4.09,0,0.0207
2026-05-12,2026-05-11 17:17:10,S1092,Yashnobod,41.219773,69.327906,25.7,11.4,50.31,229.3,0.1387,86.5,67.4,3.81,0,0.0201
2026-05-13,2026-05-11 17:17:10,S1092,Yashnobod,41.219773,69.327906,26.8,12.2,50.34,223.5,0.136,83.5,69.7,4.03,1,0.3701
2026-05-14,2026-05-11 17:17:10,S1092,Yashnobod,41.219773,69.327906,25.0,9.4,50.26,224.9,0.0366,86.1,71.2,3.85,0,0.0201
2026-05-15,2026-05-11 17:17:10,S1092,Yashnobod,41.219773,69.327906,24.5,9.8,50.3,225.6,0.2579,86.0,60.2,4.27,0,0.0201
2026-05-16,2026-05-11 17:17:10,S1092,Yashnobod,41.219773,69.327906,23.8,7.6,50.39,226.2,0.1036,85.0,61.5,4.02,0,0.0201
2026-05-17,2026-05-11 17:17:10,S1092,Yashnobod,41.219773,69.327906,23.3,10.6,50.24,224.4,0.1722,86.4,62.5,4.23,0,0.0201
2026-05-18,2026-05-11 17:17:10,S1092,Yashnobod,41.219773,69.327906,24.5,10.5,50.29,225.4,0.01,83.9,64.9,4.21,1,0.3701
2026-05-12,2026-05-11 17:17:10,S1093,Yashnobod,41.222741,69.325181,25.0,7.0,50.08,227.8,0.8697,92.8,72.1,2.86,0,0.0215
2026-05-13,2026-05-11 17:17:10,S1093,Yashnobod,41.222741,69.325181,26.9,8.7,49.93,228.8,0.5785,94.6,68.7,3.12,0,0.0215
2026-05-14,2026-05-11 17:17:10,S1093,Yashnobod,41.222741,69.325181,24.3,10.1,50.01,228.0,0.865,95.0,66.6,3.1,0,0.0215
2026-05-15,2026-05-11 17:17:10,S1093,Yashnobod,41.222741,69.325181,23.5,9.7,50.12,227.4,0.8447,95.4,64.0,3.4,0,0.0215
2026-05-16,2026-05-11 17:17:10,S1093,Yashnobod,41.222741,69.325181,25.2,9.7,50.08,224.2,0.8377,94.0,54.0,3.1,0,0.0215
2026-05-17,2026-05-11 17:17:10,S1093,Yashnobod,41.222741,69.325181,25.9,9.8,50.03,228.7,0.9295,97.2,62.9,3.38,0,0.0215
2026-05-18,2026-05-11 17:17:10,S1093,Yashnobod,41.222741,69.325181,21.9,10.7,50.06,229.5,0.8383,95.2,72.6,2.83,0,0.0215
2026-05-12,2026-05-11 17:17:10,S1094,Yashnobod,41.256298,69.300388,35.8,9.5,49.96,224.1,0.191,93.7,67.5,1.7,0,0.0226
2026-05-13,2026-05-11 17:17:10,S1094,Yashnobod,41.256298,69.300388,36.7,9.0,49.87,229.2,0.3388,93.6,64.3,1.9,0,0.0226
2026-05-14,2026-05-11 17:17:10,S1094,Yashnobod,41.256298,69.300388,39.9,6.9,50.0,225.1,0.383,91.7,70.1,1.84,0,0.0226
2026-05-15,2026-05-11 17:17:10,S1094,Yashnobod,41.256298,69.300388,28.5,9.3,49.99,228.7,0.3754,92.5,61.8,2.26,0,0.0226
2026-05-16,2026-05-11 17:17:10,S1094,Yashnobod,41.256298,69.300388,35.7,7.2,50.02,226.8,0.4765,90.9,69.0,1.89,0,0.0226
2026-05-17,2026-05-11 17:17:10,S1094,Yashnobod,41.256298,69.300388,34.6,6.9,50.26,233.0,0.4046,90.5,66.6,1.71,1,0.3726
2026-05-18,2026-05-11 17:17:10,S1094,Yashnobod,41.256298,69.300388,36.1,4.5,50.18,230.2,0.0923,85.5,68.8,1.76,1,0.3726
2026-05-12,2026-05-11 17:17:10,S1095,Yashnobod,41.227773,69.293041,34.0,8.1,49.51,219.7,0.1649,96.7,48.4,3.44,0,0.0257
2026-05-13,2026-05-11 17:17:10,S1095,Yashnobod,41.227773,69.293041,35.4,4.2,49.46,215.7,0.2413,95.1,50.1,2.97,1,0.3757
2026-05-14,2026-05-11 17:17:10,S1095,Yashnobod,41.227773,69.293041,34.0,7.3,49.44,217.5,0.2044,94.3,47.7,3.64,1,0.3757
2026-05-15,2026-05-11 17:17:10,S1095,Yashnobod,41.227773,69.293041,30.3,5.7,49.24,212.0,0.4473,92.1,56.3,3.77,1,0.3757
2026-05-16,2026-05-11 17:17:10,S1095,Yashnobod,41.227773,69.293041,35.0,4.1,49.2,216.8,0.3863,94.7,59.5,3.48,1,0.3757
2026-05-17,2026-05-11 17:17:10,S1095,Yashnobod,41.227773,69.293041,30.2,4.2,49.19,213.8,0.2764,94.9,49.6,3.33,1,0.3757
2026-05-18,2026-05-11 17:17:10,S1095,Yashnobod,41.227773,69.293041,30.9,1.7,49.07,209.3,0.3794,90.7,52.5,3.51,1,0.3757
2026-05-12,2026-05-11 17:17:10,S1096,Yashnobod,41.274127,69.283686,34.5,3.3,49.8,207.7,0.4826,79.3,92.0,2.12,1,0.3791
2026-05-13,2026-05-11 17:17:10,S1096,Yashnobod,41.274127,69.283686,32.6,2.3,49.62,213.3,0.4554,83.5,95.0,2.57,1,0.3791
2026-05-14,2026-05-11 17:17:10,S1096,Yashnobod,41.274127,69.283686,32.6,2.5,49.64,206.7,0.2841,79.3,92.7,2.32,1,0.3791
2026-05-15,2026-05-11 17:17:10,S1096,Yashnobod,41.274127,69.283686,31.3,3.1,49.81,212.9,0.4023,82.3,95.0,1.77,1,0.3791
2026-05-16,2026-05-11 17:17:10,S1096,Yashnobod,41.274127,69.283686,31.6,1.5,49.77,210.9,0.3171,81.1,95.0,1.89,1,0.3791
2026-05-17,2026-05-11 17:17:10,S1096,Yashnobod,41.274127,69.283686,28.5,2.2,49.74,208.9,0.25,80.8,92.8,1.95,1,0.3791
2026-05-18,2026-05-11 17:17:10,S1096,Yashnobod,41.274127,69.283686,28.3,1.6,49.69,212.4,0.2824,77.0,95.0,1.71,1,0.3791
2026-05-12,2026-05-11 17:17:10,S1097,Yashnobod,41.274637,69.323344,35.5,13.6,50.12,204.9,0.2725,91.6,65.1,4.63,1,0.3782
2026-05-13,2026-05-11 17:17:10,S1097,Yashnobod,41.274637,69.323344,33.9,13.7,50.04,209.4,0.5731,92.9,61.9,4.64,1,0.3782
2026-05-14,2026-05-11 17:17:10,S1097,Yashnobod,41.274637,69.323344,37.6,12.9,50.07,209.0,0.3112,93.7,60.4,4.53,1,0.3782
2026-05-15,2026-05-11 17:17:10,S1097,Yashnobod,41.274637,69.323344,35.2,13.6,50.03,206.9,0.5346,95.6,51.0,3.87,1,0.3782
2026-05-16,2026-05-11 17:17:10,S1097,Yashnobod,41.274637,69.323344,33.4,12.4,50.0,212.2,0.3736,92.1,56.8,4.4,0,0.0282
2026-05-17,2026-05-11 17:17:10,S1097,Yashnobod,41.274637,69.323344,35.5,10.9,50.05,207.1,0.4907,95.4,53.8,4.19,1,0.3782
2026-05-18,2026-05-11 17:17:10,S1097,Yashnobod,41.274637,69.323344,35.9,12.1,50.0,208.4,0.4173,93.0,56.5,4.75,1,0.3782
2026-05-12,2026-05-11 17:17:10,S1098,Yashnobod,41.221208,69.327714,37.5,10.4,49.89,216.5,0.0315,89.2,73.3,2.21,0,0.0341
2026-05-13,2026-05-11 17:17:10,S1098,Yashnobod,41.221208,69.327714,39.4,13.1,49.84,212.6,0.0624,89.8,69.7,1.73,0,0.0341
2026-05-14,2026-05-11 17:17:10,S1098,Yashnobod,41.221208,69.327714,40.5,9.6,49.81,214.1,0.0565,90.7,71.8,2.06,1,0.3841
2026-05-15,2026-05-11 17:17:10,S1098,Yashnobod,41.221208,69.327714,40.2,10.2,49.88,214.4,0.041,87.1,77.9,1.92,1,0.3841
2026-05-16,2026-05-11 17:17:10,S1098,Yashnobod,41.221208,69.327714,37.6,11.3,49.77,214.4,0.0445,87.8,75.3,1.99,0,0.0341
2026-05-17,2026-05-11 17:17:10,S1098,Yashnobod,41.221208,69.327714,38.5,9.5,49.81,209.7,0.01,91.9,77.5,2.28,1,0.3841
2026-05-18,2026-05-11 17:17:10,S1098,Yashnobod,41.221208,69.327714,38.3,12.1,49.88,207.9,0.01,86.9,76.0,1.77,1,0.3841
2026-05-12,2026-05-11 17:17:10,S1099,Yashnobod,41.255166,69.274983,46.3,19.6,49.85,220.5,0.603,84.5,83.5,3.06,2,0.7326
2026-05-13,2026-05-11 17:17:10,S1099,Yashnobod,41.255166,69.274983,47.3,19.2,49.87,216.6,0.8493,82.2,92.8,2.87,2,0.7326
2026-05-14,2026-05-11 17:17:10,S1099,Yashnobod,41.255166,69.274983,46.1,17.7,49.84,221.1,0.6096,82.8,80.6,2.96,2,0.7326
2026-05-15,2026-05-11 17:17:10,S1099,Yashnobod,41.255166,69.274983,46.9,16.0,49.84,219.1,0.742,85.5,89.5,2.74,2,0.7326
2026-05-16,2026-05-11 17:17:10,S1099,Yashnobod,41.255166,69.274983,46.6,18.6,50.03,217.3,0.6422,83.5,85.2,2.37,2,0.7326
2026-05-17,2026-05-11 17:17:10,S1099,Yashnobod,41.255166,69.274983,48.7,15.9,49.88,215.6,0.6022,81.7,84.1,2.84,2,0.7326
2026-05-18,2026-05-11 17:17:10,S1099,Yashnobod,41.255166,69.274983,44.2,17.2,49.85,217.8,0.7177,83.2,88.1,2.95,1,0.3826
2026-05-12,2026-05-11 17:17:10,S1100,Yashnobod,41.252603,69.302889,39.5,6.1,49.94,243.3,0.3732,92.0,60.5,3.47,2,0.7344
2026-05-13,2026-05-11 17:17:10,S1100,Yashnobod,41.252603,69.302889,37.1,5.9,50.12,242.9,0.1932,91.5,60.0,3.23,2,0.7344
2026-05-14,2026-05-11 17:17:10,S1100,Yashnobod,41.252603,69.302889,40.9,5.3,50.01,245.0,0.1946,89.6,62.9,3.43,2,0.7344
2026-05-15,2026-05-11 17:17:10,S1100,Yashnobod,41.252603,69.302889,39.3,5.6,50.04,245.0,0.2869,92.7,58.3,3.27,2,0.7344
2026-05-16,2026-05-11 17:17:10,S1100,Yashnobod,41.252603,69.302889,32.4,6.0,50.19,244.4,0.2866,91.3,80.2,3.23,2,0.7344
2026-05-17,2026-05-11 17:17:10,S1100,Yashnobod,41.252603,69.302889,40.1,3.4,49.94,244.4,0.1992,88.9,76.3,3.17,2,0.7344
2026-05-18,2026-05-11 17:17:10,S1100,Yashnobod,41.252603,69.302889,42.0,3.4,50.1,242.4,0.3306,87.0,80.5,3.32,2,0.7344
2026-05-12,2026-05-11 17:17:10,S1101,Yunusobod,41.319389,69.299274,39.4,6.0,50.22,213.0,0.2341,91.3,77.9,4.24,0,0.0221
2026-05-13,2026-05-11 17:17:10,S1101,Yunusobod,41.319389,69.299274,38.5,8.6,49.86,212.9,0.3074,91.2,76.5,4.2,0,0.0221
2026-05-14,2026-05-11 17:17:10,S1101,Yunusobod,41.319389,69.299274,40.4,10.2,50.0,216.6,0.2172,87.3,69.4,4.52,1,0.3721
2026-05-15,2026-05-11 17:17:10,S1101,Yunusobod,41.319389,69.299274,41.8,8.8,50.04,216.8,0.2822,88.2,78.9,4.04,1,0.3721
2026-05-16,2026-05-11 17:17:10,S1101,Yunusobod,41.319389,69.299274,40.2,9.4,49.95,217.0,0.1604,86.4,68.9,3.88,1,0.3721
2026-05-17,2026-05-11 17:17:10,S1101,Yunusobod,41.319389,69.299274,41.9,10.2,50.11,219.8,0.1526,87.9,67.9,3.92,1,0.3721
2026-05-18,2026-05-11 17:17:10,S1101,Yunusobod,41.319389,69.299274,39.4,10.3,49.88,218.9,0.3262,86.3,78.0,4.18,0,0.0221
2026-05-12,2026-05-11 17:17:10,S1102,Yunusobod,41.358097,69.374561,43.5,7.6,49.62,224.0,0.3889,86.3,63.4,4.21,1,0.3713
2026-05-13,2026-05-11 17:17:10,S1102,Yunusobod,41.358097,69.374561,43.0,5.6,49.82,227.2,0.4803,88.1,53.7,4.04,1,0.3713
2026-05-14,2026-05-11 17:17:10,S1102,Yunusobod,41.358097,69.374561,41.7,4.6,49.56,231.6,0.3025,86.1,56.1,4.51,1,0.3713
2026-05-15,2026-05-11 17:17:10,S1102,Yunusobod,41.358097,69.374561,41.4,6.4,49.93,229.8,0.1756,88.2,63.3,3.87,1,0.3713
2026-05-16,2026-05-11 17:17:10,S1102,Yunusobod,41.358097,69.374561,39.5,5.4,49.94,233.2,0.1214,88.7,60.3,3.96,1,0.3713
2026-05-17,2026-05-11 17:17:10,S1102,Yunusobod,41.358097,69.374561,42.0,3.8,49.89,234.0,0.158,91.2,53.2,4.5,1,0.3713
2026-05-18,2026-05-11 17:17:10,S1102,Yunusobod,41.358097,69.374561,41.2,3.6,49.85,240.4,0.01,87.1,62.7,4.03,2,0.7213
2026-05-12,2026-05-11 17:17:10,S1103,Yunusobod,41.344595,69.314453,27.2,7.3,50.06,232.3,0.7996,93.2,29.6,4.32,1,0.3746
2026-05-13,2026-05-11 17:17:10,S1103,Yunusobod,41.344595,69.314453,28.8,7.1,49.94,241.0,0.7145,89.0,33.6,4.14,2,0.7246
2026-05-14,2026-05-11 17:17:10,S1103,Yunusobod,41.344595,69.314453,31.5,9.4,49.98,236.5,0.7773,94.3,26.2,4.11,1,0.3746
2026-05-15,2026-05-11 17:17:10,S1103,Yunusobod,41.344595,69.314453,32.2,9.9,49.97,240.9,0.6453,91.8,37.6,4.24,2,0.7246
2026-05-16,2026-05-11 17:17:10,S1103,Yunusobod,41.344595,69.314453,32.6,6.3,50.0,236.0,0.6759,93.7,34.6,4.13,1,0.3746
2026-05-17,2026-05-11 17:17:10,S1103,Yunusobod,41.344595,69.314453,33.6,7.2,50.0,233.2,0.4712,93.4,37.0,4.52,1,0.3746
2026-05-18,2026-05-11 17:17:10,S1103,Yunusobod,41.344595,69.314453,27.2,7.5,50.0,239.0,0.4873,95.1,39.5,4.59,1,0.3746
2026-05-12,2026-05-11 17:17:10,S1104,Yunusobod,41.370265,69.290193,38.4,4.9,49.57,226.8,0.3322,99.7,77.0,2.64,0,0.0347
2026-05-13,2026-05-11 17:17:10,S1104,Yunusobod,41.370265,69.290193,36.2,5.7,49.91,220.7,0.1373,95.5,73.4,2.29,0,0.0347
2026-05-14,2026-05-11 17:17:10,S1104,Yunusobod,41.370265,69.290193,39.3,4.4,49.81,221.7,0.3108,96.4,76.2,2.43,0,0.0347
2026-05-15,2026-05-11 17:17:10,S1104,Yunusobod,41.370265,69.290193,36.7,5.6,49.89,221.6,0.2798,93.9,76.5,2.01,0,0.0347
2026-05-16,2026-05-11 17:17:10,S1104,Yunusobod,41.370265,69.290193,36.7,4.6,49.94,223.1,0.3101,94.4,79.0,1.85,0,0.0347
2026-05-17,2026-05-11 17:17:10,S1104,Yunusobod,41.370265,69.290193,40.7,3.7,49.95,217.4,0.4512,92.9,74.0,1.68,1,0.3847
2026-05-18,2026-05-11 17:17:10,S1104,Yunusobod,41.370265,69.290193,35.5,3.8,49.77,224.1,0.2987,97.2,72.1,1.82,0,0.0347
2026-05-12,2026-05-11 17:17:10,S1105,Yunusobod,41.38302,69.291996,33.3,6.5,49.81,217.8,0.4563,96.5,61.1,4.16,0,0.0232
2026-05-13,2026-05-11 17:17:10,S1105,Yunusobod,41.38302,69.291996,35.9,8.1,49.75,226.2,0.4772,97.4,63.5,4.6,0,0.0232
2026-05-14,2026-05-11 17:17:10,S1105,Yunusobod,41.38302,69.291996,35.3,7.7,49.68,224.3,0.5065,97.1,60.2,4.24,0,0.0232
2026-05-15,2026-05-11 17:17:10,S1105,Yunusobod,41.38302,69.291996,37.9,6.7,49.47,226.5,0.5415,98.3,56.3,4.54,1,0.3732
2026-05-16,2026-05-11 17:17:10,S1105,Yunusobod,41.38302,69.291996,42.6,5.4,49.52,227.1,0.5932,100.0,53.2,4.32,1,0.3732
2026-05-17,2026-05-11 17:17:10,S1105,Yunusobod,41.38302,69.291996,38.9,7.4,49.53,228.1,0.3961,97.9,44.6,4.75,0,0.0232
2026-05-18,2026-05-11 17:17:10,S1105,Yunusobod,41.38302,69.291996,42.3,5.6,49.52,231.1,0.379,100.0,37.8,4.67,1,0.3732
2026-05-12,2026-05-11 17:17:10,S1106,Yunusobod,41.361094,69.340309,38.9,2.9,50.03,218.8,0.7475,98.4,64.6,3.51,0,0.0232
2026-05-13,2026-05-11 17:17:10,S1106,Yunusobod,41.361094,69.340309,39.2,5.4,50.02,214.6,0.6467,93.1,73.5,3.19,0,0.0232
2026-05-14,2026-05-11 17:17:10,S1106,Yunusobod,41.361094,69.340309,36.2,2.6,50.03,219.9,0.7017,92.8,78.8,2.78,0,0.0232
2026-05-15,2026-05-11 17:17:10,S1106,Yunusobod,41.361094,69.340309,34.8,2.4,49.96,218.5,0.7828,93.4,75.5,2.83,0,0.0232
2026-05-16,2026-05-11 17:17:10,S1106,Yunusobod,41.361094,69.340309,35.3,3.0,50.03,220.8,0.7277,94.4,82.3,3.15,0,0.0232
2026-05-17,2026-05-11 17:17:10,S1106,Yunusobod,41.361094,69.340309,35.3,3.4,50.12,221.2,0.8071,93.6,85.3,2.96,0,0.0232
2026-05-18,2026-05-11 17:17:10,S1106,Yunusobod,41.361094,69.340309,38.2,1.2,50.04,221.2,0.7269,89.7,81.8,2.62,0,0.0232
2026-05-12,2026-05-11 17:17:10,S1107,Yunusobod,41.344452,69.291088,31.7,10.4,49.94,226.6,0.1191,84.8,68.2,3.69,1,0.386
2026-05-13,2026-05-11 17:17:10,S1107,Yunusobod,41.344452,69.291088,29.5,11.5,50.1,223.2,0.1773,83.9,64.4,4.3,1,0.386
2026-05-14,2026-05-11 17:17:10,S1107,Yunusobod,41.344452,69.291088,30.8,10.4,49.83,225.1,0.0953,84.9,60.3,4.05,1,0.386
2026-05-15,2026-05-11 17:17:10,S1107,Yunusobod,41.344452,69.291088,27.3,11.2,50.01,226.3,0.2046,85.3,59.2,3.91,0,0.036
2026-05-16,2026-05-11 17:17:10,S1107,Yunusobod,41.344452,69.291088,28.1,12.6,50.05,229.7,0.0647,83.3,65.2,4.03,1,0.386
2026-05-17,2026-05-11 17:17:10,S1107,Yunusobod,41.344452,69.291088,29.7,12.2,49.96,226.9,0.0649,85.6,64.4,4.88,0,0.036
2026-05-18,2026-05-11 17:17:10,S1107,Yunusobod,41.344452,69.291088,23.7,12.8,49.98,224.1,0.01,85.3,56.5,4.58,0,0.036
2026-05-12,2026-05-11 17:17:10,S1108,Yunusobod,41.319573,69.340493,40.8,1.4,49.82,224.0,0.7301,85.9,73.1,3.42,1,0.3813
2026-05-13,2026-05-11 17:17:10,S1108,Yunusobod,41.319573,69.340493,44.0,6.1,49.74,222.5,0.773,88.3,77.7,3.13,1,0.3813
2026-05-14,2026-05-11 17:17:10,S1108,Yunusobod,41.319573,69.340493,41.2,4.3,49.82,221.9,0.9034,89.2,82.9,4.1,1,0.3813
2026-05-15,2026-05-11 17:17:10,S1108,Yunusobod,41.319573,69.340493,44.6,4.6,49.73,220.7,0.8168,81.6,73.9,3.54,1,0.3813
2026-05-16,2026-05-11 17:17:10,S1108,Yunusobod,41.319573,69.340493,47.2,2.4,49.5,224.1,0.9162,86.6,77.5,3.99,2,0.7313
2026-05-17,2026-05-11 17:17:10,S1108,Yunusobod,41.319573,69.340493,44.9,4.0,49.69,220.2,1.194,82.1,73.0,3.62,1,0.3813
2026-05-18,2026-05-11 17:17:10,S1108,Yunusobod,41.319573,69.340493,50.4,0.7,49.61,220.1,1.0089,81.0,76.5,3.43,2,0.7313
2026-05-12,2026-05-11 17:17:10,S1109,Yunusobod,41.335497,69.346699,39.0,7.1,50.1,221.1,0.0964,91.4,64.3,4.03,0,0.0277
2026-05-13,2026-05-11 17:17:10,S1109,Yunusobod,41.335497,69.346699,34.9,7.6,50.09,222.5,0.01,91.5,64.8,4.44,0,0.0277
2026-05-14,2026-05-11 17:17:10,S1109,Yunusobod,41.335497,69.346699,37.7,9.2,50.18,222.1,0.1116,94.5,69.4,3.65,0,0.0277
2026-05-15,2026-05-11 17:17:10,S1109,Yunusobod,41.335497,69.346699,33.6,9.0,50.06,226.0,0.0249,90.4,63.6,3.83,0,0.0277
2026-05-16,2026-05-11 17:17:10,S1109,Yunusobod,41.335497,69.346699,31.7,6.8,50.36,221.9,0.01,92.4,63.5,4.03,0,0.0277
2026-05-17,2026-05-11 17:17:10,S1109,Yunusobod,41.335497,69.346699,31.5,8.6,50.21,224.3,0.01,93.4,64.6,4.67,0,0.0277
2026-05-18,2026-05-11 17:17:10,S1109,Yunusobod,41.335497,69.346699,28.0,11.1,50.38,229.1,0.0295,99.9,62.7,4.73,0,0.0277
2026-05-12,2026-05-11 17:17:10,S1110,Yunusobod,41.389519,69.348716,39.9,1.3,49.96,224.6,0.7643,89.9,57.1,4.23,0,0.0204
2026-05-13,2026-05-11 17:17:10,S1110,Yunusobod,41.389519,69.348716,38.0,2.6,50.04,229.7,0.684,88.4,67.2,3.96,0,0.0204
2026-05-14,2026-05-11 17:17:10,S1110,Yunusobod,41.389519,69.348716,39.0,1.9,49.95,231.6,0.6921,92.0,67.1,4.11,1,0.3704
2026-05-15,2026-05-11 17:17:10,S1110,Yunusobod,41.389519,69.348716,38.9,1.1,50.03,229.1,0.7164,85.3,67.6,4.15,0,0.0204
2026-05-16,2026-05-11 17:17:10,S1110,Yunusobod,41.389519,69.348716,40.3,1.8,49.95,226.2,0.686,85.2,67.9,4.46,1,0.3704
2026-05-17,2026-05-11 17:17:10,S1110,Yunusobod,41.389519,69.348716,42.2,1.5,50.01,231.0,0.8112,86.6,64.0,4.4,1,0.3704
2026-05-18,2026-05-11 17:17:10,S1110,Yunusobod,41.389519,69.348716,39.5,1.4,49.9,227.6,0.8139,86.3,62.0,4.22,0,0.0204
2026-05-12,2026-05-11 17:17:10,S1111,Yunusobod,41.327321,69.321948,39.3,6.4,49.73,214.8,0.0773,84.0,61.3,2.5,1,0.3833
2026-05-13,2026-05-11 17:17:10,S1111,Yunusobod,41.327321,69.321948,40.0,9.9,49.44,211.3,0.0797,78.8,50.7,3.32,1,0.3833
2026-05-14,2026-05-11 17:17:10,S1111,Yunusobod,41.327321,69.321948,38.8,7.2,49.41,218.4,0.1328,77.0,49.1,2.47,1,0.3833
2026-05-15,2026-05-11 17:17:10,S1111,Yunusobod,41.327321,69.321948,38.9,5.7,49.49,211.4,0.01,74.8,43.4,2.17,2,0.7333
2026-05-16,2026-05-11 17:17:10,S1111,Yunusobod,41.327321,69.321948,36.6,4.5,49.53,215.0,0.0257,77.5,53.1,1.31,1,0.3833
2026-05-17,2026-05-11 17:17:10,S1111,Yunusobod,41.327321,69.321948,40.5,6.4,49.58,212.8,0.01,77.8,48.1,2.55,1,0.3833
2026-05-18,2026-05-11 17:17:10,S1111,Yunusobod,41.327321,69.321948,42.7,6.2,49.33,211.4,0.01,77.3,43.3,1.63,1,0.3833
2026-05-12,2026-05-11 17:17:10,S1112,Yunusobod,41.376615,69.366692,44.8,5.0,50.6,226.7,0.2689,86.4,84.0,3.33,1,0.3757
2026-05-13,2026-05-11 17:17:10,S1112,Yunusobod,41.376615,69.366692,46.9,7.0,50.71,224.8,0.3973,88.9,80.7,3.22,2,0.7257
2026-05-14,2026-05-11 17:17:10,S1112,Yunusobod,41.376615,69.366692,47.3,7.8,50.46,223.5,0.4538,86.6,85.1,3.45,2,0.7257
2026-05-15,2026-05-11 17:17:10,S1112,Yunusobod,41.376615,69.366692,47.4,8.3,50.52,223.9,0.3764,90.1,74.6,3.42,2,0.7257
2026-05-16,2026-05-11 17:17:10,S1112,Yunusobod,41.376615,69.366692,44.4,9.8,50.31,221.8,0.1772,90.9,85.7,2.51,1,0.3757
2026-05-17,2026-05-11 17:17:10,S1112,Yunusobod,41.376615,69.366692,46.0,11.9,50.42,220.6,0.2489,88.7,78.8,2.93,2,0.7257
2026-05-18,2026-05-11 17:17:10,S1112,Yunusobod,41.376615,69.366692,46.4,10.1,50.4,220.2,0.3729,87.4,75.6,2.8,2,0.7257
2026-05-12,2026-05-11 17:17:10,S1113,Yunusobod,41.383123,69.364232,38.2,3.9,50.28,221.8,0.181,81.9,95.0,4.33,1,0.382
2026-05-13,2026-05-11 17:17:10,S1113,Yunusobod,41.383123,69.364232,39.3,4.8,50.44,218.7,0.3852,80.4,95.0,4.37,1,0.382
2026-05-14,2026-05-11 17:17:10,S1113,Yunusobod,41.383123,69.364232,37.3,5.2,50.27,217.3,0.2913,82.4,95.0,3.95,1,0.382
2026-05-15,2026-05-11 17:17:10,S1113,Yunusobod,41.383123,69.364232,35.7,3.8,50.54,214.2,0.2361,79.9,95.0,3.97,1,0.382
2026-05-16,2026-05-11 17:17:10,S1113,Yunusobod,41.383123,69.364232,37.8,2.2,50.41,213.6,0.1695,79.0,95.0,4.43,1,0.382
2026-05-17,2026-05-11 17:17:10,S1113,Yunusobod,41.383123,69.364232,38.4,3.8,50.55,217.3,0.3761,78.3,95.0,4.36,1,0.382
2026-05-18,2026-05-11 17:17:10,S1113,Yunusobod,41.383123,69.364232,38.4,2.5,50.42,207.9,0.2868,76.9,95.0,4.15,1,0.382
2026-05-12,2026-05-11 17:17:10,S1114,Yunusobod,41.346779,69.370335,50.0,5.9,50.44,214.7,0.9843,87.3,95.0,3.3,2,0.7338
2026-05-13,2026-05-11 17:17:10,S1114,Yunusobod,41.346779,69.370335,51.8,3.0,50.35,211.1,0.9593,86.8,93.7,3.52,2,0.7338
2026-05-14,2026-05-11 17:17:10,S1114,Yunusobod,41.346779,69.370335,55.0,5.1,50.39,219.0,0.9475,86.5,95.0,3.41,2,0.7338
2026-05-15,2026-05-11 17:17:10,S1114,Yunusobod,41.346779,69.370335,50.2,6.8,50.27,215.6,1.1194,89.5,92.8,3.54,2,0.7338
2026-05-16,2026-05-11 17:17:10,S1114,Yunusobod,41.346779,69.370335,55.0,7.1,50.4,217.3,0.9367,88.2,95.0,3.42,2,0.7338
2026-05-17,2026-05-11 17:17:10,S1114,Yunusobod,41.346779,69.370335,54.3,5.2,50.25,223.3,1.0048,90.2,95.0,3.35,2,0.7338
2026-05-18,2026-05-11 17:17:10,S1114,Yunusobod,41.346779,69.370335,51.2,4.1,50.33,216.7,0.9275,89.8,95.0,3.64,2,0.7338
2026-05-12,2026-05-11 17:17:10,S1115,Yunusobod,41.347157,69.33575,34.6,5.2,50.22,224.1,0.5881,86.7,64.0,5.18,1,0.374
2026-05-13,2026-05-11 17:17:10,S1115,Yunusobod,41.347157,69.33575,29.3,4.4,50.25,226.1,0.5961,87.1,53.2,4.8,0,0.024
2026-05-14,2026-05-11 17:17:10,S1115,Yunusobod,41.347157,69.33575,32.7,5.4,50.12,223.8,0.5911,82.2,56.7,4.25,1,0.374
2026-05-15,2026-05-11 17:17:10,S1115,Yunusobod,41.347157,69.33575,28.8,5.4,50.26,226.2,0.5102,84.2,58.0,5.14,1,0.374
2026-05-16,2026-05-11 17:17:10,S1115,Yunusobod,41.347157,69.33575,37.8,4.9,50.25,228.3,0.5009,88.7,57.9,5.12,1,0.374
2026-05-17,2026-05-11 17:17:10,S1115,Yunusobod,41.347157,69.33575,33.5,3.7,50.29,231.2,0.5938,86.1,58.8,5.21,1,0.374
2026-05-18,2026-05-11 17:17:10,S1115,Yunusobod,41.347157,69.33575,35.4,5.6,50.23,227.5,0.5831,87.8,56.6,4.78,0,0.024
2026-05-12,2026-05-11 17:17:10,S1116,Yunusobod,41.320717,69.372577,17.6,1.8,50.69,217.8,0.3678,96.8,95.0,4.0,1,0.3873
2026-05-13,2026-05-11 17:17:10,S1116,Yunusobod,41.320717,69.372577,16.5,2.9,50.44,218.6,0.3283,96.2,89.8,4.13,0,0.0373
2026-05-14,2026-05-11 17:17:10,S1116,Yunusobod,41.320717,69.372577,17.4,2.3,50.54,223.9,0.2908,100.0,95.0,4.15,1,0.3873
2026-05-15,2026-05-11 17:17:10,S1116,Yunusobod,41.320717,69.372577,15.2,2.6,50.34,219.9,0.2562,98.1,95.0,3.99,1,0.3873
2026-05-16,2026-05-11 17:17:10,S1116,Yunusobod,41.320717,69.372577,17.1,1.7,50.3,225.4,0.2053,100.0,95.0,4.27,1,0.3873
2026-05-17,2026-05-11 17:17:10,S1116,Yunusobod,41.320717,69.372577,17.7,2.9,50.31,226.7,0.2929,100.0,95.0,4.38,1,0.3873
2026-05-18,2026-05-11 17:17:10,S1116,Yunusobod,41.320717,69.372577,14.9,1.9,50.05,228.9,0.2609,100.0,95.0,4.6,1,0.3873
2026-05-12,2026-05-11 17:17:10,S1117,Yunusobod,41.344454,69.302838,33.0,14.2,49.56,234.5,0.2068,91.2,59.2,3.95,1,0.3813
2026-05-13,2026-05-11 17:17:10,S1117,Yunusobod,41.344454,69.302838,33.8,12.8,49.56,234.6,0.4693,94.5,51.8,4.45,1,0.3813
2026-05-14,2026-05-11 17:17:10,S1117,Yunusobod,41.344454,69.302838,32.5,14.0,49.64,235.7,0.3041,90.8,61.7,4.53,1,0.3813
2026-05-15,2026-05-11 17:17:10,S1117,Yunusobod,41.344454,69.302838,33.3,16.4,49.62,240.3,0.4397,95.9,60.4,4.49,2,0.7313
2026-05-16,2026-05-11 17:17:10,S1117,Yunusobod,41.344454,69.302838,35.0,16.0,49.51,237.2,0.4367,96.1,60.8,4.67,1,0.3813
2026-05-17,2026-05-11 17:17:10,S1117,Yunusobod,41.344454,69.302838,33.2,17.7,49.63,240.4,0.5487,94.7,64.2,4.49,2,0.7313
2026-05-18,2026-05-11 17:17:10,S1117,Yunusobod,41.344454,69.302838,32.1,17.6,49.4,238.4,0.4492,96.3,54.9,5.22,1,0.3813
2026-05-12,2026-05-11 17:17:10,S1118,Yunusobod,41.351038,69.331193,30.8,10.3,50.08,228.0,0.5701,76.9,54.3,2.98,1,0.3725
2026-05-13,2026-05-11 17:17:10,S1118,Yunusobod,41.351038,69.331193,26.5,8.2,50.18,223.7,0.4916,77.9,55.3,3.54,1,0.3725
2026-05-14,2026-05-11 17:17:10,S1118,Yunusobod,41.351038,69.331193,25.4,5.5,50.05,229.7,0.4588,75.3,53.8,3.08,1,0.3725
2026-05-15,2026-05-11 17:17:10,S1118,Yunusobod,41.351038,69.331193,29.3,8.4,50.08,217.8,0.4943,77.6,56.7,3.47,1,0.3725
2026-05-16,2026-05-11 17:17:10,S1118,Yunusobod,41.351038,69.331193,27.9,5.7,49.94,222.4,0.3539,74.2,54.2,3.04,2,0.7225
2026-05-17,2026-05-11 17:17:10,S1118,Yunusobod,41.351038,69.331193,25.1,6.0,49.92,222.4,0.4267,74.1,60.0,3.57,2,0.7225
2026-05-18,2026-05-11 17:17:10,S1118,Yunusobod,41.351038,69.331193,28.1,2.9,49.98,215.0,0.4589,70.1,54.9,3.28,2,0.7225
2026-05-12,2026-05-11 17:17:10,S1119,Yunusobod,41.325198,69.350632,27.4,8.5,49.89,235.4,0.3519,90.2,60.0,0.97,1,0.3729
2026-05-13,2026-05-11 17:17:10,S1119,Yunusobod,41.325198,69.350632,29.2,8.3,49.98,233.4,0.4511,86.1,58.9,1.53,1,0.3729
2026-05-14,2026-05-11 17:17:10,S1119,Yunusobod,41.325198,69.350632,29.7,7.3,49.74,240.8,0.5421,89.9,52.2,0.9,2,0.7229
2026-05-15,2026-05-11 17:17:10,S1119,Yunusobod,41.325198,69.350632,31.3,8.1,49.9,234.8,0.5814,89.5,58.7,0.71,1,0.3729
2026-05-16,2026-05-11 17:17:10,S1119,Yunusobod,41.325198,69.350632,30.8,6.3,49.89,233.8,0.5211,88.9,56.5,0.74,1,0.3729
2026-05-17,2026-05-11 17:17:10,S1119,Yunusobod,41.325198,69.350632,34.4,6.4,49.84,239.0,0.4773,90.4,39.3,0.55,1,0.3729
2026-05-18,2026-05-11 17:17:10,S1119,Yunusobod,41.325198,69.350632,27.8,6.3,49.81,235.7,0.5421,89.8,48.5,0.68,1,0.3729
2026-05-12,2026-05-11 17:17:10,S1120,Yunusobod,41.334623,69.327728,32.1,13.2,49.57,200.1,0.3873,83.5,55.9,3.79,1,0.374
2026-05-13,2026-05-11 17:17:10,S1120,Yunusobod,41.334623,69.327728,34.7,13.8,49.65,195.0,0.5053,84.8,49.8,3.92,2,0.724
2026-05-14,2026-05-11 17:17:10,S1120,Yunusobod,41.334623,69.327728,30.3,15.9,49.63,195.0,0.5669,80.5,57.6,3.88,2,0.724
2026-05-15,2026-05-11 17:17:10,S1120,Yunusobod,41.334623,69.327728,33.1,17.0,49.57,196.9,0.4509,77.7,61.0,3.92,2,0.724
2026-05-16,2026-05-11 17:17:10,S1120,Yunusobod,41.334623,69.327728,31.0,17.7,49.6,195.0,0.4375,77.5,62.8,4.06,2,0.724
2026-05-17,2026-05-11 17:17:10,S1120,Yunusobod,41.334623,69.327728,32.2,18.9,49.59,195.0,0.4922,78.5,64.6,3.88,2,0.724
2026-05-18,2026-05-11 17:17:10,S1120,Yunusobod,41.334623,69.327728,34.9,19.3,49.67,195.0,0.4765,77.7,61.5,4.26,2,0.724
2026-05-12,2026-05-11 17:17:10,S1121,Yunusobod,41.38387,69.337725,32.5,8.2,50.17,209.5,0.28,90.0,68.5,4.32,1,0.3661
2026-05-13,2026-05-11 17:17:10,S1121,Yunusobod,41.38387,69.337725,32.5,10.3,50.4,210.2,0.3558,94.9,63.0,4.32,0,0.0161
2026-05-14,2026-05-11 17:17:10,S1121,Yunusobod,41.38387,69.337725,28.6,7.0,50.26,205.6,0.2519,91.8,62.0,4.47,1,0.3661
2026-05-15,2026-05-11 17:17:10,S1121,Yunusobod,41.38387,69.337725,26.2,7.4,50.2,211.5,0.274,91.7,54.4,4.81,0,0.0161
2026-05-16,2026-05-11 17:17:10,S1121,Yunusobod,41.38387,69.337725,28.5,10.1,50.26,209.5,0.3664,92.3,55.8,4.32,1,0.3661
2026-05-17,2026-05-11 17:17:10,S1121,Yunusobod,41.38387,69.337725,28.3,6.5,50.26,207.0,0.3066,90.7,55.7,4.24,1,0.3661
2026-05-18,2026-05-11 17:17:10,S1121,Yunusobod,41.38387,69.337725,27.5,9.0,50.18,205.9,0.187,86.3,61.9,4.74,1,0.3661
2026-05-12,2026-05-11 17:17:10,S1122,Yunusobod,41.371692,69.334091,28.2,8.8,50.31,217.3,0.5339,83.1,82.2,3.29,1,0.3862
2026-05-13,2026-05-11 17:17:10,S1122,Yunusobod,41.371692,69.334091,28.9,10.1,49.86,216.0,0.5807,85.9,73.0,4.06,0,0.0362
2026-05-14,2026-05-11 17:17:10,S1122,Yunusobod,41.371692,69.334091,29.9,9.2,49.96,219.1,0.5829,85.2,75.6,3.27,0,0.0362
2026-05-15,2026-05-11 17:17:10,S1122,Yunusobod,41.371692,69.334091,30.3,8.4,50.09,219.8,0.4592,86.9,80.6,4.4,0,0.0362
2026-05-16,2026-05-11 17:17:10,S1122,Yunusobod,41.371692,69.334091,31.1,9.4,50.14,218.3,0.6181,90.1,82.9,4.1,0,0.0362
2026-05-17,2026-05-11 17:17:10,S1122,Yunusobod,41.371692,69.334091,30.1,9.5,49.94,220.0,0.5909,89.7,84.3,4.36,0,0.0362
2026-05-18,2026-05-11 17:17:10,S1122,Yunusobod,41.371692,69.334091,28.8,9.8,50.05,224.2,0.5219,89.5,78.6,4.6,0,0.0362
2026-05-12,2026-05-11 17:17:10,S1123,Yunusobod,41.367498,69.366229,40.5,6.1,49.94,229.4,0.6709,90.4,52.2,2.77,1,0.3778
2026-05-13,2026-05-11 17:17:10,S1123,Yunusobod,41.367498,69.366229,41.4,8.1,50.14,230.6,0.5339,89.4,51.7,2.9,1,0.3778
2026-05-14,2026-05-11 17:17:10,S1123,Yunusobod,41.367498,69.366229,41.7,6.4,49.84,232.8,0.7289,88.8,49.0,3.11,1,0.3778
2026-05-15,2026-05-11 17:17:10,S1123,Yunusobod,41.367498,69.366229,43.3,6.5,49.9,234.7,0.7608,87.7,48.1,3.07,1,0.3778
2026-05-16,2026-05-11 17:17:10,S1123,Yunusobod,41.367498,69.366229,42.4,4.2,50.06,233.2,0.6222,89.2,38.7,2.5,1,0.3778
2026-05-17,2026-05-11 17:17:10,S1123,Yunusobod,41.367498,69.366229,40.3,8.7,49.75,230.9,0.7259,85.6,35.8,2.6,1,0.3778
2026-05-18,2026-05-11 17:17:10,S1123,Yunusobod,41.367498,69.366229,41.4,8.9,50.01,231.0,0.6856,88.5,46.0,2.46,1,0.3778
2026-05-12,2026-05-11 17:17:10,S1124,Yunusobod,41.386703,69.288665,41.5,4.3,50.18,209.6,0.5014,97.6,64.0,5.35,1,0.371
2026-05-13,2026-05-11 17:17:10,S1124,Yunusobod,41.386703,69.288665,40.0,2.0,50.23,209.9,0.3374,95.2,52.0,4.94,1,0.371
2026-05-14,2026-05-11 17:17:10,S1124,Yunusobod,41.386703,69.288665,39.7,0.1,50.1,208.1,0.3215,98.7,52.2,5.38,1,0.371
2026-05-15,2026-05-11 17:17:10,S1124,Yunusobod,41.386703,69.288665,38.4,2.0,49.98,208.3,0.3089,99.5,54.7,4.9,1,0.371
2026-05-16,2026-05-11 17:17:10,S1124,Yunusobod,41.386703,69.288665,38.0,0.6,49.99,202.9,0.2864,94.9,58.8,4.95,1,0.371
2026-05-17,2026-05-11 17:17:10,S1124,Yunusobod,41.386703,69.288665,41.8,2.2,50.07,197.9,0.1815,98.1,46.2,5.05,2,0.721
2026-05-18,2026-05-11 17:17:10,S1124,Yunusobod,41.386703,69.288665,36.6,2.4,49.96,202.0,0.3366,98.9,48.3,5.16,1,0.371
2026-05-12,2026-05-11 17:17:10,S1125,Yunusobod,41.325298,69.285942,32.2,10.2,49.92,222.0,0.4737,79.7,64.9,5.12,1,0.3821
2026-05-13,2026-05-11 17:17:10,S1125,Yunusobod,41.325298,69.285942,26.0,11.0,49.91,225.9,0.4487,80.4,66.2,5.24,1,0.3821
2026-05-14,2026-05-11 17:17:10,S1125,Yunusobod,41.325298,69.285942,29.3,10.7,50.0,223.5,0.4161,80.4,72.1,4.73,1,0.3821
2026-05-15,2026-05-11 17:17:10,S1125,Yunusobod,41.325298,69.285942,28.6,10.8,49.9,225.6,0.4536,82.1,74.0,5.24,1,0.3821
2026-05-16,2026-05-11 17:17:10,S1125,Yunusobod,41.325298,69.285942,30.6,10.4,49.95,220.8,0.5032,83.4,72.5,4.89,1,0.3821
2026-05-17,2026-05-11 17:17:10,S1125,Yunusobod,41.325298,69.285942,29.0,10.4,49.89,227.0,0.4197,79.0,82.7,4.97,1,0.3821
2026-05-18,2026-05-11 17:17:10,S1125,Yunusobod,41.325298,69.285942,24.3,8.8,49.87,227.6,0.6007,79.4,75.3,4.2,1,0.3821
2026-05-12,2026-05-11 17:17:10,S1126,Yunusobod,41.346691,69.344364,34.9,12.8,49.64,206.4,0.3775,95.3,79.7,2.99,1,0.382
2026-05-13,2026-05-11 17:17:10,S1126,Yunusobod,41.346691,69.344364,36.4,11.5,49.54,209.5,0.4674,100.0,75.2,2.91,1,0.382
2026-05-14,2026-05-11 17:17:10,S1126,Yunusobod,41.346691,69.344364,34.7,13.2,49.91,207.5,0.5486,98.7,68.4,3.02,1,0.382
2026-05-15,2026-05-11 17:17:10,S1126,Yunusobod,41.346691,69.344364,31.5,12.1,49.76,206.6,0.5486,98.5,75.9,2.8,1,0.382
2026-05-16,2026-05-11 17:17:10,S1126,Yunusobod,41.346691,69.344364,36.8,11.6,49.86,208.6,0.6029,97.9,75.6,2.68,1,0.382
2026-05-17,2026-05-11 17:17:10,S1126,Yunusobod,41.346691,69.344364,36.6,9.9,49.77,203.6,0.7411,98.4,83.1,2.77,1,0.382
2026-05-18,2026-05-11 17:17:10,S1126,Yunusobod,41.346691,69.344364,35.0,10.7,49.91,202.7,0.6716,100.0,82.6,2.9,1,0.382
2026-05-12,2026-05-11 17:17:10,S1127,Yunusobod,41.361323,69.353436,22.1,5.1,50.17,226.7,0.4452,76.3,64.7,3.86,1,0.3707
2026-05-13,2026-05-11 17:17:10,S1127,Yunusobod,41.361323,69.353436,21.7,4.7,50.26,228.1,0.3152,73.9,55.6,3.94,2,0.7207
2026-05-14,2026-05-11 17:17:10,S1127,Yunusobod,41.361323,69.353436,21.2,7.7,50.31,229.0,0.4165,76.0,59.6,4.04,1,0.3707
2026-05-15,2026-05-11 17:17:10,S1127,Yunusobod,41.361323,69.353436,19.8,6.1,50.15,227.2,0.3567,71.9,54.8,4.34,2,0.7207
2026-05-16,2026-05-11 17:17:10,S1127,Yunusobod,41.361323,69.353436,20.9,6.3,50.35,226.6,0.2965,69.7,63.2,3.9,2,0.7207
2026-05-17,2026-05-11 17:17:10,S1127,Yunusobod,41.361323,69.353436,19.1,5.7,50.16,227.4,0.3,70.4,54.8,4.22,2,0.7207
2026-05-18,2026-05-11 17:17:10,S1127,Yunusobod,41.361323,69.353436,20.7,7.2,50.2,228.7,0.2493,66.0,55.0,3.77,2,0.7207
2026-05-12,2026-05-11 17:17:10,S1128,Yunusobod,41.387073,69.292224,37.6,4.6,50.2,211.8,0.1262,84.2,53.7,2.58,1,0.3755
2026-05-13,2026-05-11 17:17:10,S1128,Yunusobod,41.387073,69.292224,33.2,4.8,50.22,208.9,0.0363,81.7,65.6,2.92,1,0.3755
2026-05-14,2026-05-11 17:17:10,S1128,Yunusobod,41.387073,69.292224,36.3,5.0,50.14,210.1,0.0265,81.2,67.6,3.11,1,0.3755
2026-05-15,2026-05-11 17:17:10,S1128,Yunusobod,41.387073,69.292224,36.2,5.2,50.15,204.9,0.1471,81.2,71.2,2.42,1,0.3755
2026-05-16,2026-05-11 17:17:10,S1128,Yunusobod,41.387073,69.292224,34.3,7.2,50.26,204.2,0.2133,81.3,74.3,3.48,1,0.3755
2026-05-17,2026-05-11 17:17:10,S1128,Yunusobod,41.387073,69.292224,36.5,6.2,50.25,202.9,0.1162,78.7,77.8,2.38,1,0.3755
2026-05-18,2026-05-11 17:17:10,S1128,Yunusobod,41.387073,69.292224,35.8,6.9,50.21,206.7,0.2406,81.5,87.6,2.8,1,0.3755
2026-05-12,2026-05-11 17:17:10,S1129,Yunusobod,41.373636,69.316849,23.3,7.9,49.13,230.3,1.1827,91.0,44.7,2.95,1,0.3908
2026-05-13,2026-05-11 17:17:10,S1129,Yunusobod,41.373636,69.316849,25.5,6.5,49.14,229.4,1.0456,91.6,42.2,3.14,1,0.3908
2026-05-14,2026-05-11 17:17:10,S1129,Yunusobod,41.373636,69.316849,26.7,8.8,49.04,232.5,1.0874,89.8,30.2,3.58,1,0.3908
2026-05-15,2026-05-11 17:17:10,S1129,Yunusobod,41.373636,69.316849,24.3,12.3,49.09,232.5,1.1183,91.2,33.7,3.31,1,0.3908
2026-05-16,2026-05-11 17:17:10,S1129,Yunusobod,41.373636,69.316849,25.5,10.9,48.95,229.6,0.998,90.6,25.0,3.89,2,0.7408
2026-05-17,2026-05-11 17:17:10,S1129,Yunusobod,41.373636,69.316849,25.6,9.4,48.88,238.4,0.9955,89.9,25.0,4.01,2,0.7408
2026-05-18,2026-05-11 17:17:10,S1129,Yunusobod,41.373636,69.316849,26.3,10.5,48.92,232.1,1.2013,94.1,25.0,3.66,2,0.7408
2026-05-12,2026-05-11 17:17:10,S1130,Yunusobod,41.332137,69.312526,30.6,6.0,49.98,226.8,0.4866,87.8,47.0,4.18,0,0.0196
2026-05-13,2026-05-11 17:17:10,S1130,Yunusobod,41.332137,69.312526,29.8,3.6,50.03,230.2,0.4423,85.3,55.1,4.58,1,0.3696
2026-05-14,2026-05-11 17:17:10,S1130,Yunusobod,41.332137,69.312526,31.0,4.3,49.98,228.4,0.2453,88.8,52.5,3.85,0,0.0196
2026-05-15,2026-05-11 17:17:10,S1130,Yunusobod,41.332137,69.312526,30.8,6.3,50.26,227.8,0.3503,90.1,45.7,4.17,0,0.0196
2026-05-16,2026-05-11 17:17:10,S1130,Yunusobod,41.332137,69.312526,28.1,4.7,50.17,218.5,0.1998,86.1,47.8,4.25,0,0.0196
2026-05-17,2026-05-11 17:17:10,S1130,Yunusobod,41.332137,69.312526,31.1,4.9,50.24,223.5,0.4143,92.4,45.4,3.99,0,0.0196
2026-05-18,2026-05-11 17:17:10,S1130,Yunusobod,41.332137,69.312526,32.0,6.0,50.15,217.3,0.325,88.3,29.4,3.85,1,0.3696
2026-05-12,2026-05-11 17:17:10,S1131,Yunusobod,41.348734,69.338669,34.0,7.2,49.31,215.8,0.9169,84.3,48.7,2.54,1,0.371
2026-05-13,2026-05-11 17:17:10,S1131,Yunusobod,41.348734,69.338669,35.5,4.7,49.37,217.0,0.9757,87.1,55.1,2.12,1,0.371
2026-05-14,2026-05-11 17:17:10,S1131,Yunusobod,41.348734,69.338669,38.9,5.9,49.54,211.5,0.9444,87.5,56.6,2.46,0,0.021
2026-05-15,2026-05-11 17:17:10,S1131,Yunusobod,41.348734,69.338669,39.1,5.9,49.61,210.1,1.0173,84.7,56.6,2.58,1,0.371
2026-05-16,2026-05-11 17:17:10,S1131,Yunusobod,41.348734,69.338669,34.2,5.4,49.43,207.0,0.8577,85.0,55.4,2.25,1,0.371
2026-05-17,2026-05-11 17:17:10,S1131,Yunusobod,41.348734,69.338669,38.8,4.8,49.42,210.2,0.929,89.5,58.7,2.02,1,0.371
2026-05-18,2026-05-11 17:17:10,S1131,Yunusobod,41.348734,69.338669,34.2,9.2,49.56,207.5,1.0056,85.6,59.1,1.86,1,0.371
2026-05-12,2026-05-11 17:17:10,S1132,Yunusobod,41.355945,69.305127,33.5,7.3,50.29,220.7,0.521,85.0,78.5,4.13,0,0.0198
2026-05-13,2026-05-11 17:17:10,S1132,Yunusobod,41.355945,69.305127,33.6,7.0,50.48,217.3,0.5804,86.5,78.6,4.14,0,0.0198
2026-05-14,2026-05-11 17:17:10,S1132,Yunusobod,41.355945,69.305127,35.7,7.1,50.58,220.3,0.5562,86.8,77.2,4.73,1,0.3698
2026-05-15,2026-05-11 17:17:10,S1132,Yunusobod,41.355945,69.305127,32.4,9.2,50.66,219.6,0.4472,85.1,77.1,3.96,1,0.3698
2026-05-16,2026-05-11 17:17:10,S1132,Yunusobod,41.355945,69.305127,32.3,10.5,50.71,220.9,0.469,92.1,78.4,4.61,1,0.3698
2026-05-17,2026-05-11 17:17:10,S1132,Yunusobod,41.355945,69.305127,35.9,10.5,50.79,220.1,0.5847,90.8,77.2,4.03,1,0.3698
2026-05-18,2026-05-11 17:17:10,S1132,Yunusobod,41.355945,69.305127,33.9,9.3,50.86,217.5,0.4802,92.3,79.6,5.19,1,0.3698
2026-05-12,2026-05-11 17:17:10,S1133,Yunusobod,41.32288,69.298392,39.2,9.5,49.77,212.7,0.8879,100.0,95.0,5.32,1,0.3857
2026-05-13,2026-05-11 17:17:10,S1133,Yunusobod,41.32288,69.298392,37.4,7.8,49.83,213.4,0.6664,100.0,94.0,4.94,1,0.3857
2026-05-14,2026-05-11 17:17:10,S1133,Yunusobod,41.32288,69.298392,37.7,9.2,49.83,216.2,0.8167,100.0,94.3,5.22,1,0.3857
2026-05-15,2026-05-11 17:17:10,S1133,Yunusobod,41.32288,69.298392,38.1,10.1,49.66,214.8,0.8174,100.0,93.2,5.14,1,0.3857
2026-05-16,2026-05-11 17:17:10,S1133,Yunusobod,41.32288,69.298392,39.0,11.0,49.66,217.2,0.747,100.0,94.1,5.54,2,0.7357
2026-05-17,2026-05-11 17:17:10,S1133,Yunusobod,41.32288,69.298392,37.1,9.2,49.65,218.1,0.8534,100.0,94.0,5.75,2,0.7357
2026-05-18,2026-05-11 17:17:10,S1133,Yunusobod,41.32288,69.298392,42.2,11.2,49.7,218.2,0.6685,100.0,95.0,5.35,1,0.3857
2026-05-12,2026-05-11 17:17:10,S1134,Yunusobod,41.357223,69.289926,42.7,4.3,49.72,222.5,0.6911,81.6,79.3,3.15,1,0.37
2026-05-13,2026-05-11 17:17:10,S1134,Yunusobod,41.357223,69.289926,38.6,6.6,49.72,220.2,0.4171,77.6,78.9,3.06,1,0.37
2026-05-14,2026-05-11 17:17:10,S1134,Yunusobod,41.357223,69.289926,37.9,5.1,49.69,223.5,0.6264,77.7,75.2,3.07,1,0.37
2026-05-15,2026-05-11 17:17:10,S1134,Yunusobod,41.357223,69.289926,38.1,5.2,49.74,223.6,0.6635,80.1,78.4,2.8,1,0.37
2026-05-16,2026-05-11 17:17:10,S1134,Yunusobod,41.357223,69.289926,38.4,5.3,49.92,219.4,0.874,78.0,84.7,3.37,1,0.37
2026-05-17,2026-05-11 17:17:10,S1134,Yunusobod,41.357223,69.289926,34.6,4.2,49.55,223.8,0.7809,77.2,83.5,3.04,1,0.37
2026-05-18,2026-05-11 17:17:10,S1134,Yunusobod,41.357223,69.289926,28.5,3.0,49.7,223.5,0.7949,78.5,81.8,2.66,1,0.37
2026-05-12,2026-05-11 17:17:10,S1135,Yunusobod,41.33191,69.31987,32.2,14.6,50.05,215.0,0.9167,87.8,68.4,2.11,0,0.0226
2026-05-13,2026-05-11 17:17:10,S1135,Yunusobod,41.33191,69.31987,26.5,10.8,50.2,212.9,0.8844,85.8,59.0,1.56,0,0.0226
2026-05-14,2026-05-11 17:17:10,S1135,Yunusobod,41.33191,69.31987,29.4,13.8,49.91,212.4,0.8998,87.3,59.3,1.42,0,0.0226
2026-05-15,2026-05-11 17:17:10,S1135,Yunusobod,41.33191,69.31987,27.7,13.1,50.13,212.5,0.9347,81.8,58.6,1.1,1,0.3726
2026-05-16,2026-05-11 17:17:10,S1135,Yunusobod,41.33191,69.31987,24.6,12.0,50.0,213.2,1.005,83.0,58.5,0.98,1,0.3726
2026-05-17,2026-05-11 17:17:10,S1135,Yunusobod,41.33191,69.31987,26.4,12.7,49.99,216.1,1.0963,87.4,59.0,0.5,1,0.3726
2026-05-18,2026-05-11 17:17:10,S1135,Yunusobod,41.33191,69.31987,21.3,10.3,50.15,216.1,1.1721,84.1,50.0,0.5,1,0.3726
2026-05-12,2026-05-11 17:17:10,S1136,Yunusobod,41.344399,69.351896,37.7,9.0,49.74,236.2,0.5734,83.0,52.7,4.07,1,0.3763
2026-05-13,2026-05-11 17:17:10,S1136,Yunusobod,41.344399,69.351896,35.1,8.7,49.89,238.5,0.5457,80.0,50.1,3.47,1,0.3763
2026-05-14,2026-05-11 17:17:10,S1136,Yunusobod,41.344399,69.351896,34.7,10.6,49.83,237.2,0.454,81.9,48.5,3.92,1,0.3763
2026-05-15,2026-05-11 17:17:10,S1136,Yunusobod,41.344399,69.351896,35.0,9.8,49.79,236.9,0.474,78.4,59.9,3.48,1,0.3763
2026-05-16,2026-05-11 17:17:10,S1136,Yunusobod,41.344399,69.351896,36.3,9.1,49.87,240.0,0.5536,79.0,54.3,3.8,1,0.3763
2026-05-17,2026-05-11 17:17:10,S1136,Yunusobod,41.344399,69.351896,34.3,10.6,49.89,241.1,0.4717,76.9,50.3,3.46,2,0.7263
2026-05-18,2026-05-11 17:17:10,S1136,Yunusobod,41.344399,69.351896,39.6,8.1,49.98,238.5,0.503,79.8,45.8,3.73,1,0.3763
2026-05-12,2026-05-11 17:17:10,S1137,Yunusobod,41.327797,69.343442,39.8,5.1,50.2,219.1,0.2752,90.5,64.7,3.5,0,0.0301
2026-05-13,2026-05-11 17:17:10,S1137,Yunusobod,41.327797,69.343442,37.3,4.4,50.01,225.3,0.2069,93.0,70.1,3.61,0,0.0301
2026-05-14,2026-05-11 17:17:10,S1137,Yunusobod,41.327797,69.343442,40.5,6.1,50.16,222.8,0.255,90.7,66.1,4.35,1,0.3801
2026-05-15,2026-05-11 17:17:10,S1137,Yunusobod,41.327797,69.343442,40.0,6.7,49.98,224.0,0.2578,88.3,72.1,3.38,0,0.0301
2026-05-16,2026-05-11 17:17:10,S1137,Yunusobod,41.327797,69.343442,41.8,6.0,50.13,223.1,0.178,89.1,73.4,3.46,1,0.3801
2026-05-17,2026-05-11 17:17:10,S1137,Yunusobod,41.327797,69.343442,40.4,4.0,50.0,220.7,0.1811,89.9,68.1,3.8,1,0.3801
2026-05-18,2026-05-11 17:17:10,S1137,Yunusobod,41.327797,69.343442,42.4,4.5,50.19,223.4,0.0414,88.6,73.1,3.69,1,0.3801
2026-05-12,2026-05-11 17:17:10,S1138,Yunusobod,41.361581,69.303987,33.5,5.8,49.94,211.1,0.4792,90.3,57.2,4.47,0,0.0321
2026-05-13,2026-05-11 17:17:10,S1138,Yunusobod,41.361581,69.303987,30.5,6.9,49.72,209.0,0.5165,90.7,49.4,4.24,1,0.3821
2026-05-14,2026-05-11 17:17:10,S1138,Yunusobod,41.361581,69.303987,32.3,6.5,49.76,210.8,0.5846,94.8,54.3,4.67,0,0.0321
2026-05-15,2026-05-11 17:17:10,S1138,Yunusobod,41.361581,69.303987,31.1,6.0,49.82,207.1,0.5438,92.4,54.5,4.4,1,0.3821
2026-05-16,2026-05-11 17:17:10,S1138,Yunusobod,41.361581,69.303987,31.3,6.2,49.73,208.7,0.6157,91.9,41.3,4.25,1,0.3821
2026-05-17,2026-05-11 17:17:10,S1138,Yunusobod,41.361581,69.303987,34.0,6.5,49.58,210.6,0.537,91.6,46.4,4.59,0,0.0321
2026-05-18,2026-05-11 17:17:10,S1138,Yunusobod,41.361581,69.303987,33.2,6.2,49.55,210.1,0.6582,90.7,47.3,4.08,0,0.0321
2026-05-12,2026-05-11 17:17:10,S1139,Yunusobod,41.315547,69.366044,25.9,9.8,49.62,228.9,0.269,86.7,82.4,4.41,0,0.0212
2026-05-13,2026-05-11 17:17:10,S1139,Yunusobod,41.315547,69.366044,28.3,8.5,49.56,236.7,0.3022,88.5,73.2,3.82,1,0.3712
2026-05-14,2026-05-11 17:17:10,S1139,Yunusobod,41.315547,69.366044,23.8,9.1,49.65,233.0,0.2179,88.5,88.0,4.4,1,0.3712
2026-05-15,2026-05-11 17:17:10,S1139,Yunusobod,41.315547,69.366044,24.2,12.8,49.46,232.6,0.3012,90.8,86.9,4.27,1,0.3712
2026-05-16,2026-05-11 17:17:10,S1139,Yunusobod,41.315547,69.366044,22.4,8.1,49.54,236.5,0.4148,89.9,91.1,4.1,1,0.3712
2026-05-17,2026-05-11 17:17:10,S1139,Yunusobod,41.315547,69.366044,23.1,9.5,49.41,233.7,0.2217,89.6,88.9,4.45,1,0.3712
2026-05-18,2026-05-11 17:17:10,S1139,Yunusobod,41.315547,69.366044,22.6,9.2,49.41,237.0,0.3013,92.4,92.6,4.45,1,0.3712
2026-05-12,2026-05-11 17:17:10,S1140,Yunusobod,41.338932,69.327033,28.6,11.2,50.07,226.5,0.313,86.0,67.5,4.34,0,0.0416
2026-05-13,2026-05-11 17:17:10,S1140,Yunusobod,41.338932,69.327033,31.1,9.9,50.24,223.2,0.3878,84.6,57.4,3.65,1,0.3916
2026-05-14,2026-05-11 17:17:10,S1140,Yunusobod,41.338932,69.327033,31.3,9.8,50.18,223.1,0.3313,84.1,62.0,3.76,1,0.3916
2026-05-15,2026-05-11 17:17:10,S1140,Yunusobod,41.338932,69.327033,30.0,9.5,50.26,225.6,0.2769,85.1,56.5,3.86,0,0.0416
2026-05-16,2026-05-11 17:17:10,S1140,Yunusobod,41.338932,69.327033,30.9,10.6,50.28,227.0,0.2463,86.2,65.7,4.02,0,0.0416
2026-05-17,2026-05-11 17:17:10,S1140,Yunusobod,41.338932,69.327033,29.6,8.5,50.16,225.9,0.267,86.8,68.7,3.76,0,0.0416
2026-05-18,2026-05-11 17:17:10,S1140,Yunusobod,41.338932,69.327033,27.5,7.2,50.08,224.6,0.3178,84.2,68.8,3.94,1,0.3916
2026-05-12,2026-05-11 17:17:10,S1141,Yunusobod,41.367342,69.373774,33.9,10.7,50.14,225.7,0.9273,96.1,58.3,4.9,0,0.0279
2026-05-13,2026-05-11 17:17:10,S1141,Yunusobod,41.367342,69.373774,32.0,11.4,50.15,232.9,0.9598,94.7,58.9,5.33,1,0.3779
2026-05-14,2026-05-11 17:17:10,S1141,Yunusobod,41.367342,69.373774,30.6,12.7,50.22,229.8,0.8725,96.5,61.1,5.47,1,0.3779
2026-05-15,2026-05-11 17:17:10,S1141,Yunusobod,41.367342,69.373774,30.7,12.9,50.25,231.7,1.026,97.5,57.5,5.05,1,0.3779
2026-05-16,2026-05-11 17:17:10,S1141,Yunusobod,41.367342,69.373774,30.7,11.7,50.06,231.1,0.9493,97.8,56.4,4.74,1,0.3779
2026-05-17,2026-05-11 17:17:10,S1141,Yunusobod,41.367342,69.373774,29.7,13.3,50.11,236.0,1.1106,100.0,56.1,4.99,1,0.3779
2026-05-18,2026-05-11 17:17:10,S1141,Yunusobod,41.367342,69.373774,33.5,11.7,50.11,232.6,0.9484,98.9,51.6,5.25,1,0.3779
2026-05-12,2026-05-11 17:17:10,S1142,Yunusobod,41.345947,69.341985,33.3,7.5,50.33,208.5,0.2346,94.8,62.4,3.22,1,0.3673
2026-05-13,2026-05-11 17:17:10,S1142,Yunusobod,41.345947,69.341985,35.1,7.9,50.44,206.1,0.1604,94.0,74.8,3.06,1,0.3673
2026-05-14,2026-05-11 17:17:10,S1142,Yunusobod,41.345947,69.341985,36.0,7.1,50.52,205.5,0.2278,93.9,65.7,3.19,1,0.3673
2026-05-15,2026-05-11 17:17:10,S1142,Yunusobod,41.345947,69.341985,29.8,6.6,50.38,201.8,0.058,89.7,76.0,3.21,1,0.3673
2026-05-16,2026-05-11 17:17:10,S1142,Yunusobod,41.345947,69.341985,30.8,8.1,50.5,204.4,0.0192,95.1,80.2,2.81,1,0.3673
2026-05-17,2026-05-11 17:17:10,S1142,Yunusobod,41.345947,69.341985,32.7,7.2,50.45,203.8,0.0437,96.3,67.2,2.86,1,0.3673
2026-05-18,2026-05-11 17:17:10,S1142,Yunusobod,41.345947,69.341985,29.6,5.0,50.51,204.7,0.0281,94.5,65.9,3.07,1,0.3673
2026-05-12,2026-05-11 17:17:10,S1143,Yunusobod,41.324629,69.337625,39.6,8.4,50.43,225.7,1.0643,80.7,79.3,4.21,1,0.3858
2026-05-13,2026-05-11 17:17:10,S1143,Yunusobod,41.324629,69.337625,41.2,8.5,50.38,226.8,1.1016,82.6,83.0,4.33,1,0.3858
2026-05-14,2026-05-11 17:17:10,S1143,Yunusobod,41.324629,69.337625,37.7,6.5,50.33,225.2,1.2311,84.2,71.7,4.37,1,0.3858
2026-05-15,2026-05-11 17:17:10,S1143,Yunusobod,41.324629,69.337625,43.6,9.4,50.39,223.9,1.1431,84.1,72.9,4.22,1,0.3858
2026-05-16,2026-05-11 17:17:10,S1143,Yunusobod,41.324629,69.337625,42.9,10.5,50.38,224.8,1.1759,87.3,79.2,4.2,1,0.3858
2026-05-17,2026-05-11 17:17:10,S1143,Yunusobod,41.324629,69.337625,46.2,8.8,50.35,224.3,1.4102,85.9,83.5,4.54,2,0.7358
2026-05-18,2026-05-11 17:17:10,S1143,Yunusobod,41.324629,69.337625,43.4,10.0,50.36,228.2,1.3999,86.3,82.1,4.6,1,0.3858
2026-05-12,2026-05-11 17:17:10,S1144,Yunusobod,41.34724,69.306423,34.3,7.6,50.09,215.2,0.7566,84.8,78.4,2.27,1,0.3745
2026-05-13,2026-05-11 17:17:10,S1144,Yunusobod,41.34724,69.306423,33.0,6.9,50.35,219.2,0.737,82.9,81.2,2.74,1,0.3745
2026-05-14,2026-05-11 17:17:10,S1144,Yunusobod,41.34724,69.306423,36.2,5.8,50.36,222.0,0.7102,84.1,73.3,2.6,1,0.3745
2026-05-15,2026-05-11 17:17:10,S1144,Yunusobod,41.34724,69.306423,37.4,5.1,50.22,224.8,0.7581,84.8,84.5,2.54,1,0.3745
2026-05-16,2026-05-11 17:17:10,S1144,Yunusobod,41.34724,69.306423,36.4,5.3,50.38,222.8,0.7257,84.5,85.2,2.92,1,0.3745
2026-05-17,2026-05-11 17:17:10,S1144,Yunusobod,41.34724,69.306423,32.5,4.7,50.39,222.9,0.8159,81.3,76.4,2.34,1,0.3745
2026-05-18,2026-05-11 17:17:10,S1144,Yunusobod,41.34724,69.306423,31.6,5.1,50.35,217.1,0.7474,84.4,75.6,2.93,1,0.3745
2026-05-12,2026-05-11 17:17:10,S1145,Yunusobod,41.354862,69.294793,41.7,2.4,50.09,207.8,0.4863,85.4,69.1,4.04,1,0.3757
2026-05-13,2026-05-11 17:17:10,S1145,Yunusobod,41.354862,69.294793,42.1,4.5,49.92,212.8,0.2983,83.8,67.9,3.75,1,0.3757
2026-05-14,2026-05-11 17:17:10,S1145,Yunusobod,41.354862,69.294793,43.5,4.2,49.99,208.7,0.3747,85.0,57.3,4.24,1,0.3757
2026-05-15,2026-05-11 17:17:10,S1145,Yunusobod,41.354862,69.294793,45.5,5.4,50.01,207.7,0.4111,82.7,52.4,4.0,2,0.7257
2026-05-16,2026-05-11 17:17:10,S1145,Yunusobod,41.354862,69.294793,43.0,4.7,50.11,209.8,0.3346,85.4,57.8,3.88,1,0.3757
2026-05-17,2026-05-11 17:17:10,S1145,Yunusobod,41.354862,69.294793,44.2,5.8,50.02,206.2,0.3706,86.1,61.8,4.0,1,0.3757
2026-05-18,2026-05-11 17:17:10,S1145,Yunusobod,41.354862,69.294793,47.1,6.7,49.93,211.0,0.3244,88.1,60.1,4.04,2,0.7257
2026-05-12,2026-05-11 17:17:10,S1146,Yunusobod,41.331071,69.353807,34.2,12.4,50.07,213.1,0.3562,92.3,29.7,3.69,1,0.3707
2026-05-13,2026-05-11 17:17:10,S1146,Yunusobod,41.331071,69.353807,33.9,12.3,50.02,207.6,0.2992,91.2,41.8,3.87,1,0.3707
2026-05-14,2026-05-11 17:17:10,S1146,Yunusobod,41.331071,69.353807,34.5,10.3,50.06,210.3,0.481,92.7,37.3,4.18,0,0.0207
2026-05-15,2026-05-11 17:17:10,S1146,Yunusobod,41.331071,69.353807,31.7,12.3,50.05,210.3,0.5711,94.1,34.6,3.71,0,0.0207
2026-05-16,2026-05-11 17:17:10,S1146,Yunusobod,41.331071,69.353807,37.6,12.2,49.84,211.3,0.5406,87.0,31.3,3.78,0,0.0207
2026-05-17,2026-05-11 17:17:10,S1146,Yunusobod,41.331071,69.353807,36.9,11.5,49.81,213.0,0.4996,87.3,25.0,4.36,1,0.3707
2026-05-18,2026-05-11 17:17:10,S1146,Yunusobod,41.331071,69.353807,35.3,11.1,50.05,213.1,0.418,88.1,28.4,3.85,1,0.3707
2026-05-12,2026-05-11 17:17:10,S1147,Yunusobod,41.329728,69.300201,34.2,10.8,50.21,218.2,0.7729,88.5,48.9,4.54,0,0.0339
2026-05-13,2026-05-11 17:17:10,S1147,Yunusobod,41.329728,69.300201,34.7,14.7,50.12,215.7,0.845,93.5,51.8,4.94,0,0.0339
2026-05-14,2026-05-11 17:17:10,S1147,Yunusobod,41.329728,69.300201,34.2,11.7,50.5,214.7,0.6513,94.6,51.8,4.31,0,0.0339
2026-05-15,2026-05-11 17:17:10,S1147,Yunusobod,41.329728,69.300201,35.7,14.1,50.37,215.6,0.8087,94.5,46.6,4.47,0,0.0339
2026-05-16,2026-05-11 17:17:10,S1147,Yunusobod,41.329728,69.300201,32.9,12.0,50.1,213.4,0.6504,95.0,52.7,4.42,0,0.0339
2026-05-17,2026-05-11 17:17:10,S1147,Yunusobod,41.329728,69.300201,32.2,15.3,50.32,212.0,0.7877,97.3,50.5,4.98,0,0.0339
2026-05-18,2026-05-11 17:17:10,S1147,Yunusobod,41.329728,69.300201,32.3,11.9,50.24,211.9,0.7333,99.6,40.1,5.22,1,0.3839
2026-05-12,2026-05-11 17:17:10,S1148,Yunusobod,41.378175,69.297254,35.0,3.9,49.73,215.4,0.1882,93.7,67.5,3.25,0,0.0242
2026-05-13,2026-05-11 17:17:10,S1148,Yunusobod,41.378175,69.297254,34.2,6.1,49.77,213.0,0.1929,94.7,62.8,3.29,0,0.0242
2026-05-14,2026-05-11 17:17:10,S1148,Yunusobod,41.378175,69.297254,36.6,5.8,49.75,213.5,0.01,97.1,66.5,3.63,0,0.0242
2026-05-15,2026-05-11 17:17:10,S1148,Yunusobod,41.378175,69.297254,39.9,3.8,49.6,206.7,0.1033,93.8,67.8,3.0,1,0.3742
2026-05-16,2026-05-11 17:17:10,S1148,Yunusobod,41.378175,69.297254,40.5,5.1,49.66,209.2,0.01,94.2,72.3,4.02,1,0.3742
2026-05-17,2026-05-11 17:17:10,S1148,Yunusobod,41.378175,69.297254,38.7,4.5,49.7,207.3,0.01,90.0,70.6,3.88,1,0.3742
2026-05-18,2026-05-11 17:17:10,S1148,Yunusobod,41.378175,69.297254,43.3,3.4,49.63,204.7,0.0951,93.1,68.3,3.78,1,0.3742
2026-05-12,2026-05-11 17:17:10,S1149,Yunusobod,41.356494,69.3261,42.2,12.2,50.62,220.7,0.5527,91.0,56.2,4.38,1,0.3746
2026-05-13,2026-05-11 17:17:10,S1149,Yunusobod,41.356494,69.3261,39.8,13.4,50.55,221.3,0.5446,87.1,49.7,4.69,1,0.3746
2026-05-14,2026-05-11 17:17:10,S1149,Yunusobod,41.356494,69.3261,41.4,13.3,50.55,223.1,0.4798,94.0,52.9,4.93,1,0.3746
2026-05-15,2026-05-11 17:17:10,S1149,Yunusobod,41.356494,69.3261,42.4,15.2,50.72,220.1,0.52,90.0,49.3,4.82,1,0.3746
2026-05-16,2026-05-11 17:17:10,S1149,Yunusobod,41.356494,69.3261,42.1,15.7,50.65,219.1,0.3997,90.1,45.1,4.35,1,0.3746
2026-05-17,2026-05-11 17:17:10,S1149,Yunusobod,41.356494,69.3261,40.6,17.4,50.79,220.6,0.5233,90.9,40.6,4.77,1,0.3746
2026-05-18,2026-05-11 17:17:10,S1149,Yunusobod,41.356494,69.3261,37.2,17.2,50.67,220.1,0.4723,94.4,48.4,4.5,1,0.3746
2026-05-12,2026-05-11 17:17:10,S1150,Yunusobod,41.378198,69.305799,35.2,7.9,50.27,215.7,0.4506,88.0,44.2,3.85,0,0.0339
2026-05-13,2026-05-11 17:17:10,S1150,Yunusobod,41.378198,69.305799,36.9,6.3,50.25,216.2,0.3448,94.8,37.0,3.88,0,0.0339
2026-05-14,2026-05-11 17:17:10,S1150,Yunusobod,41.378198,69.305799,34.3,6.7,50.18,216.0,0.4599,90.6,43.4,4.04,0,0.0339
2026-05-15,2026-05-11 17:17:10,S1150,Yunusobod,41.378198,69.305799,34.5,5.4,50.19,217.9,0.5258,92.5,39.7,4.01,0,0.0339
2026-05-16,2026-05-11 17:17:10,S1150,Yunusobod,41.378198,69.305799,33.4,8.1,50.25,216.9,0.4094,90.0,38.9,4.11,0,0.0339
2026-05-17,2026-05-11 17:17:10,S1150,Yunusobod,41.378198,69.305799,34.4,5.7,50.28,213.5,0.3966,89.2,39.8,4.51,0,0.0339
2026-05-18,2026-05-11 17:17:10,S1150,Yunusobod,41.378198,69.305799,33.0,5.6,50.13,219.5,0.4521,88.3,45.3,4.26,0,0.0339
2026-05-12,2026-05-11 17:17:10,S1151,Yunusobod,41.382919,69.352576,42.0,12.4,49.93,227.0,0.7123,92.2,43.5,4.0,1,0.3825
2026-05-13,2026-05-11 17:17:10,S1151,Yunusobod,41.382919,69.352576,44.8,16.0,49.82,229.0,0.7573,90.8,49.1,4.54,1,0.3825
2026-05-14,2026-05-11 17:17:10,S1151,Yunusobod,41.382919,69.352576,43.3,15.7,49.87,234.3,0.8016,90.5,40.4,4.08,1,0.3825
2026-05-15,2026-05-11 17:17:10,S1151,Yunusobod,41.382919,69.352576,40.1,16.6,49.83,232.9,0.6199,88.1,38.7,4.39,1,0.3825
2026-05-16,2026-05-11 17:17:10,S1151,Yunusobod,41.382919,69.352576,42.9,16.2,49.92,237.6,0.685,89.9,45.7,4.41,1,0.3825
2026-05-17,2026-05-11 17:17:10,S1151,Yunusobod,41.382919,69.352576,41.9,17.5,49.82,237.6,0.6502,93.7,40.6,4.44,1,0.3825
2026-05-18,2026-05-11 17:17:10,S1151,Yunusobod,41.382919,69.352576,43.7,13.8,49.78,243.3,0.5763,91.5,35.2,4.59,2,0.7325
2026-05-12,2026-05-11 17:17:10,S1152,Yunusobod,41.375409,69.331222,46.3,6.3,50.12,211.0,0.6792,92.8,30.7,3.76,2,0.7344
2026-05-13,2026-05-11 17:17:10,S1152,Yunusobod,41.375409,69.331222,43.3,4.7,50.02,206.0,0.6833,91.5,25.3,3.68,1,0.3844
2026-05-14,2026-05-11 17:17:10,S1152,Yunusobod,41.375409,69.331222,43.1,6.1,50.06,213.0,0.9189,91.3,25.5,3.54,1,0.3844
2026-05-15,2026-05-11 17:17:10,S1152,Yunusobod,41.375409,69.331222,44.8,7.2,50.2,215.3,0.9688,91.9,28.5,4.02,1,0.3844
2026-05-16,2026-05-11 17:17:10,S1152,Yunusobod,41.375409,69.331222,43.9,4.3,50.1,212.1,1.0241,91.5,26.5,3.26,1,0.3844
2026-05-17,2026-05-11 17:17:10,S1152,Yunusobod,41.375409,69.331222,41.1,5.4,50.06,211.8,1.0443,94.0,25.0,3.27,1,0.3844
2026-05-18,2026-05-11 17:17:10,S1152,Yunusobod,41.375409,69.331222,42.5,4.3,49.99,214.8,1.0207,97.6,25.1,3.34,1,0.3844
2026-05-12,2026-05-11 17:17:10,S1153,Yunusobod,41.336931,69.327908,26.3,10.7,49.87,207.7,1.1879,91.2,80.1,4.57,1,0.3737
2026-05-13,2026-05-11 17:17:10,S1153,Yunusobod,41.336931,69.327908,26.9,6.9,49.92,212.8,1.272,87.2,74.7,4.74,1,0.3737
2026-05-14,2026-05-11 17:17:10,S1153,Yunusobod,41.336931,69.327908,27.5,11.7,49.74,211.1,1.082,87.4,80.7,4.53,1,0.3737
2026-05-15,2026-05-11 17:17:10,S1153,Yunusobod,41.336931,69.327908,24.4,9.9,50.02,213.7,1.2517,86.3,78.9,4.64,1,0.3737
2026-05-16,2026-05-11 17:17:10,S1153,Yunusobod,41.336931,69.327908,27.1,10.6,49.86,216.6,1.2542,85.6,94.8,4.5,1,0.3737
2026-05-17,2026-05-11 17:17:10,S1153,Yunusobod,41.336931,69.327908,28.3,10.7,49.83,212.8,1.3014,90.7,77.3,4.54,1,0.3737
2026-05-18,2026-05-11 17:17:10,S1153,Yunusobod,41.336931,69.327908,23.5,10.3,49.83,215.1,1.33,89.3,78.8,4.13,1,0.3737
2026-05-12,2026-05-11 17:17:10,S1154,Yunusobod,41.370565,69.335633,37.6,9.7,49.93,212.1,0.518,86.0,50.9,2.97,0,0.0249
2026-05-13,2026-05-11 17:17:10,S1154,Yunusobod,41.370565,69.335633,38.1,11.0,49.85,215.9,0.6047,87.3,44.4,2.44,0,0.0249
2026-05-14,2026-05-11 17:17:10,S1154,Yunusobod,41.370565,69.335633,41.7,11.8,49.92,212.7,0.5733,86.1,49.7,2.49,1,0.3749
2026-05-15,2026-05-11 17:17:10,S1154,Yunusobod,41.370565,69.335633,42.7,9.8,49.76,217.0,0.4611,86.1,46.7,2.43,1,0.3749
2026-05-16,2026-05-11 17:17:10,S1154,Yunusobod,41.370565,69.335633,42.2,9.6,49.88,216.5,0.4861,87.0,45.9,2.54,1,0.3749
2026-05-17,2026-05-11 17:17:10,S1154,Yunusobod,41.370565,69.335633,45.4,9.1,49.88,219.8,0.4512,90.2,49.6,2.5,2,0.7249
2026-05-18,2026-05-11 17:17:10,S1154,Yunusobod,41.370565,69.335633,45.1,10.6,49.89,218.2,0.5262,90.9,43.4,2.17,2,0.7249
2026-05-12,2026-05-11 17:17:10,S1155,Yunusobod,41.328422,69.296761,36.5,14.4,50.19,228.1,0.5363,94.1,51.0,3.27,0,0.021
2026-05-13,2026-05-11 17:17:10,S1155,Yunusobod,41.328422,69.296761,34.9,13.0,50.26,231.4,0.6903,94.7,54.0,3.33,1,0.371
2026-05-14,2026-05-11 17:17:10,S1155,Yunusobod,41.328422,69.296761,35.6,16.2,50.18,229.5,0.7401,92.3,51.0,3.7,0,0.021
2026-05-15,2026-05-11 17:17:10,S1155,Yunusobod,41.328422,69.296761,34.2,11.2,50.08,229.5,0.8635,94.1,49.8,3.91,0,0.021
2026-05-16,2026-05-11 17:17:10,S1155,Yunusobod,41.328422,69.296761,36.3,15.3,50.03,229.4,0.8029,89.3,53.2,3.2,0,0.021
2026-05-17,2026-05-11 17:17:10,S1155,Yunusobod,41.328422,69.296761,34.1,15.1,50.05,232.7,1.0509,89.2,51.3,3.61,1,0.371
2026-05-18,2026-05-11 17:17:10,S1155,Yunusobod,41.328422,69.296761,34.4,13.6,50.05,232.6,0.9486,91.5,54.0,3.93,1,0.371
2026-05-12,2026-05-11 17:17:10,S1156,Yunusobod,41.373278,69.326661,35.0,6.0,50.29,219.7,0.857,86.6,82.9,2.77,0,0.0237
2026-05-13,2026-05-11 17:17:10,S1156,Yunusobod,41.373278,69.326661,37.1,2.7,50.24,219.2,0.8779,85.2,82.0,2.68,0,0.0237
2026-05-14,2026-05-11 17:17:10,S1156,Yunusobod,41.373278,69.326661,37.9,1.5,50.26,218.1,0.8143,82.9,79.3,2.59,1,0.3737
2026-05-15,2026-05-11 17:17:10,S1156,Yunusobod,41.373278,69.326661,42.0,0.1,50.3,220.7,0.8838,83.7,89.8,3.01,1,0.3737
2026-05-16,2026-05-11 17:17:10,S1156,Yunusobod,41.373278,69.326661,38.1,5.3,50.29,223.8,0.8944,80.9,83.8,2.89,1,0.3737
2026-05-17,2026-05-11 17:17:10,S1156,Yunusobod,41.373278,69.326661,39.1,0.0,50.21,223.7,1.0414,80.9,95.0,2.93,1,0.3737
2026-05-18,2026-05-11 17:17:10,S1156,Yunusobod,41.373278,69.326661,41.4,0.5,50.12,220.6,0.9235,80.1,94.2,2.55,1,0.3737
2026-05-12,2026-05-11 17:17:10,S1157,Yunusobod,41.382917,69.367274,34.4,6.9,49.85,220.7,0.6691,93.8,47.7,5.67,2,0.729
2026-05-13,2026-05-11 17:17:10,S1157,Yunusobod,41.382917,69.367274,33.6,5.6,50.15,222.6,0.6696,97.2,50.5,5.68,2,0.729
2026-05-14,2026-05-11 17:17:10,S1157,Yunusobod,41.382917,69.367274,29.8,6.9,50.25,225.0,0.6175,96.2,46.6,5.71,2,0.729
2026-05-15,2026-05-11 17:17:10,S1157,Yunusobod,41.382917,69.367274,30.0,5.2,49.92,219.0,0.7293,99.2,46.9,5.81,2,0.729
2026-05-16,2026-05-11 17:17:10,S1157,Yunusobod,41.382917,69.367274,36.1,6.2,50.14,219.3,0.7624,92.0,47.1,5.51,2,0.729
2026-05-17,2026-05-11 17:17:10,S1157,Yunusobod,41.382917,69.367274,33.3,6.0,50.27,222.8,0.7846,98.0,37.6,5.61,2,0.729
2026-05-18,2026-05-11 17:17:10,S1157,Yunusobod,41.382917,69.367274,31.6,5.7,50.07,226.2,0.6342,97.3,37.9,5.9,2,0.729
2026-05-12,2026-05-11 17:17:10,S1158,Yunusobod,41.363181,69.363804,32.3,10.5,49.71,213.2,1.1529,82.5,67.4,3.06,1,0.3748
2026-05-13,2026-05-11 17:17:10,S1158,Yunusobod,41.363181,69.363804,33.0,8.1,49.9,217.1,1.2131,83.9,60.2,3.22,1,0.3748
2026-05-14,2026-05-11 17:17:10,S1158,Yunusobod,41.363181,69.363804,35.5,6.2,49.88,218.7,1.2247,85.1,45.1,3.3,1,0.3748
2026-05-15,2026-05-11 17:17:10,S1158,Yunusobod,41.363181,69.363804,35.2,7.4,50.06,218.1,1.3636,90.3,55.9,3.4,1,0.3748
2026-05-16,2026-05-11 17:17:10,S1158,Yunusobod,41.363181,69.363804,39.7,8.1,49.98,218.8,1.2952,85.8,54.7,3.89,1,0.3748
2026-05-17,2026-05-11 17:17:10,S1158,Yunusobod,41.363181,69.363804,37.2,7.6,50.14,211.4,1.4036,88.2,57.1,3.59,1,0.3748
2026-05-18,2026-05-11 17:17:10,S1158,Yunusobod,41.363181,69.363804,38.4,8.9,50.08,210.7,1.3622,89.9,50.2,3.24,1,0.3748
2026-05-12,2026-05-11 17:17:10,S1159,Yunusobod,41.318395,69.370094,36.5,8.3,50.52,217.0,0.5459,90.2,49.6,3.08,1,0.3766
2026-05-13,2026-05-11 17:17:10,S1159,Yunusobod,41.318395,69.370094,36.2,7.3,50.49,216.8,0.4634,90.2,48.0,3.31,0,0.0266
2026-05-14,2026-05-11 17:17:10,S1159,Yunusobod,41.318395,69.370094,35.1,6.9,50.4,221.9,0.3654,91.3,51.8,3.67,0,0.0266
2026-05-15,2026-05-11 17:17:10,S1159,Yunusobod,41.318395,69.370094,36.2,8.2,50.55,216.1,0.3389,90.5,54.4,3.15,1,0.3766
2026-05-16,2026-05-11 17:17:10,S1159,Yunusobod,41.318395,69.370094,33.9,6.3,50.52,222.3,0.469,85.6,50.1,3.25,1,0.3766
2026-05-17,2026-05-11 17:17:10,S1159,Yunusobod,41.318395,69.370094,36.8,7.6,50.6,223.2,0.4618,89.3,57.8,3.32,1,0.3766
2026-05-18,2026-05-11 17:17:10,S1159,Yunusobod,41.318395,69.370094,40.1,10.2,50.62,221.0,0.3681,86.5,52.2,3.47,1,0.3766
2026-05-12,2026-05-11 17:17:10,S1160,Yunusobod,41.331423,69.368929,36.1,10.0,50.48,211.9,0.3806,86.4,82.8,2.07,0,0.0397
2026-05-13,2026-05-11 17:17:10,S1160,Yunusobod,41.331423,69.368929,31.4,11.3,50.25,208.5,0.4792,88.2,85.7,1.76,1,0.3897
2026-05-14,2026-05-11 17:17:10,S1160,Yunusobod,41.331423,69.368929,34.3,12.0,50.31,208.9,0.3048,89.4,85.1,1.62,1,0.3897
2026-05-15,2026-05-11 17:17:10,S1160,Yunusobod,41.331423,69.368929,37.4,11.8,50.33,207.4,0.4632,91.9,80.8,1.57,1,0.3897
2026-05-16,2026-05-11 17:17:10,S1160,Yunusobod,41.331423,69.368929,40.6,13.1,50.3,205.9,0.5085,91.6,73.8,1.76,1,0.3897
2026-05-17,2026-05-11 17:17:10,S1160,Yunusobod,41.331423,69.368929,37.8,11.0,50.47,204.8,0.5057,95.2,74.7,1.69,1,0.3897
2026-05-18,2026-05-11 17:17:10,S1160,Yunusobod,41.331423,69.368929,41.6,8.3,50.45,201.3,0.4612,91.1,82.5,1.13,1,0.3897
2026-05-12,2026-05-11 17:17:10,S1161,Yunusobod,41.360046,69.330753,28.3,8.5,50.54,233.6,1.1329,84.4,71.0,2.4,1,0.3827
2026-05-13,2026-05-11 17:17:10,S1161,Yunusobod,41.360046,69.330753,26.5,8.8,50.28,230.0,1.1453,87.2,71.6,2.25,1,0.3827
2026-05-14,2026-05-11 17:17:10,S1161,Yunusobod,41.360046,69.330753,28.5,7.4,50.38,235.5,1.0534,86.4,70.4,2.08,1,0.3827
2026-05-15,2026-05-11 17:17:10,S1161,Yunusobod,41.360046,69.330753,27.4,5.7,50.3,233.0,1.1659,86.2,57.5,2.27,1,0.3827
2026-05-16,2026-05-11 17:17:10,S1161,Yunusobod,41.360046,69.330753,26.6,6.5,50.41,230.0,1.0515,86.1,70.8,2.38,1,0.3827
2026-05-17,2026-05-11 17:17:10,S1161,Yunusobod,41.360046,69.330753,25.6,5.4,50.37,225.3,1.1589,82.5,63.7,1.94,1,0.3827
2026-05-18,2026-05-11 17:17:10,S1161,Yunusobod,41.360046,69.330753,28.2,5.0,50.51,225.2,1.1986,83.4,60.6,1.85,1,0.3827
2026-05-12,2026-05-11 17:17:10,S1162,Yunusobod,41.342147,69.29009,34.7,5.8,49.88,220.1,0.9427,82.3,61.9,4.14,1,0.3754
2026-05-13,2026-05-11 17:17:10,S1162,Yunusobod,41.342147,69.29009,40.1,5.8,49.9,215.8,0.9704,83.8,67.9,4.67,1,0.3754
2026-05-14,2026-05-11 17:17:10,S1162,Yunusobod,41.342147,69.29009,38.6,6.4,49.94,218.3,0.9147,84.7,61.9,4.37,1,0.3754
2026-05-15,2026-05-11 17:17:10,S1162,Yunusobod,41.342147,69.29009,42.7,5.6,49.86,213.9,1.0612,83.2,51.5,4.19,1,0.3754
2026-05-16,2026-05-11 17:17:10,S1162,Yunusobod,41.342147,69.29009,42.5,4.3,50.02,213.0,0.9956,79.8,71.2,4.18,1,0.3754
2026-05-17,2026-05-11 17:17:10,S1162,Yunusobod,41.342147,69.29009,44.8,7.0,49.54,208.3,1.2198,82.9,67.1,4.53,1,0.3754
2026-05-18,2026-05-11 17:17:10,S1162,Yunusobod,41.342147,69.29009,43.6,3.7,49.73,208.2,1.2051,82.5,64.6,4.64,1,0.3754
2026-05-12,2026-05-11 17:17:10,S1163,Yunusobod,41.347884,69.330292,36.4,9.4,49.88,225.6,0.8011,85.2,80.0,4.1,0,0.0193
2026-05-13,2026-05-11 17:17:10,S1163,Yunusobod,41.347884,69.330292,38.0,14.5,49.67,225.8,0.912,83.9,86.4,4.13,1,0.3693
2026-05-14,2026-05-11 17:17:10,S1163,Yunusobod,41.347884,69.330292,39.9,12.1,49.53,226.8,0.887,85.1,91.0,3.35,1,0.3693
2026-05-15,2026-05-11 17:17:10,S1163,Yunusobod,41.347884,69.330292,35.3,12.9,49.74,224.7,0.995,82.1,81.3,4.07,1,0.3693
2026-05-16,2026-05-11 17:17:10,S1163,Yunusobod,41.347884,69.330292,36.4,12.0,49.9,218.3,1.0385,86.4,86.1,4.03,1,0.3693
2026-05-17,2026-05-11 17:17:10,S1163,Yunusobod,41.347884,69.330292,33.4,15.1,49.54,222.0,0.9817,83.6,86.4,3.28,1,0.3693
2026-05-18,2026-05-11 17:17:10,S1163,Yunusobod,41.347884,69.330292,33.6,13.9,49.62,220.7,1.1281,81.5,83.5,3.46,1,0.3693
2026-05-12,2026-05-11 17:17:10,S1164,Yunusobod,41.351364,69.317621,39.4,15.6,50.45,214.2,0.01,88.5,74.4,3.0,0,0.0313
2026-05-13,2026-05-11 17:17:10,S1164,Yunusobod,41.351364,69.317621,41.6,15.3,50.5,218.2,0.0957,89.9,86.8,2.63,1,0.3813
2026-05-14,2026-05-11 17:17:10,S1164,Yunusobod,41.351364,69.317621,39.0,14.2,50.29,221.6,0.01,91.4,88.1,3.03,0,0.0313
2026-05-15,2026-05-11 17:17:10,S1164,Yunusobod,41.351364,69.317621,39.9,13.7,50.44,214.4,0.01,87.5,74.6,2.7,0,0.0313
2026-05-16,2026-05-11 17:17:10,S1164,Yunusobod,41.351364,69.317621,38.7,13.5,50.5,221.6,0.0253,87.4,88.6,2.78,0,0.0313
2026-05-17,2026-05-11 17:17:10,S1164,Yunusobod,41.351364,69.317621,37.2,12.2,50.68,215.9,0.01,90.1,95.0,3.0,1,0.3813
2026-05-18,2026-05-11 17:17:10,S1164,Yunusobod,41.351364,69.317621,40.2,12.9,50.61,218.7,0.01,87.5,91.4,2.59,1,0.3813
2026-05-12,2026-05-11 17:17:10,S1165,Yunusobod,41.31643,69.35373,32.8,9.2,50.5,222.6,0.1963,85.9,84.7,4.83,0,0.0204
2026-05-13,2026-05-11 17:17:10,S1165,Yunusobod,41.31643,69.35373,30.8,9.3,50.41,219.0,0.3031,81.9,80.6,4.15,1,0.3704
2026-05-14,2026-05-11 17:17:10,S1165,Yunusobod,41.31643,69.35373,33.1,10.1,50.49,220.1,0.2224,83.7,73.6,4.54,1,0.3704
2026-05-15,2026-05-11 17:17:10,S1165,Yunusobod,41.31643,69.35373,33.0,8.7,50.44,218.4,0.1755,78.2,84.0,3.89,1,0.3704
2026-05-16,2026-05-11 17:17:10,S1165,Yunusobod,41.31643,69.35373,30.3,9.2,50.64,222.7,0.317,78.5,80.5,4.47,1,0.3704
2026-05-17,2026-05-11 17:17:10,S1165,Yunusobod,41.31643,69.35373,32.4,10.9,50.64,221.3,0.2566,77.6,71.4,4.72,1,0.3704
2026-05-18,2026-05-11 17:17:10,S1165,Yunusobod,41.31643,69.35373,30.8,10.6,50.62,221.2,0.2607,80.3,74.6,4.61,1,0.3704
2026-05-12,2026-05-11 17:17:10,S1166,Yunusobod,41.371201,69.308689,39.4,6.5,49.77,212.7,0.4585,86.2,53.8,2.96,0,0.0265
2026-05-13,2026-05-11 17:17:10,S1166,Yunusobod,41.371201,69.308689,34.7,5.0,49.7,218.2,0.3842,86.0,54.0,2.78,0,0.0265
2026-05-14,2026-05-11 17:17:10,S1166,Yunusobod,41.371201,69.308689,37.6,2.6,49.84,217.7,0.4954,87.6,51.6,2.89,0,0.0265
2026-05-15,2026-05-11 17:17:10,S1166,Yunusobod,41.371201,69.308689,37.6,2.8,49.76,214.9,0.4248,89.1,45.5,2.92,0,0.0265
2026-05-16,2026-05-11 17:17:10,S1166,Yunusobod,41.371201,69.308689,38.9,2.7,49.87,219.3,0.5021,89.4,49.8,3.18,0,0.0265
2026-05-17,2026-05-11 17:17:10,S1166,Yunusobod,41.371201,69.308689,37.0,2.7,49.68,212.2,0.391,84.2,47.5,3.33,1,0.3765
2026-05-18,2026-05-11 17:17:10,S1166,Yunusobod,41.371201,69.308689,37.7,3.3,49.78,221.2,0.6241,88.1,50.5,2.79,0,0.0265
2026-05-12,2026-05-11 17:17:10,S1167,Yunusobod,41.360653,69.344494,29.7,7.2,50.57,209.8,0.7432,89.6,72.7,4.25,1,0.3885
2026-05-13,2026-05-11 17:17:10,S1167,Yunusobod,41.360653,69.344494,22.9,8.5,50.42,202.6,0.5725,88.8,78.3,4.75,1,0.3885
2026-05-14,2026-05-11 17:17:10,S1167,Yunusobod,41.360653,69.344494,25.4,8.5,50.29,202.9,0.4044,89.8,82.3,4.58,1,0.3885
2026-05-15,2026-05-11 17:17:10,S1167,Yunusobod,41.360653,69.344494,24.1,7.4,50.28,203.6,0.6201,91.2,72.8,4.44,1,0.3885
2026-05-16,2026-05-11 17:17:10,S1167,Yunusobod,41.360653,69.344494,22.0,7.8,50.25,205.0,0.4816,88.6,81.1,4.62,1,0.3885
2026-05-17,2026-05-11 17:17:10,S1167,Yunusobod,41.360653,69.344494,18.6,6.9,50.4,199.7,0.5011,87.7,69.4,4.61,2,0.7385
2026-05-18,2026-05-11 17:17:10,S1167,Yunusobod,41.360653,69.344494,20.6,10.6,50.37,204.1,0.5386,91.2,71.2,4.66,1,0.3885
2026-05-12,2026-05-11 17:17:10,S1168,Yunusobod,41.315229,69.323913,37.2,11.8,49.8,219.5,0.0402,85.7,60.3,5.42,1,0.386
2026-05-13,2026-05-11 17:17:10,S1168,Yunusobod,41.315229,69.323913,33.0,11.9,49.97,213.9,0.3132,85.9,60.2,5.76,2,0.736
2026-05-14,2026-05-11 17:17:10,S1168,Yunusobod,41.315229,69.323913,31.5,11.4,50.08,212.5,0.0879,84.4,54.0,5.71,2,0.736
2026-05-15,2026-05-11 17:17:10,S1168,Yunusobod,41.315229,69.323913,33.8,12.3,50.17,216.8,0.1515,79.6,52.9,5.72,2,0.736
2026-05-16,2026-05-11 17:17:10,S1168,Yunusobod,41.315229,69.323913,30.7,8.7,50.06,212.4,0.2366,80.8,53.3,5.79,2,0.736
2026-05-17,2026-05-11 17:17:10,S1168,Yunusobod,41.315229,69.323913,41.2,13.0,50.3,211.4,0.3026,84.7,53.7,5.97,2,0.736
2026-05-18,2026-05-11 17:17:10,S1168,Yunusobod,41.315229,69.323913,36.5,12.1,50.35,209.8,0.1065,82.7,52.8,6.48,2,0.736
2026-05-12,2026-05-11 17:17:10,S1169,Yunusobod,41.346664,69.295939,42.6,6.7,50.05,221.9,0.7359,89.6,63.7,2.52,1,0.3859
2026-05-13,2026-05-11 17:17:10,S1169,Yunusobod,41.346664,69.295939,39.4,6.3,50.12,219.3,0.9294,87.9,67.3,2.54,0,0.0359
2026-05-14,2026-05-11 17:17:10,S1169,Yunusobod,41.346664,69.295939,37.6,2.7,50.12,218.6,0.8025,84.6,66.6,2.59,1,0.3859
2026-05-15,2026-05-11 17:17:10,S1169,Yunusobod,41.346664,69.295939,38.7,2.3,50.16,222.2,0.8382,82.3,67.7,2.82,1,0.3859
2026-05-16,2026-05-11 17:17:10,S1169,Yunusobod,41.346664,69.295939,41.4,1.6,50.02,221.6,0.8868,78.1,64.2,3.22,1,0.3859
2026-05-17,2026-05-11 17:17:10,S1169,Yunusobod,41.346664,69.295939,40.4,2.0,50.18,222.1,0.9156,80.0,62.9,3.24,1,0.3859
2026-05-18,2026-05-11 17:17:10,S1169,Yunusobod,41.346664,69.295939,45.0,0.0,50.34,224.1,0.9685,77.7,66.5,3.24,1,0.3859
2026-05-12,2026-05-11 17:17:10,S1170,Yunusobod,41.343033,69.335234,29.6,12.5,50.12,215.0,0.495,87.7,71.7,3.36,0,0.0238
2026-05-13,2026-05-11 17:17:10,S1170,Yunusobod,41.343033,69.335234,29.1,13.0,50.13,216.7,0.4239,89.2,74.4,3.06,0,0.0238
2026-05-14,2026-05-11 17:17:10,S1170,Yunusobod,41.343033,69.335234,31.7,13.9,50.12,218.2,0.4703,85.9,78.6,2.96,0,0.0238
2026-05-15,2026-05-11 17:17:10,S1170,Yunusobod,41.343033,69.335234,27.3,12.4,50.15,213.2,0.5136,88.2,74.7,3.17,0,0.0238
2026-05-16,2026-05-11 17:17:10,S1170,Yunusobod,41.343033,69.335234,26.0,13.5,50.19,212.7,0.4078,88.7,81.2,2.82,0,0.0238
2026-05-17,2026-05-11 17:17:10,S1170,Yunusobod,41.343033,69.335234,26.8,12.2,50.1,214.2,0.3304,83.7,79.5,2.54,1,0.3738
2026-05-18,2026-05-11 17:17:10,S1170,Yunusobod,41.343033,69.335234,27.5,14.6,49.94,212.6,0.3941,84.9,84.1,2.5,1,0.3738
2026-05-12,2026-05-11 17:17:10,S1171,Yunusobod,41.338674,69.350542,29.8,1.0,50.21,223.1,0.3997,80.1,49.8,3.63,1,0.3727
2026-05-13,2026-05-11 17:17:10,S1171,Yunusobod,41.338674,69.350542,30.7,1.3,50.27,221.6,0.5174,81.5,59.4,3.61,1,0.3727
2026-05-14,2026-05-11 17:17:10,S1171,Yunusobod,41.338674,69.350542,25.9,0.0,50.18,224.7,0.5225,76.5,50.2,3.81,1,0.3727
2026-05-15,2026-05-11 17:17:10,S1171,Yunusobod,41.338674,69.350542,30.4,0.0,50.12,226.3,0.4764,80.9,48.0,3.4,1,0.3727
2026-05-16,2026-05-11 17:17:10,S1171,Yunusobod,41.338674,69.350542,28.1,0.0,50.19,227.0,0.4229,80.9,43.9,3.16,1,0.3727
2026-05-17,2026-05-11 17:17:10,S1171,Yunusobod,41.338674,69.350542,27.2,0.0,50.37,227.0,0.4729,79.7,58.8,3.84,1,0.3727
2026-05-18,2026-05-11 17:17:10,S1171,Yunusobod,41.338674,69.350542,27.3,0.0,50.16,224.6,0.5434,77.2,31.7,3.28,1,0.3727
2026-05-12,2026-05-11 17:17:10,S1172,Yunusobod,41.320334,69.342612,32.1,6.8,49.74,217.4,0.3705,82.7,53.2,2.97,1,0.383
2026-05-13,2026-05-11 17:17:10,S1172,Yunusobod,41.320334,69.342612,31.8,7.4,49.75,216.9,0.2918,85.2,58.1,2.74,0,0.033
2026-05-14,2026-05-11 17:17:10,S1172,Yunusobod,41.320334,69.342612,32.8,6.2,49.78,212.8,0.3132,83.2,49.3,3.22,1,0.383
2026-05-15,2026-05-11 17:17:10,S1172,Yunusobod,41.320334,69.342612,29.8,9.3,49.71,217.9,0.3857,83.8,46.7,3.34,1,0.383
2026-05-16,2026-05-11 17:17:10,S1172,Yunusobod,41.320334,69.342612,33.2,10.1,49.83,215.6,0.3047,85.1,48.4,2.91,0,0.033
2026-05-17,2026-05-11 17:17:10,S1172,Yunusobod,41.320334,69.342612,29.3,8.8,49.66,219.3,0.3103,84.6,47.8,2.75,1,0.383
2026-05-18,2026-05-11 17:17:10,S1172,Yunusobod,41.320334,69.342612,31.9,10.8,49.85,218.5,0.3126,83.4,33.0,2.56,1,0.383
2026-05-12,2026-05-11 17:17:10,S1173,Yunusobod,41.356015,69.35644,41.6,3.7,50.41,209.2,0.5842,65.5,56.1,4.92,2,0.7237
2026-05-13,2026-05-11 17:17:10,S1173,Yunusobod,41.356015,69.35644,40.2,3.5,50.44,210.9,0.5204,65.1,46.4,5.26,2,0.7237
2026-05-14,2026-05-11 17:17:10,S1173,Yunusobod,41.356015,69.35644,38.0,3.6,50.51,207.8,0.4262,63.9,54.7,5.28,2,0.7237
2026-05-15,2026-05-11 17:17:10,S1173,Yunusobod,41.356015,69.35644,42.0,5.0,50.49,212.1,0.4385,64.2,36.9,5.52,2,0.7237
2026-05-16,2026-05-11 17:17:10,S1173,Yunusobod,41.356015,69.35644,45.0,4.3,50.4,212.6,0.4857,63.1,43.4,5.52,2,0.7237
2026-05-17,2026-05-11 17:17:10,S1173,Yunusobod,41.356015,69.35644,41.1,5.5,50.51,211.3,0.4095,60.0,47.6,5.64,2,0.7237
2026-05-18,2026-05-11 17:17:10,S1173,Yunusobod,41.356015,69.35644,40.8,7.9,50.49,210.3,0.4239,60.0,37.4,5.87,2,0.7237
2026-05-12,2026-05-11 17:17:10,S1174,Yunusobod,41.350413,69.295342,27.9,11.8,49.76,232.2,0.4509,76.3,53.7,2.46,1,0.3812
2026-05-13,2026-05-11 17:17:10,S1174,Yunusobod,41.350413,69.295342,24.7,8.9,49.71,227.3,0.5069,75.9,56.8,2.16,1,0.3812
2026-05-14,2026-05-11 17:17:10,S1174,Yunusobod,41.350413,69.295342,29.1,13.0,49.54,228.0,0.5701,75.5,59.9,2.24,1,0.3812
2026-05-15,2026-05-11 17:17:10,S1174,Yunusobod,41.350413,69.295342,28.3,13.8,49.78,229.8,0.5153,74.3,52.4,1.94,2,0.7312
2026-05-16,2026-05-11 17:17:10,S1174,Yunusobod,41.350413,69.295342,27.6,12.4,49.66,234.7,0.6114,78.0,50.3,2.07,1,0.3812
2026-05-17,2026-05-11 17:17:10,S1174,Yunusobod,41.350413,69.295342,24.5,14.0,49.75,233.0,0.4423,75.1,55.6,1.66,1,0.3812
2026-05-18,2026-05-11 17:17:10,S1174,Yunusobod,41.350413,69.295342,27.3,11.6,49.74,229.2,0.473,82.1,55.4,1.84,1,0.3812
2026-05-12,2026-05-11 17:17:10,S1175,Yunusobod,41.3349,69.349398,37.8,2.6,50.06,222.0,0.7369,93.5,70.8,4.69,0,0.0254
2026-05-13,2026-05-11 17:17:10,S1175,Yunusobod,41.3349,69.349398,42.4,0.0,50.09,220.5,0.8077,89.6,69.4,4.91,1,0.3754
2026-05-14,2026-05-11 17:17:10,S1175,Yunusobod,41.3349,69.349398,36.8,0.2,49.88,229.8,1.0229,93.0,64.0,4.83,1,0.3754
2026-05-15,2026-05-11 17:17:10,S1175,Yunusobod,41.3349,69.349398,41.3,0.7,49.98,227.4,0.974,92.1,68.9,4.85,1,0.3754
2026-05-16,2026-05-11 17:17:10,S1175,Yunusobod,41.3349,69.349398,38.1,0.3,49.74,231.5,0.9921,92.3,60.5,5.33,1,0.3754
2026-05-17,2026-05-11 17:17:10,S1175,Yunusobod,41.3349,69.349398,36.3,1.5,49.87,227.3,0.9836,91.9,59.9,5.27,1,0.3754
2026-05-18,2026-05-11 17:17:10,S1175,Yunusobod,41.3349,69.349398,38.3,0.0,49.73,230.9,1.0001,91.4,64.7,4.67,1,0.3754
2026-05-12,2026-05-11 17:17:10,S1176,Yunusobod,41.369504,69.29249,37.3,11.7,49.97,226.9,0.5548,88.9,62.7,3.62,0,0.0263
2026-05-13,2026-05-11 17:17:10,S1176,Yunusobod,41.369504,69.29249,37.9,12.4,49.89,223.0,0.3785,89.2,55.4,3.14,0,0.0263
2026-05-14,2026-05-11 17:17:10,S1176,Yunusobod,41.369504,69.29249,38.0,10.2,50.1,227.7,0.3534,85.5,48.2,3.45,0,0.0263
2026-05-15,2026-05-11 17:17:10,S1176,Yunusobod,41.369504,69.29249,32.9,11.9,50.07,223.5,0.3565,88.5,55.8,3.04,0,0.0263
2026-05-16,2026-05-11 17:17:10,S1176,Yunusobod,41.369504,69.29249,33.3,10.2,50.1,221.0,0.1397,88.7,58.1,3.14,0,0.0263
2026-05-17,2026-05-11 17:17:10,S1176,Yunusobod,41.369504,69.29249,36.3,8.3,50.21,218.1,0.2396,82.9,62.5,3.01,1,0.3763
2026-05-18,2026-05-11 17:17:10,S1176,Yunusobod,41.369504,69.29249,37.0,5.4,50.32,222.6,0.0691,91.8,60.6,3.09,0,0.0263
2026-05-12,2026-05-11 17:17:10,S1177,Yunusobod,41.322221,69.334452,32.6,7.8,49.66,217.7,0.3317,94.1,71.9,6.02,2,0.7335
2026-05-13,2026-05-11 17:17:10,S1177,Yunusobod,41.322221,69.334452,29.1,7.4,49.7,220.3,0.1303,96.3,69.3,6.06,2,0.7335
2026-05-14,2026-05-11 17:17:10,S1177,Yunusobod,41.322221,69.334452,30.2,7.3,49.81,220.4,0.2591,95.5,70.9,5.73,2,0.7335
2026-05-15,2026-05-11 17:17:10,S1177,Yunusobod,41.322221,69.334452,30.2,9.2,49.81,220.0,0.1651,95.5,78.3,6.23,2,0.7335
2026-05-16,2026-05-11 17:17:10,S1177,Yunusobod,41.322221,69.334452,32.0,5.8,49.67,222.3,0.2615,96.2,79.9,7.0,2,0.7335
2026-05-17,2026-05-11 17:17:10,S1177,Yunusobod,41.322221,69.334452,31.6,6.9,49.93,223.2,0.2267,98.3,77.5,6.83,2,0.7335
2026-05-18,2026-05-11 17:17:10,S1177,Yunusobod,41.322221,69.334452,29.9,4.8,49.91,222.7,0.2903,96.5,83.7,7.0,2,0.7335
2026-05-12,2026-05-11 17:17:10,S1178,Yunusobod,41.38082,69.333479,30.2,7.5,50.1,245.0,0.1905,83.5,59.6,3.16,2,0.7214
2026-05-13,2026-05-11 17:17:10,S1178,Yunusobod,41.38082,69.333479,31.8,6.7,50.12,245.0,0.084,84.4,51.1,2.77,2,0.7214
2026-05-14,2026-05-11 17:17:10,S1178,Yunusobod,41.38082,69.333479,32.6,6.5,49.97,245.0,0.0253,82.0,50.1,2.97,2,0.7214
2026-05-15,2026-05-11 17:17:10,S1178,Yunusobod,41.38082,69.333479,31.3,5.8,50.25,238.8,0.0484,81.9,46.0,2.94,1,0.3714
2026-05-16,2026-05-11 17:17:10,S1178,Yunusobod,41.38082,69.333479,30.9,8.7,49.95,242.8,0.0811,81.3,51.0,3.29,2,0.7214
2026-05-17,2026-05-11 17:17:10,S1178,Yunusobod,41.38082,69.333479,33.6,7.2,50.21,245.0,0.0242,83.1,51.9,2.96,2,0.7214
2026-05-18,2026-05-11 17:17:10,S1178,Yunusobod,41.38082,69.333479,33.9,6.7,50.22,245.0,0.01,82.6,46.3,3.72,2,0.7214
2026-05-12,2026-05-11 17:17:10,S1179,Yunusobod,41.332369,69.373231,26.4,5.7,50.63,221.6,0.8909,96.1,53.6,5.12,1,0.3723
2026-05-13,2026-05-11 17:17:10,S1179,Yunusobod,41.332369,69.373231,22.5,5.0,50.68,221.5,0.7296,98.1,57.2,5.41,1,0.3723
2026-05-14,2026-05-11 17:17:10,S1179,Yunusobod,41.332369,69.373231,26.7,3.6,50.72,223.7,0.9621,100.0,57.4,5.1,1,0.3723
2026-05-15,2026-05-11 17:17:10,S1179,Yunusobod,41.332369,69.373231,25.4,5.3,50.74,226.4,0.8979,100.0,52.0,6.28,2,0.7223
2026-05-16,2026-05-11 17:17:10,S1179,Yunusobod,41.332369,69.373231,27.5,2.6,50.77,225.7,0.9713,100.0,53.6,5.95,2,0.7223
2026-05-17,2026-05-11 17:17:10,S1179,Yunusobod,41.332369,69.373231,22.7,1.5,50.69,223.7,1.0529,100.0,44.8,5.71,2,0.7223
2026-05-18,2026-05-11 17:17:10,S1179,Yunusobod,41.332369,69.373231,30.4,2.7,50.62,228.8,0.969,100.0,57.4,5.94,2,0.7223
2026-05-12,2026-05-11 17:17:10,S1180,Yunusobod,41.321504,69.320133,26.1,4.2,49.88,216.8,0.3876,97.1,95.0,2.93,1,0.3771
2026-05-13,2026-05-11 17:17:10,S1180,Yunusobod,41.321504,69.320133,27.1,7.6,49.92,209.7,0.4209,100.0,95.0,3.36,1,0.3771
2026-05-14,2026-05-11 17:17:10,S1180,Yunusobod,41.321504,69.320133,31.8,6.1,50.21,209.6,0.2174,100.0,95.0,3.07,1,0.3771
2026-05-15,2026-05-11 17:17:10,S1180,Yunusobod,41.321504,69.320133,29.2,5.4,50.24,211.1,0.4373,100.0,95.0,3.3,1,0.3771
2026-05-16,2026-05-11 17:17:10,S1180,Yunusobod,41.321504,69.320133,26.6,7.8,50.1,208.9,0.3251,100.0,95.0,3.76,1,0.3771
2026-05-17,2026-05-11 17:17:10,S1180,Yunusobod,41.321504,69.320133,30.2,9.4,50.29,208.4,0.2507,100.0,95.0,3.53,1,0.3771
2026-05-18,2026-05-11 17:17:10,S1180,Yunusobod,41.321504,69.320133,30.6,9.1,50.32,205.7,0.2254,100.0,95.0,3.57,1,0.3771
2026-05-12,2026-05-11 17:17:10,S1181,Yunusobod,41.379744,69.314139,40.7,12.9,49.76,227.4,0.5322,98.6,67.9,2.34,1,0.3857
2026-05-13,2026-05-11 17:17:10,S1181,Yunusobod,41.379744,69.314139,41.7,11.3,49.58,237.7,0.5571,95.4,70.0,2.38,1,0.3857
2026-05-14,2026-05-11 17:17:10,S1181,Yunusobod,41.379744,69.314139,43.0,16.9,49.55,230.4,0.4489,99.0,66.6,2.49,1,0.3857
2026-05-15,2026-05-11 17:17:10,S1181,Yunusobod,41.379744,69.314139,39.2,16.8,49.69,230.9,0.5252,99.1,70.4,2.37,1,0.3857
2026-05-16,2026-05-11 17:17:10,S1181,Yunusobod,41.379744,69.314139,39.3,15.3,49.59,235.1,0.593,96.7,68.3,2.62,1,0.3857
2026-05-17,2026-05-11 17:17:10,S1181,Yunusobod,41.379744,69.314139,43.3,17.5,49.66,235.9,0.5683,96.3,69.1,2.5,1,0.3857
2026-05-18,2026-05-11 17:17:10,S1181,Yunusobod,41.379744,69.314139,41.5,15.6,49.67,234.0,0.5169,98.4,72.5,2.84,1,0.3857
2026-05-12,2026-05-11 17:17:10,S1182,Yunusobod,41.372157,69.344896,37.9,7.8,50.02,213.9,0.6951,94.0,49.0,4.56,0,0.0301
2026-05-13,2026-05-11 17:17:10,S1182,Yunusobod,41.372157,69.344896,43.5,4.3,49.88,219.5,0.6015,91.1,50.8,4.07,1,0.3801
2026-05-14,2026-05-11 17:17:10,S1182,Yunusobod,41.372157,69.344896,43.0,6.9,49.71,218.1,0.687,92.1,45.2,4.76,1,0.3801
2026-05-15,2026-05-11 17:17:10,S1182,Yunusobod,41.372157,69.344896,42.6,4.3,49.81,220.7,0.5385,86.2,41.7,4.3,1,0.3801
2026-05-16,2026-05-11 17:17:10,S1182,Yunusobod,41.372157,69.344896,41.5,7.5,49.89,219.7,0.7515,90.7,45.4,4.54,1,0.3801
2026-05-17,2026-05-11 17:17:10,S1182,Yunusobod,41.372157,69.344896,42.3,5.5,49.93,215.2,0.7412,91.9,47.4,4.32,1,0.3801
2026-05-18,2026-05-11 17:17:10,S1182,Yunusobod,41.372157,69.344896,41.3,4.1,49.95,213.3,0.6072,89.2,37.9,3.85,1,0.3801
2026-05-12,2026-05-11 17:17:10,S1183,Yunusobod,41.35417,69.347144,34.9,6.5,50.43,220.6,0.8691,89.0,54.6,3.59,0,0.0214
2026-05-13,2026-05-11 17:17:10,S1183,Yunusobod,41.35417,69.347144,33.6,5.9,50.29,218.5,0.7599,88.3,63.3,3.75,0,0.0214
2026-05-14,2026-05-11 17:17:10,S1183,Yunusobod,41.35417,69.347144,33.8,8.0,50.27,223.3,0.6797,89.9,59.2,3.45,0,0.0214
2026-05-15,2026-05-11 17:17:10,S1183,Yunusobod,41.35417,69.347144,33.2,8.1,50.08,222.6,0.6433,87.6,55.0,3.61,0,0.0214
2026-05-16,2026-05-11 17:17:10,S1183,Yunusobod,41.35417,69.347144,29.8,8.3,50.11,222.6,0.678,88.9,53.4,3.4,0,0.0214
2026-05-17,2026-05-11 17:17:10,S1183,Yunusobod,41.35417,69.347144,37.2,8.7,50.17,224.9,0.6076,88.7,56.5,3.08,0,0.0214
2026-05-18,2026-05-11 17:17:10,S1183,Yunusobod,41.35417,69.347144,30.4,5.9,50.04,218.8,0.6305,88.8,56.9,3.26,0,0.0214
2026-05-12,2026-05-11 17:17:10,S1184,Yunusobod,41.339297,69.359019,29.2,13.9,49.78,215.1,0.2891,93.1,47.7,2.81,0,0.0264
2026-05-13,2026-05-11 17:17:10,S1184,Yunusobod,41.339297,69.359019,33.0,13.8,49.85,210.0,0.3513,93.8,40.2,3.35,0,0.0264
2026-05-14,2026-05-11 17:17:10,S1184,Yunusobod,41.339297,69.359019,33.2,12.2,49.81,210.3,0.3264,93.6,32.9,3.6,0,0.0264
2026-05-15,2026-05-11 17:17:10,S1184,Yunusobod,41.339297,69.359019,31.3,15.4,49.94,210.8,0.2377,95.7,26.4,3.58,1,0.3764
2026-05-16,2026-05-11 17:17:10,S1184,Yunusobod,41.339297,69.359019,34.7,15.5,49.81,209.9,0.3138,93.5,34.3,3.49,1,0.3764
2026-05-17,2026-05-11 17:17:10,S1184,Yunusobod,41.339297,69.359019,35.5,17.1,49.83,213.2,0.4584,93.6,26.1,4.08,1,0.3764
2026-05-18,2026-05-11 17:17:10,S1184,Yunusobod,41.339297,69.359019,34.1,14.4,49.76,205.4,0.3005,92.5,31.0,3.65,1,0.3764
2026-05-12,2026-05-11 17:17:10,S1185,Yunusobod,41.323645,69.290209,34.7,3.8,49.98,210.5,0.4562,90.3,45.7,3.16,0,0.0302
2026-05-13,2026-05-11 17:17:10,S1185,Yunusobod,41.323645,69.290209,34.1,3.9,50.05,213.6,0.4546,88.9,47.0,3.33,0,0.0302
2026-05-14,2026-05-11 17:17:10,S1185,Yunusobod,41.323645,69.290209,33.5,5.1,49.99,212.0,0.5131,88.5,48.2,3.43,0,0.0302
2026-05-15,2026-05-11 17:17:10,S1185,Yunusobod,41.323645,69.290209,36.1,3.4,49.91,215.4,0.4044,89.8,48.4,3.13,0,0.0302
2026-05-16,2026-05-11 17:17:10,S1185,Yunusobod,41.323645,69.290209,33.2,3.4,49.94,215.4,0.3919,88.4,44.7,2.87,0,0.0302
2026-05-17,2026-05-11 17:17:10,S1185,Yunusobod,41.323645,69.290209,33.5,4.1,50.03,211.1,0.3142,88.9,52.9,3.01,0,0.0302
2026-05-18,2026-05-11 17:17:10,S1185,Yunusobod,41.323645,69.290209,34.3,4.0,49.96,219.8,0.3779,88.4,54.8,3.13,0,0.0302
2026-05-12,2026-05-11 17:17:10,S1186,Yunusobod,41.335945,69.321595,42.5,0.2,50.02,230.1,0.5352,89.4,51.7,3.37,1,0.369
2026-05-13,2026-05-11 17:17:10,S1186,Yunusobod,41.335945,69.321595,40.0,1.4,49.97,235.2,0.3367,92.9,54.8,3.17,1,0.369
2026-05-14,2026-05-11 17:17:10,S1186,Yunusobod,41.335945,69.321595,39.6,2.8,49.85,225.2,0.5036,89.9,57.7,3.23,0,0.019
2026-05-15,2026-05-11 17:17:10,S1186,Yunusobod,41.335945,69.321595,42.7,3.0,49.9,229.1,0.412,93.8,53.9,3.3,1,0.369
2026-05-16,2026-05-11 17:17:10,S1186,Yunusobod,41.335945,69.321595,40.4,2.0,49.87,231.7,0.3416,89.2,63.8,3.48,1,0.369
2026-05-17,2026-05-11 17:17:10,S1186,Yunusobod,41.335945,69.321595,38.5,2.2,49.83,229.4,0.18,91.9,67.4,3.38,0,0.019
2026-05-18,2026-05-11 17:17:10,S1186,Yunusobod,41.335945,69.321595,42.5,3.0,49.76,230.0,0.2862,93.6,63.1,3.32,1,0.369
2026-05-12,2026-05-11 17:17:10,S1187,Yunusobod,41.341637,69.346075,28.0,13.2,49.85,208.6,0.5723,95.0,40.8,2.83,1,0.3867
2026-05-13,2026-05-11 17:17:10,S1187,Yunusobod,41.341637,69.346075,28.6,16.0,49.64,208.7,0.4248,92.3,42.9,2.7,1,0.3867
2026-05-14,2026-05-11 17:17:10,S1187,Yunusobod,41.341637,69.346075,29.0,14.4,49.74,202.2,0.422,97.1,51.0,2.4,1,0.3867
2026-05-15,2026-05-11 17:17:10,S1187,Yunusobod,41.341637,69.346075,28.0,16.0,49.62,202.4,0.6011,100.0,48.5,2.49,1,0.3867
2026-05-16,2026-05-11 17:17:10,S1187,Yunusobod,41.341637,69.346075,26.5,15.5,49.63,196.4,0.6161,99.3,41.8,2.9,2,0.7367
2026-05-17,2026-05-11 17:17:10,S1187,Yunusobod,41.341637,69.346075,30.6,14.0,49.73,202.5,0.4404,99.5,34.0,2.34,1,0.3867
2026-05-18,2026-05-11 17:17:10,S1187,Yunusobod,41.341637,69.346075,30.3,12.8,49.63,198.6,0.3685,98.9,41.3,2.3,2,0.7367
2026-05-12,2026-05-11 17:17:10,S1188,Yunusobod,41.342928,69.310018,39.5,18.1,50.0,220.1,0.2947,89.6,48.0,4.74,0,0.0206
2026-05-13,2026-05-11 17:17:10,S1188,Yunusobod,41.342928,69.310018,45.5,17.2,49.95,221.9,0.5181,91.1,63.7,4.65,2,0.7206
2026-05-14,2026-05-11 17:17:10,S1188,Yunusobod,41.342928,69.310018,42.5,17.1,50.05,220.1,0.4681,92.8,66.0,4.61,1,0.3706
2026-05-15,2026-05-11 17:17:10,S1188,Yunusobod,41.342928,69.310018,43.4,21.1,49.94,218.9,0.319,92.7,60.6,4.87,1,0.3706
2026-05-16,2026-05-11 17:17:10,S1188,Yunusobod,41.342928,69.310018,41.7,20.5,50.05,217.7,0.2509,95.6,60.5,5.3,1,0.3706
2026-05-17,2026-05-11 17:17:10,S1188,Yunusobod,41.342928,69.310018,43.1,21.0,49.84,214.7,0.3736,96.5,62.2,5.12,1,0.3706
2026-05-18,2026-05-11 17:17:10,S1188,Yunusobod,41.342928,69.310018,44.0,22.8,50.01,214.1,0.2376,92.4,49.8,5.59,2,0.7206
2026-05-12,2026-05-11 17:17:10,S1189,Yunusobod,41.318591,69.291125,38.1,3.3,50.09,225.5,0.7164,81.0,76.6,3.05,1,0.3821
2026-05-13,2026-05-11 17:17:10,S1189,Yunusobod,41.318591,69.291125,40.0,3.9,50.29,222.2,0.5772,80.1,87.2,3.26,1,0.3821
2026-05-14,2026-05-11 17:17:10,S1189,Yunusobod,41.318591,69.291125,38.7,1.4,50.01,223.4,0.6622,81.7,83.7,3.54,1,0.3821
2026-05-15,2026-05-11 17:17:10,S1189,Yunusobod,41.318591,69.291125,39.5,1.3,50.13,223.2,0.5556,80.3,81.8,4.13,1,0.3821
2026-05-16,2026-05-11 17:17:10,S1189,Yunusobod,41.318591,69.291125,40.3,0.8,50.11,222.8,0.5341,80.4,81.8,3.56,1,0.3821
2026-05-17,2026-05-11 17:17:10,S1189,Yunusobod,41.318591,69.291125,38.4,1.7,50.27,223.0,0.6251,81.1,83.2,4.06,1,0.3821
2026-05-18,2026-05-11 17:17:10,S1189,Yunusobod,41.318591,69.291125,39.2,0.7,50.06,225.2,0.6598,82.8,87.0,4.09,1,0.3821
2026-05-12,2026-05-11 17:17:10,S1190,Yunusobod,41.353567,69.297115,28.3,5.6,49.58,219.4,0.6097,83.6,81.0,1.64,1,0.3769
2026-05-13,2026-05-11 17:17:10,S1190,Yunusobod,41.353567,69.297115,26.7,3.9,49.54,214.8,0.584,87.2,86.2,1.86,0,0.0269
2026-05-14,2026-05-11 17:17:10,S1190,Yunusobod,41.353567,69.297115,25.3,5.4,49.47,215.6,0.6786,87.7,89.6,2.29,1,0.3769
2026-05-15,2026-05-11 17:17:10,S1190,Yunusobod,41.353567,69.297115,28.2,4.5,49.42,222.3,0.6837,85.9,83.8,1.71,1,0.3769
2026-05-16,2026-05-11 17:17:10,S1190,Yunusobod,41.353567,69.297115,27.2,4.7,49.45,213.4,0.5553,85.4,76.7,1.96,1,0.3769
2026-05-17,2026-05-11 17:17:10,S1190,Yunusobod,41.353567,69.297115,26.9,1.9,49.68,216.4,0.6271,87.2,85.8,1.52,0,0.0269
2026-05-18,2026-05-11 17:17:10,S1190,Yunusobod,41.353567,69.297115,26.4,1.9,49.51,220.8,0.7319,88.3,84.9,1.13,0,0.0269
2026-05-12,2026-05-11 17:17:10,S1191,Yunusobod,41.322157,69.33035,31.6,1.0,50.19,211.1,0.3588,84.9,42.9,3.31,1,0.3748
2026-05-13,2026-05-11 17:17:10,S1191,Yunusobod,41.322157,69.33035,29.4,0.0,50.09,213.7,0.4436,81.8,44.9,3.66,1,0.3748
2026-05-14,2026-05-11 17:17:10,S1191,Yunusobod,41.322157,69.33035,29.8,0.0,50.06,216.0,0.3089,81.0,35.9,3.77,1,0.3748
2026-05-15,2026-05-11 17:17:10,S1191,Yunusobod,41.322157,69.33035,29.9,2.7,49.99,216.2,0.1794,82.0,34.1,3.42,1,0.3748
2026-05-16,2026-05-11 17:17:10,S1191,Yunusobod,41.322157,69.33035,29.8,1.7,50.04,216.7,0.3556,80.6,42.9,3.82,1,0.3748
2026-05-17,2026-05-11 17:17:10,S1191,Yunusobod,41.322157,69.33035,30.1,0.0,50.07,215.4,0.2003,78.7,29.1,3.76,1,0.3748
2026-05-18,2026-05-11 17:17:10,S1191,Yunusobod,41.322157,69.33035,31.1,0.0,49.94,215.5,0.388,86.4,32.5,3.94,0,0.0248
2026-05-12,2026-05-11 17:17:10,S1192,Yunusobod,41.380132,69.338359,50.3,7.0,50.69,210.9,0.6648,86.5,73.6,3.0,2,0.7375
2026-05-13,2026-05-11 17:17:10,S1192,Yunusobod,41.380132,69.338359,53.5,4.1,50.69,212.7,0.7195,86.3,75.9,2.73,2,0.7375
2026-05-14,2026-05-11 17:17:10,S1192,Yunusobod,41.380132,69.338359,50.2,6.1,50.99,211.5,0.7667,87.0,68.5,3.01,2,0.7375
2026-05-15,2026-05-11 17:17:10,S1192,Yunusobod,41.380132,69.338359,48.0,3.0,50.9,212.4,0.7291,85.8,74.9,3.15,2,0.7375
2026-05-16,2026-05-11 17:17:10,S1192,Yunusobod,41.380132,69.338359,47.1,4.3,50.87,208.4,0.7877,86.5,74.2,2.96,2,0.7375
2026-05-17,2026-05-11 17:17:10,S1192,Yunusobod,41.380132,69.338359,49.3,5.0,50.88,215.3,0.6394,88.0,81.1,2.95,2,0.7375
2026-05-18,2026-05-11 17:17:10,S1192,Yunusobod,41.380132,69.338359,45.7,2.5,50.83,210.7,0.699,90.7,74.4,3.31,2,0.7375
2026-05-12,2026-05-11 17:17:10,S1193,Yunusobod,41.372656,69.357506,37.2,3.2,50.25,220.8,0.01,84.2,35.6,3.07,1,0.3743
2026-05-13,2026-05-11 17:17:10,S1193,Yunusobod,41.372656,69.357506,39.3,4.1,50.29,225.0,0.1093,82.2,32.4,3.3,1,0.3743
2026-05-14,2026-05-11 17:17:10,S1193,Yunusobod,41.372656,69.357506,42.1,4.8,50.18,229.0,0.0697,84.1,35.9,2.87,1,0.3743
2026-05-15,2026-05-11 17:17:10,S1193,Yunusobod,41.372656,69.357506,42.4,4.2,50.36,222.6,0.2054,80.5,25.0,2.59,1,0.3743
2026-05-16,2026-05-11 17:17:10,S1193,Yunusobod,41.372656,69.357506,45.5,7.7,50.19,223.0,0.1107,85.4,25.4,2.16,2,0.7243
2026-05-17,2026-05-11 17:17:10,S1193,Yunusobod,41.372656,69.357506,45.6,7.0,50.2,223.4,0.1437,82.7,25.0,3.06,2,0.7243
2026-05-18,2026-05-11 17:17:10,S1193,Yunusobod,41.372656,69.357506,41.9,8.2,50.31,224.4,0.2018,79.2,27.1,2.61,1,0.3743
2026-05-12,2026-05-11 17:17:10,S1194,Yunusobod,41.363539,69.335416,26.7,9.0,49.99,229.2,0.9288,87.4,90.4,2.99,1,0.3794
2026-05-13,2026-05-11 17:17:10,S1194,Yunusobod,41.363539,69.335416,25.7,8.4,50.04,231.1,0.9296,89.3,83.6,2.36,1,0.3794
2026-05-14,2026-05-11 17:17:10,S1194,Yunusobod,41.363539,69.335416,26.5,7.8,50.16,232.2,0.9174,85.6,87.6,2.82,1,0.3794
2026-05-15,2026-05-11 17:17:10,S1194,Yunusobod,41.363539,69.335416,23.9,8.9,50.13,231.5,1.0105,88.1,83.6,2.41,1,0.3794
2026-05-16,2026-05-11 17:17:10,S1194,Yunusobod,41.363539,69.335416,22.4,9.8,50.03,229.6,0.9394,87.0,87.1,2.58,0,0.0294
2026-05-17,2026-05-11 17:17:10,S1194,Yunusobod,41.363539,69.335416,25.8,9.6,49.99,231.6,1.1593,86.7,78.4,2.62,1,0.3794
2026-05-18,2026-05-11 17:17:10,S1194,Yunusobod,41.363539,69.335416,24.3,9.7,50.14,227.9,0.9354,87.3,87.4,2.34,0,0.0294
2026-05-12,2026-05-11 17:17:10,S1195,Yunusobod,41.367342,69.373495,38.7,4.6,50.02,222.0,0.2714,83.9,43.3,2.07,1,0.383
2026-05-13,2026-05-11 17:17:10,S1195,Yunusobod,41.367342,69.373495,39.8,7.3,50.13,223.4,0.327,82.2,44.4,2.38,1,0.383
2026-05-14,2026-05-11 17:17:10,S1195,Yunusobod,41.367342,69.373495,39.0,8.3,50.13,224.1,0.4463,82.4,48.9,2.43,1,0.383
2026-05-15,2026-05-11 17:17:10,S1195,Yunusobod,41.367342,69.373495,39.1,8.6,50.17,226.7,0.273,80.8,44.8,2.47,1,0.383
2026-05-16,2026-05-11 17:17:10,S1195,Yunusobod,41.367342,69.373495,40.6,7.2,50.15,225.1,0.2671,83.6,36.6,2.66,1,0.383
2026-05-17,2026-05-11 17:17:10,S1195,Yunusobod,41.367342,69.373495,35.3,7.2,49.99,224.0,0.2216,83.9,43.6,2.5,1,0.383
2026-05-18,2026-05-11 17:17:10,S1195,Yunusobod,41.367342,69.373495,36.3,6.9,50.05,226.8,0.3601,82.1,43.0,2.51,1,0.383
2026-05-12,2026-05-11 17:17:10,S1196,Yunusobod,41.332597,69.287569,38.3,2.7,50.07,233.0,0.7593,84.3,76.4,3.73,1,0.3917
2026-05-13,2026-05-11 17:17:10,S1196,Yunusobod,41.332597,69.287569,39.2,2.2,50.13,233.0,0.6978,82.6,82.7,4.24,1,0.3917
2026-05-14,2026-05-11 17:17:10,S1196,Yunusobod,41.332597,69.287569,38.1,2.7,50.0,235.9,0.5875,85.6,86.3,3.83,1,0.3917
2026-05-15,2026-05-11 17:17:10,S1196,Yunusobod,41.332597,69.287569,36.0,0.4,50.1,238.8,0.6122,87.2,83.3,4.47,1,0.3917
2026-05-16,2026-05-11 17:17:10,S1196,Yunusobod,41.332597,69.287569,37.9,0.5,50.01,242.0,0.5141,86.8,94.9,3.93,2,0.7417
2026-05-17,2026-05-11 17:17:10,S1196,Yunusobod,41.332597,69.287569,34.1,1.6,50.08,242.2,0.5751,90.1,91.0,3.76,2,0.7417
2026-05-18,2026-05-11 17:17:10,S1196,Yunusobod,41.332597,69.287569,34.1,0.2,50.0,245.0,0.6726,90.0,94.7,3.33,2,0.7417
2026-05-12,2026-05-11 17:17:10,S1197,Yunusobod,41.380795,69.32581,35.7,5.8,50.3,238.6,0.4649,85.1,33.4,3.56,1,0.3703
2026-05-13,2026-05-11 17:17:10,S1197,Yunusobod,41.380795,69.32581,37.3,5.2,50.35,236.8,0.411,87.1,36.9,3.2,1,0.3703
2026-05-14,2026-05-11 17:17:10,S1197,Yunusobod,41.380795,69.32581,37.3,3.7,50.65,237.2,0.3713,88.0,45.3,3.95,1,0.3703
2026-05-15,2026-05-11 17:17:10,S1197,Yunusobod,41.380795,69.32581,38.6,4.4,50.6,239.5,0.2915,83.3,40.0,3.31,1,0.3703
2026-05-16,2026-05-11 17:17:10,S1197,Yunusobod,41.380795,69.32581,39.0,3.1,50.73,239.5,0.3413,83.8,25.0,3.44,1,0.3703
2026-05-17,2026-05-11 17:17:10,S1197,Yunusobod,41.380795,69.32581,41.7,3.8,50.54,240.0,0.3177,86.5,32.4,3.71,1,0.3703
2026-05-18,2026-05-11 17:17:10,S1197,Yunusobod,41.380795,69.32581,43.7,3.4,50.74,243.4,0.3071,82.7,32.8,3.46,2,0.7203
2026-05-12,2026-05-11 17:17:10,S1198,Yunusobod,41.340085,69.303718,32.3,7.3,50.35,226.9,0.4508,89.8,63.6,5.27,1,0.3743
2026-05-13,2026-05-11 17:17:10,S1198,Yunusobod,41.340085,69.303718,33.2,8.0,50.38,227.9,0.5591,88.8,73.9,5.27,1,0.3743
2026-05-14,2026-05-11 17:17:10,S1198,Yunusobod,41.340085,69.303718,34.1,7.0,50.2,225.4,0.3218,91.1,64.1,4.92,0,0.0243
2026-05-15,2026-05-11 17:17:10,S1198,Yunusobod,41.340085,69.303718,35.0,5.9,50.39,226.2,0.3111,91.2,63.1,5.1,1,0.3743
2026-05-16,2026-05-11 17:17:10,S1198,Yunusobod,41.340085,69.303718,31.9,5.0,50.36,230.8,0.5781,91.5,67.5,5.38,1,0.3743
2026-05-17,2026-05-11 17:17:10,S1198,Yunusobod,41.340085,69.303718,35.8,6.1,50.38,225.6,0.7641,91.7,70.0,4.85,0,0.0243
2026-05-18,2026-05-11 17:17:10,S1198,Yunusobod,41.340085,69.303718,33.3,8.2,50.33,230.3,0.6273,93.4,74.7,5.21,1,0.3743
2026-05-12,2026-05-11 17:17:10,S1199,Yunusobod,41.368009,69.31335,31.7,4.8,50.01,223.4,0.558,100.0,70.8,2.83,0,0.0327
2026-05-13,2026-05-11 17:17:10,S1199,Yunusobod,41.368009,69.31335,31.6,5.1,50.08,221.5,0.5703,99.6,72.3,3.18,0,0.0327
2026-05-14,2026-05-11 17:17:10,S1199,Yunusobod,41.368009,69.31335,33.6,1.9,50.31,224.9,0.5332,99.1,68.6,3.43,0,0.0327
2026-05-15,2026-05-11 17:17:10,S1199,Yunusobod,41.368009,69.31335,36.7,5.0,50.24,219.7,0.6466,100.0,68.6,3.31,0,0.0327
2026-05-16,2026-05-11 17:17:10,S1199,Yunusobod,41.368009,69.31335,29.3,4.4,50.27,220.9,0.4715,99.0,67.3,3.35,0,0.0327
2026-05-17,2026-05-11 17:17:10,S1199,Yunusobod,41.368009,69.31335,33.7,3.4,50.43,219.5,0.5091,100.0,71.0,3.51,0,0.0327
2026-05-18,2026-05-11 17:17:10,S1199,Yunusobod,41.368009,69.31335,33.5,4.2,50.31,219.6,0.6422,100.0,62.6,3.65,0,0.0327
2026-05-12,2026-05-11 17:17:10,S1200,Yunusobod,41.317849,69.292358,25.8,13.6,50.26,216.6,0.5141,92.8,54.4,4.36,0,0.0201
2026-05-13,2026-05-11 17:17:10,S1200,Yunusobod,41.317849,69.292358,26.2,13.6,50.18,219.2,0.6188,96.5,45.7,4.92,0,0.0201
2026-05-14,2026-05-11 17:17:10,S1200,Yunusobod,41.317849,69.292358,25.1,13.0,50.15,216.3,0.6398,93.4,44.8,4.4,0,0.0201
2026-05-15,2026-05-11 17:17:10,S1200,Yunusobod,41.317849,69.292358,22.3,13.1,50.19,212.1,0.7255,92.5,44.3,4.7,0,0.0201
2026-05-16,2026-05-11 17:17:10,S1200,Yunusobod,41.317849,69.292358,22.4,13.0,50.28,216.6,0.7158,95.2,40.9,5.22,1,0.3701
2026-05-17,2026-05-11 17:17:10,S1200,Yunusobod,41.317849,69.292358,21.6,11.9,50.25,216.6,0.6172,90.8,45.7,4.66,0,0.0201
2026-05-18,2026-05-11 17:17:10,S1200,Yunusobod,41.317849,69.292358,22.9,12.6,50.28,218.5,0.6635,93.8,46.4,5.45,1,0.3701
